ts,occ
0.0,0.0
1.7421057991154774,1.0
1.7544611583215621,2.0
2.407419438750035,3.0
2.5820299276386653,4.0
2.632131637819676,3.0
2.7187477089836447,4.0
2.9326567277595266,5.0
2.9407227014063486,6.0
3.075809149014175,7.0
3.1186028177879477,8.0
3.407804192715868,9.0
3.451098642250069,8.0
3.545687387835061,7.0
3.5950917383627705,8.0
3.6148745965253637,9.0
3.616027210091054,8.0
3.6628378363109735,9.0
3.679739950222518,8.0
4.013634713238692,9.0
4.024750046681091,8.0
4.043783505812817,9.0
4.144320721878047,10.0
4.211117469013272,11.0
4.306137814014051,12.0
4.320314850702095,11.0
4.553603561913625,10.0
4.689077714048702,9.0
4.738038643534287,8.0
4.782054401240465,7.0
4.807394938100272,6.0
4.927996041080041,7.0
4.955360731905865,8.0
5.089397670222264,9.0
5.100418238065909,8.0
5.115956589995681,9.0
5.235700587540215,10.0
5.327098260617666,9.0
5.473830625362774,10.0
5.54202468942757,9.0
5.579535080235284,10.0
5.693885002944002,9.0
5.960652787573736,8.0
6.016056176895269,7.0
6.126701451292211,6.0
6.127050827548678,5.0
6.188179501958329,6.0
6.237107612327529,5.0
6.311795576359599,6.0
6.355533008750372,7.0
6.675818690522507,8.0
7.294922183606492,9.0
7.437407161895373,10.0
7.530531412068241,11.0
7.702253275167429,12.0
7.850244789498239,13.0
7.913247967356235,14.0
7.948073085533088,13.0
7.949612026404436,12.0
8.012272472474963,11.0
8.047937515588371,12.0
8.091218443628277,11.0
8.129272776494624,10.0
8.166035175544604,9.0
8.325593283962434,10.0
8.326853925208576,9.0
8.410667033454368,8.0
8.44359618958634,9.0
8.519188485229446,8.0
8.712102142936928,7.0
8.712631459712194,8.0
8.734764697974207,9.0
8.897077901699229,10.0
8.929938334143332,11.0
8.956101542506872,10.0
9.02469959832036,11.0
9.063815057884561,10.0
9.12099479055901,11.0
9.202512646846554,12.0
9.368920065888995,11.0
9.445790307964833,10.0
9.557737353391564,9.0
9.612290972002766,10.0
9.619231384371135,9.0
9.636221471240722,10.0
9.725395160957113,11.0
9.79511997542494,10.0
9.875355643058228,11.0
9.949777808048964,12.0
9.99752292862,11.0
10.353618668939346,12.0
10.375651785548335,13.0
10.471651147300504,12.0
10.54693689329093,11.0
10.610225930341713,12.0
10.628424302808673,11.0
10.739604475216764,10.0
10.794219416722461,9.0
10.866170638068635,8.0
10.87763621806961,7.0
10.972913550882327,8.0
11.081085163961726,7.0
11.125568874314911,6.0
11.201542171350505,5.0
11.231754581686785,6.0
11.460136841799988,7.0
11.657427056383996,6.0
11.668878862248913,7.0
12.015953924145043,8.0
12.06032395485753,7.0
12.163577126857742,6.0
12.168219384490143,5.0
12.363526721744515,4.0
12.40546592891032,5.0
12.42045818697,6.0
12.762248890901434,7.0
13.026951014905846,8.0
13.242403214776804,9.0
13.352443144881693,8.0
13.404569866384364,9.0
13.42278101617655,10.0
13.424092349269266,11.0
13.674992698062933,12.0
13.693634776212606,11.0
13.764586539460012,12.0
13.82737543005127,11.0
13.850538754893527,12.0
13.945529961790882,11.0
14.005785798175193,10.0
14.030359780705307,11.0
14.096890679761428,12.0
14.199471905050146,11.0
14.323538503949372,10.0
14.342758740085259,9.0
14.38865957283729,10.0
14.457347721433846,11.0
14.575962856868147,12.0
14.618922521661824,11.0
14.768332746730044,12.0
14.820660614454642,13.0
15.009527349780688,14.0
15.061126800365995,15.0
15.118004562774786,16.0
15.203415887969728,17.0
15.205167142904592,16.0
15.436184149592814,17.0
15.669448983672073,16.0
15.83538962525127,15.0
15.897465475378171,14.0
16.029296118229052,13.0
16.045282599759865,14.0
16.17098106098725,15.0
16.183004712577564,14.0
16.31069767817663,13.0
16.34615615928289,12.0
16.53033328470398,11.0
16.637704979661095,10.0
16.658052371661007,9.0
16.670626435043374,8.0
16.878034996790685,9.0
17.334623042697693,8.0
17.37031555604341,9.0
17.57865521871677,8.0
17.902623242182447,9.0
17.932229085865558,10.0
18.183346054565177,11.0
18.265880492310554,12.0
18.316672743043473,11.0
18.345640849087296,12.0
18.596313285958548,11.0
18.776860546642414,12.0
18.856757151623615,11.0
18.971476533251185,12.0
19.12675984662404,11.0
19.142461613590893,12.0
19.283671121344668,13.0
19.336954367000825,12.0
19.34911330230431,13.0
19.38772883502515,12.0
19.52267852706081,11.0
19.535770490214247,10.0
19.552274631433555,9.0
19.757438496477132,8.0
19.85215112398113,7.0
19.900576267773417,8.0
19.952361225251035,7.0
19.998249334425513,8.0
20.07518351179016,7.0
20.087117284517767,6.0
20.21440729588237,7.0
20.281478987419426,8.0
20.325127663456506,9.0
20.516182744948104,10.0
20.54905778002919,11.0
20.57006432008621,12.0
20.596550128855547,11.0
20.727907535707676,12.0
20.79401794827668,13.0
20.836292983190795,12.0
20.961264814177433,11.0
21.03882865414335,12.0
21.186717281155993,13.0
21.26011276579873,12.0
21.321675809876893,11.0
21.349668235217372,12.0
21.358526432935964,13.0
21.360013950832872,12.0
21.43326633913322,11.0
21.479943305014693,10.0
21.55550315628298,9.0
21.564754961092817,10.0
21.60539682144345,11.0
21.78859467328613,10.0
21.885107299104252,9.0
21.910446224541513,10.0
21.961002422544237,9.0
22.055131514893873,10.0
22.114694415072485,9.0
22.27521922700339,10.0
22.30810783101779,9.0
22.330141430497193,10.0
22.414294884294,9.0
22.47300960628994,8.0
22.509488178385336,7.0
22.676055448552074,8.0
22.785239201444433,9.0
22.853812854585804,10.0
22.90390649229533,9.0
22.958239191904944,10.0
23.016342462336357,9.0
23.02933997050116,10.0
23.05762798002677,9.0
23.07924707103242,10.0
23.200040046529825,11.0
23.213109538035784,12.0
23.227685129681884,11.0
23.382022579202804,10.0
23.39359556656704,9.0
23.461255380901882,8.0
23.60557905957188,9.0
23.690100590705327,10.0
23.83392622895,9.0
23.933925502907556,10.0
24.033144074624957,9.0
24.089704025373244,8.0
24.13443933030518,7.0
24.208645903722843,8.0
24.25941198287257,9.0
24.402399804128862,8.0
24.40465201021884,7.0
24.414206856467228,8.0
24.447343496218878,9.0
24.455693429477144,10.0
24.50239778421061,11.0
24.536937619105636,10.0
24.785284583703028,9.0
24.814690692528934,10.0
25.076397649826728,9.0
25.099982950072604,8.0
25.159304076604116,7.0
25.48667651780067,6.0
25.65766616277431,7.0
25.700806699709354,8.0
25.899629595531724,7.0
25.940596674079973,8.0
26.055100212700154,9.0
26.187915545765797,10.0
26.230808223411405,11.0
26.424084098316456,10.0
26.507131792560937,9.0
26.595962559006797,8.0
26.634956137787025,9.0
26.816576789737894,8.0
26.817105146174633,7.0
26.84004809388898,8.0
26.8989357044441,9.0
27.09617241938373,8.0
27.164076840217877,7.0
27.44278506059554,6.0
27.651095774123363,7.0
27.767680748442434,8.0
27.823147216896412,9.0
28.096604521352134,10.0
28.363813401198225,9.0
28.480370384936272,8.0
28.48360215521408,9.0
28.529221731823117,8.0
28.660361020960515,7.0
28.739742444866415,6.0
28.83441324990497,5.0
28.901383255475587,4.0
28.910419803747335,5.0
29.065757265090916,6.0
29.14400137967717,7.0
29.244174600865165,8.0
29.363701904878386,9.0
29.38888610711789,10.0
29.40342607858537,9.0
29.599972186914602,10.0
29.61861518823166,9.0
29.762377571289232,8.0
29.762438028573236,9.0
29.77192444455664,8.0
29.79749107071072,7.0
29.81922714814494,6.0
29.94562791479065,7.0
30.234414989434217,6.0
30.500394913179413,5.0
30.504741480236852,6.0
30.56256219396297,7.0
30.614819158623856,6.0
30.77710068611189,5.0
30.798881246335355,6.0
30.85125978613911,5.0
30.90316716909817,6.0
30.935474966977598,7.0
30.996012959555543,6.0
31.08979467127857,5.0
31.440335692752328,4.0
31.48687447818132,5.0
31.66377607668234,6.0
31.683887753793872,5.0
31.69510819533627,6.0
31.81585275102961,5.0
32.233851058279406,6.0
32.2395576891962,7.0
32.28871879767069,8.0
32.52705365070248,7.0
32.53650227029825,8.0
32.70951162867692,9.0
32.74279116507742,8.0
32.96291492645861,9.0
32.97328726099993,10.0
33.099084723296215,9.0
33.13496692855788,8.0
33.84034960234907,9.0
33.92066737396374,8.0
34.175206570221114,9.0
34.269442554563014,8.0
34.354592196276904,9.0
34.43904815000271,10.0
34.454609512741705,9.0
34.46417485048155,8.0
34.79188208021689,9.0
34.94107770962803,10.0
35.09802484667031,11.0
35.207176468973564,12.0
35.33851276889927,13.0
35.38992068762562,12.0
35.42373933397056,13.0
35.662563825570906,14.0
35.66836271114017,15.0
35.78247957377236,14.0
35.84950966751571,13.0
36.065929965252614,12.0
36.1322043400975,11.0
36.27978980768036,10.0
36.289528577822026,11.0
36.351001026846916,12.0
36.51923362781539,13.0
36.58392770289108,12.0
36.631089443708404,11.0
36.690099637135376,12.0
36.725883600312095,11.0
36.802274664336785,12.0
36.88451241660894,13.0
36.944546767469596,12.0
36.98643088657308,11.0
37.103445202880394,10.0
37.137789906879824,11.0
37.211359994172575,10.0
37.246693793864765,9.0
37.371437024589135,8.0
37.416831353716766,9.0
37.84950931913434,8.0
37.852267203455355,9.0
37.91074466566035,10.0
37.92028599753257,11.0
38.14508589682501,10.0
38.361595546373806,9.0
38.610098843845556,8.0
38.79334763085578,9.0
38.93513425174042,10.0
39.06362555383798,9.0
39.12335448571722,10.0
39.22297005420419,9.0
39.24700970672943,8.0
39.298021186868546,7.0
39.504577141512065,6.0
39.51045684180376,7.0
39.583791496377174,8.0
39.72328004431902,7.0
39.73877012336289,8.0
39.846512211993414,7.0
39.92498195373295,8.0
40.14542450527984,7.0
40.21053427438928,8.0
40.53702608906617,7.0
40.5521515871733,8.0
40.56504611331914,9.0
40.68334820149846,10.0
40.8066411967673,9.0
40.812840426945556,8.0
40.88024995545998,7.0
40.924075800621324,8.0
40.985434996570014,9.0
41.06026836512479,10.0
41.1898194978824,9.0
41.19174717009903,10.0
41.320111644716086,11.0
41.37609653238145,12.0
41.524517107255406,11.0
41.61193041535126,10.0
41.951264669491614,9.0
41.9777525441906,8.0
42.00413331325043,7.0
42.01926251543246,8.0
42.04108770638367,7.0
42.05424855684426,6.0
42.331410708757446,7.0
42.41854128161969,8.0
42.61923242961439,9.0
42.66923352365675,10.0
42.69901996721699,11.0
42.727032844492854,10.0
42.831220043725516,9.0
42.848503808296776,8.0
42.87836623407638,9.0
42.97184884927538,8.0
43.15632628185863,7.0
43.31021593147361,8.0
43.36335801920274,7.0
43.501855366895,8.0
43.50798368053937,7.0
43.83772774871725,6.0
44.20977819349955,7.0
44.22091376806941,6.0
44.26228729640934,5.0
44.655113235216476,6.0
44.69581685522298,7.0
44.739627671195315,8.0
44.74563790057967,9.0
44.80498169735882,10.0
45.3554698334133,9.0
45.36614288745634,8.0
45.45775463497279,7.0
45.49385399713791,6.0
46.06144174164,5.0
46.06472743622744,6.0
46.35639039623611,7.0
46.459510649540356,6.0
46.52869079940656,7.0
46.58621409398635,8.0
46.74459639445273,9.0
46.80726428178528,10.0
46.972475658651945,11.0
47.01477370741564,12.0
47.02310544876542,11.0
47.077197467242755,10.0
47.095072360858005,9.0
47.37014419666355,8.0
47.512052710111085,9.0
47.57870157867895,8.0
47.60965590967004,7.0
47.67668255076167,8.0
47.940373502071125,7.0
48.075690968001936,8.0
48.129033842933666,9.0
48.19437254592952,8.0
48.29593019306949,7.0
48.336114653496345,8.0
48.360264241437775,9.0
48.37136071099215,10.0
48.37710760153878,9.0
48.395181053752175,8.0
48.47953046024003,9.0
48.53744182417674,10.0
48.642622947439655,9.0
48.77718580923817,10.0
48.9765035604919,9.0
48.982600665138385,10.0
49.10495098058546,9.0
49.18230911870495,8.0
49.28510356140531,9.0
49.32153448545694,8.0
49.333316069772344,7.0
49.36451543137749,8.0
49.58431563835557,9.0
49.9018278342335,10.0
50.15631506435994,9.0
50.248568861897475,10.0
50.39700751971616,9.0
50.55287921554058,10.0
50.64593793542756,11.0
50.805448670296805,12.0
50.83660947665745,11.0
50.948554595886975,12.0
51.033397943754395,11.0
51.04902467153305,12.0
51.11977230381712,11.0
51.25797202699194,10.0
51.26144878252386,11.0
51.28827638627636,10.0
51.30762062015569,9.0
51.363187867610286,8.0
51.42168721808238,9.0
51.44841817385573,8.0
51.491400869281144,7.0
51.52350561978021,8.0
51.81530594313867,9.0
51.83928263901227,10.0
51.84824560248586,9.0
51.885811119395804,10.0
51.9871162625435,9.0
52.2319584832413,8.0
52.25069257365261,9.0
52.33331994006821,10.0
52.386808423641945,9.0
52.388643512525356,8.0
52.4484781858461,9.0
52.51119382070032,8.0
52.581989414751234,9.0
52.592969700425286,10.0
52.768975485259254,9.0
52.80003168203542,8.0
52.962884468491524,9.0
52.9760197158862,8.0
53.04242443273528,7.0
53.15819989312587,6.0
53.38625238832542,7.0
53.42238187428718,8.0
53.460331798860516,7.0
53.504794104422636,6.0
53.54761064839888,5.0
53.58651857228917,4.0
54.03356935004571,3.0
54.146754637555006,4.0
54.15823534054472,5.0
54.24923223370758,4.0
54.3704447176853,5.0
54.63644592467706,4.0
54.67477540268897,5.0
54.678356218003124,4.0
54.78686467889102,5.0
55.13977283132803,6.0
55.428551998008885,7.0
55.58818640122401,6.0
55.60008214759326,7.0
55.68248071506537,8.0
55.80954149834865,9.0
55.86777398107774,10.0
55.983729874196364,9.0
55.99147601252457,8.0
56.000789483531314,7.0
56.09765034360624,8.0
56.18540466436367,9.0
56.23820065562359,10.0
56.30776979677641,9.0
56.33731209303488,10.0
56.39621866202795,9.0
56.4121743220717,10.0
56.427442858698896,11.0
56.56530759239815,12.0
56.8194717280035,11.0
56.82631900265807,12.0
56.92786669159769,11.0
56.9561977338436,12.0
56.95672782202006,11.0
56.96035972460562,10.0
57.157159337794106,9.0
57.168798070124055,8.0
57.19734609564762,7.0
57.2281644091095,8.0
57.27059060653461,7.0
57.275219613863094,8.0
57.42707909743698,9.0
57.51448651505036,10.0
57.5925110190492,9.0
57.62802134643745,8.0
57.89692613117644,7.0
57.92543527998755,8.0
57.98377662688437,9.0
58.109564072019296,10.0
58.14771086903043,11.0
58.25522460117867,12.0
58.28573055568517,11.0
58.44261568462916,12.0
58.50146537010715,13.0
58.50153372615227,14.0
58.544572742503824,13.0
58.5881962056437,14.0
58.67954069047181,13.0
58.77426796095619,12.0
58.97198824037968,11.0
59.262776861816384,10.0
59.461275601454034,9.0
59.48369061226097,10.0
59.560058289161226,11.0
59.66458263531719,12.0
59.70709136205759,11.0
59.72319269479007,10.0
59.733455244863336,9.0
59.73894036279378,8.0
59.99058744049565,9.0
60.26475083005951,8.0
60.27196271201774,7.0
60.3985798339121,8.0
60.52655491976372,7.0
60.52851216380952,8.0
60.575381618036644,7.0
60.668297267221114,6.0
61.04278094694452,5.0
61.088452533401146,6.0
61.15008910528625,5.0
61.15346530710555,4.0
61.162881570477474,5.0
61.17980518208242,4.0
61.185574778279424,5.0
61.234236513061525,6.0
61.454753286649954,7.0
61.871428533824094,8.0
61.88801243080257,9.0
61.95913433494434,10.0
61.97377836011891,11.0
62.04640195797542,10.0
62.152462404326165,9.0
62.168633688002295,10.0
62.28247517035489,11.0
62.54290753660239,12.0
62.626530878837066,13.0
62.63524607835316,12.0
62.76601706237402,13.0
62.79645603146199,12.0
62.79755530542764,13.0
62.872766335605974,14.0
63.02999584190497,13.0
63.153833234287646,14.0
63.19143907700113,13.0
63.25565259020259,14.0
63.338016784216,13.0
63.465379126892635,12.0
63.46727557738625,11.0
63.571916391604766,12.0
63.57747734845267,11.0
63.807533145770826,12.0
63.83979043981008,13.0
63.8552545143477,12.0
63.88553675377295,11.0
63.895491221395076,12.0
64.14735017546131,11.0
64.17827633876934,12.0
64.34922549561782,11.0
64.40777906325985,12.0
64.58157460037367,13.0
64.9320589685466,12.0
64.93263463874351,13.0
64.9577266148047,14.0
64.98629039986653,15.0
65.05181600358362,14.0
65.11306125130743,13.0
65.25467271376162,12.0
65.2941412640962,11.0
65.44265790783237,12.0
65.59353388673573,11.0
65.69168298211731,12.0
65.75659705953555,11.0
65.86224545936781,10.0
65.98253888251199,11.0
65.9985323883235,12.0
66.11502654535951,11.0
66.12415663794432,12.0
66.1363561895624,11.0
66.27111919349136,12.0
66.46877190246147,11.0
66.47970281791231,10.0
66.54197416512139,11.0
66.63579464549689,10.0
66.70958277836158,9.0
66.71835719853111,8.0
66.76678689609106,9.0
67.22441528508135,10.0
67.2267750809253,11.0
67.38811522376724,10.0
67.39238625829937,11.0
67.46913151650719,10.0
67.82577688020785,11.0
67.82878036746592,12.0
67.89816031416109,13.0
67.96255709860873,12.0
67.96371076261609,13.0
68.06853486812257,14.0
68.13556614752008,15.0
68.18860392125583,14.0
68.20218089329799,13.0
68.31573157089566,12.0
68.36219798467761,11.0
68.41546793858154,12.0
68.42924790908128,13.0
68.5803978819527,12.0
68.5821378602134,11.0
68.59924756412609,10.0
68.70801584181764,11.0
68.7099417615533,12.0
68.7381846715484,13.0
68.76108589444135,12.0
68.781950471701,13.0
68.80332137216278,12.0
69.1059519393435,11.0
69.12888932311694,10.0
69.20688689304812,9.0
69.26723467908751,8.0
69.2729659821128,9.0
69.31779688200905,8.0
69.38147426228117,9.0
69.50303019912569,10.0
69.51380604971922,9.0
69.52116453923553,10.0
69.62787059102733,11.0
69.72325759457058,10.0
70.00620277050798,9.0
70.03549238169516,10.0
70.10854862357994,11.0
70.21351233090436,10.0
70.2139444900835,9.0
70.24116397430927,10.0
70.27986782365848,9.0
70.29004241628583,8.0
70.38440158035665,7.0
70.50066558368543,8.0
70.67521527643065,7.0
70.68659928344337,6.0
70.80773720335085,7.0
70.80972037535993,8.0
70.8402550392984,9.0
70.92499151853676,8.0
70.93695965926628,9.0
71.0028213824165,10.0
71.06858233801442,11.0
71.09861200945961,10.0
71.179072541264,11.0
71.35180793990489,10.0
71.39177047822227,9.0
71.4085310346379,10.0
71.41004665927086,9.0
71.4739718229103,10.0
71.4845477913761,9.0
71.65630170969493,10.0
71.71103982827597,11.0
71.81143726857916,10.0
71.81188313357292,11.0
71.85246447215317,10.0
71.92015426653123,9.0
71.99838578643987,10.0
72.00510250347516,9.0
72.09283582806533,10.0
72.2569977661517,11.0
72.41768212368757,10.0
72.4970219801481,9.0
72.51174312719243,8.0
72.70837568515884,7.0
72.83648130082588,8.0
72.86025501079585,9.0
72.9538054368672,8.0
72.95634909324905,7.0
73.03261069646837,6.0
73.05430645978737,7.0
73.05803850955779,8.0
73.12118726186112,7.0
73.1528423936702,8.0
73.54117617002407,9.0
73.5509236519536,8.0
73.67431024188372,7.0
73.71574532405792,6.0
73.86809288455659,7.0
73.95054961929054,6.0
74.00922532746874,5.0
74.02227014258203,4.0
74.40099270917273,5.0
74.53167455726741,6.0
74.76510640835167,7.0
75.17738840257115,8.0
75.2157473281133,9.0
75.28618468441186,10.0
75.35164054185623,11.0
75.45976845114555,12.0
75.48125187417793,13.0
75.48358747529727,12.0
75.49332056394128,11.0
75.60452697481574,12.0
75.63173390922545,11.0
75.64106137629805,12.0
75.72374784632251,11.0
76.03689345759102,10.0
76.08474464292959,9.0
76.10835593043095,10.0
76.11152160218418,9.0
76.15632738597574,10.0
76.18665021026644,9.0
76.23171652568998,10.0
76.3236098781296,9.0
76.34981290396199,8.0
76.44078742331868,7.0
76.6861194554243,8.0
76.85512687318463,7.0
76.89898032236144,8.0
77.01056819116923,7.0
77.0721647457127,8.0
77.08335069140544,7.0
77.08385086600175,6.0
77.20279855585517,5.0
77.23603945542482,6.0
77.30134419357343,7.0
77.32993068733704,8.0
77.4203403158919,7.0
77.59265097374573,8.0
77.63856921507936,9.0
77.70802719168711,10.0
77.74130068888446,9.0
77.80627862108469,8.0
77.8551883175439,9.0
77.93882426579641,8.0
78.02207937521197,9.0
78.0732473803966,10.0
78.14656240789516,11.0
78.18321899641856,10.0
78.20284171280427,9.0
78.37698256955244,8.0
78.54723739702821,7.0
78.65415257279302,6.0
78.71138210519902,5.0
78.71372336705316,6.0
78.85423814511286,7.0
78.9155257790144,8.0
78.98619145102722,7.0
78.99960121741776,8.0
79.03781801971512,7.0
79.08731387140821,8.0
79.35968846328042,7.0
79.42984542578843,6.0
79.51651629872144,5.0
79.6322082424716,6.0
79.79928226116053,7.0
79.87184422249828,6.0
79.87396427852521,7.0
79.92399574398685,6.0
80.1902305376677,7.0
80.31541056310118,8.0
80.35390807362265,7.0
80.43213427458704,8.0
80.6330213902512,7.0
80.69311581045231,8.0
80.83004964186851,9.0
80.93332815888841,10.0
80.96262357082746,9.0
80.9913033025182,10.0
81.03509917120152,11.0
81.37328249362733,10.0
81.44869781245254,9.0
81.62326210198368,8.0
81.77899652068763,9.0
81.79030414542736,8.0
81.89756151733904,7.0
81.89919629374198,6.0
82.01837157869858,5.0
82.0806783816275,6.0
82.16678033202052,7.0
82.46412778126839,8.0
82.47185502371902,9.0
82.53028684928336,8.0
82.63379026571519,7.0
82.89337901674982,8.0
83.06525164634834,9.0
83.12654229364577,10.0
83.22928674235571,11.0
83.42520141493421,10.0
83.48770135446131,9.0
83.58114085581373,8.0
83.74175940346554,7.0
83.89767493522436,6.0
83.96157667293687,7.0
83.99384270026235,8.0
84.04401129862622,9.0
84.26770201600391,10.0
84.50733921681605,9.0
84.55275909467832,10.0
84.55420098748908,11.0
84.63524246383065,12.0
84.70901773257037,11.0
84.95715987520325,10.0
84.99311257045451,11.0
84.99896248722337,12.0
85.18808674404359,11.0
85.39360019114395,12.0
85.52010923734848,11.0
85.63300612321773,12.0
85.69638432894615,11.0
85.83985803083989,12.0
85.91215915605092,11.0
86.02401849596245,10.0
86.13051451165407,9.0
86.15430402354082,8.0
86.17984036778205,7.0
86.24994247272578,6.0
86.49313924877866,7.0
86.60856285242765,8.0
87.00544907087364,7.0
87.08869568992695,6.0
87.21923161438562,7.0
87.2685101297635,8.0
87.53729485963454,9.0
87.7597448259879,10.0
87.86230717514081,9.0
88.12652090078804,10.0
88.21330592821059,11.0
88.2162056109589,12.0
88.56919283769032,13.0
88.62251150452894,12.0
88.65993175445413,11.0
88.66894028832964,10.0
88.68660516526269,11.0
88.73478874550185,10.0
88.76118951145958,11.0
88.76762591321553,10.0
88.80036440935032,11.0
88.83427317992135,12.0
89.07324540700007,11.0
89.1417865156567,10.0
89.19889186080273,9.0
89.19945000426732,8.0
89.29981904847286,9.0
89.33887797786454,10.0
89.3402161192643,11.0
89.56809327127867,12.0
89.65094928296377,13.0
89.7385618508835,12.0
89.76693638679869,11.0
89.79888938464943,10.0
89.81830600170596,11.0
89.90539924554777,10.0
89.9980239744833,9.0
90.03627405943514,10.0
90.0425056888642,9.0
90.07808791862428,10.0
90.09957265697845,9.0
90.20574014928269,8.0
90.27321422441219,9.0
90.30315322289331,10.0
90.36477695390234,9.0
90.58976871393885,8.0
90.62771734092354,7.0
90.71243073392219,6.0
90.71347516329496,5.0
90.79964551376604,6.0
90.98726217679187,7.0
91.02152847431184,8.0
91.0497103763964,9.0
91.16800527782553,8.0
91.26354294149527,9.0
91.4505008634184,10.0
91.4799452981125,11.0
91.51722276226911,12.0
91.55403728113147,11.0
91.58866318306333,10.0
91.82839026504551,9.0
91.87316168459044,8.0
92.12385854124449,7.0
92.16129588522924,6.0
92.33298997561054,5.0
92.43358964067914,6.0
92.56997159770201,5.0
92.57215915238964,6.0
92.93988316499528,7.0
93.01570330201706,8.0
93.11794796662147,9.0
93.27755040738425,8.0
93.54020057553234,7.0
93.72301214271158,8.0
93.83781970072752,7.0
93.844719878755,8.0
93.86006421862083,7.0
93.89214919517019,8.0
94.29745943372204,7.0
94.31278738853779,6.0
94.36339781133783,7.0
94.42772951044867,6.0
94.45752020611035,7.0
94.6093382249025,8.0
94.71679464002241,7.0
94.77118444931774,6.0
94.8343221790762,5.0
94.85823969776955,6.0
95.176393869409,5.0
95.18857303990461,4.0
95.25443181691229,5.0
95.26451182823985,6.0
95.36830492642545,7.0
95.56327594170547,8.0
95.6622304408725,7.0
95.8218406534816,6.0
96.01008633797179,5.0
96.40693096063319,4.0
96.47906990645804,5.0
96.50804212343027,4.0
96.63586741392116,5.0
96.71260410756503,4.0
96.98753408730563,3.0
97.10754915877567,2.0
97.17320480880026,3.0
97.23436269803587,4.0
97.32365023886085,3.0
97.41709823739512,4.0
97.69809850541817,5.0
97.72563281088583,6.0
97.91632110007589,7.0
97.97197265596314,6.0
98.02277035984793,7.0
98.05427468732742,8.0
98.1370002852788,9.0
98.22829398494416,8.0
98.62453571801099,7.0
98.66215731349392,6.0
99.08681231192278,7.0
99.28650372767015,8.0
99.34815946288566,9.0
99.38749506729208,8.0
99.43767443831564,7.0
99.44694314387672,8.0
99.56530544864437,9.0
99.6726090626261,8.0
99.7353017429539,9.0
99.81149460478407,10.0
99.84926841377295,9.0
99.87750691800758,8.0
99.90357361178924,9.0
100.14515007442054,10.0
100.1515822294709,11.0
100.36635692469957,10.0
100.38385274685024,9.0
100.38828913498814,8.0
100.45337962751152,7.0
100.53249400224219,8.0
100.63753471963926,7.0
100.6662889157137,6.0
100.73575034732902,5.0
101.14735982236364,4.0
101.39161227942823,5.0
101.46905619665328,6.0
101.60040275927983,7.0
102.01328416494081,8.0
102.03398653687859,7.0
102.17082955244027,6.0
102.36368030093243,5.0
102.60448697042911,6.0
102.64124575504758,5.0
102.78840341677865,6.0
103.06254092631386,7.0
103.07575123546323,8.0
103.08405385889566,9.0
103.28793432549175,10.0
103.33549049258428,11.0
103.38254367493144,12.0
103.423569731552,13.0
103.63569572009781,12.0
103.65212686501776,11.0
103.66203970936317,10.0
103.67154511074357,11.0
103.87479462504574,10.0
103.90911013350538,11.0
104.06822065062245,10.0
104.08147769904065,9.0
104.21537940652358,10.0
104.46795779994562,11.0
104.58122567927494,10.0
104.5882173608304,11.0
104.60251242117147,10.0
104.60464108805388,9.0
104.61536097139658,8.0
104.71581709220101,9.0
104.82886332436867,8.0
104.86001414100633,7.0
104.86780171352386,6.0
105.0399194674499,7.0
105.1340598052769,6.0
105.1744887311447,7.0
105.38452159995097,8.0
105.52138338136082,9.0
105.59289418130327,10.0
105.97771385923366,11.0
106.13729819224824,12.0
106.18940120292287,11.0
106.19795167521987,10.0
106.38932299846385,11.0
106.46557354895418,12.0
106.46886756969538,11.0
106.48198434193438,10.0
106.58882120173325,9.0
106.5889128082677,8.0
106.79448321541179,7.0
107.1549283176451,6.0
107.16847699044204,5.0
107.30789732044101,6.0
107.4085807312127,7.0
107.6029003155826,8.0
107.61714253902596,9.0
107.70419226178478,8.0
107.83236397527715,9.0
107.87604678618358,10.0
107.94694395848519,11.0
108.00044962118052,12.0
108.03246011834842,11.0
108.21256189449146,10.0
108.30327075594309,11.0
108.37189055720252,10.0
108.40867997709574,9.0
108.41352712976163,10.0
108.43332226819709,11.0
108.46169020385756,10.0
108.58789071796677,9.0
108.61960486981393,10.0
108.77564696695434,11.0
108.8786873666916,12.0
108.91369706678844,13.0
109.00201859851745,14.0
109.0186026117638,13.0
109.06582041441978,12.0
109.23312427329377,13.0
109.2513663818104,14.0
109.30409762665265,13.0
109.31102253580733,12.0
109.40285892359552,13.0
109.46327066099649,12.0
109.61967390686529,13.0
109.7254676674487,14.0
109.78116217950534,15.0
109.78390486453041,14.0
109.81257917009395,13.0
109.94722008439061,12.0
109.99487965577423,11.0
110.07626338806877,10.0
110.22055472072437,9.0
110.23379494971873,8.0
110.51276929258837,9.0
110.52781218623444,8.0
110.77658384511737,7.0
110.84972662008752,8.0
110.88853014715347,9.0
110.89428831005682,8.0
110.95463873314397,9.0
111.30543486688414,10.0
111.58458714869438,9.0
111.59338798594965,10.0
111.75662658912232,9.0
111.80179520568927,8.0
111.83480030182474,9.0
111.97900544679042,8.0
112.06528817672415,7.0
112.2187192982042,8.0
112.338198066242,7.0
112.6263337850864,8.0
112.93774854304276,7.0
113.0212295019834,6.0
113.05529216884845,7.0
113.13322329204041,8.0
113.24477558495451,7.0
113.34849146554163,8.0
113.51375321167448,9.0
113.5950693492444,10.0
113.772729571105,9.0
113.81160775428,10.0
113.91517835365298,9.0
113.98914129673918,10.0
114.12234113579713,9.0
114.39430793673515,8.0
114.39918602403051,7.0
114.55637292183766,6.0
114.67980434914602,7.0
114.77538399587091,6.0
114.78066928615713,7.0
115.06420494722227,6.0
115.07845587934895,7.0
115.23070966298899,6.0
115.36146739207346,5.0
115.59527624349639,6.0
115.60120287873272,5.0
116.2602964113373,6.0
116.39208281028311,7.0
116.49927360176095,8.0
116.56286711537055,9.0
116.61082381214922,8.0
116.8065006218054,7.0
116.82562934461932,8.0
116.83781483728826,7.0
116.96222011649621,8.0
116.98612669716627,9.0
117.05802108215846,10.0
117.07987046926809,9.0
117.21048660711125,10.0
117.23963713363497,9.0
117.63414838790973,8.0
117.68102584591975,7.0
117.81447136736787,8.0
117.81873900443419,7.0
117.83523725174093,6.0
117.83640260112112,5.0
117.98248044217338,6.0
118.01442463900614,7.0
118.56907880527893,6.0
118.65501238589346,7.0
118.74565853260685,6.0
118.80695220085394,5.0
119.27123889612398,6.0
119.39648193568928,7.0
119.50822067202776,8.0
119.77333616372621,9.0
119.91947421143149,8.0
119.95213898821993,9.0
120.14410503899227,8.0
120.35784485693301,9.0
120.58877152384629,10.0
120.63130001624191,11.0
120.73342116807255,12.0
120.83854882403648,13.0
120.86988725445342,12.0
120.87574712772533,11.0
121.11519781450292,12.0
121.18140783881319,13.0
121.19342782184604,12.0
121.20580944265281,11.0
121.25047510029853,10.0
121.27552299821855,9.0
121.47401672502534,10.0
121.49034892356009,9.0
121.50406053977008,8.0
121.61265399059069,7.0
122.0356872822335,6.0
122.1140274732276,7.0
122.44306983408195,6.0
122.4461199053829,5.0
122.4581822798396,6.0
122.49160692734358,7.0
122.52208443680969,8.0
122.53999354415798,9.0
122.83078331928434,10.0
122.86462002215879,11.0
122.88288617625683,10.0
123.02340344951153,11.0
123.07751685790736,12.0
123.07862623804519,13.0
123.08538179683312,14.0
123.08717019354091,15.0
123.13813513172205,16.0
123.24323986223233,15.0
123.30990307518908,14.0
123.57786754417694,13.0
123.66111601882564,14.0
123.66784834188918,13.0
123.67552981276863,12.0
123.71307873433697,13.0
123.72117995535604,12.0
123.75100218689303,11.0
123.76187848180324,12.0
123.76912051319049,11.0
123.78621216050497,10.0
123.84905594334047,9.0
123.87791826353171,8.0
123.9318189429209,7.0
123.96764088704505,8.0
123.97017188744374,7.0
123.97979721744872,6.0
124.13861523549558,5.0
124.3666448153174,6.0
124.39818781989433,5.0
124.42960686105589,6.0
124.62632678663394,7.0
124.79505816571711,8.0
124.88110187906304,7.0
125.15116935974297,8.0
125.20967693923127,9.0
125.25949917637888,10.0
125.41943719765395,11.0
125.48460457101545,10.0
125.53427065509156,11.0
125.61226633166558,10.0
125.64789881578568,11.0
125.72590725817042,10.0
125.97668238848257,9.0
125.99328027903043,8.0
126.18878018746484,9.0
126.23634224920703,8.0
126.40395043767,9.0
126.45872121915505,8.0
126.5455542596033,7.0
126.70853340690036,6.0
126.75828531307396,5.0
126.86437068692636,4.0
126.89549552710216,5.0
126.97840028165653,6.0
126.98518330295083,5.0
127.05002919758769,4.0
127.13277233854195,5.0
127.27564342955488,6.0
127.28078105477906,7.0
127.43912202371695,8.0
127.45028524959112,9.0
127.75395827103623,8.0
127.868621191146,7.0
127.90569694687998,8.0
128.01447582672867,9.0
128.03788937707213,8.0
128.14490981240513,9.0
128.14936021939795,8.0
128.1762855355681,9.0
128.27815623418303,10.0
128.4577952308112,11.0
128.57140743803632,12.0
128.6522064200016,13.0
128.68560412168497,14.0
129.18890942397667,13.0
129.24672923782254,14.0
129.38780485817153,13.0
129.40593002713268,12.0
129.46090649840139,13.0
129.48729864462308,12.0
129.6082482167869,11.0
129.6151651073334,12.0
129.7417113158592,13.0
129.8856257278452,12.0
129.94320169954926,11.0
130.35562995430777,12.0
130.3941385682498,11.0
130.62650816945603,10.0
130.69331485117326,9.0
131.02442976303035,8.0
131.2443202528078,7.0
131.36214505561108,8.0
131.47526459998844,7.0
131.57605441043768,6.0
131.59849917405336,7.0
131.8458411301762,8.0
131.9164039564074,7.0
131.941509991601,8.0
132.12991754628203,9.0
132.14705136409472,10.0
132.41153777079262,11.0
132.52364054462123,10.0
132.59142518089192,9.0
132.6593537083416,10.0
132.66651065473636,9.0
132.6698912404639,10.0
132.6843214083261,11.0
132.83907958819478,10.0
132.85736671772978,11.0
132.8714679438704,12.0
132.9255267316831,13.0
132.95800963241024,12.0
132.96307372519502,11.0
133.02366644903793,12.0
133.05667263428856,13.0
133.05876820466602,14.0
133.13133193654272,15.0
133.1551502932208,14.0
133.2329439183239,13.0
133.3056097782946,12.0
133.30562302324634,13.0
133.31148178395688,14.0
133.31871821967874,15.0
133.38897006065287,16.0
133.3923922779466,17.0
133.59139304795133,16.0
133.6806285696577,15.0
133.7188365565828,14.0
133.77023678236506,13.0
133.77239647937296,12.0
133.77526363081483,11.0
133.81323749325125,12.0
133.85350842663345,13.0
133.8624227259361,14.0
134.0818371453638,13.0
134.11145949357723,12.0
134.22039442125867,13.0
134.28904671682807,12.0
134.3638201408539,11.0
134.48184397931877,10.0
134.51352479423142,9.0
134.64976950443264,10.0
134.76566722477824,9.0
134.80965568335984,8.0
134.81175684365041,9.0
134.81448363418218,8.0
134.87475924271618,7.0
134.9118068898524,8.0
134.95551423690318,9.0
134.98416766062408,8.0
135.0138204154366,9.0
135.1226380965878,10.0
135.16469214738498,9.0
135.2375827650511,8.0
135.5131125068506,9.0
135.51541388962454,10.0
135.52075973079386,11.0
135.52476362795218,10.0
135.703679542126,11.0
135.8206309144573,12.0
135.83539846516797,11.0
135.929308898301,12.0
135.9943098304901,13.0
136.21467603119527,12.0
136.27551193812027,11.0
136.42054636973302,12.0
136.459139223919,11.0
136.4768120757914,10.0
136.517525624129,11.0
136.6028311937207,10.0
136.60928764333283,9.0
136.68157037646932,10.0
136.73284248239148,9.0
136.75542869227186,10.0
136.8958238802324,11.0
136.96086974158632,10.0
137.36976644726454,9.0
137.4398811440206,8.0
137.51912663463645,7.0
137.8739022054899,6.0
137.91477405893343,7.0
138.06242498505057,6.0
138.08581467937898,5.0
138.2846335680263,6.0
138.49180671900618,7.0
138.51264877719032,8.0
138.5647961044224,9.0
138.57589653343828,8.0
138.5761028630027,9.0
138.9839500486759,10.0
139.0568773859838,11.0
139.13920632506327,10.0
139.16715907266098,9.0
139.39703009181466,10.0
139.4046640246809,11.0
139.40933391700318,12.0
139.4254798550792,13.0
139.49855188685882,12.0
139.7941472502164,11.0
139.85968797859823,12.0
139.87923575847245,11.0
139.9436057317791,10.0
140.2073659317626,11.0
140.22288747355475,12.0
140.31319192402694,13.0
140.32099211321471,14.0
140.34772146326898,13.0
140.38307274992198,12.0
140.39553317715658,11.0
140.4387865119776,10.0
140.52688583279084,9.0
140.6180385296115,8.0
140.75128600823297,7.0
140.79126350719605,6.0
140.88533868018055,7.0
141.04554382611346,6.0
141.0611351701826,7.0
141.07536159674044,8.0
141.13801064315274,7.0
141.16117876711633,8.0
141.2409695456424,9.0
141.3865807412338,10.0
141.44524694240278,11.0
141.49187787393404,10.0
141.604841988353,9.0
141.64609860583707,8.0
141.70634039066735,9.0
141.7558163857773,10.0
141.8107778758823,9.0
141.86587642914597,8.0
141.9131389867986,9.0
141.94615117200573,8.0
141.96229209675568,7.0
142.03231288935635,8.0
142.12743710958998,7.0
142.12902987733074,8.0
142.138242995576,7.0
142.1727184823513,8.0
142.26229450221118,7.0
142.41312057727936,8.0
142.47676576353334,9.0
142.62945255714928,8.0
142.6297157283663,9.0
142.95133192219168,10.0
143.04203879124688,11.0
143.0767262295104,10.0
143.1047304753336,9.0
143.10870741108846,8.0
143.10983013838282,9.0
143.1814650153243,8.0
143.45536338871142,7.0
143.47999380263826,8.0
143.59187136814748,7.0
143.8523562858139,8.0
143.9985447268168,7.0
144.10795635570403,6.0
144.13194479517878,5.0
144.20156743406207,6.0
144.20624176739258,7.0
144.258554367454,6.0
144.30618586951272,7.0
144.3145067321838,8.0
144.3532741812259,9.0
144.55687293912416,8.0
144.66224554925367,9.0
144.77098434186377,8.0
145.00759236327988,7.0
145.02405906533718,8.0
145.04800745501123,9.0
145.09332791538614,10.0
145.16378693466396,9.0
145.1887187559145,10.0
145.19645908562387,9.0
145.2774885345787,8.0
145.28073918329343,7.0
145.2837670054732,8.0
145.32365074649206,9.0
145.8039257007982,8.0
145.8969743503813,7.0
145.91278570681908,6.0
145.9201528997857,5.0
146.04484897619395,4.0
146.35133183056715,5.0
146.69620668987005,6.0
147.33417138315593,5.0
147.371451117832,4.0
147.38495636801534,5.0
147.50049773483528,6.0
147.89090264374911,7.0
148.0272876090242,6.0
148.20265216283238,7.0
148.2918557515602,6.0
148.41322289577937,5.0
148.42211511574448,6.0
148.46566972693418,5.0
149.01927856560636,6.0
149.02620691560153,5.0
149.03289799307888,6.0
149.04503457143977,5.0
149.06190586254127,6.0
149.0688596636186,7.0
149.23517027106598,8.0
149.31492171784123,9.0
149.49728273759703,10.0
149.54885724168443,11.0
149.69534953598588,10.0
149.71099793433908,11.0
149.86016549009264,10.0
149.92337606094202,11.0
149.9807351143459,10.0
150.0223294336658,9.0
150.120186200172,8.0
150.48514381846317,7.0
150.55901435883197,8.0
150.76854434218976,9.0
150.78200561328654,10.0
150.87144084758052,11.0
150.88183531330398,10.0
150.99853246663864,11.0
151.05888790942348,10.0
151.1767743534324,9.0
151.2356894662388,8.0
151.2426059183193,7.0
151.35967883344065,8.0
151.6417355517181,9.0
151.66942204271405,8.0
151.89161890933292,9.0
152.1011800417793,8.0
152.10712956424234,7.0
152.15659087034643,6.0
152.221860803861,7.0
152.3987082398289,6.0
152.40093071842062,7.0
152.51800973472103,8.0
152.66228474154008,9.0
152.83429846804242,8.0
152.90669235152947,9.0
153.22424411954066,8.0
153.23428342674387,9.0
153.26673932369232,8.0
153.28534040649384,7.0
153.50962822427064,8.0
153.5585344532374,7.0
153.7282349325781,8.0
153.73195513665522,9.0
153.7777429409505,8.0
153.78111844553564,7.0
153.8787525971025,6.0
153.93664949691268,7.0
153.96412069622045,6.0
154.05384096994857,7.0
154.14198143333988,6.0
154.28049522949468,5.0
154.5620364581092,4.0
154.63700445788942,3.0
154.63953478173164,2.0
154.79036062007205,3.0
155.11565854571572,4.0
155.44764029596863,3.0
155.63325650564522,4.0
155.78485292799246,3.0
155.80856012801814,2.0
155.9168680647394,1.0
156.05014049470975,2.0
156.15841789156207,3.0
156.30396570340818,4.0
156.44381429900545,5.0
156.45249190479024,4.0
156.50602865854347,5.0
156.69642089448033,6.0
156.92131780374245,5.0
157.0134272530402,4.0
157.22992969980388,5.0
157.36640457826056,6.0
157.48343153251432,7.0
157.54843420930018,8.0
157.56652661497725,9.0
157.62060533239304,10.0
157.71566562155468,11.0
157.7681552566036,12.0
157.8873695628484,11.0
157.95615724200624,12.0
157.99987865639193,11.0
158.17831806655678,10.0
158.18493179372888,11.0
158.3101719650596,12.0
158.3198367610976,13.0
158.33695819393216,12.0
158.36147672668997,11.0
158.46253194303463,10.0
158.48432461875973,11.0
158.56337483862785,12.0
158.6481147347317,11.0
158.66675429611794,10.0
158.91538915139648,9.0
159.086480520107,10.0
159.14190465270926,9.0
159.2315310226966,10.0
159.3208157560334,11.0
159.35882701550847,10.0
159.44402274830102,9.0
159.64596564025928,8.0
159.71725244340874,9.0
159.7819895535387,10.0
159.83384980172218,9.0
159.9387176334224,8.0
160.04735432201392,7.0
160.06472070900347,6.0
160.11298709368322,7.0
160.17373455791883,6.0
160.2151147797911,7.0
160.28012665964138,8.0
160.3750500873551,7.0
160.39885408014706,8.0
160.4050139008419,7.0
160.51380572235246,8.0
160.71501324412125,9.0
160.791392947389,10.0
160.81743720741773,9.0
160.94549926444253,10.0
161.03309257409614,11.0
161.10377493676413,10.0
161.19291373939174,9.0
161.2901143334338,8.0
161.30835878657706,9.0
161.31963331365043,8.0
161.36203129256364,9.0
161.40333217908588,10.0
161.70306399200322,9.0
161.73716104121127,10.0
161.81730985628505,11.0
161.87395940536348,12.0
161.9487612082578,11.0
161.96997077983366,12.0
161.99145023219575,11.0
161.9930206221719,12.0
162.2422261641418,11.0
162.2483401895856,10.0
162.38323983770772,9.0
162.4163356766602,10.0
162.48608291660167,11.0
162.49263211440544,12.0
162.51215170236406,11.0
162.60046972250268,10.0
162.68162423702262,9.0
162.73145490947104,8.0
162.9255793205903,9.0
163.03121051676612,10.0
163.25275083962924,9.0
163.32283989719215,8.0
163.4739960689992,9.0
163.6607976333934,8.0
163.66230539648,7.0
163.81592010376949,8.0
163.87512727017682,7.0
164.42735568108904,8.0
164.45164017432148,7.0
164.54577404299587,8.0
164.588042592353,9.0
164.73373443749492,10.0
164.75822334218782,11.0
164.77393607863138,10.0
165.0293479458239,11.0
165.1122720943994,12.0
165.1422972196289,13.0
165.18484684116592,14.0
165.43293079591163,15.0
165.56390238906042,14.0
165.64454501258376,13.0
165.69537453796983,12.0
165.70329953504168,11.0
165.70428282515851,12.0
165.7060476894011,11.0
165.72336651137633,10.0
165.8330848428798,11.0
165.9134784205769,10.0
165.92981370527622,11.0
165.9616008776731,10.0
165.98472569035613,9.0
165.99658634824428,8.0
166.04552456524556,9.0
166.0955443880056,10.0
166.15363509865128,9.0
166.41472399376192,8.0
166.4574837877542,9.0
166.51211861036717,8.0
166.6631478115453,9.0
166.7020508473648,10.0
166.83644699621487,11.0
166.90840110186704,12.0
166.95053263992477,11.0
166.96266318938564,12.0
166.9900916742625,11.0
166.99216313049052,12.0
167.049187569153,11.0
167.1280991627929,12.0
167.16374814392924,11.0
167.22965781397167,10.0
167.2716979645726,11.0
167.54613802271814,10.0
167.60695177785036,9.0
167.63878258027037,10.0
167.70464013013893,11.0
167.7655428600866,10.0
167.77599559608907,9.0
167.81838305040944,8.0
167.86121913385273,9.0
167.99137429418232,8.0
168.11944456523563,7.0
168.3259619470443,6.0
168.332302205781,7.0
168.33611934325876,8.0
168.37033200522959,7.0
168.378258472721,6.0
168.38832478731098,7.0
168.59048506246285,6.0
168.69658390884746,7.0
168.71199763404385,6.0
168.82889177589954,7.0
168.94306876853227,6.0
169.00997877616155,7.0
169.01738441110592,8.0
169.02903535588788,7.0
169.0379055451128,6.0
169.2070416759685,7.0
169.65134304125422,6.0
169.68675630872553,5.0
169.71400757366618,4.0
169.74113157559867,5.0
169.9948967174375,6.0
170.055126962427,7.0
170.1184794225345,8.0
170.19453550383503,7.0
170.27287584092764,8.0
170.53562208282682,9.0
170.76882551598825,10.0
170.86987084241125,9.0
170.87534981256556,8.0
170.98781978676274,7.0
171.15103955158418,6.0
171.3173802363736,5.0
171.37327099543077,6.0
171.41907038231977,7.0
171.5129177426602,6.0
171.62327130670408,5.0
171.80385573673468,6.0
171.96616522207324,5.0
172.22634379277017,6.0
172.24002722399322,5.0
172.336336079797,4.0
172.51516849414463,5.0
172.63363786588064,6.0
172.65428450207182,5.0
172.68122150325289,6.0
172.9367225429569,7.0
173.505135114577,8.0
173.56246180373475,7.0
173.5671093486787,8.0
173.56802674446539,7.0
173.73604674588455,8.0
174.03817494627543,7.0
174.06606317711135,8.0
174.08077959781312,9.0
174.5980312627832,8.0
174.76799742101517,7.0
174.77118785207767,6.0
174.8476262146636,5.0
174.99872073845418,4.0
175.03821622891772,3.0
175.08991709313005,4.0
175.13304338926667,5.0
175.4499254944594,6.0
175.72988078137718,7.0
175.7394482934188,8.0
176.05601766034584,7.0
176.06192034162848,8.0
176.09765115840017,9.0
176.1341437818048,8.0
176.3077350682742,9.0
176.4361385749725,8.0
176.59768454258787,7.0
176.70972139552663,6.0
176.81650245606127,7.0
176.8341033673241,8.0
177.20288810679503,9.0
177.29463974218174,8.0
177.3148293554234,9.0
177.35078305529,10.0
177.49206455339157,9.0
177.50508656600894,8.0
177.7334024300985,9.0
177.74885323655388,8.0
177.78409183078807,7.0
177.81259405931618,8.0
177.82505244543452,7.0
177.93653220688893,6.0
178.2119857535689,5.0
178.2274895764751,6.0
178.3834778128409,5.0
178.5793053636472,4.0
178.60892470556755,5.0
178.7339933407033,4.0
178.87380194901888,5.0
179.02843842753597,6.0
179.0833950268359,7.0
179.22749915838693,6.0
179.28660239033835,7.0
179.3570576828019,8.0
179.59421380544245,7.0
179.59648820167138,6.0
179.60705054172274,7.0
179.64722921415404,6.0
179.66732076731316,7.0
179.69056218385663,6.0
179.82430981370635,7.0
180.1863594874637,8.0
180.24194366871706,7.0
180.34927016084396,8.0
180.41668650905177,7.0
180.68201843597765,6.0
180.81585061877882,5.0
180.87229619583044,6.0
180.9037312634779,5.0
180.93974462904646,6.0
180.99671391211734,7.0
181.03253752225677,6.0
181.06375691999406,5.0
181.0858151851158,6.0
181.20510534072588,7.0
181.24884380582841,8.0
181.44944119182261,7.0
181.4499857514491,6.0
181.52851268118692,5.0
181.86339626267605,4.0
181.9626967314803,3.0
181.97438335415129,4.0
182.28221114916443,5.0
182.36460798814542,6.0
182.77172777708213,5.0
182.80658688791874,6.0
182.87782903270153,5.0
183.0174540231178,6.0
183.2029159217204,5.0
183.41692205446842,6.0
183.4703792812858,7.0
183.67589154804898,6.0
183.7849157220978,5.0
183.93234188273965,6.0
183.95748153710636,7.0
184.0077047426165,8.0
184.09322497037707,7.0
184.11765744886176,8.0
184.30537492399014,9.0
184.40733010865722,10.0
184.43532993834668,11.0
184.62443474699955,12.0
184.78732415253236,11.0
184.79176412658543,12.0
184.90964562621417,11.0
185.01251527311942,12.0
185.32217507146626,13.0
185.32685863604732,12.0
185.39216847215937,11.0
185.56912674374206,10.0
185.59894603683637,9.0
185.6257270988886,10.0
185.73068390267574,9.0
185.75361010319472,8.0
185.79455258083007,9.0
185.81892525903848,10.0
185.9124625388152,9.0
185.9334410697205,8.0
186.00730887627802,7.0
186.23114645166527,6.0
186.2627836489705,7.0
186.30260851750518,8.0
186.35461917561588,7.0
186.57205183003975,6.0
186.6031338960024,7.0
186.64361295950894,8.0
186.7289418616845,7.0
186.9499283583369,8.0
186.9800256201747,9.0
187.0566290214726,10.0
187.25694538078852,11.0
187.27336359510906,10.0
187.27630037717566,9.0
187.3054816726694,8.0
187.3111983543751,7.0
187.45488326598675,8.0
187.4692525255436,7.0
187.71938411616495,8.0
187.88847276970998,9.0
188.0417271248141,10.0
188.09068649401456,11.0
188.14762087239973,10.0
188.19195245319676,11.0
188.2260314155081,12.0
188.23785277306666,11.0
188.558651251862,12.0
188.65416023893502,11.0
188.6603572459206,10.0
188.86755334470337,9.0
188.90206914320154,10.0
189.02056999876552,11.0
189.07070644906986,10.0
189.10559847370382,9.0
189.10608640010253,10.0
189.11429394634345,9.0
189.250791594417,8.0
189.31697442585596,9.0
189.3452747505513,8.0
189.60426881656778,7.0
189.8845316171001,6.0
189.94827395530055,5.0
190.05538271712132,6.0
190.05891838929725,7.0
190.07067783283546,8.0
190.075431641686,7.0
190.11670433319958,6.0
190.22849938391718,5.0
190.30887170731697,6.0
190.32966679505623,7.0
190.63087654859012,8.0
190.73198823138284,7.0
190.86125200554423,6.0
190.87626578205848,5.0
190.91448750675448,4.0
190.9171901122242,5.0
191.00757618500083,4.0
191.18117816176735,5.0
191.26184576690122,6.0
191.33377854241888,7.0
191.33696419171528,8.0
191.4069131779306,9.0
191.8187201946805,10.0
191.88297869409305,11.0
191.94303565034812,10.0
192.04077319734697,11.0
192.0710773903354,10.0
192.13604547981672,9.0
192.2316898461166,10.0
192.34622936393097,9.0
192.3521030130149,10.0
192.39526939259167,9.0
192.45667982867218,8.0
192.50055426385816,7.0
192.52405884578883,8.0
192.54262340482552,9.0
192.7846976541999,10.0
192.8485206442529,11.0
193.20555588400873,10.0
193.26286670262755,11.0
193.45811181259535,10.0
193.46374267603335,11.0
193.48552114652801,12.0
193.532622761375,13.0
193.5713466348058,14.0
193.73404969530782,13.0
193.78182655899496,14.0
193.85315028780545,15.0
193.92884785373957,14.0
193.94999272655625,15.0
194.05246099410775,14.0
194.10868327093377,13.0
194.12811616030692,14.0
194.19573139163776,13.0
194.30306565443053,12.0
194.3769928218187,11.0
194.44190573772462,10.0
194.5068153920859,9.0
194.61610131255068,8.0
194.62243593504814,7.0
194.62413561332502,6.0
194.63640779525812,5.0
194.66364701876606,4.0
194.6655408030498,5.0
194.69741890289075,6.0
194.7450322281965,7.0
194.91466363291264,8.0
194.95509039031046,7.0
194.9788154771615,6.0
195.19256230179644,7.0
195.30290927182716,8.0
195.47299063283396,9.0
195.634898963903,10.0
195.79304218573392,11.0
195.98425104442606,10.0
196.04269755310725,9.0
196.06501500696976,8.0
196.2629139982201,9.0
196.37123590746543,8.0
196.60622175009863,7.0
196.62710873105317,6.0
196.73235849137532,5.0
196.84261755633614,6.0
196.88471137613408,7.0
197.04280858470125,8.0
197.26393095096665,7.0
197.32442738747412,8.0
197.3496523239474,9.0
197.41468730081226,8.0
197.49416781224002,9.0
197.64925890056028,10.0
197.7895708970436,9.0
197.8401589843988,8.0
197.90633011788535,9.0
198.0265275186642,8.0
198.3735699765307,7.0
198.3776524094799,8.0
198.41350177791406,7.0
198.44643188657946,6.0
198.4863668193872,5.0
198.52113811957318,4.0
198.6787446448334,3.0
198.70113141703627,4.0
199.23737765228154,5.0
199.29128024605313,6.0
199.4935416414537,7.0
199.61419789037976,8.0
199.68063144227264,9.0
199.7024567951543,10.0
199.8976554452239,11.0
199.92422530790415,10.0
199.94337892304955,11.0
199.999161536784,10.0
200.14610109255293,11.0
200.32097551138895,10.0
200.35109942278092,11.0
200.400652807056,12.0
200.62898950143727,13.0
200.63545913624793,14.0
200.6533361122996,13.0
200.67132700910176,14.0
200.753754351,13.0
200.82442592760864,12.0
200.84501201778158,11.0
200.954577882423,10.0
200.9838291666659,9.0
201.1247786065121,8.0
201.14467883367868,9.0
201.1521539642478,10.0
201.15940421496023,9.0
201.18576238058293,10.0
201.2209408423332,11.0
201.2675251042607,10.0
201.29287877953197,11.0
201.31007634444796,12.0
201.41947164442354,13.0
201.51646532747273,12.0
201.6282320803011,11.0
201.68409319429423,12.0
201.69038428988964,11.0
201.77149546714605,10.0
201.82295188557205,9.0
201.98287585936868,8.0
202.0830429892967,9.0
202.0937356027323,8.0
202.240632416631,7.0
202.3009951595143,8.0
202.3263736347217,7.0
202.34093678492374,8.0
202.35123258757218,7.0
202.35644551062512,6.0
202.66009043258796,5.0
202.69500269364897,4.0
202.76255123889854,5.0
203.02929322712401,6.0
203.03235570682457,5.0
203.04849140471399,4.0
203.1208307845829,5.0
203.31610531987988,6.0
203.41197734337433,7.0
203.42188243276385,8.0
203.44751957915815,9.0
203.49594785732288,8.0
203.60386421756033,9.0
203.79148343663118,8.0
203.7917297362168,7.0
203.89195446995674,6.0
204.18610042207015,5.0
204.19507980004468,4.0
204.25678749838096,3.0
204.32542043869736,4.0
204.39726314812148,3.0
204.7689977973916,2.0
204.77985585873907,3.0
204.9106562375432,4.0
205.11638143641275,5.0
205.1444542843151,6.0
205.16112167508655,7.0
205.18560343677044,8.0
205.22315664554947,9.0
205.39535332952002,10.0
205.47798197641177,11.0
205.50478327189447,10.0
205.57832374677335,11.0
205.6423086624941,10.0
205.64988285504833,9.0
205.8051663333801,10.0
205.92439962775467,9.0
205.98568409836258,10.0
205.99735439422722,11.0
206.1518789638245,10.0
206.16961993993138,9.0
206.3624587408443,8.0
206.4727137873793,9.0
206.90969444682224,8.0
206.91382118895714,9.0
207.01339929860796,10.0
207.05399707091576,9.0
207.28301987698174,10.0
207.45783388864604,11.0
207.59465909944157,10.0
207.69385041881432,9.0
207.8047882706033,8.0
207.86522594922678,9.0
208.03302179356504,8.0
208.14004744124014,7.0
208.27768001437786,6.0
208.28625758071607,7.0
208.44021321771802,8.0
208.52295408091464,9.0
208.59168703368428,10.0
208.6937626350518,9.0
208.81631139489144,8.0
208.96879307951167,7.0
209.09464387858526,8.0
209.14605260234634,9.0
209.22337991192293,8.0
209.29147843147314,7.0
209.33124917683296,8.0
209.41441012199613,9.0
209.46376990136008,10.0
209.79367718234442,11.0
209.8439634134056,10.0
209.94337502042546,11.0
209.99345916847193,12.0
210.05657548288303,13.0
210.26124546118038,14.0
210.37464959527964,15.0
210.39604578769797,14.0
210.6745694528496,13.0
210.8175368675382,14.0
210.86939137944896,13.0
210.89346594976706,12.0
210.93233007493194,11.0
210.97021144185368,10.0
211.0048024282748,11.0
211.17559502872754,12.0
211.33457303135552,13.0
211.41172975330753,12.0
211.5889979949088,11.0
211.65787981307332,12.0
211.71363795134718,11.0
211.84651175709496,10.0
211.91873319435393,11.0
212.08043505187453,10.0
212.42420082018708,9.0
212.5141498042686,10.0
212.51424576560004,11.0
212.53520662884722,10.0
212.54842661835937,11.0
212.56973556917205,10.0
212.6067348704309,11.0
212.68897779499684,10.0
212.74128929729994,11.0
212.7881176166072,12.0
213.0238278929103,11.0
213.2386187397482,10.0
213.2894651884154,11.0
213.37711801479642,12.0
213.38643797302873,11.0
213.48387954702977,12.0
213.54461043109907,13.0
213.57444517424628,14.0
213.58462298738849,15.0
213.6255376472861,16.0
213.70206780950843,15.0
213.79853191366755,16.0
213.80473013708928,15.0
213.81973347182128,16.0
213.9569951275115,17.0
213.99427471010614,18.0
214.07100844418616,17.0
214.17374270469338,16.0
214.17833852854497,15.0
214.2867355562358,14.0
214.3350877150302,13.0
214.33669473535136,14.0
214.41428474284078,15.0
214.43031178759745,14.0
214.45859963248628,13.0
214.5787713213671,14.0
214.80065497090635,13.0
214.85018482143244,14.0
214.92219065772528,13.0
214.9414170843271,12.0
215.06785972470507,11.0
215.0739138184629,10.0
215.18662591714218,11.0
215.227120569116,12.0
215.36259876091927,11.0
215.64937172973072,10.0
215.67534506446373,9.0
215.7293717923782,10.0
215.81870921855207,9.0
215.92767590373066,10.0
215.96202435400232,11.0
216.07413280756668,10.0
216.1207908712631,9.0
216.2299878571096,10.0
216.24799953011293,9.0
216.27392442771927,10.0
216.32620464461442,9.0
216.36306282134893,10.0
216.3934093993053,11.0
216.40801280186602,12.0
216.43039494671822,11.0
216.5072642757688,10.0
216.53006615180064,9.0
216.60828078679003,8.0
216.67451882003724,9.0
216.71789685406222,10.0
216.94312006895615,9.0
216.98576054378464,8.0
216.99860292542513,9.0
217.1250556130012,10.0
217.30625896535338,9.0
217.36301833282914,8.0
217.4783747253299,7.0
217.63499712962297,8.0
217.65444100831544,9.0
217.78248672220127,8.0
217.85923208986563,9.0
218.14978963035176,10.0
218.22735218817797,9.0
218.30541081731798,8.0
218.36121696258647,9.0
218.3662644852084,10.0
218.44072738565788,9.0
218.54193483603117,8.0
218.60474768193194,9.0
218.924536210104,8.0
219.21863534237497,7.0
219.23858691495477,8.0
219.39877868364906,7.0
219.46188412080224,8.0
219.46365644424432,9.0
219.55285970851986,10.0
219.57485735096625,9.0
219.59069926531518,10.0
219.69277557394787,11.0
219.7734490551598,12.0
219.77735487332592,13.0
219.79040724758352,14.0
219.84528054828726,13.0
219.87671963422787,12.0
219.8852611037059,11.0
220.02418464635895,10.0
220.06138157057703,11.0
220.0975242363151,10.0
220.1110582342626,11.0
220.35334470739593,10.0
220.40207767421276,9.0
220.40320747068048,8.0
220.41510219526208,9.0
220.47592619499312,8.0
220.5530626931155,9.0
220.6181327917513,8.0
220.8802731620842,9.0
220.99231137709123,8.0
221.0581082901419,7.0
221.07087088287668,6.0
221.3160568603492,5.0
221.4721135396976,4.0
221.4934973252023,5.0
221.54479875108714,6.0
221.94226658893882,5.0
221.94798430432235,4.0
222.1059983990373,3.0
222.38836074495796,4.0
222.44458631530043,5.0
222.44879655135097,6.0
222.45214613127456,7.0
222.62749606331226,8.0
222.69036846524003,9.0
222.77028074510253,10.0
222.83277951438086,9.0
223.0805585173484,8.0
223.08593721078586,7.0
223.120654749174,6.0
223.2039913209274,7.0
223.23584074628536,8.0
223.3004966874127,7.0
223.46017474606,8.0
223.6094075290741,9.0
223.73179750961853,8.0
223.76288823003807,9.0
223.8801739459707,8.0
224.12153948848595,9.0
224.2118481411844,10.0
224.2268240279299,9.0
224.25905922788746,8.0
224.29684786954223,7.0
224.4397208603775,6.0
224.54498319349605,5.0
224.59829647360664,4.0
224.7690378346171,5.0
224.82755176365936,4.0
224.86868450644033,3.0
224.92892771928035,2.0
224.97520520796556,3.0
225.24400051791602,4.0
225.3941495569089,5.0
225.39485819086522,6.0
225.51953113251665,5.0
225.56332513108063,6.0
225.6527956945901,7.0
225.87762979827016,8.0
225.91579903937105,7.0
225.94764592222373,6.0
226.28805013177652,7.0
226.29739277306678,6.0
226.35724752211846,5.0
226.49431848991125,4.0
226.6745610158289,5.0
226.75291884744126,4.0
226.78911806743858,5.0
227.00249767419547,4.0
227.07216697415595,5.0
227.1969953212425,4.0
227.21740420105667,5.0
227.52887032529117,6.0
227.74737677630281,7.0
227.87984072278914,6.0
228.01958439516207,7.0
228.1261101868885,6.0
228.24598802140238,7.0
228.29607115163688,8.0
228.38340431305883,7.0
228.41457532160692,6.0
228.55546448958341,5.0
228.84843144493001,6.0
228.8611980618512,5.0
228.91878697536046,4.0
229.0278629200136,3.0
229.0496238121911,4.0
229.1086525187176,5.0
229.5379317556032,6.0
229.57559992821024,7.0
229.64975716771232,8.0
229.71668500471318,7.0
229.72957336539037,8.0
229.73071794895483,9.0
229.89212075462268,10.0
229.91902925414402,11.0
229.9462419897645,10.0
229.96142609287858,9.0
230.05573547412016,8.0
230.13799754855864,9.0
230.18402010973327,8.0
230.23917587652667,7.0
230.42597518687205,8.0
230.51578484095756,9.0
230.6614732979653,8.0
230.70588321191377,7.0
230.726848121668,6.0
230.81422255957747,7.0
230.93036442708552,8.0
230.99530585212375,7.0
231.02256945771686,6.0
231.11389391390992,5.0
231.15685546175263,6.0
231.25721817894885,7.0
231.4670482965267,6.0
231.4922805985555,7.0
231.49263710924413,8.0
231.62461776958423,7.0
231.63983396937988,8.0
231.7262769809825,9.0
231.76280143399302,8.0
231.83789624782946,7.0
231.83828746453813,6.0
231.84316653754186,5.0
231.89453343418367,4.0
231.9365617826006,5.0
232.06310180221115,6.0
232.15199367411086,5.0
232.17320214976732,6.0
232.59899559709018,7.0
232.6265647774584,6.0
232.63817121808935,5.0
232.67468284059638,4.0
232.81469184619144,3.0
233.03498597588464,2.0
233.06449089672353,3.0
233.25289154956218,2.0
233.31470218572179,3.0
233.31853561459897,4.0
233.34512038255394,5.0
233.7037777616087,6.0
233.7078541073949,5.0
233.91027839389912,6.0
234.1633481929858,7.0
234.1733163726445,8.0
234.23617384018183,9.0
234.28704724535834,8.0
234.3793241544962,7.0
234.4749428424802,8.0
234.51417947972115,7.0
234.61239648362732,6.0
234.82656534888102,7.0
234.84065706382322,6.0
234.9059945026017,7.0
234.9069649408443,6.0
235.1184800995132,7.0
235.12466458637866,6.0
235.1755335690967,7.0
235.1929458670196,8.0
235.4465497760909,9.0
235.45012244283063,10.0
235.52415063935973,11.0
235.75155299916548,10.0
235.8747451903431,9.0
235.9872701912195,8.0
236.06152392213846,9.0
236.08190065304677,8.0
236.28706749501836,7.0
236.38234929759003,6.0
236.46363712187681,7.0
236.6031183740702,8.0
236.60792333696807,7.0
236.79223521212683,8.0
236.80542633758893,9.0
236.91406432758936,10.0
236.92944295915186,9.0
236.96012246428953,10.0
237.12665440471454,9.0
237.26230364127602,8.0
237.29094876057172,9.0
237.45438016211816,10.0
237.6429171464818,9.0
237.68613877342628,8.0
237.80090640102713,9.0
237.82178228689463,8.0
237.82425363928445,7.0
237.88124043424847,8.0
237.90002535667847,9.0
237.9019072413216,8.0
237.94524554672472,9.0
237.96887312112685,10.0
238.0478088273621,11.0
238.27222179910797,12.0
238.53395955649768,11.0
238.5532639574936,10.0
238.6733869731997,9.0
238.73153619993576,8.0
238.74135146540783,7.0
238.7501635827814,8.0
238.7515504790646,9.0
238.7580338485788,10.0
238.77001363154105,9.0
238.78624587707336,10.0
239.10131389090662,11.0
239.13839023237082,10.0
239.17127743465264,11.0
239.1846283316023,12.0
239.5100688522948,13.0
239.71630546216784,12.0
239.85412118914877,11.0
239.87964070196318,10.0
239.93964768099156,9.0
239.9619472121665,8.0
240.30008239246672,9.0
240.5449486575261,10.0
240.6481123629513,11.0
240.65668419776958,10.0
240.66545877259736,11.0
240.79020892997616,10.0
240.84634872026024,9.0
240.85686617016515,10.0
240.87778488596086,9.0
240.92845260889834,10.0
241.14575260740693,9.0
241.20310397601332,8.0
241.30596551961477,7.0
241.34865260336886,8.0
241.36936581434782,7.0
241.38891717547133,8.0
241.48259040382746,9.0
241.52582905091612,10.0
241.5877399748622,9.0
241.61068543073904,8.0
241.65582784372194,7.0
241.70478163230493,8.0
241.94817981771743,9.0
242.05723380526845,8.0
242.13814524696804,9.0
242.1553725896223,10.0
242.28239649314818,11.0
242.34020073739228,12.0
242.35368734696624,11.0
242.44398817520454,12.0
242.47383467876608,13.0
242.53663466029744,12.0
242.64496246158407,13.0
242.76971901524075,12.0
242.7829748126311,11.0
242.78814884936045,10.0
242.85855993462468,9.0
242.96198569363625,10.0
243.04747359168056,9.0
243.06908884479515,10.0
243.32902473341355,11.0
243.37185652535302,10.0
243.42712822274564,9.0
243.68173247252898,8.0
243.7209506601855,7.0
243.815556311961,8.0
243.9352648897678,9.0
243.9832759774182,8.0
244.04352414157012,9.0
244.18361136289315,8.0
244.28746616077242,7.0
244.4828209677321,6.0
244.49589744541333,5.0
244.5779451497223,6.0
244.80598527043895,5.0
244.84418544136045,6.0
244.91235886892508,5.0
245.07314455682888,4.0
245.09062954473305,5.0
245.50325922926802,4.0
245.54135729954686,3.0
245.66324476820756,4.0
245.74513202794813,3.0
245.7758679419845,4.0
245.79128748211107,5.0
245.80242673743788,6.0
245.85265690653316,7.0
245.87414381198747,8.0
245.98747872776076,7.0
246.03626686640473,8.0
246.15299444314155,9.0
246.41602898935577,8.0
246.44821126757023,7.0
246.62676771698565,8.0
246.76223770785202,9.0
246.85208873817024,10.0
246.85869473525094,9.0
246.91050711081587,10.0
246.95301664576346,9.0
247.05610446753934,8.0
247.2332071745068,9.0
247.2767388192084,8.0
247.45672066649837,7.0
247.5420749680268,8.0
247.56403952046284,9.0
247.7959298476613,8.0
247.94162920233927,9.0
247.96630679522485,10.0
247.97231103336284,11.0
248.3112620113289,10.0
248.43007520702133,9.0
248.4465161450315,10.0
248.54892665288907,9.0
248.8265279526784,10.0
249.0427673110881,9.0
249.1121992599062,8.0
249.16644376806775,7.0
249.16780587990866,8.0
249.47958808606953,7.0
249.54437730757752,6.0
249.60863487241664,7.0
249.91792051571454,6.0
250.15862945520135,7.0
250.44120936572563,8.0
250.47222187443876,9.0
250.51784876866805,10.0
250.55397213424547,9.0
250.72365901687004,8.0
250.80591650039145,9.0
250.8140388259851,8.0
250.874605566385,9.0
250.91680873972396,8.0
250.98870403447063,9.0
251.26518541323506,8.0
251.46878147465242,9.0
251.46888740246715,8.0
251.5061820379807,9.0
251.5445422851635,10.0
251.60287815363952,9.0
251.6128379301378,8.0
251.7046531582368,9.0
251.8471167915726,8.0
251.86221701000977,7.0
251.91789150255917,6.0
251.97060474087127,7.0
252.12809780839916,6.0
252.1639656538698,7.0
252.23637335526976,6.0
252.28322462763023,7.0
252.39514682922248,8.0
252.42657224853406,9.0
252.44149514923143,10.0
252.4866621991399,9.0
252.49207598812316,10.0
252.51423245397214,11.0
252.53564324025547,12.0
252.55373662200216,11.0
252.64739582901703,10.0
252.67179236647783,11.0
252.73985691528082,12.0
252.83418413476113,11.0
252.9465109947433,12.0
252.9985218979128,11.0
253.01051874976727,12.0
253.01438675355033,13.0
253.16393659223732,12.0
253.22531146975174,11.0
253.2324691341289,12.0
253.2902472603814,11.0
253.3755625887951,12.0
253.43789797950305,11.0
253.45587921494734,10.0
253.62858632320035,11.0
253.80546020771388,10.0
253.91842142264557,9.0
254.06305116492055,10.0
254.0818699506099,11.0
254.11458826648118,10.0
254.1793566583876,11.0
254.22294716180292,12.0
254.2422532509437,11.0
254.3171638548144,10.0
254.36182097111364,9.0
254.5315590417822,10.0
254.6140642727334,11.0
254.6354790263405,12.0
254.68245196059632,11.0
254.77847541167873,12.0
254.87473631072586,11.0
254.98417579504175,10.0
255.17825509626476,11.0
255.1977096874514,10.0
255.2502699360449,9.0
255.30716506994648,8.0
255.32717015552313,9.0
255.56513742048173,8.0
255.5689180899957,9.0
255.8012647783406,8.0
255.95471210970192,7.0
255.9648756342073,6.0
256.00858968783473,5.0
256.0656776005991,6.0
256.10695513965504,5.0
256.2900286865776,6.0
256.3622764103699,5.0
256.38327567444793,6.0
256.40762838278846,7.0
256.4154851130434,8.0
256.4482646898607,9.0
256.4507357384755,8.0
256.8018643135188,7.0
257.1157090741728,6.0
257.162978751802,7.0
257.2345003580565,8.0
257.2394290138038,9.0
257.3863370232627,8.0
257.60779055994146,9.0
257.6173525210936,8.0
257.93320621653316,9.0
257.94366258388044,10.0
258.08133753091937,11.0
258.11915708206305,12.0
258.12186799189755,11.0
258.2610255340383,10.0
258.3591082508301,9.0
258.5667414715415,8.0
258.6296395905599,7.0
258.8899522730799,6.0
258.92660598497866,5.0
258.9461793060392,6.0
258.95177336068804,7.0
259.1283351420974,8.0
259.2975370908557,9.0
259.72238719978697,8.0
259.8472980319588,7.0
260.29300008036176,8.0
260.3088944374464,9.0
260.3158452163515,10.0
260.3496997632056,11.0
260.35478683975253,12.0
260.36191249794325,11.0
260.386057715219,12.0
260.44430718706406,11.0
260.67189772627245,12.0
260.8429263396387,13.0
260.859746552584,14.0
260.91537694988114,13.0
261.00518672312256,12.0
261.0193138997163,11.0
261.181232977695,10.0
261.2226438097321,9.0
261.22624551765665,10.0
261.2495840562051,9.0
261.3350904972008,8.0
261.5820874287449,7.0
261.6605265243938,6.0
261.67506590532184,7.0
261.7223812965706,6.0
261.788613502918,5.0
261.7997434170685,6.0
261.9209096292409,7.0
261.99732514514596,6.0
262.08077707448973,7.0
262.2044014822223,6.0
262.2474192752397,7.0
262.4552597908584,8.0
262.70064862797506,7.0
262.7771919033055,8.0
262.7952673691605,9.0
262.9680016308778,8.0
263.03493067960943,7.0
263.06423476692095,8.0
263.07553562940296,9.0
263.0797096513316,8.0
263.159989880672,7.0
263.28128205334644,8.0
263.41192998359503,7.0
263.52759879737357,8.0
263.67836100923347,7.0
263.7043468118026,6.0
263.74639475598,7.0
263.84013479811256,6.0
264.02934994486964,7.0
264.1261595448453,6.0
264.24414676604596,7.0
264.31516872556324,6.0
264.3432911832025,7.0
264.4310762164836,6.0
264.6513674908012,7.0
264.6691784564506,6.0
264.68988554568386,7.0
264.72296355489874,8.0
264.74157250174954,9.0
264.7722982937718,10.0
264.78531530342985,11.0
265.0470068209523,10.0
265.13729982755274,9.0
265.2254125745095,10.0
265.455371846881,9.0
265.48134187972613,8.0
265.5503366106329,9.0
265.58994936963364,8.0
265.63682334945474,7.0
265.68886940480695,6.0
265.98083721064364,7.0
266.03999389868136,6.0
266.1511971380622,5.0
266.2776485392005,4.0
266.2980536732383,5.0
266.40532567523144,4.0
266.59217766254955,5.0
266.69142043189544,4.0
266.82513817085953,3.0
267.02723854731715,4.0
267.2654924905242,5.0
267.28351568184627,4.0
267.4129661624195,5.0
267.5311709739927,4.0
268.0984303146656,3.0
268.28553692876005,4.0
268.55434161047066,3.0
268.76379746040806,4.0
268.78213656459616,5.0
268.81779998776756,6.0
269.08432152292454,7.0
269.30411355522926,6.0
269.31896392653033,7.0
269.3350826408263,8.0
269.3942121040548,7.0
269.7036840647799,6.0
269.77273666687773,7.0
269.83412380544905,8.0
270.1327033585585,9.0
270.15136567301033,8.0
270.26920474486667,9.0
270.273160640203,8.0
270.297537215353,7.0
270.3675628604272,8.0
270.60252918596274,7.0
270.9427012077916,6.0
270.96023074955235,5.0
271.26252915572616,6.0
271.35550753492987,7.0
271.4288109595377,8.0
271.46871188895835,9.0
271.48898686356887,8.0
271.5079245299122,7.0
271.54878642454514,8.0
271.6628093004847,7.0
271.7412113079313,6.0
271.92890556995394,7.0
272.1588099085292,8.0
272.2271819271327,9.0
272.43719420323396,8.0
272.60239141000324,9.0
272.60948048580946,8.0
272.6783808781585,9.0
272.72938875966423,10.0
272.7905227675486,11.0
272.81029677310795,10.0
272.8126921716861,11.0
272.94773313481005,10.0
273.0251732318473,11.0
273.26224438836397,12.0
273.2704496299719,11.0
273.31378518749386,10.0
273.3463268840616,11.0
273.35439961501726,10.0
273.4427627244591,9.0
273.4858460440035,8.0
273.52288127567533,7.0
273.701285172182,8.0
273.72549726459476,7.0
273.7708870889763,8.0
273.8261097919811,7.0
273.83452015429185,8.0
273.86761846745037,7.0
273.93874163194965,8.0
274.0745540363134,9.0
274.2239741580874,8.0
274.27793831153707,7.0
274.44408996641704,8.0
274.45046758377816,7.0
274.5573371754736,8.0
274.60613477086514,7.0
274.60613979720824,6.0
274.6267776724981,5.0
274.63299439944484,6.0
274.7360049352736,5.0
274.7883432609369,6.0
274.87516063525874,5.0
275.10412079946184,6.0
275.2613387389707,7.0
275.48975768658596,6.0
275.52733348408026,7.0
275.5860997278335,8.0
275.61968292502297,7.0
275.62805160806994,8.0
275.73525769619357,7.0
275.8271149562244,8.0
275.8574046690738,9.0
276.28056578252273,8.0
276.31999184134884,7.0
276.4873458132626,6.0
276.5228584589195,5.0
276.597284156185,6.0
276.6377661888678,5.0
276.6850247467733,6.0
276.7005930539993,5.0
277.02764833828326,6.0
277.17906453175925,7.0
277.18438802737865,6.0
277.3345504066484,5.0
277.39177215273793,4.0
277.57958701579514,5.0
277.8168687403951,6.0
277.9041065806169,7.0
278.20789116784397,8.0
278.3655784121462,7.0
278.40266173992853,6.0
278.6163992534159,5.0
278.64466551337057,6.0
278.6912275026276,5.0
278.74113208473,4.0
278.99377109264844,3.0
279.05994667781516,2.0
279.0995400558518,3.0
279.5899748392535,4.0
279.9140354178131,5.0
279.9790789346801,4.0
280.03744283847595,5.0
280.1450262011302,6.0
280.22526688240623,5.0
280.25364198540194,6.0
280.42978469465703,5.0
280.48236852679713,6.0
280.6503898160357,7.0
280.7252101772362,8.0
280.8513582250243,7.0
281.0206691450249,6.0
281.13795842560774,7.0
281.1907951314735,6.0
281.19697039796097,5.0
281.44266666601555,4.0
281.606791558375,5.0
281.6706793399336,6.0
281.67700023285164,5.0
281.7749890474279,6.0
281.79097768755383,7.0
282.0340328811945,6.0
282.3687777346713,7.0
282.4022655256559,8.0
282.4763947947884,9.0
282.7067115123898,10.0
282.71161548935856,9.0
282.7843079583646,8.0
283.03525728642643,9.0
283.33147198386854,8.0
283.44903873173155,7.0
283.53212280944774,8.0
283.5645692218216,9.0
283.57181987824976,10.0
283.60885152525447,9.0
283.62395981391103,10.0
283.73508338959186,9.0
283.7604757134068,8.0
283.8487462681168,9.0
283.8884521424876,8.0
284.0517975942336,7.0
284.1281686769814,6.0
284.1367322142362,7.0
284.28704730313564,6.0
284.4516402560493,5.0
284.4569295401511,6.0
284.4974120489506,7.0
284.9264118823644,8.0
284.9295614904883,7.0
285.06216468561377,6.0
285.0681982211706,7.0
285.1888828687502,8.0
285.2061770833828,7.0
285.3523320872637,6.0
285.4277331050851,7.0
285.4561233223495,6.0
285.48160655708847,5.0
285.6109175261832,4.0
285.71305072350725,5.0
285.9253857792431,6.0
286.04068679871824,5.0
286.21257601318945,4.0
286.2333925282154,3.0
286.5304075977441,2.0
286.6179827600589,1.0
286.63040693691624,0.0
286.77560754968783,1.0
287.2753792192646,2.0
287.3273970347793,1.0
287.4457119227503,2.0
287.8105176328904,1.0
288.03807179920847,2.0
288.1689963516566,3.0
288.6628118506663,4.0
288.69814608159027,5.0
288.94518206080915,6.0
289.1113700151346,7.0
289.1856967804284,6.0
289.46978237726756,5.0
289.48559124264517,6.0
289.51966677399747,7.0
289.54117149812697,6.0
289.6225017570595,5.0
289.7711540414823,6.0
289.92727248223576,7.0
289.95006234017575,6.0
290.02435229949833,5.0
290.12713735021015,4.0
290.12928425987104,3.0
290.3377053975944,2.0
290.37492527932363,3.0
290.857089958153,4.0
290.93865494694126,5.0
291.05107311404396,6.0
291.2555739104235,5.0
291.3757667522216,6.0
291.44976496334795,5.0
291.5157097656632,6.0
292.0124357822524,7.0
292.03670149315195,6.0
292.08957258949505,7.0
292.16453447011696,8.0
292.1999594773155,7.0
292.3975675787792,8.0
292.60915039669493,9.0
292.7646449839632,10.0
292.76558457135934,11.0
292.7934200056896,12.0
292.8150504838608,11.0
292.82137784261386,10.0
292.8307818905768,9.0
292.87711105888735,8.0
292.9669326176862,9.0
293.0549893538074,10.0
293.11679431378633,9.0
293.27235909064746,10.0
293.2800971775747,9.0
293.28249729666544,10.0
293.4006944373628,9.0
293.44709347421747,10.0
293.4877566794157,11.0
293.8800307791581,10.0
293.9114081684702,11.0
293.95279334510644,10.0
294.01249365350753,9.0
294.03280122085863,8.0
294.1702703582738,9.0
294.21014171950304,8.0
294.2454671373631,7.0
294.52309172029976,6.0
294.57694626332506,7.0
294.6715330037638,8.0
294.87747830028263,7.0
295.3350663458979,8.0
295.4414718796781,9.0
295.5316980603683,10.0
295.7164839711598,11.0
295.736822339574,10.0
295.806539268363,9.0
296.047444354814,8.0
296.14080087351476,7.0
296.3293891406063,8.0
296.35364565046996,7.0
296.359764223044,8.0
296.4724125384965,7.0
296.52360590417425,8.0
296.56316509073764,9.0
296.7417430360981,10.0
296.84443139282763,11.0
296.8765069541752,10.0
297.0393859949474,11.0
297.0799361904585,10.0
297.1461199099175,9.0
297.3024496823995,10.0
297.45455037182535,9.0
297.496957417744,10.0
297.5129416132703,9.0
297.6580245520132,8.0
297.8126350418569,7.0
298.0488184652945,6.0
298.1069312047172,5.0
298.17849045231804,6.0
298.1906110069681,7.0
298.1940937501949,6.0
298.47243308188564,7.0
298.50145626382744,6.0
298.63030366136144,5.0
298.8325176765376,6.0
298.94690023098605,5.0
299.0953196500828,6.0
299.11483913097857,5.0
299.1679070032933,6.0
299.38118615582636,7.0
299.41007164274066,6.0
299.4236535787038,5.0
299.5157976653339,6.0
299.53665909329504,7.0
299.56594227651243,8.0
299.61720483589346,9.0
299.64522442851245,8.0
299.74810105661965,9.0
299.79396755619103,8.0
300.08149171134727,9.0
300.1208767859635,10.0
300.15096778658,9.0
300.2047805821782,8.0
300.240253855173,7.0
300.4375810571792,6.0
300.4735946609775,7.0
300.50917976126647,8.0
300.5233313860203,7.0
300.59019324901794,8.0
300.66276101399245,7.0
300.8377242827856,8.0
300.8696823963752,9.0
300.9761686236818,10.0
301.01380929389325,9.0
301.13823200179843,10.0
301.22000700365595,9.0
301.23344045832425,8.0
301.4895217384044,9.0
301.5350730566724,10.0
301.56743052870513,9.0
301.7176939818633,8.0
301.71899281158034,7.0
301.7673480068466,6.0
301.80194758258824,5.0
301.8341581229901,4.0
301.8523281678819,5.0
302.1151517245933,4.0
302.2910739800108,3.0
302.39762068888575,2.0
302.54541954073795,3.0
302.8985925411779,4.0
303.0120857850664,5.0
303.4440829770982,6.0
303.5079433590452,5.0
303.5770729599226,4.0
303.60106233809273,5.0
303.6595347395362,4.0
303.7240110573836,3.0
303.83913693481065,4.0
303.90193704589086,5.0
303.9903768997199,4.0
304.0778337174153,5.0
304.22716125366213,4.0
304.3190051188469,3.0
304.5422590700458,4.0
304.6525743916441,5.0
304.69190130945015,4.0
304.766650778776,5.0
304.78452782431884,6.0
304.84077207742826,7.0
304.9131048869391,6.0
305.04356895827794,7.0
305.10562161510654,6.0
305.12860121249093,7.0
305.28893557534076,6.0
305.31089875902825,5.0
305.4774798393093,4.0
305.5697129494831,5.0
305.64859414366293,6.0
305.7129526912145,7.0
305.873819318497,8.0
305.9251423370043,9.0
305.9299150852014,10.0
305.957340066194,9.0
306.0764136893397,8.0
306.560935088026,7.0
306.67348905414696,8.0
306.67824074995553,9.0
306.68967155572926,8.0
306.73037187233206,9.0
306.9308725921099,10.0
307.05204097750703,11.0
307.0696101673101,12.0
307.2048217459517,11.0
307.31764416477165,12.0
307.44294859930744,11.0
307.67223119940485,10.0
307.6778424391484,11.0
307.69631548009437,12.0
307.8100730450801,11.0
307.8198041018406,12.0
307.8342185800457,11.0
307.91351372136836,12.0
308.01234349390603,13.0
308.0125975272705,12.0
308.24397522527846,11.0
308.3437953576469,10.0
308.36792631219595,11.0
308.3816476319452,12.0
308.48483354405766,13.0
308.5877008095658,12.0
308.6620693202847,11.0
308.8181362863071,12.0
308.8659620251504,11.0
308.8890726391971,10.0
309.07261035119893,11.0
309.07789834585645,12.0
309.1835140523729,11.0
309.24838556631244,10.0
309.30202095482787,11.0
309.57594327310903,10.0
309.67334538418083,11.0
309.691436966287,10.0
309.76638012556106,9.0
309.8075782340907,10.0
309.89911988571845,9.0
309.9620801480913,8.0
310.0385654989603,7.0
310.1686356485678,8.0
310.28728468089446,7.0
310.479003455274,6.0
310.55340594933034,7.0
310.5559791224374,8.0
310.7133827003127,9.0
310.845956069556,8.0
310.9538083442043,7.0
311.03441532484567,8.0
311.078829174947,7.0
311.19556728345657,8.0
311.3159600771243,9.0
311.32075914919625,8.0
311.3644768385543,7.0
311.4575419690742,8.0
311.74654920497414,7.0
311.7537913380153,8.0
312.0283870166179,9.0
312.12772120615244,10.0
312.22286740721495,9.0
312.3350729610696,10.0
312.57025635551105,11.0
312.60653704496673,10.0
312.63108958153526,9.0
312.6749579918995,8.0
312.7037686136135,9.0
312.7064756890351,10.0
312.7072946000379,11.0
312.73246307085464,12.0
313.1458330668311,11.0
313.29926561408513,10.0
313.3604780753596,11.0
313.42599390235165,10.0
313.4314842569688,11.0
313.4417664677904,10.0
313.4472539243603,9.0
313.47150083673654,8.0
313.6980919688624,7.0
313.89814872756153,6.0
313.9175828189241,5.0
313.9911042130111,4.0
314.0033704412214,3.0
314.0034519368148,2.0
314.0549283218699,3.0
314.1959521234532,2.0
314.21359691784096,3.0
314.4022056264743,2.0
314.78116685297533,1.0
314.9986094133062,2.0
315.3187817956407,3.0
315.3679488904049,2.0
315.41086781894325,3.0
315.72691723226677,4.0
316.1094969957707,5.0
316.1409860539454,4.0
316.2711336869876,5.0
316.32327010061215,6.0
316.45612647989327,5.0
316.7556064573121,6.0
316.93236554093914,5.0
317.0869123275147,4.0
317.4160426404813,5.0
317.6752049457007,6.0
317.7463604389946,5.0
318.0041045126199,4.0
318.03171838587406,5.0
318.1014952990981,6.0
318.17338606121626,7.0
318.47378602959895,8.0
318.6432597092067,9.0
318.7049885499075,8.0
318.77156396925255,7.0
318.7759115011661,6.0
319.05996981620007,7.0
319.19506506663276,6.0
319.2134382542908,5.0
319.43684818098967,6.0
319.55089372591885,7.0
319.65722023300646,8.0
319.74317546132204,9.0
319.88620994414805,10.0
320.05305337240264,9.0
320.07008981860747,10.0
320.0966187027442,9.0
320.2391746060799,10.0
320.278712652822,11.0
320.27970206048496,10.0
320.331398746887,9.0
320.3490508894898,10.0
320.3680178629821,9.0
320.46215004892895,10.0
320.4765538148135,11.0
320.5151131896017,12.0
320.5436503357897,11.0
320.58339859665284,12.0
320.6213089251986,13.0
320.6224432010222,14.0
320.63215063462343,15.0
320.8233742588572,14.0
320.88750796503604,13.0
320.9485730396215,14.0
321.0809714529837,15.0
321.1041006567501,16.0
321.27271038919724,15.0
321.3356371895447,14.0
321.3581846718248,13.0
321.38753888162876,14.0
321.39046217195727,13.0
321.3952444793396,14.0
321.4490060851897,13.0
321.5012661146933,14.0
321.6809379749226,15.0
321.6970656823201,14.0
321.73427890898614,13.0
321.7455398952769,12.0
321.87949133908535,11.0
321.8860590318613,10.0
322.0282603000761,9.0
322.0979558027648,10.0
322.2531171229521,11.0
322.2768674543145,10.0
322.31773769766863,9.0
322.318090422279,8.0
322.5494892836406,9.0
322.55135560023547,8.0
322.58997489283473,9.0
322.6087374149335,10.0
322.6225904587569,11.0
322.6301080881989,10.0
322.6387608381835,9.0
322.78785912195144,8.0
322.8697487146251,9.0
322.88242073636866,10.0
322.90340455569554,11.0
323.1121967687946,12.0
323.1742969942849,11.0
323.18890151555956,10.0
323.19625402484127,9.0
323.24767418244153,10.0
323.373413658978,9.0
323.47369353038295,8.0
323.47832863115815,9.0
323.6914008836365,10.0
323.71936494777356,9.0
323.92869211777634,8.0
323.9666261613839,7.0
324.01210507002355,8.0
324.0492534897934,7.0
324.09179859802975,8.0
324.1277892185614,7.0
324.3209336344092,8.0
324.38490022998434,7.0
324.4626325007312,6.0
324.84384048759273,7.0
324.9277820066131,8.0
325.09263355798856,9.0
325.09274071217277,8.0
325.19810986595184,7.0
325.4325725191967,8.0
325.44067811484183,7.0
325.45792735297624,6.0
325.5833911451761,7.0
325.66007885258347,6.0
325.6604857087585,7.0
325.71098041430673,8.0
325.7328212675148,7.0
325.7550817967589,8.0
325.81640255312664,9.0
326.33990575643946,8.0
326.3834242444655,7.0
326.4283665469962,8.0
326.46660854493604,7.0
326.5583765190722,6.0
326.5925807658903,5.0
326.8443835012102,6.0
327.001755321694,7.0
327.0365731704567,6.0
327.11071370394114,7.0
327.14862333969637,6.0
327.21302185303955,7.0
327.2335969316779,8.0
327.2622365948324,9.0
327.2890092654435,8.0
327.3489988843058,9.0
327.52028398495395,10.0
327.87917440550706,9.0
327.8908809759467,8.0
328.0263725512483,7.0
328.2090821833093,6.0
328.2470912244109,7.0
328.3931761379304,8.0
328.44517882901675,7.0
328.5055024679288,6.0
328.54648289228595,7.0
328.71957056144277,8.0
328.85058931629004,9.0
328.8585821990577,10.0
329.0202494106251,9.0
329.03091981487313,10.0
329.0629753483544,9.0
329.4342538430736,8.0
329.61597632293154,9.0
329.9014162683654,10.0
329.96871894041493,11.0
329.98917705359844,10.0
330.08753320376974,9.0
330.2281674822379,10.0
330.39035490866434,9.0
330.52741581210927,10.0
330.61322439940665,11.0
330.69201885260196,10.0
330.72859626804654,9.0
330.7381553000568,10.0
330.92603011457743,11.0
331.0199699756717,12.0
331.14716339893323,11.0
331.2049159942012,10.0
331.2986056787255,11.0
331.37517270993595,10.0
331.39225313540413,9.0
331.55464791092015,10.0
331.67669445107,9.0
331.7653558095614,8.0
331.78933108279284,9.0
331.9780075783719,10.0
332.0197101798805,9.0
332.1707421737908,10.0
332.2787036674855,11.0
332.29018324499555,10.0
332.3191414492211,9.0
332.34544996431674,10.0
332.3729491535405,11.0
332.3904657823821,12.0
332.3936724594034,11.0
332.42591862131974,12.0
332.48667103110074,13.0
332.50820798032584,12.0
332.7998076981414,11.0
332.8163924620875,10.0
332.9350587892521,9.0
332.93988847375294,10.0
332.9430783953075,11.0
332.9817835799294,12.0
333.0240041289729,11.0
333.03455592972335,10.0
333.08125512685166,9.0
333.121507616328,8.0
333.1945662032294,7.0
333.2495033057849,6.0
333.29599804304905,7.0
333.39350638953516,8.0
333.4472801062766,7.0
333.47756913416504,6.0
333.6825553609698,7.0
333.7122384450951,6.0
333.7283214182813,7.0
333.7722956061094,6.0
333.8401495372886,5.0
334.1842641599559,6.0
334.2829334412005,5.0
334.28441010392606,6.0
334.3938845502145,7.0
334.4337678573865,8.0
334.45617577903533,9.0
334.57993372073196,10.0
334.83282202172836,9.0
334.9133070090791,8.0
334.95179604801666,7.0
334.9590033102015,6.0
334.9811801071531,5.0
335.0723242828802,6.0
335.1099829914406,5.0
335.1361697298741,4.0
335.4316921058529,5.0
335.543302476578,6.0
335.5824024374907,5.0
335.6628805664687,4.0
335.82058913029516,5.0
335.95543013524554,4.0
336.0300446789229,3.0
336.0864725468207,4.0
336.590748438278,3.0
336.64760856745056,2.0
336.6587434995964,1.0
336.7422096902013,2.0
336.788376297655,3.0
336.84219279221026,2.0
336.89364895708513,3.0
336.92382036168385,4.0
336.98592478547204,5.0
337.42767905177976,6.0
337.438666405502,5.0
337.59508593655966,6.0
337.6118848021537,7.0
337.69440651198835,8.0
337.75232876688705,9.0
338.07893158307854,10.0
338.0870871512047,9.0
338.0908973296583,10.0
338.0960714270105,11.0
338.1846940665897,12.0
338.24086758064215,11.0
338.32002981989103,12.0
338.3344186885012,11.0
338.39099746756614,10.0
338.48968955691197,9.0
338.5936186285541,10.0
338.6470442246602,9.0
338.67587611520696,10.0
338.7251560316743,9.0
338.77800867372883,10.0
338.81452089593313,11.0
338.85443548560164,12.0
339.1260485442771,11.0
339.1783799670094,10.0
339.2609673997514,9.0
339.4379776909851,8.0
339.58835724628796,7.0
339.6449248821216,8.0
339.66704967324074,9.0
339.7212979452731,8.0
339.77542259059686,9.0
339.7927488923869,8.0
340.0636333044244,7.0
340.1603957226618,6.0
340.1932365927797,5.0
340.2024516090702,4.0
340.34506196420733,3.0
340.7351166298875,4.0
340.98025778948085,5.0
341.2548520622228,4.0
341.27093089640954,5.0
341.3788225520327,6.0
341.68697368332863,5.0
341.7305766723885,6.0
341.78284688975174,5.0
341.88764625299757,4.0
341.97985529419907,5.0
342.02474547185346,6.0
342.58335660666984,7.0
342.65042214078363,8.0
342.65762416121237,7.0
343.0208970599139,8.0
343.3349410580302,9.0
343.6250139987366,8.0
343.63480106244396,9.0
343.7608533223532,10.0
343.7893937792653,11.0
343.97960871992467,12.0
344.075856955007,11.0
344.1466416413021,12.0
344.20632699623513,11.0
344.21570274561725,10.0
344.28616934119236,11.0
344.400014281121,10.0
344.46839338467265,11.0
344.5405043655077,10.0
344.6166371178405,9.0
344.7048397771162,8.0
344.80696945961625,7.0
344.92214659550746,8.0
344.9454210176927,7.0
345.38616155091574,6.0
345.46455029499515,7.0
345.5718140468861,6.0
345.8162482061521,5.0
346.3968055411293,4.0
346.5687619308872,5.0
346.6823259787977,6.0
346.88383134811454,7.0
346.95612708754857,8.0
346.99979654417496,7.0
347.00559713989867,8.0
347.0353243589735,9.0
347.23228353615883,8.0
347.2397706111455,7.0
347.2785039004201,8.0
347.30235566399574,7.0
347.6029518148793,8.0
347.65575010722813,9.0
347.73579583910924,10.0
347.8064613954862,11.0
348.17383164639716,10.0
348.2397999126385,9.0
348.2689380170304,10.0
348.3247247979264,9.0
348.3441817036268,8.0
348.3448594128843,7.0
348.3952607608338,6.0
348.4137101352523,5.0
348.42916535880556,4.0
348.7304905362239,3.0
348.8012544500091,4.0
348.92021140418814,5.0
349.12028833229755,6.0
349.17441012742773,7.0
349.3528452173397,8.0
349.5132140430365,9.0
349.58664703285456,8.0
349.67063740034564,7.0
349.6755066482884,6.0
349.81364913083655,7.0
349.8370772866035,6.0
350.1121213037311,7.0
350.262404865605,6.0
350.38454370824877,7.0
350.44587097547446,6.0
350.4828737161469,5.0
350.6786886198194,4.0
350.75637599053124,3.0
351.1331306351805,4.0
351.1350417998455,5.0
351.6320716604429,4.0
351.64151423445435,5.0
351.7166041190256,6.0
351.7315596421617,7.0
351.7386971342738,6.0
351.8623700302408,7.0
351.9180721141558,8.0
352.05631292131227,9.0
352.08477966525237,8.0
352.13082854542733,9.0
352.2905124602199,8.0
352.40099955898484,9.0
352.4129986855738,8.0
352.4164743694701,9.0
352.5114346474941,10.0
352.52188539606885,9.0
352.7999692407459,8.0
352.91858354765986,7.0
352.97749721609205,8.0
353.34665219448937,7.0
353.37551481623376,6.0
353.41436668634617,7.0
353.7135386196096,8.0
353.71537631600074,7.0
353.8345045184977,6.0
353.91288025784286,7.0
353.98320763083575,8.0
354.0013966474745,7.0
354.00807789630556,8.0
354.13785031010906,9.0
354.17712752311553,8.0
354.20329010026853,9.0
354.21365580558523,8.0
354.2819088068197,9.0
354.30020716191797,8.0
354.3036537189223,9.0
354.4608137249055,10.0
354.51338292175535,9.0
354.5294385812758,10.0
354.5644563295599,9.0
354.56974318789537,8.0
354.8391563455386,7.0
354.848548726656,6.0
354.9487426199038,7.0
355.13787176129586,6.0
355.16432365253115,5.0
355.2444665233932,6.0
355.4761325730009,5.0
355.6019075966215,4.0
355.6070156048908,5.0
355.819541564765,4.0
355.9007496893923,5.0
355.9034823774088,6.0
355.91776180583236,7.0
355.96438475648483,8.0
356.1937631448005,9.0
356.26134794949905,10.0
356.41099607561375,11.0
356.41429413522445,10.0
356.42787500775347,11.0
356.5191737151403,12.0
356.5980802666176,13.0
356.7475735346867,12.0
356.84846222080415,11.0
356.8566280446219,12.0
356.90378767385266,11.0
357.0890692990461,10.0
357.100219735904,11.0
357.1212383392399,10.0
357.12184778336166,9.0
357.1631392710594,8.0
357.31518899855433,7.0
357.4110885608952,6.0
357.64036634863965,7.0
357.85294648436155,8.0
357.9197691054449,9.0
357.9342940386021,10.0
358.0508893718035,9.0
358.08899880079673,10.0
358.25052537680307,9.0
358.2762541464305,10.0
358.4225213678175,9.0
358.46889979842547,8.0
358.6052368748239,7.0
358.7414678089772,6.0
358.93619395888976,5.0
358.9595796245565,4.0
359.04772359752985,3.0
359.06193814000085,4.0
359.06690678925224,5.0
359.18513107189176,6.0
359.22631707927223,7.0
359.3261199146808,8.0
359.42332981586037,9.0
359.52421576177926,10.0
359.60574200071767,11.0
359.67178128878334,10.0
359.7540383056595,9.0
359.81424516083763,10.0
359.8304398209229,9.0
359.9732694714747,10.0
359.97631718568,11.0
359.98271676428095,10.0
360.0060827866748,9.0
360.0843129570751,8.0
360.16881262438244,9.0
360.2693460931388,8.0
360.34387111187107,9.0
360.42023681304966,8.0
360.7916110969793,9.0
360.80692782367385,8.0
360.82374674039,7.0
360.8543519174053,6.0
361.0326010220766,5.0
361.05103591050874,4.0
361.1973436512468,5.0
361.20793943634806,6.0
361.3951580425728,7.0
361.5123819820888,8.0
361.5337496802636,7.0
361.61460639802334,8.0
361.62145041625166,7.0
361.62651032650194,6.0
361.6947976913431,7.0
361.7680931836554,8.0
361.83487879209673,7.0
361.94070745896425,8.0
362.2453882174799,9.0
362.3410926161868,8.0
362.4413169220859,7.0
362.59432327185493,8.0
362.71480571743064,7.0
362.72403412918084,6.0
362.7961385533262,7.0
362.8420621031084,8.0
362.86787629745135,7.0
362.9742818198095,6.0
363.28367831107255,7.0
363.4375535285244,6.0
363.4446897982154,5.0
363.44761341702826,4.0
363.4519459292608,3.0
363.5906703695275,4.0
364.02719003441234,5.0
364.0371905531601,4.0
364.1672668066562,5.0
364.2181444240368,6.0
364.38539792273565,5.0
364.38906782358595,6.0
364.6906460869205,5.0
364.75949067808534,6.0
364.8334451518832,5.0
365.1105595896808,6.0
365.15468983914593,7.0
365.4980696853766,8.0
365.5481715916154,7.0
365.62329068385793,8.0
365.6858151029811,7.0
365.80580172802036,6.0
365.88751780022466,5.0
366.1080169540748,4.0
366.1988560033864,3.0
366.2032698206594,2.0
366.27675410666586,3.0
366.34122743114136,4.0
366.4987564655037,3.0
366.8811344636556,4.0
367.20921676813987,5.0
367.23768327147116,6.0
367.30870100689117,7.0
367.33278457098794,8.0
367.92560398310167,9.0
368.0951735064809,8.0
368.3338904150808,7.0
368.4929489756995,6.0
368.5107553062168,5.0
368.86126712412,4.0
369.0417047593411,3.0
369.4614973800983,4.0
369.52823506515773,3.0
369.6110443040631,4.0
370.14165607348036,3.0
370.1506854427549,4.0
370.2081531397017,5.0
370.5787067297284,6.0
370.65077703163644,7.0
370.6783271480006,8.0
370.78008001974763,7.0
370.921468320672,8.0
371.0080646505219,7.0
371.0310163743842,8.0
371.31498217228585,7.0
371.6217505465688,6.0
371.69156408026487,7.0
371.7016802731881,6.0
371.7137513680535,7.0
371.7444425820949,6.0
371.832267269465,7.0
371.86782432517333,8.0
371.87198297698006,7.0
372.00418888059863,8.0
372.085424114654,7.0
372.11450435689375,6.0
372.6344277740032,5.0
372.6462068672972,4.0
372.7106559448696,5.0
372.8266292887885,6.0
373.10583375733125,7.0
373.1639436135303,8.0
373.16432111291647,7.0
373.1988261859458,6.0
373.2780392276581,7.0
373.4378611875134,8.0
373.51610218671516,9.0
373.533212351891,8.0
373.5808085942831,7.0
373.5870332044436,8.0
373.6154354109615,7.0
373.7644681908245,8.0
373.89323703924606,9.0
373.9439860476598,10.0
373.96527680094846,9.0
374.12362232448146,8.0
374.1480538951485,9.0
374.20384155814554,8.0
374.3514623847218,7.0
374.3689779869795,6.0
374.48455468792264,7.0
374.605711533575,8.0
374.6200671869704,9.0
374.6367330152482,10.0
374.64331125859894,9.0
374.69918702433534,8.0
374.77413292643615,9.0
375.06225213998755,10.0
375.1606390746519,9.0
375.32009773160144,8.0
375.335753290964,9.0
375.379755303449,8.0
375.4590373961525,9.0
375.5744497450621,10.0
375.57723466480815,9.0
375.6144105286735,10.0
375.7773161199616,9.0
375.9168223004431,10.0
376.0235204189648,9.0
376.0450338689135,8.0
376.1513633706276,9.0
376.1612705904603,8.0
376.2698151169542,9.0
376.4233743792924,10.0
376.48033062138745,9.0
376.4809144006059,10.0
376.5339518469326,9.0
376.774763638452,8.0
376.79825932895517,7.0
376.8984195380106,8.0
377.0024413762183,9.0
377.0701909327,8.0
377.08946969466194,7.0
377.0994068525914,6.0
377.33098392629614,5.0
377.4929678072931,6.0
377.5172335350374,7.0
377.6133400881513,6.0
377.64577199690007,5.0
377.73908316245945,6.0
377.99796003380976,7.0
378.0377525830767,8.0
378.3579211735843,9.0
378.4350250747834,8.0
378.5591850014663,7.0
378.6311576896678,6.0
378.64104953939125,7.0
378.70083214751156,6.0
378.8358898330402,5.0
379.050470441841,6.0
379.24769379626986,7.0
379.2510155004176,8.0
379.36075179168455,7.0
379.46094270253144,6.0
379.70630131912515,5.0
379.72835211401207,4.0
379.7305241851517,5.0
379.92596695303774,6.0
380.05772524921593,5.0
380.1687214803222,4.0
380.25199173228344,5.0
380.30084265966553,6.0
380.45917818172984,7.0
380.4668112397146,6.0
380.66118362147364,7.0
380.6910451577075,8.0
380.76025566832385,9.0
380.9155849495531,8.0
381.0602714354969,9.0
381.19755994588206,10.0
381.2745564892072,11.0
381.36466029035785,10.0
381.43639381643754,11.0
381.4633504650871,12.0
381.528436180772,13.0
381.5449440541296,12.0
381.585325815435,11.0
381.8743925344872,12.0
381.89424499775697,11.0
381.9322273509904,12.0
381.937970948493,13.0
381.9864179501883,14.0
382.1592831833332,15.0
382.20312518770436,14.0
382.22348506076736,13.0
382.462681574503,12.0
382.4947106690067,11.0
382.6119508183076,10.0
382.63272441531984,9.0
382.65219440612964,10.0
382.7181830889305,11.0
382.87390145338,10.0
382.8769966529508,9.0
382.8932618366058,8.0
382.9820970522429,9.0
382.99659413604684,10.0
383.00116496007905,11.0
383.0543702247082,10.0
383.1738844903907,11.0
383.1926983746926,12.0
383.2651975034271,11.0
383.28143525326954,10.0
383.32800529605146,9.0
383.3358686240606,8.0
383.6404912189398,7.0
383.70545403745734,6.0
383.7385269215986,5.0
383.895806681084,4.0
383.9496501530873,5.0
384.2806798043482,6.0
384.5556145848931,7.0
384.69616388753315,6.0
385.04413592836636,7.0
385.04653616846315,8.0
385.09279877336564,9.0
385.25180042344454,8.0
385.256173047834,9.0
385.49691297371214,8.0
385.54968734307556,7.0
385.71534574506865,6.0
385.75910564936885,5.0
385.76394703872126,4.0
385.9065567822204,5.0
386.03437414241574,6.0
386.33444329964095,5.0
386.38682912112637,4.0
386.6205022746569,3.0
386.76005061858956,4.0
386.8797654915537,5.0
386.9338378898866,6.0
387.0589069943367,5.0
387.2968121217381,4.0
387.3882522324113,3.0
387.5216252522752,2.0
387.5620833941564,3.0
387.6546661514715,4.0
387.68998413101986,5.0
387.6918614520254,6.0
388.16998267418074,5.0
388.22668257759085,6.0
388.2381144481186,7.0
388.3093993497988,8.0
388.3283259865111,9.0
388.35644717285544,10.0
388.50983111698116,9.0
388.65204827264034,8.0
388.6964173244263,7.0
388.710430647615,8.0
388.83838972210526,7.0
388.9248828300465,6.0
388.9386331732972,5.0
388.98242801022286,4.0
389.05375015065636,3.0
389.0623269102761,4.0
389.2090190998368,3.0
389.33556150261546,2.0
389.5338322261896,3.0
389.55501512090643,4.0
389.86442012982656,5.0
390.023670107027,4.0
390.0565106574026,3.0
390.06423931222844,4.0
390.23165159235714,5.0
390.3794942956391,6.0
390.3827886852732,5.0
390.52884663879297,6.0
390.58418117296503,5.0
390.84101539281414,4.0
390.976004940683,5.0
391.03525415792143,4.0
391.1130536250298,5.0
391.1711088578559,4.0
391.1794856395819,5.0
391.18724178342393,6.0
391.2129925537038,7.0
391.4515804202982,8.0
391.58136474914426,9.0
391.6432649819689,8.0
391.7190087707044,7.0
391.91307067458456,6.0
391.99044297035823,5.0
392.1016248565746,4.0
392.158303994068,5.0
392.20656063055714,4.0
392.32331818427195,5.0
392.4735516893714,6.0
392.5247602455935,7.0
392.8022701754265,6.0
392.8645017848186,7.0
393.05955138290045,6.0
393.45188528069247,7.0
393.4725735064853,6.0
393.5022327684665,5.0
393.5967628842923,6.0
393.61457259289324,5.0
393.9762902251278,6.0
394.09460028993766,5.0
394.1258360898636,4.0
394.21351405863237,5.0
394.5114173196148,4.0
394.68607041825123,5.0
394.9267656424791,6.0
395.3393159166028,7.0
395.40721436254745,6.0
395.602137848027,5.0
395.6954184682369,6.0
395.7309146312847,5.0
395.8839695263283,6.0
396.2106292272536,7.0
396.21972039975395,8.0
396.3029795470422,7.0
396.40051501865474,6.0
396.4396674174257,7.0
396.51967338383633,6.0
396.5944491424092,7.0
396.62129197720395,8.0
396.75915964427963,9.0
396.7998713412807,8.0
397.03599017032826,9.0
397.1576921897259,10.0
397.389672448036,9.0
397.50715747378166,10.0
397.55153546477,9.0
397.8110939707972,10.0
397.84005674101877,9.0
397.88304164446873,10.0
397.92207413925104,11.0
397.9828259180086,10.0
398.03846321394025,9.0
398.0437667703605,8.0
398.0874227172024,7.0
398.24750723034265,6.0
398.3835396377137,7.0
398.5365983658067,8.0
398.8381084841375,7.0
398.94708014140656,6.0
399.1084657253639,7.0
399.27545816313034,8.0
399.30563005529814,9.0
399.37466698201644,8.0
399.63560132400465,9.0
399.70153334732197,8.0
399.71790161095186,9.0
399.962905587355,10.0
399.9980964136759,11.0
400.20932170327836,12.0
400.26935410684274,13.0
400.3200717593657,14.0
400.33529891150005,13.0
400.47075050940396,14.0
400.4753143841431,13.0
400.50718528832874,12.0
400.56723069625815,11.0
400.5838721048798,12.0
400.58681956350193,13.0
400.69082846888534,14.0
400.7000693531812,13.0
400.7390128534429,12.0
400.7471655831116,13.0
400.86877290896354,14.0
401.0804744743115,13.0
401.15387520688995,14.0
401.19585841185955,15.0
401.2257306829445,16.0
401.3091145808777,15.0
401.31339524181647,16.0
401.32861661702555,17.0
401.4239185074886,16.0
401.4449676587692,17.0
401.50201597691506,18.0
401.6092267003528,17.0
401.7379461960936,16.0
401.8373683049486,15.0
401.88957605221555,14.0
401.94415299152115,13.0
401.98229481339445,12.0
401.99863489641996,13.0
402.0160842001649,12.0
402.08028761908645,13.0
402.1196919656329,12.0
402.216227934221,13.0
402.21655551103214,14.0
402.2316716021854,13.0
402.2800166830723,12.0
402.34678815989434,13.0
402.3526575770723,14.0
402.5424288237719,15.0
402.556348744019,14.0
402.5582794604893,13.0
402.62097038784714,12.0
402.66326573031245,13.0
402.728967773985,12.0
402.73479868938387,11.0
402.8053368474799,12.0
402.81899545434453,13.0
402.9040123647447,12.0
402.9199516034162,11.0
402.9451135277986,10.0
402.96342694535565,9.0
402.9758183854656,10.0
403.28778672846596,9.0
403.3395145079206,8.0
403.3825373420885,7.0
403.62439210825744,6.0
403.741121316365,5.0
403.9078468227507,6.0
404.18574497299085,5.0
404.1899623336192,4.0
404.29981628339885,5.0
404.3033588601438,4.0
404.77642123864626,5.0
404.97942344388366,6.0
405.01007091002253,7.0
405.25800099691503,6.0
405.4027400928636,5.0
405.47163306954405,6.0
405.47353642465816,5.0
405.5728664474163,6.0
405.59851823871594,7.0
405.7151216418687,6.0
405.7234189540464,5.0
405.96866055313444,6.0
406.0124078855788,7.0
406.2484717831206,8.0
406.318269551851,9.0
406.43956626085037,10.0
406.4813126734574,9.0
406.6481859900357,8.0
406.7401826761977,9.0
406.8666851283796,10.0
406.95152134474966,9.0
407.08542779815696,8.0
407.1238060278581,9.0
407.2644595469216,8.0
407.33732519460744,9.0
407.443218904563,8.0
407.48655840539186,7.0
407.66538050451027,8.0
407.81087027207604,7.0
407.892367502049,8.0
407.90692654567215,7.0
407.9394477882006,6.0
407.98790367574884,7.0
408.0768919372927,8.0
408.40150190399174,9.0
408.47820277717454,10.0
408.52008984671875,11.0
408.53567691842835,10.0
408.6001316386202,11.0
408.7215396383048,10.0
408.7224063377971,11.0
408.78796507729277,10.0
408.8375681957721,11.0
408.861195927964,10.0
408.9233068583409,9.0
408.93196028408823,10.0
408.9514706770789,9.0
409.0465228709289,8.0
409.071142589318,9.0
409.18117861134846,10.0
409.27422356440616,9.0
409.2908164398687,8.0
409.3862575953054,7.0
409.62709700088584,8.0
409.7058347701452,7.0
409.79403391218165,8.0
409.8024895190287,7.0
409.82006982790375,6.0
409.8811656168863,7.0
409.90224567287555,6.0
410.2681438983146,5.0
410.31320344105063,4.0
410.34728224698006,3.0
410.55828214848935,2.0
410.56210716321095,1.0
411.28834296341023,2.0
411.4082976441155,3.0
411.4821036262438,2.0
411.752519850761,3.0
411.8805849005979,2.0
412.0865619997677,3.0
412.3019008442213,4.0
412.59734151866445,3.0
412.79629274937093,2.0
412.8546183997619,3.0
412.86182390787513,4.0
412.8846514271483,5.0
412.94034273736236,6.0
412.984849600757,7.0
412.99470429443915,6.0
413.06024364319114,7.0
413.4828922554195,6.0
413.4893798537437,7.0
413.5898268382795,8.0
413.72116015293017,9.0
413.7373633670329,8.0
413.7591409256023,9.0
413.79757510854165,8.0
413.84641963001957,7.0
414.0381440321395,6.0
414.0409961777144,5.0
414.06855985879304,6.0
414.3671321237062,7.0
414.3869378699933,6.0
414.46967062039374,5.0
414.5053857082819,6.0
414.6141062486583,7.0
414.6471504064048,6.0
414.83708228905596,7.0
415.0423502704402,8.0
415.1981984675542,7.0
415.37957540130736,6.0
415.385493316487,7.0
415.4615174455651,6.0
415.73877545605893,5.0
416.221582525829,6.0
416.27815581657137,7.0
416.361461426037,8.0
416.4096252538036,7.0
416.6843601824851,8.0
416.7023219881706,9.0
416.8911996927974,8.0
416.9274725177869,9.0
417.1764768259821,10.0
417.1890976929757,9.0
417.27157976151517,10.0
417.2742664693171,11.0
417.30390607460265,10.0
417.33259843645004,9.0
417.4345405754538,8.0
417.50053982310385,7.0
417.51504065105064,8.0
417.5869920841723,9.0
417.7276272036299,10.0
417.86237097286704,9.0
418.0666032693654,10.0
418.093722393785,9.0
418.24415193173206,8.0
418.24688689433725,7.0
418.3732162780279,6.0
418.39586846230355,5.0
418.41196306775146,4.0
418.58757569052227,3.0
418.6690319937781,4.0
418.6806784593676,3.0
418.7101485136942,2.0
418.7858314336468,3.0
418.8044447079402,4.0
418.87081994449784,5.0
419.0536797974725,6.0
419.44126797458,5.0
419.4548024840495,6.0
419.4584837338403,7.0
419.7367124058154,8.0
419.84796020846204,7.0
419.85120071731194,8.0
419.8782737762575,7.0
419.94271043448276,6.0
419.95649723638985,7.0
420.006153555097,6.0
420.01820259430974,7.0
420.0190452128271,8.0
420.28010527812825,9.0
420.3379852946067,8.0
420.3857446135426,7.0
420.46154512906736,6.0
420.53684539397085,5.0
420.5939834641166,6.0
420.77935406992617,7.0
420.84944414353015,6.0
420.8499825692906,7.0
420.9108216356034,6.0
421.00564561696604,5.0
421.03773235522266,6.0
421.28977320192723,5.0
421.58617775148167,6.0
421.5996676519043,7.0
421.6908058611606,8.0
421.71488734858923,9.0
421.89549651790145,10.0
422.2249035513209,9.0
422.2854036343248,8.0
422.3488755290693,7.0
422.38528100841233,8.0
422.4508038228997,7.0
422.46122607007027,6.0
422.5602836830057,7.0
422.69730985985024,8.0
422.9660539541565,7.0
422.9804099440517,8.0
423.0433956220391,9.0
423.0526853658676,10.0
423.09578045166296,11.0
423.12968700245705,12.0
423.2184572860335,11.0
423.24831103153,12.0
423.3167676993265,13.0
423.3499555676631,12.0
423.428607628405,11.0
423.45299184603135,12.0
423.473140593947,13.0
423.4774264316246,14.0
423.5821251646083,13.0
423.7122163531461,14.0
423.977140884276,15.0
424.0106757132222,16.0
424.01557960399794,15.0
424.03218566922214,14.0
424.041024900062,13.0
424.04847070675777,12.0
424.0890920253293,11.0
424.10256679087894,10.0
424.2756645790033,9.0
424.34654619102935,8.0
424.3610156127536,7.0
424.5220885440044,6.0
424.53711196798724,7.0
424.57047308359347,8.0
424.64663635757785,7.0
424.79109568333155,8.0
424.83574858591027,9.0
424.8584091319324,8.0
424.8679988035803,9.0
425.21003002503204,10.0
425.36209418453956,9.0
425.4282534838309,8.0
425.833963930565,9.0
425.8934132947114,8.0
425.91086786193233,7.0
425.95179135968147,8.0
426.0059868761617,9.0
426.1212281811644,10.0
426.1745216194847,9.0
426.34231605918256,8.0
426.39574566281914,9.0
426.47915780593496,10.0
426.55620071369816,11.0
426.58029232140444,10.0
426.6684737516295,11.0
426.6781295323604,12.0
426.70757600985553,11.0
426.7118680554197,10.0
426.7132397475608,9.0
426.7411638650257,10.0
426.7785090639108,11.0
426.8664060467868,10.0
426.8900763726518,11.0
426.9347051728455,12.0
426.97628493993136,13.0
427.2503395113115,12.0
427.29172104770157,11.0
427.3427756016648,12.0
427.4335757850524,13.0
427.6408152138136,12.0
427.64172409633034,13.0
427.6585377458592,12.0
427.8542757372357,11.0
427.8821494495456,12.0
427.9373106835283,11.0
428.1700714899434,10.0
428.2012580032689,9.0
428.2114070311562,10.0
428.32961973665874,11.0
428.41510805981164,10.0
428.42338039002107,9.0
428.46749189860896,8.0
428.6214192085692,7.0
428.7044779884221,6.0
428.77198361368164,5.0
428.8637708435219,6.0
429.11342275653146,7.0
429.52997685491965,6.0
429.5400321302738,7.0
429.6279172955499,8.0
429.6628828703708,9.0
429.74830457690445,8.0
429.9016763170314,7.0
429.9588534825378,8.0
430.1956323373568,9.0
430.27437177026536,8.0
430.37662651848336,7.0
430.38673641522655,6.0
430.6098842396001,7.0
430.70653474656257,8.0
430.7930987866578,7.0
430.87365263990716,8.0
431.1439601400829,7.0
431.4758627707629,6.0
431.4955291170944,5.0
431.5558502998378,6.0
432.2504379792617,7.0
432.46272068098926,8.0
432.51832918933576,9.0
432.6226539255128,10.0
432.7092502092066,11.0
432.72428974354864,10.0
432.8524349607445,9.0
432.8713437262253,10.0
432.8881986064271,9.0
432.88959929278593,10.0
433.12382114921684,9.0
433.1683135440031,8.0
433.18073184126365,9.0
433.22458245961053,10.0
433.2326575187686,9.0
433.24378623218183,10.0
433.2603484741558,11.0
433.34140048387,10.0
433.4506336777998,11.0
433.47067611900445,12.0
433.53684506446393,11.0
433.5692417250345,10.0
433.68878599230607,9.0
433.84659575923075,8.0
433.88752892958405,7.0
433.97113398056615,8.0
434.0056666610855,9.0
434.033870565657,10.0
434.05045687731257,11.0
434.19527006315485,10.0
434.3652354561496,9.0
434.5901249264367,8.0
434.6288372435641,9.0
434.64689073872967,10.0
434.7979842558094,9.0
434.82013944675344,10.0
434.90969017933213,11.0
435.3214439938901,12.0
435.3537912396762,13.0
435.4042543409764,12.0
435.57693566101955,13.0
435.7513302242127,12.0
435.80961525699166,11.0
435.8342789184234,12.0
435.8470729512992,13.0
436.00945349111385,14.0
436.0490409831874,13.0
436.13312580283707,14.0
436.1680874379896,13.0
436.169388817471,12.0
436.44974834855384,11.0
436.4917529712106,10.0
436.59643790482477,11.0
436.68714708329924,10.0
437.0572207899124,11.0
437.0648479528243,10.0
437.1032502855692,11.0
437.1749121127855,12.0
437.2123240862748,11.0
437.2263574957694,10.0
437.28090885661123,11.0
437.32201396822416,10.0
437.51340784292864,9.0
437.5566993667947,10.0
437.6009630384022,9.0
437.662104027026,10.0
437.6932197341404,9.0
437.77824926828777,10.0
437.7921724692312,11.0
437.87485702363904,10.0
438.05971550114486,9.0
438.18845185267213,8.0
438.1885703304394,7.0
438.2234195724173,8.0
438.284096179056,7.0
438.3619808409887,6.0
438.7540343863046,5.0
438.9528223364423,6.0
439.09073985170465,7.0
439.1311660279138,8.0
439.2257989801292,9.0
439.67734082220613,10.0
439.81317057804887,11.0
439.9798265576211,10.0
440.0190170344043,11.0
440.0452243166455,10.0
440.2170959789198,11.0
440.34651573139837,10.0
440.39818961426147,11.0
440.5512677811318,10.0
440.56121410843156,11.0
440.76713074749176,10.0
440.8120234235499,9.0
440.81513171883654,8.0
440.8409340423248,9.0
440.8458955022938,8.0
441.0375891603253,7.0
441.464303057158,6.0
441.6557180095728,5.0
441.7300335193924,6.0
441.77821207256966,5.0
441.89723615724296,4.0
441.9805656373642,5.0
442.05804121405805,6.0
442.0796088191731,7.0
442.15051600709313,8.0
442.1935886597378,9.0
442.29630826574817,10.0
442.55883979463,9.0
442.59215040163593,10.0
442.61164294872555,9.0
442.6458788920687,8.0
442.69729596892284,7.0
442.6976811795279,6.0
442.9216015193961,7.0
442.9801158014852,6.0
442.98441354561015,5.0
442.99414165756434,6.0
443.06203112402665,7.0
443.1946892203014,8.0
443.28994339639047,7.0
443.34253616971006,6.0
443.38842361019454,5.0
443.4651003993384,6.0
443.6105654452266,7.0
443.6459518026453,8.0
443.7362601554518,9.0
443.84312248570126,8.0
443.8770347145259,7.0
443.9627536196412,8.0
444.0987904658777,9.0
444.12869688475,10.0
444.16945920693547,9.0
444.2370264531397,10.0
444.4457357133629,11.0
444.4935247438532,12.0
444.5911517773463,11.0
444.60691596289246,12.0
444.621760530488,11.0
444.6807662765745,12.0
444.6840141424731,13.0
444.69461049198736,14.0
444.74758072332986,15.0
444.7794792518731,14.0
444.82445228084055,13.0
444.88925133542887,14.0
444.9187890094904,15.0
444.9648967197362,16.0
445.08312519729003,17.0
445.0854465851168,16.0
445.1140983175042,15.0
445.22362967169016,14.0
445.2878311847957,13.0
445.3397937140963,12.0
445.5185446790297,11.0
445.57632742427137,10.0
445.59990632609686,9.0
445.66443487037947,10.0
445.66781523293304,11.0
445.74055389800844,10.0
445.86070050671896,11.0
445.9251624368516,12.0
445.97970461886655,13.0
445.99456969445185,12.0
446.02069995746746,11.0
446.0805959253418,10.0
446.11132530099184,9.0
446.13137539834725,8.0
446.4666552595722,9.0
446.4903975536712,10.0
446.575035551873,9.0
446.9512816316603,8.0
446.96835943524735,7.0
447.2281269808642,6.0
447.24298043916014,7.0
447.29138484539527,6.0
447.31974616991766,5.0
447.4827067233413,6.0
447.6151525238521,7.0
447.7694763863034,6.0
447.8546330009735,5.0
447.91842287461327,6.0
448.1597914178646,5.0
448.29360037786597,4.0
448.42742774220045,5.0
448.7194521052546,6.0
448.9024148395707,5.0
449.1177166478702,4.0
449.34753762602367,5.0
449.4404887264023,6.0
449.7570024553163,7.0
449.8021911090527,8.0
449.8442169878983,9.0
449.8670596405018,10.0
449.92616657930665,11.0
449.9297268847169,12.0
450.0724687570505,11.0
450.0817181027043,10.0
450.36650264281536,11.0
450.3746418404633,12.0
450.39040079521374,13.0
450.49481886848383,12.0
450.55626478082496,11.0
450.67220929626365,10.0
450.674856766615,9.0
450.70315324421125,8.0
450.71004687840934,7.0
450.7466467768004,8.0
450.7872613263137,7.0
451.1429871056449,8.0
451.16430552419,7.0
451.17489478706347,6.0
451.2219591171228,5.0
451.3714268145163,4.0
451.37786882704705,3.0
451.39832033038476,4.0
451.4301301122746,3.0
451.84617236453084,4.0
451.8842920365108,5.0
451.8909711525264,6.0
451.9093793255876,7.0
452.07648490951453,8.0
452.0873950203929,9.0
452.36032251960484,8.0
452.4363632418935,7.0
452.77559276039494,6.0
452.80470722223333,7.0
452.8129534526148,6.0
452.852537541076,5.0
452.9466768843382,4.0
453.0730711359007,3.0
453.13471477729513,4.0
453.4351096905287,3.0
453.5421537262374,4.0
453.6180750618069,5.0
453.79299927989103,4.0
453.94906541111084,5.0
454.05556978388364,4.0
454.1151895843008,3.0
454.17652173279356,4.0
454.29850952456013,3.0
454.318551697947,4.0
454.55332511092513,5.0
454.809534523751,4.0
455.0610400997204,3.0
455.1181980121225,2.0
455.32830579959324,1.0
455.68448130216757,2.0
455.70909984787914,3.0
456.2801867393741,2.0
456.3233058526563,3.0
456.3372014415712,4.0
456.416460467,5.0
456.4389870129777,6.0
456.4722872089817,7.0
456.65529254046,8.0
456.9753531478211,7.0
456.9888655999439,6.0
457.00344934754634,7.0
457.0123242733277,8.0
457.0859161225435,7.0
457.1499715906845,8.0
457.21174470886206,7.0
457.23055095725374,8.0
457.2447135860747,9.0
457.2806301834532,10.0
457.4405975533531,11.0
457.46685608129695,12.0
457.7374404395044,13.0
457.7504635395049,14.0
458.1558132749316,13.0
458.2005531761614,12.0
458.22219513327667,11.0
458.2309517064092,10.0
458.311640241274,11.0
458.37852532334057,10.0
458.4176270153515,11.0
458.4266939879675,12.0
458.50680161902625,11.0
458.5568313969968,12.0
458.62390889314656,11.0
458.6543205726913,10.0
459.0765416848785,11.0
459.1162821602891,10.0
459.18985784364713,9.0
459.2042460953902,10.0
459.24965100159096,9.0
459.39201314816404,8.0
459.5228842300726,7.0
459.75865431743136,6.0
459.8157447562201,5.0
459.9890128946693,6.0
459.9911808715187,5.0
460.01680009103654,6.0
460.11421234683075,7.0
460.2421125293425,8.0
460.2432993151339,7.0
460.537925666525,8.0
460.65079427109464,9.0
460.66583915668525,8.0
460.73864744151837,9.0
460.7647245704782,8.0
460.8444379756577,9.0
461.11783522134573,10.0
461.13985074172314,9.0
461.1436043927093,10.0
461.173095476508,11.0
461.27723003474955,12.0
461.3880612900022,11.0
461.4758109672684,10.0
461.4924611885445,11.0
461.6835791767458,12.0
461.74898773262476,11.0
461.9369452549253,10.0
461.9452301578162,11.0
461.9972782090303,10.0
462.05868911073696,9.0
462.0921986666331,8.0
462.1001669134372,9.0
462.2204685863963,10.0
462.2689899269356,9.0
462.36498054307225,8.0
462.4160464051893,9.0
462.4612103521039,10.0
462.5128186937222,11.0
462.642389516138,10.0
462.6869244578201,11.0
462.79752421967106,10.0
462.9387043116027,9.0
463.0074439066783,8.0
463.11062347445727,7.0
463.2483865008306,8.0
463.25344687773645,7.0
463.32769906732256,8.0
463.415647500959,7.0
463.46258563679646,6.0
463.50156486536065,5.0
463.52952007913115,4.0
463.6494860922916,3.0
463.79884743590685,4.0
463.9011085980979,3.0
464.12182430909036,2.0
464.25253756771286,1.0
464.327602403508,2.0
464.4268026453846,3.0
464.55996644867065,4.0
464.63830864661287,3.0
464.9083250275129,2.0
465.07903141688223,3.0
465.16904063122155,4.0
465.4266271646101,3.0
465.46397525076753,4.0
465.5406876267111,5.0
465.6715327986412,4.0
465.7612625440846,3.0
465.80981414681423,4.0
465.98295405707444,3.0
466.4241474431725,4.0
466.4589009639397,5.0
466.49119236878056,6.0
466.5160444007998,7.0
466.6301659945567,8.0
466.97277103128954,9.0
467.11211163381273,10.0
467.20934904684503,9.0
467.24054393418453,8.0
467.26712193539197,7.0
467.2778017605847,8.0
467.32862656648877,9.0
467.3910334591057,10.0
467.6016692850546,11.0
467.66634863427305,12.0
467.69300938169556,13.0
467.7488028049815,12.0
467.988345206966,11.0
468.06937115675385,10.0
468.0967357462145,9.0
468.22437206877754,10.0
468.3165580522324,9.0
468.38572994523906,10.0
468.7113760552925,9.0
468.7311490404865,8.0
468.8073189310699,7.0
468.9128836649105,6.0
469.07718361516845,7.0
469.1067550303912,6.0
469.7801388266247,7.0
470.1637039820393,8.0
470.17681208823734,9.0
470.24621832626457,10.0
470.2575440947241,11.0
470.2872139136506,12.0
470.3187059371053,13.0
470.4603062676162,14.0
470.50222680420876,15.0
470.60238633278004,16.0
470.62035283950115,15.0
470.7158903264903,14.0
470.8304414656192,15.0
470.92464602499933,14.0
470.92670546964604,13.0
470.9352897305293,14.0
471.08570683481963,13.0
471.2531219981825,12.0
471.2755328364855,11.0
471.2766127391252,12.0
471.3003119319671,11.0
471.30216189830793,10.0
471.3433737397234,9.0
471.3532237440512,8.0
471.5264138762132,9.0
471.7580868817002,8.0
471.90604160406866,7.0
472.0353975148681,8.0
472.0662706064806,7.0
472.2623361570126,8.0
472.27078411238585,9.0
472.3136958463608,8.0
472.3769122895049,7.0
472.6443131970557,8.0
472.65445769134254,9.0
472.72453206801356,10.0
472.9276276080786,9.0
472.93594148082127,10.0
472.9896468081897,9.0
473.0043437951015,10.0
473.19635704040326,11.0
473.198230206677,10.0
473.22848894182965,11.0
473.3378907926869,12.0
473.3406642050411,13.0
473.4579473373184,12.0
473.495770593207,11.0
473.5709749070161,10.0
473.6505529639505,11.0
473.7540708847187,12.0
473.8408474751455,13.0
473.8426384407401,12.0
473.8506709574579,11.0
473.9437078870754,12.0
473.96784804674144,11.0
474.22533657888454,12.0
474.2542943843039,11.0
474.4639968353615,10.0
474.4870925931485,11.0
474.622105474178,12.0
474.65399296610224,13.0
474.74373876104335,12.0
474.85518124331395,11.0
474.92794673211137,12.0
474.98401238156697,13.0
475.03455960938174,14.0
475.0458116885055,13.0
475.234751489668,12.0
475.2373582008069,13.0
475.55497667578624,12.0
475.59585356571216,11.0
475.63359436168025,10.0
475.95657651280527,11.0
476.0129439941307,10.0
476.0874427519802,9.0
476.1654373334223,8.0
476.328378989059,9.0
476.3731795105196,10.0
476.52136954104105,11.0
476.69613663971546,12.0
476.69674276411286,13.0
476.953145264987,14.0
477.1687921300408,15.0
477.2001971806495,14.0
477.21873858323164,13.0
477.2682254080663,14.0
477.27226516308156,13.0
477.4427617920563,14.0
477.5048063386496,13.0
477.65505542939616,14.0
477.69088494755704,13.0
477.719021440449,12.0
477.7509342465626,13.0
477.80754059027197,14.0
477.96189804890514,13.0
478.1303096183069,12.0
478.13067382589645,11.0
478.1338653178453,10.0
478.13832091382153,9.0
478.36343072495094,10.0
478.39997251066126,11.0
478.4131857255371,10.0
478.47963427642134,9.0
478.5669930019238,8.0
478.7448082483667,7.0
478.79030556683284,8.0
479.0293939666449,7.0
479.05127222843447,6.0
479.07400569830924,7.0
479.2358398140417,8.0
479.3464739892905,9.0
479.3761161078427,10.0
479.40750481154987,11.0
479.5216101454573,10.0
479.7489285864524,11.0
479.78973665684634,12.0
479.82944810856634,11.0
479.93922601921906,10.0
480.117320425384,11.0
480.2091826688005,12.0
480.34452560122634,13.0
480.415441995526,12.0
480.4176895482675,13.0
480.4695038800766,12.0
480.49369435618473,11.0
480.6502732741626,10.0
480.68760332316486,9.0
480.80328213845837,10.0
480.8316716183179,9.0
480.8334777535555,8.0
480.89078491523225,7.0
480.91957888307127,8.0
481.00985435622334,7.0
481.02802345834687,8.0
481.35549888763035,9.0
481.4785982714724,8.0
481.4877097960706,9.0
481.5282868843119,8.0
481.6348465331395,9.0
481.6760279905133,8.0
481.7086034008246,9.0
481.7804330923905,8.0
481.79778994931337,9.0
481.8404918888277,8.0
481.8732253032864,9.0
482.0445544163838,8.0
482.08902187695736,7.0
482.1015171036968,8.0
482.255287501684,7.0
482.2582581460523,6.0
482.43462566287667,5.0
482.489564066829,6.0
482.5886710500671,5.0
482.82787126704585,6.0
482.93819470699196,5.0
483.01738032933207,6.0
483.1576809272077,7.0
483.1598858546799,8.0
483.23947441391067,9.0
483.32499853139524,10.0
483.362180775542,11.0
483.3751166373602,10.0
483.4429411272663,9.0
483.46617285224795,10.0
483.47500139592364,11.0
483.6515428925962,12.0
483.8337044380511,11.0
483.9092704494832,12.0
484.00929784038044,11.0
484.219334645247,10.0
484.2263003497268,11.0
484.228103938152,10.0
484.2798013091027,11.0
484.4251274103439,10.0
484.44124620479886,9.0
484.6023359479529,8.0
484.6086130179587,7.0
484.6468960088573,8.0
484.662534935486,7.0
484.66558745618164,8.0
484.80709407582185,9.0
484.91073456884726,8.0
485.0243942326095,7.0
485.04564194831835,8.0
485.1660007332431,9.0
485.19202037129673,8.0
485.2600767077261,7.0
485.3467002784048,6.0
485.3631627610683,7.0
485.3634308827893,8.0
485.39420215535057,9.0
485.46936421941166,8.0
485.4976934901715,7.0
485.7831367447092,6.0
485.88003608817843,7.0
485.9271943969387,8.0
485.9893240488261,9.0
485.9980972860247,8.0
486.1311740732012,9.0
486.2580065475956,10.0
486.3695755417302,9.0
486.46668306500476,8.0
486.5270635854336,7.0
486.53745787065606,8.0
486.6570375720116,7.0
486.66955456288184,8.0
486.8647816483851,9.0
487.0780467829594,10.0
487.3984470747367,9.0
487.49509613159694,8.0
487.5139766042856,7.0
487.6635065007615,6.0
487.78857166293,7.0
488.0087394818068,8.0
488.26518849422956,9.0
488.3676651312003,10.0
488.5598689167791,11.0
488.62231402423754,10.0
488.78404498052515,9.0
488.83075164489213,8.0
488.8343561657411,9.0
488.9245216327764,8.0
488.980139494541,9.0
489.0824751241126,10.0
489.21719988748407,9.0
489.27881052698245,10.0
489.33055534077823,11.0
489.46322509898926,12.0
489.53065710636486,13.0
489.5970302814553,14.0
489.6078734587091,13.0
489.62948035546793,14.0
489.63906579920723,13.0
489.65156579878715,14.0
489.70110532066366,13.0
489.7487267138582,12.0
489.7770823163315,11.0
489.78277968500043,10.0
489.8463643418547,11.0
489.8612215275414,10.0
489.94734411856064,11.0
490.02515137363855,10.0
490.13758694862594,11.0
490.17823776904777,10.0
490.1873249892465,11.0
490.1913047088138,10.0
490.2118548893486,9.0
490.2200767050696,8.0
490.3488407602543,7.0
490.37811016167683,8.0
490.4874345586376,7.0
490.7726473371966,6.0
490.81439123269905,5.0
491.18220737952316,4.0
491.23097074645966,5.0
491.29781946044295,6.0
491.55592423473416,7.0
491.6004597430792,6.0
491.60688712581907,7.0
491.6356680249269,8.0
491.639439758231,9.0
491.728865266119,10.0
491.84868299611605,9.0
491.8740567841149,10.0
492.1080328856246,11.0
492.2978900400965,12.0
492.39928042338596,13.0
492.406945033502,12.0
492.4153096088457,11.0
492.4599209439894,12.0
492.4852654994329,13.0
492.6283483101491,12.0
492.6467914213127,13.0
492.6927742925631,12.0
492.7252732240453,13.0
492.73153531005306,12.0
492.7531473332467,13.0
492.775117263849,12.0
492.78110768844283,13.0
492.8021412088796,14.0
492.81162574656634,15.0
492.9024338874327,14.0
492.91971653917676,15.0
492.9263996057512,14.0
492.96793057532744,15.0
493.0746761999007,16.0
493.2008501178024,15.0
493.2073866547895,14.0
493.4374364616107,13.0
493.465796830302,12.0
493.53254437937596,11.0
493.59544416093195,10.0
493.6696503542246,9.0
493.6933606715697,8.0
494.02826521656436,9.0
494.0842143797792,10.0
494.08614966087686,11.0
494.17796810577784,12.0
494.3771302472495,11.0
494.3887788239721,12.0
494.4779731567107,11.0
494.5186781913008,10.0
494.64562135367214,9.0
494.66764126511737,8.0
494.7623698003066,9.0
494.86622359420005,8.0
495.0289008332344,9.0
495.2114680365764,8.0
495.3366549554623,9.0
495.33802361944265,10.0
495.349734007922,11.0
495.3781394307581,10.0
495.4298000881354,11.0
495.4570578543647,12.0
495.49205089629015,11.0
495.66436153072243,12.0
495.7381633337688,11.0
495.73894730899656,10.0
495.7936755510245,9.0
495.8172562289805,10.0
495.88926465393934,9.0
496.07582573796293,8.0
496.1696838379185,7.0
496.2130623522821,8.0
496.2849985417068,7.0
496.3010919844165,6.0
496.42492110994937,5.0
496.76686884895184,6.0
496.8028103600407,5.0
497.0415110806776,6.0
497.05360378043986,7.0
497.0758394653151,8.0
497.2197446522636,9.0
497.3865709100535,8.0
497.61047064685727,9.0
497.76082376486073,8.0
497.84002653789975,9.0
497.8504072538228,8.0
497.98281836197225,7.0
498.3162742223326,8.0
498.3825483765629,7.0
498.5150775554096,6.0
498.534019034628,5.0
498.5506617111315,6.0
498.7356851190514,5.0
498.7429181543056,4.0
499.0239448527846,5.0
499.1861646183408,4.0
499.34336164845416,3.0
499.3878260149,4.0
499.5394847602519,5.0
499.80446752118445,6.0
499.9691894504481,5.0
500.23022113019624,6.0
500.25472102718726,7.0
500.29293786084776,6.0
500.3569020635692,5.0
500.4475571951509,6.0
500.4495047903462,5.0
500.4691450032403,6.0
500.61660041143983,7.0
500.6804644186634,6.0
500.7117322400063,7.0
500.71794955300174,8.0
500.8375684768696,9.0
500.84682078478505,10.0
500.9287381344967,11.0
500.9461771815056,10.0
501.0023947462414,9.0
501.13886624867075,10.0
501.1642358095531,11.0
501.2148214526663,10.0
501.5145483818145,11.0
501.5374446619866,12.0
501.5991425726779,11.0
501.6215245917784,10.0
501.6263750535224,9.0
501.7234821915168,8.0
501.7568790002272,9.0
501.88763230474814,10.0
502.11140218158005,9.0
502.1324920788518,10.0
502.15468937810573,9.0
502.2892322988337,8.0
502.3519235527338,7.0
502.37887201887725,8.0
502.43916985783807,9.0
502.4820276287809,8.0
502.4931386939226,9.0
502.56737191348844,10.0
502.64273579184993,11.0
502.88118802073376,10.0
502.8991895069488,9.0
502.9120714785744,10.0
502.97062508280953,11.0
503.078060314413,10.0
503.1550936609477,11.0
503.24821274887887,12.0
503.2732738038476,11.0
503.29231874119193,12.0
503.3089054639673,11.0
503.349446621526,12.0
503.36134540420136,11.0
503.4647819790407,10.0
503.538795268257,9.0
503.7211878553428,10.0
503.86442774883307,11.0
503.89639441721573,10.0
503.91755847954744,11.0
503.94687221144443,10.0
504.34011363067697,11.0
504.40079915592054,10.0
504.4545340282982,9.0
504.64286782620934,8.0
504.69000412160625,7.0
505.0000286794796,6.0
505.0052897785735,5.0
505.10793407318124,6.0
505.11133633635234,5.0
505.1360828458995,4.0
505.8319816188596,5.0
506.24866802670755,4.0
506.38082703630806,5.0
506.51475980706385,6.0
506.74681474538994,7.0
506.8792005367033,8.0
507.06499935373614,7.0
507.07859870641784,8.0
507.0867451900625,9.0
507.16073938771615,10.0
507.3295679188902,11.0
507.440966968658,10.0
507.4575662617773,9.0
507.70610726940964,8.0
507.79789549208175,7.0
508.0097504362286,6.0
508.00999826864967,7.0
508.08117197283383,8.0
508.18617692279264,9.0
508.2060454149507,8.0
508.2562187064069,7.0
508.2644399990945,8.0
508.4103130207184,9.0
508.5180291221667,8.0
508.60292278531654,9.0
508.6362402787432,8.0
508.70491902800705,9.0
508.7099019834644,8.0
508.7664463579929,9.0
508.7868592514523,8.0
508.83828576540554,9.0
509.1159611206383,8.0
509.1183287264579,9.0
509.1667840239443,8.0
509.2459253464529,7.0
509.45426408726814,6.0
509.62389426592733,7.0
509.6884467260044,8.0
509.7328055433123,9.0
509.7695830298661,8.0
509.7745217781695,9.0
509.94775674450557,10.0
510.00992684357186,11.0
510.02304194731624,12.0
510.0333106285275,13.0
510.0694579256387,12.0
510.234766885576,13.0
510.2545001264891,14.0
510.3554472798571,13.0
510.3936364369374,12.0
510.3967345258326,13.0
510.43162041321057,12.0
510.43823749915634,11.0
510.4872720032475,12.0
510.7294091201174,11.0
510.75304699574576,12.0
510.7939114366738,11.0
510.84474974240237,12.0
510.85519695091995,11.0
510.86550739724817,10.0
511.0685436012773,11.0
511.1373988311021,10.0
511.1423975479917,9.0
511.1496454758304,8.0
511.2666835166368,9.0
511.5062526091622,8.0
511.5623923123009,7.0
511.7544636946353,6.0
511.8490215654501,5.0
511.9407817826716,6.0
512.0575533456253,5.0
512.1129757924534,6.0
512.3619520562308,7.0
512.4915546149134,6.0
512.5899618626315,7.0
512.6294949703092,8.0
512.7244592524255,7.0
512.8884773800273,6.0
513.0012578763518,7.0
513.1575190583353,6.0
513.2213983433447,7.0
513.223141998387,6.0
513.3390995167925,5.0
513.5817998883937,6.0
513.6112576995419,7.0
513.7753199419792,8.0
513.9971301706834,9.0
514.0808537539074,10.0
514.0936305689651,9.0
514.1035625639902,10.0
514.1373237137135,9.0
514.1468175081735,8.0
514.4734123192618,9.0
514.5337857674068,8.0
514.7092140337289,9.0
514.7629854528186,8.0
514.8233842621325,9.0
514.8496886858107,10.0
514.9599854353282,11.0
514.966961139781,12.0
515.0893624328816,13.0
515.1636763780635,14.0
515.1796029345688,13.0
515.5134131227707,12.0
515.624480335326,11.0
515.6573798768541,12.0
515.6685322279718,11.0
515.7065653011196,12.0
515.7902545141284,11.0
515.9525534842156,10.0
516.0058776927382,9.0
516.1022235967433,8.0
516.1315400334242,9.0
516.4157049908681,10.0
516.440000636828,11.0
516.6225166652512,12.0
516.6278893783342,11.0
516.8595339260481,12.0
516.9088235251955,13.0
517.0180625082413,12.0
517.0606239526173,11.0
517.2741014221355,10.0
517.4412241766524,9.0
517.590598359251,8.0
517.5983083455204,9.0
517.6100066240497,10.0
517.7617894951917,11.0
517.7853818347029,10.0
517.8749453295162,9.0
517.8976763475496,10.0
518.1075238260983,9.0
518.2487014824853,8.0
518.2965823383053,7.0
518.4560458729009,8.0
518.5383264104992,7.0
518.6683026411713,8.0
518.6913422162373,9.0
519.221073010528,10.0
519.2277785046266,11.0
519.3004067040539,12.0
519.4320324278623,11.0
519.57346921045,10.0
519.6103937853926,11.0
519.6852404102066,10.0
519.6930620208924,11.0
519.7500900769247,12.0
519.791920086678,11.0
519.8184025552757,10.0
519.8194447595555,11.0
519.8643078404264,10.0
519.9350413664276,9.0
520.0106647563176,10.0
520.0361048049829,9.0
520.181966632545,8.0
520.2120349439209,7.0
520.4470109922601,6.0
520.4980409251673,7.0
520.5001292196212,6.0
520.5398472311512,7.0
520.5599979317522,6.0
520.5750166701147,7.0
520.6253464193744,8.0
520.6933679511,9.0
520.7429913385537,10.0
520.7736461778441,9.0
520.9443267373018,8.0
521.154659326155,7.0
521.2284731634439,6.0
521.3266600544202,7.0
521.3995767358099,6.0
521.42382868147,7.0
521.4485076741865,8.0
521.4942076199558,9.0
521.5412786609909,8.0
521.550191950482,9.0
521.6284502702712,8.0
521.6928021106829,9.0
521.7994674859965,10.0
521.9806268436224,9.0
522.1565719639248,8.0
522.2450859533094,7.0
522.3046509250694,6.0
522.4600973014406,7.0
522.5579313974454,6.0
522.7603583039202,5.0
522.8315735991275,4.0
522.8784425615149,5.0
522.913887329653,4.0
523.1732777894882,5.0
523.234800867684,6.0
523.4329722091869,7.0
523.7206972173663,8.0
523.978627930629,7.0
523.981540374279,8.0
524.0098887588474,9.0
524.0715703523072,8.0
524.1658523707921,9.0
524.1884166821949,10.0
524.2092527572221,9.0
524.2530598811816,8.0
524.4940670782398,9.0
524.6293079814842,10.0
524.6414135486956,11.0
524.6707234300534,10.0
524.7604309250975,9.0
524.7743872775676,8.0
525.0130407776629,9.0
525.0367657394547,8.0
525.0926289638886,9.0
525.2392111955057,10.0
525.2846001233299,11.0
525.3013840770772,12.0
525.467292922994,11.0
525.7677877859697,10.0
525.9101246578931,11.0
525.9813213100867,10.0
525.9853746977584,9.0
526.0227995728167,10.0
526.0974288935041,9.0
526.1273407314744,8.0
526.2249874854334,9.0
526.4473561536408,10.0
526.4937010750399,9.0
526.7364979346368,8.0
526.9293003975004,7.0
526.9401857815195,6.0
527.0159651641967,7.0
527.0748477239969,8.0
527.0917614276972,9.0
527.1945748885917,8.0
527.4498303411298,9.0
527.5522025789845,10.0
527.5536154752585,9.0
527.6901951206413,10.0
527.6997230160932,11.0
527.7173310651613,10.0
527.8215577463567,11.0
527.8605562725098,10.0
527.928796866304,11.0
528.0006351000446,12.0
528.1159013500825,11.0
528.1474597750115,10.0
528.2021584348846,11.0
528.3691717142644,10.0
528.5413031484841,9.0
528.6059984361784,8.0
528.77850237809,9.0
528.8502085167723,10.0
528.8756230973555,11.0
529.0014000125539,12.0
529.2339306684005,11.0
529.2434298674907,10.0
529.2706947982166,9.0
529.4047862438038,10.0
529.4305116604496,9.0
529.7047215226262,10.0
529.7922308267624,9.0
529.919180822482,10.0
530.0506765396607,11.0
530.09510683668,12.0
530.1115741717912,13.0
530.2400267475879,12.0
530.2407921810475,11.0
530.2506470800303,12.0
530.3533684014119,13.0
530.3837066980961,14.0
530.489349416582,15.0
530.7693576363087,14.0
530.7854968523498,13.0
530.7981890670696,12.0
530.8500817888863,11.0
530.9687818148972,10.0
530.988339184082,9.0
531.0870177918431,8.0
531.2100648722342,9.0
531.2611722528537,10.0
531.261972999676,9.0
531.2814205290199,10.0
531.2996453822175,9.0
531.3566309942598,10.0
531.3892229189987,11.0
531.5845958747083,10.0
531.6543436741003,9.0
531.6718601571972,10.0
532.0014241872102,11.0
532.0335518683748,12.0
532.0528592454626,11.0
532.111887797541,10.0
532.1815589324711,11.0
532.3000182746015,10.0
532.3804212748058,9.0
532.501121943811,10.0
532.816581143037,11.0
532.9236220811164,12.0
532.979133432981,13.0
533.0239602553876,12.0
533.150858816406,11.0
533.2249723201259,10.0
533.2386080505016,11.0
533.2391161990075,10.0
533.4224036064157,11.0
533.5769117204982,12.0
533.6215272920193,11.0
533.7925997956003,10.0
533.9885536302756,11.0
534.2468790275205,12.0
534.2533669151326,13.0
534.3352539000583,12.0
534.3370010994183,11.0
534.7277169981678,12.0
534.8473357903346,11.0
534.8583541505085,12.0
534.8838020661423,13.0
534.9133727153659,14.0
534.9929194732898,13.0
535.0550489197395,14.0
535.0856159245822,15.0
535.1603785494442,16.0
535.2434571709401,15.0
535.3885944373733,16.0
535.423099596266,15.0
535.510332717962,14.0
535.514129036924,15.0
535.5365730402945,14.0
535.541887878188,15.0
535.5949476378804,14.0
535.6856786198102,13.0
535.8294031919188,14.0
535.946434017271,13.0
536.0182105740391,12.0
536.0299840900708,11.0
536.051961670412,10.0
536.0908853614391,11.0
536.1257167286785,10.0
536.1505582740801,9.0
536.2306870811569,10.0
536.2647106149066,9.0
536.4606597852107,8.0
536.5033074746442,9.0
536.5863437452639,10.0
536.6248075377413,11.0
536.6675976698524,12.0
536.7146543314669,11.0
536.9056534661584,12.0
537.0033462122888,11.0
537.0959752478497,12.0
537.1729187546428,13.0
537.2544547274823,12.0
537.5753550931701,13.0
537.6882653056769,12.0
537.8122730775291,13.0
537.8908473902407,12.0
538.0070211055503,11.0
538.0532663659621,12.0
538.141617985445,11.0
538.2713025486524,12.0
538.3087500969611,11.0
538.463389924787,10.0
538.4926290476858,11.0
538.5846338708665,10.0
538.8954627190582,11.0
538.9008706237279,10.0
538.9020135903182,9.0
539.0562239666734,8.0
539.0650664061284,7.0
539.4634594723516,6.0
540.0513167402416,7.0
540.2254749995616,6.0
540.2265313836799,7.0
540.242783106612,6.0
540.4019980084842,7.0
540.4036665156372,8.0
540.4224087108238,9.0
540.5002303698151,10.0
540.6081104669952,11.0
540.6148653170189,10.0
540.6192042586179,11.0
540.6991537649563,10.0
540.7377198910995,11.0
540.9798984960395,12.0
540.9901017259032,11.0
541.026814808235,10.0
541.0735442919122,11.0
541.2540707283417,10.0
541.2833704052878,11.0
541.3279453887661,12.0
541.6327253362703,11.0
541.7793232643827,10.0
541.8054953643222,9.0
541.914720813153,10.0
541.9469861635378,9.0
541.9740241048476,8.0
542.0601780911064,9.0
542.0749603639523,8.0
542.106689487851,9.0
542.1930329218471,8.0
542.2119259389378,7.0
542.2641979208867,6.0
542.2660678372839,5.0
542.496311347476,6.0
542.7056610019612,7.0
542.7521843300403,8.0
542.7614040883786,9.0
542.8702851544964,8.0
543.0118445181633,7.0
543.1335680171499,6.0
543.141374513136,7.0
543.2263182286782,8.0
543.2266458230552,9.0
543.3043035908443,10.0
543.3408566770394,9.0
543.4131126237152,8.0
543.7105614290787,9.0
543.7307168797133,8.0
543.8759667367044,9.0
543.8971384704503,8.0
543.9257177684043,9.0
543.9339774736515,10.0
544.0472611852784,11.0
544.0980169483025,10.0
544.1415535644103,11.0
544.4473395600115,10.0
544.6112267280007,9.0
544.6428690600368,10.0
544.7386889057433,9.0
544.797415783957,8.0
544.84186823413,9.0
544.9212592864908,10.0
545.0067432490144,11.0
545.3771746359924,10.0
545.395077663927,9.0
545.439596952232,8.0
545.5985821539101,9.0
545.7071166370467,8.0
545.7257168841641,7.0
545.8848318410841,8.0
545.919303865783,7.0
546.0423145208297,6.0
546.0446984525279,7.0
546.2228343701221,6.0
546.3490228820244,7.0
546.4495744215059,8.0
546.7679166922329,9.0
546.8346512360723,10.0
546.9376703812417,11.0
546.9441889712989,12.0
546.9982537945674,13.0
547.1177374429959,14.0
547.226569680896,15.0
547.3292320779316,16.0
547.3563814108724,17.0
547.3816944648825,16.0
547.408403917329,15.0
547.4387171206982,16.0
547.4627793531773,15.0
547.4968783507525,14.0
547.5584225289252,13.0
547.6245340598391,12.0
547.7500876435364,11.0
547.9245470909315,10.0
547.9704445986682,11.0
548.0284180063298,10.0
548.0860687865978,11.0
548.1176683760206,12.0
548.2230897942524,11.0
548.3166355376281,12.0
548.5183637110166,11.0
548.5489025116431,12.0
548.5775195293489,11.0
548.601855985797,10.0
548.6667605496542,9.0
548.7303286828665,10.0
548.7452079803709,9.0
548.9524103549876,8.0
549.011059228979,7.0
549.105364409348,8.0
549.137523596124,7.0
549.256510428898,6.0
549.3242542071888,7.0
549.549067595493,6.0
549.7268010842763,5.0
549.9758081039678,6.0
550.2466227521819,7.0
550.3194281175138,8.0
550.3373223664536,9.0
550.3656513971351,8.0
550.4886225346759,7.0
550.6347837224004,6.0
550.8247339652436,5.0
551.1375945796349,4.0
551.2050233477282,3.0
551.2692446724875,4.0
551.4265230176768,3.0
551.8024059978741,4.0
551.811278660015,3.0
551.8963518815066,2.0
552.5006270645277,3.0
552.5087552025678,2.0
552.528100564316,3.0
553.088855398575,4.0
553.3845715729199,5.0
553.4482350300524,4.0
553.715355563186,3.0
553.7852802034856,4.0
554.0183301767731,3.0
554.3736664821549,2.0
554.5308092455886,3.0
554.5978072916718,2.0
554.8198839162466,1.0
554.9846185765341,2.0
555.0177796708175,3.0
555.0470018286034,2.0
555.2693935418042,3.0
555.4173177641848,4.0
555.5597901291272,5.0
555.6114710284927,6.0
555.7596364051981,7.0
555.8984482766916,8.0
555.9698020065972,7.0
556.2441063077357,6.0
556.2700509233694,5.0
556.3311432910647,4.0
556.4667892927761,5.0
556.5002977830561,6.0
556.5793648159957,7.0
556.6201252151196,6.0
556.6218989587443,7.0
556.6274488714314,8.0
556.6970400778216,9.0
556.7093709849577,10.0
557.0060268404021,11.0
557.0925053985986,12.0
557.1074401831672,13.0
557.2193335816381,12.0
557.2751968887201,11.0
557.411573903399,10.0
557.4711031302785,9.0
557.4977467703892,8.0
557.5050695500776,7.0
557.5321704162043,8.0
557.5948504113029,7.0
557.6157671882405,8.0
557.7058624744213,9.0
558.0731613261611,10.0
558.1604370546886,9.0
558.2816777518302,10.0
558.3846052570195,9.0
558.4738797624277,10.0
558.5862923772032,11.0
558.7015959390761,12.0
558.7476751864846,13.0
558.7573611108139,14.0
558.8554246342669,15.0
558.8972913465278,16.0
558.9875952709275,15.0
559.0217964674292,14.0
559.097556580843,13.0
559.123007680147,14.0
559.1288889592398,15.0
559.16216243363,16.0
559.1844008810566,17.0
559.1953149127326,16.0
559.2332737585698,17.0
559.2565680923142,16.0
559.2769436851148,15.0
559.6748488157209,14.0
559.6961114487804,13.0
559.7490257041159,12.0
559.7538430792433,11.0
559.7647641890132,10.0
559.8800991405129,9.0
559.9433152311256,10.0
559.9638551910414,11.0
559.9719429417116,10.0
560.0082146136898,9.0
560.0239180994683,10.0
560.1748783455042,9.0
560.2841294802844,10.0
560.3571175925557,11.0
560.3877677097997,10.0
560.4291908189502,9.0
560.456965381037,10.0
560.4585099433185,11.0
560.5461379282916,12.0
560.5757296247704,11.0
560.7989661423653,10.0
561.0485318929595,11.0
561.0618595899784,10.0
561.1576646277765,9.0
561.267910920485,10.0
561.2862652188119,9.0
561.3252729577932,10.0
561.3431010626887,11.0
561.3479204322198,10.0
561.3838064597772,11.0
561.399713214793,10.0
561.4131395877446,11.0
561.4449035989365,12.0
561.8739340930989,13.0
561.8915997113942,12.0
561.9890713165285,11.0
562.0296647919133,10.0
562.0813324982648,9.0
562.1417539131066,8.0
562.1736126643473,9.0
562.299225840748,10.0
562.3158886033814,9.0
562.3292264552833,8.0
562.3715205413478,9.0
562.4800588715425,8.0
562.5744211753208,9.0
562.6041173472819,10.0
562.6925702921168,11.0
562.7726051300906,12.0
562.8089607637473,11.0
562.8321143769392,10.0
562.8523735275843,11.0
563.0226156619249,12.0
563.0771911573495,13.0
563.0780237319104,14.0
563.2423352624518,13.0
563.3895645853572,14.0
563.4051697429222,15.0
563.4817489477837,16.0
563.6429535415523,15.0
563.8599478954646,14.0
563.9166858302742,13.0
564.0388395488218,14.0
564.1014487333325,13.0
564.2681037666086,12.0
564.2829757617742,13.0
564.374388593511,12.0
564.3744696767172,13.0
564.4395837313199,14.0
564.4924657836976,15.0
564.8704093384232,14.0
564.9199676610687,13.0
564.9456908626207,12.0
565.198150213174,11.0
565.3476568980433,12.0
565.3932244622775,11.0
565.4318833382799,12.0
565.67687203244,13.0
565.8509902584025,12.0
565.968928780584,13.0
565.9738476232203,12.0
565.9764266823125,13.0
566.067392783776,14.0
566.191568820829,13.0
566.4185488295262,14.0
566.466978532526,13.0
566.4981806521193,12.0
566.5023935953939,13.0
566.5616918091823,12.0
566.574225330898,11.0
566.579937527748,12.0
566.5872878276814,11.0
566.6377912676734,10.0
566.701398657543,11.0
566.9534053177746,10.0
566.97168307158,9.0
567.1027474171655,8.0
567.2032800318614,9.0
567.2722412084391,10.0
567.3066082817282,11.0
567.3312296477139,10.0
567.4030379272857,9.0
567.5149204683519,10.0
567.5383527761932,11.0
567.5561901164319,10.0
567.8092030665747,9.0
567.8127376265096,10.0
567.8314150715354,9.0
567.8835746379694,8.0
568.1375856021476,9.0
568.2560125474986,8.0
568.2858847066972,7.0
568.3926755864428,6.0
568.5352722959296,7.0
568.541353033206,6.0
568.55905014543,7.0
568.6566332825664,8.0
568.7082827481311,7.0
568.8292612351747,6.0
568.960535876778,7.0
568.9982323957212,8.0
569.0347806235815,9.0
569.0699461158771,10.0
569.0871663160555,11.0
569.0898366231959,12.0
569.2022306086035,13.0
569.2840930828622,14.0
569.3261076765056,15.0
569.4281984823788,14.0
569.472504318136,13.0
569.6008345783639,12.0
569.6511627813893,13.0
569.8322393860177,12.0
569.8588103207485,11.0
569.9735025645191,10.0
570.1388398594004,9.0
570.1540786871439,8.0
570.2137784350135,9.0
570.2346062766342,10.0
570.2560388584646,9.0
570.4357542335282,10.0
570.4487446898792,11.0
570.8459429846883,12.0
570.8791529865273,13.0
571.179863897146,12.0
571.3284643644765,11.0
571.5740693361124,10.0
571.6196993239797,11.0
571.6724495583967,12.0
571.7138499809064,11.0
571.7363981330288,10.0
571.73859315516,9.0
571.8166073376914,8.0
571.9307622044,7.0
572.0681718649779,8.0
572.1389794778904,9.0
572.1815298209124,10.0
572.2113222635003,11.0
572.2852536951273,10.0
572.3991846382045,11.0
572.4159833165758,10.0
572.6641787973006,11.0
572.8864627526352,12.0
572.8928634787452,13.0
572.9689077017695,12.0
573.1065119552568,11.0
573.1362921360297,12.0
573.1436350182051,11.0
573.1560033641084,10.0
573.2190010813083,11.0
573.2498655995305,10.0
573.3756128247051,11.0
573.4189923710095,10.0
573.448059862159,9.0
573.4635039533931,10.0
573.6140691353214,11.0
573.6756358658896,12.0
573.7583982845389,11.0
573.7660469752733,12.0
573.8147084384667,11.0
573.8440710788584,12.0
573.9645539215377,11.0
574.138172119195,12.0
574.2540233233926,11.0
574.2605860756578,12.0
574.4134350809576,13.0
574.4204596955351,12.0
574.474359610833,13.0
574.5442221522677,14.0
574.5560940771461,13.0
574.5622042703063,14.0
574.5949110377585,13.0
574.7419097827876,14.0
574.8369828252685,15.0
574.8463534890315,16.0
574.8480839389155,15.0
574.8549142378854,16.0
574.8559577497927,15.0
574.9550647253202,14.0
575.0267750972566,15.0
575.1144501828005,16.0
575.1165854720608,15.0
575.1550819843754,14.0
575.2987653769742,13.0
575.3119396943257,12.0
575.4705387188022,13.0
575.5848689660638,12.0
575.6102162204116,13.0
575.6192172711295,14.0
575.7352196400602,15.0
575.8077344274886,14.0
575.8952089594233,13.0
575.9022995528267,12.0
576.0099120229,13.0
576.0428532465174,12.0
576.1046497956069,11.0
576.1811582509764,10.0
576.2304899167349,9.0
576.3455936693199,10.0
576.3500538473666,9.0
576.545214249251,10.0
577.0623700340743,9.0
577.237513821561,8.0
577.2960220712824,7.0
577.471362459139,8.0
577.5679643640134,9.0
577.5680617223901,8.0
577.578764739144,7.0
577.6709285296048,8.0
577.6910755468642,7.0
577.7625962134152,6.0
577.8413897009666,7.0
578.1514712396025,8.0
578.3160988957733,9.0
578.3325746023097,8.0
578.3498683716736,7.0
578.4538126120511,8.0
578.511524341111,9.0
578.5523704410625,10.0
578.6400332904748,9.0
578.8425943179257,10.0
578.9834028196407,9.0
579.0234394783242,10.0
579.0433192725355,9.0
579.1065102366533,8.0
579.6468491122137,7.0
579.8435470191436,6.0
579.8983102891447,5.0
580.0007924535516,6.0
580.0613361744284,7.0
580.2416601137139,6.0
580.2874542674246,7.0
580.2909286581605,8.0
580.5150034358517,9.0
580.5598217842796,8.0
580.6505750162746,9.0
580.6782285785811,8.0
580.7541511427931,9.0
580.8174950609965,10.0
580.8602670369639,11.0
580.8896319636693,10.0
580.9766096222033,11.0
581.3860622346082,10.0
581.3940473731175,11.0
581.4142077450455,12.0
581.444798229236,13.0
581.4788204613561,12.0
581.5023556103537,11.0
581.5421443806122,10.0
581.6538697739973,11.0
581.7911531729062,10.0
581.8316514770901,9.0
581.9293493528925,10.0
582.0167637615261,11.0
582.0836444997192,10.0
582.2132409871184,9.0
582.2295245432013,8.0
582.2300598207013,9.0
582.4155328254178,8.0
582.4911411365973,9.0
582.4974688412962,8.0
582.4981108273585,9.0
582.5828925815991,8.0
582.6708447678134,9.0
582.7255268962069,8.0
582.7434275591077,9.0
582.9314773446802,8.0
582.9400536477165,9.0
583.0053125722919,8.0
583.0579927919564,7.0
583.2564006596542,6.0
583.6838664150494,7.0
584.0847751160155,8.0
584.1335181012247,9.0
584.1625989320479,8.0
584.2165287632324,9.0
584.2496067994061,8.0
584.2808376363857,7.0
584.4317654123187,8.0
584.6661043104158,7.0
584.8285732131337,6.0
584.984823906515,5.0
584.9868460896523,4.0
585.4002186302297,5.0
585.4229268315372,6.0
585.4237042832896,7.0
585.6585560282521,8.0
585.679696763023,9.0
585.7458831654819,8.0
585.7773158287591,7.0
586.0437725504929,8.0
586.2649102596076,7.0
586.5483444856766,6.0
586.6058644030009,5.0
586.8475829408651,6.0
587.0318766259529,7.0
587.1886784230314,8.0
587.3477539949604,7.0
587.391858818079,6.0
587.4190818257874,5.0
587.7612034754237,6.0
587.8081075524095,5.0
587.8107184052748,4.0
587.9154077796372,5.0
587.9225372825479,4.0
588.1264838007268,5.0
588.1489013558693,6.0
588.3612168793167,5.0
588.4921568884082,4.0
588.5667119130322,5.0
588.593525482664,6.0
588.624197722602,7.0
589.0981683223703,8.0
589.1007785738523,7.0
589.1434998150565,6.0
589.3547926885146,7.0
589.430937712859,6.0
589.7017436427949,5.0
589.7932918594456,4.0
589.7956586169465,3.0
590.1034054559804,4.0
590.5224737773802,3.0
590.5380005205758,4.0
590.7513637327979,5.0
590.8552131987027,6.0
591.1358142140846,5.0
591.1918722128817,6.0
591.2828374601504,5.0
591.5468017000035,6.0
591.7240159833614,5.0
591.7768738696205,6.0
591.8817776943309,7.0
592.1422617077405,8.0
592.2097722985076,9.0
592.4697324226153,8.0
592.4891651829116,7.0
592.6571099668313,6.0
592.7578953309762,5.0
592.9822440640701,6.0
593.0648733222121,5.0
593.0784208946485,4.0
593.1249490383946,3.0
593.6592236612236,4.0
593.7872293405707,3.0
593.8390399696622,2.0
594.1918298847748,3.0
594.2401946310852,4.0
594.4159907739839,5.0
594.7237953386006,4.0
594.7449412427748,5.0
594.860445943832,4.0
594.9950696339041,5.0
595.0102335272936,4.0
595.0342191931887,5.0
595.7337746716504,4.0
595.830192822485,3.0
595.9181149889758,4.0
595.9925553422997,5.0
596.1146752782912,4.0
596.1779753047132,3.0
596.5869250739225,2.0
596.6400683388946,3.0
596.9032982240146,4.0
596.9956560939465,3.0
597.0844601415225,4.0
597.0877409942494,5.0
597.3875552695615,6.0
597.5891756459405,5.0
597.7384886316535,6.0
597.7706761151712,5.0
597.9389772840483,6.0
598.2822953060169,7.0
598.3266556259583,8.0
598.3558219144891,7.0
598.8227110622965,6.0
598.9403700271266,5.0
598.9963632335988,6.0
599.0541409765984,7.0
599.2152592676065,8.0
599.3021680250606,7.0
599.3040391935689,6.0
599.5233654134701,5.0
599.7471140320376,4.0
600.0550665969314,5.0
600.0923981835548,6.0
600.2940217792686,7.0
600.30392312015,8.0
600.320863025808,7.0
600.3680710153606,8.0
600.5686701345195,7.0
600.8678620781192,6.0
600.92311144814,5.0
601.1859783254553,6.0
601.1881603458118,7.0
601.1973709461176,6.0
601.2870310067342,7.0
601.3247846203427,8.0
601.5618282522727,9.0
601.7632477406308,8.0
601.8132473233362,7.0
601.8324782572898,6.0
601.8325714373593,5.0
601.8762838217664,4.0
601.9517228941789,3.0
602.014817616972,4.0
602.032479530104,3.0
602.1638388099236,4.0
602.3324870901668,5.0
602.337630714457,4.0
602.485630758753,5.0
602.7067161457599,6.0
602.7534667401794,5.0
602.9174823135705,4.0
603.3240652832168,5.0
603.341894878101,6.0
603.3437421777849,5.0
603.5662653059692,4.0
603.7339152432568,5.0
603.7585281342697,4.0
603.9780776264855,3.0
603.987041424653,4.0
604.4759400800381,3.0
604.7805260426173,4.0
604.8421448332325,5.0
604.918492324846,4.0
605.2241613861661,5.0
605.2755700999795,4.0
605.3877201679836,5.0
605.4642434272364,6.0
605.526702022521,5.0
605.5354158137828,6.0
605.6515168257376,5.0
605.7453882041917,4.0
605.8156364970513,5.0
605.8657337389798,6.0
605.9743507152516,5.0
606.3260475933779,6.0
606.5425848555226,5.0
606.6771629880083,6.0
606.6946298573064,7.0
606.7266891473266,8.0
606.7349860599061,9.0
606.7517272635561,8.0
606.9473783386242,9.0
606.9703074435458,10.0
607.0121493984454,11.0
607.3457852259551,10.0
607.4876080444053,11.0
607.869119708731,12.0
607.9179325654137,11.0
607.9475556804383,10.0
607.99996288337,9.0
608.0506858976528,10.0
608.2728558208664,9.0
608.2814095696212,10.0
608.345094461565,11.0
608.4396381727306,12.0
608.5093800649285,13.0
608.5780135762514,12.0
608.5874441888315,11.0
608.5940149141283,10.0
608.6078735093488,9.0
608.805988566729,8.0
608.8222196018247,9.0
608.8384479138685,10.0
608.9206409863465,9.0
608.9259777227561,10.0
608.9474189392682,11.0
608.9572742626581,10.0
609.0279118681228,11.0
609.0661379962082,10.0
609.0717825544535,9.0
609.1062482765001,10.0
609.1278304204047,9.0
609.2587584142794,8.0
609.275756670533,9.0
609.6288072142174,8.0
609.6473862386395,9.0
609.8218150069008,8.0
609.936730448053,9.0
610.0461215809239,8.0
610.2145140180556,7.0
610.4601147853571,6.0
610.5858522293254,7.0
610.7094629721539,6.0
610.7486800042832,7.0
610.8070624422247,6.0
611.1133105100859,5.0
611.3435937620613,6.0
611.6148745098194,5.0
611.6871232780354,6.0
612.160769510078,7.0
612.2954370562735,8.0
612.3889715109639,9.0
612.5858227961867,8.0
612.5935703928067,9.0
612.6104434538255,10.0
612.8397693154593,11.0
612.8612205780545,12.0
612.9285309373925,13.0
612.9569469660192,14.0
613.0842223233294,15.0
613.1743495194053,14.0
613.1793968947055,15.0
613.2030594818041,16.0
613.2202841618309,17.0
613.2297376689028,18.0
613.2845163503424,19.0
613.2984387806846,18.0
613.3079452786657,17.0
613.3757654352304,18.0
613.5314762390855,19.0
613.5397074952695,18.0
613.5558881060849,19.0
613.5971912618054,18.0
613.6824434638221,17.0
613.736710074396,16.0
613.9016548786557,15.0
613.934092279628,16.0
613.9825788428019,15.0
613.9979214427767,16.0
614.122773652766,17.0
614.2523232692835,16.0
614.4415895079,17.0
614.5099758584327,16.0
614.6170165089499,15.0
614.6519510335469,14.0
614.7096958372309,13.0
614.7246762514794,14.0
614.7868847826,13.0
614.7940584159711,12.0
614.8945626916989,13.0
614.9054841960735,14.0
615.1230442964462,13.0
615.2380503901562,14.0
615.2428382720184,13.0
615.2564540365669,12.0
615.6324800027977,13.0
615.7405644479951,14.0
615.7509059363197,15.0
615.771046953718,14.0
615.8475216644987,13.0
615.9532022760393,14.0
615.9932658710042,13.0
616.0013168140019,14.0
616.0740031058403,13.0
616.0988536373985,12.0
616.1304602783656,13.0
616.4468843810517,12.0
616.5303303828653,11.0
616.8530920244325,10.0
616.9289813092918,11.0
616.9756643710134,10.0
617.001032052415,9.0
617.0736708583635,8.0
617.433717808881,7.0
617.4831656348794,6.0
617.487622957626,5.0
617.5963919764198,6.0
617.7990214038149,7.0
618.1425828868122,6.0
618.211491980989,7.0
618.3039161885868,8.0
618.3899618738056,7.0
618.676582084745,8.0
618.6917619397169,7.0
618.8261726627971,8.0
618.8336276677088,7.0
618.9297982783552,8.0
619.0111583451826,9.0
619.1224615982871,10.0
619.182541437699,9.0
619.4814462513615,8.0
619.5128276294564,7.0
619.6794967985213,8.0
619.7402294448249,7.0
619.7930108492507,6.0
620.0245397494882,5.0
620.1921778025875,6.0
620.208737466006,5.0
620.2664727112126,6.0
620.5959378472903,7.0
620.7962046178299,8.0
620.8654141223523,7.0
620.9540665169603,8.0
621.0372777157392,9.0
621.0721145398098,8.0
621.1429218330239,9.0
621.2229177724298,8.0
621.4850240978839,7.0
621.4852329706081,6.0
621.7590724782091,7.0
621.8209260710431,8.0
621.8399272564475,9.0
622.0686512261866,10.0
622.2662999246959,9.0
622.2706527305724,8.0
622.2720458168694,7.0
622.4213718941749,6.0
622.4291663478966,7.0
622.4381060671365,8.0
622.4494314676582,7.0
622.657483018248,6.0
622.663732369992,7.0
622.7693934800639,8.0
622.9434696442615,9.0
623.0019892438797,10.0
623.0561889345365,11.0
623.2158464364506,10.0
623.3394727370458,11.0
623.3508339810669,10.0
623.3559400099379,11.0
623.4927704017047,10.0
623.5367694759933,11.0
623.5894517461552,10.0
623.6187181688526,9.0
623.7528925621328,10.0
623.803585187343,11.0
623.8515933171872,12.0
623.9743006136837,11.0
624.211128265377,10.0
624.2813458824689,9.0
624.7203325934292,10.0
624.8713615628095,9.0
624.8988381060803,8.0
624.917186099424,9.0
624.9393578061861,10.0
624.9534994723284,9.0
625.148027907359,10.0
625.2111830283962,11.0
625.4785063457997,12.0
625.4915413992832,13.0
625.5712856603437,12.0
625.6925010139914,11.0
625.7204086939242,10.0
625.8098235747215,11.0
625.892310747508,12.0
625.9471001777111,11.0
625.9527119128101,12.0
625.9653457002823,11.0
626.0870441682806,12.0
626.2196505315233,11.0
626.4072324270419,10.0
626.4118250276694,9.0
626.489787795516,10.0
626.7696740149104,11.0
626.8283536158898,10.0
626.9203627415981,11.0
626.939868967452,10.0
627.1020988262986,11.0
627.1349276646077,12.0
627.1698419366069,11.0
627.1743070002925,12.0
627.1952878505424,13.0
627.3716103986972,12.0
627.4834417148597,11.0
627.5392916602825,12.0
627.5674302629459,13.0
627.6048698412218,14.0
627.7351844409534,13.0
627.8498260895403,14.0
627.9661158435977,15.0
628.2523342500265,16.0
628.3349785395937,15.0
628.3471396245678,14.0
628.3782340083968,15.0
628.4179608936562,14.0
628.449397220667,13.0
628.4987191157468,12.0
628.5013714943475,11.0
628.5421114364898,10.0
628.7787097806116,9.0
628.878633586663,8.0
628.9377280839018,9.0
629.1163558150492,10.0
629.2017832097224,11.0
629.2292913820293,10.0
629.2589196881343,9.0
629.2904819133659,10.0
629.3539277499901,11.0
629.3789002848165,10.0
629.4100565652632,9.0
629.4845860073727,10.0
629.6064345072891,9.0
629.6530712369562,10.0
629.787394941645,9.0
629.7990201080629,8.0
629.8654852661525,7.0
629.8693410424382,6.0
629.9856327934651,5.0
630.0710582157714,4.0
630.1031406614129,3.0
630.1530328865275,4.0
630.2091113120193,5.0
630.319043770701,4.0
630.5323315145592,5.0
630.8427337676771,6.0
630.9490715662924,7.0
631.0279646282524,6.0
631.201979311586,7.0
631.2324975043589,8.0
631.3320191342339,9.0
631.5172386425207,10.0
631.5294598005257,9.0
631.5491301634673,10.0
631.5920818044679,9.0
631.6007884248075,10.0
631.6362508619964,11.0
631.7327479665037,10.0
632.0057398532915,9.0
632.1520360866548,8.0
632.1613395375758,7.0
632.1748583479502,8.0
632.4251963175584,9.0
632.4457518792535,10.0
632.4706643502094,9.0
632.5004148654323,10.0
632.654347547703,9.0
632.7310973139682,8.0
632.8263751177705,7.0
632.8945510486984,6.0
633.0519211886885,7.0
633.1283905506216,6.0
633.2169256791485,5.0
633.3918780794431,6.0
633.4392863001866,5.0
633.4415866486921,6.0
633.5134085765726,7.0
633.5715799206032,6.0
633.667478141605,7.0
633.8574301821906,8.0
634.0534575615044,7.0
634.0662890217277,6.0
634.2304063710592,5.0
634.2670927546676,4.0
634.5322702942093,5.0
634.5490354332692,4.0
634.6818873169547,3.0
634.7758954598684,4.0
634.8120861741156,5.0
635.0218397976807,4.0
635.403209918492,3.0
635.5203829914776,4.0
635.5867507186623,5.0
635.7540415730431,4.0
635.7871544472615,5.0
636.1442653022526,6.0
636.1637165639162,7.0
636.3783079025814,8.0
636.5829597439097,7.0
636.6010498562924,6.0
636.7206413402969,5.0
636.8013643819095,6.0
636.9802913162565,5.0
637.0555388384772,4.0
637.1358004588108,5.0
637.16293217297,6.0
637.2073643238019,7.0
637.2847131256298,8.0
637.3515368212471,9.0
637.3991027436999,10.0
637.4772096546062,9.0
637.9150172588912,8.0
638.0349726244507,7.0
638.2131376945999,6.0
638.6402911492156,7.0
638.6976067656915,8.0
638.7466858086215,7.0
638.7641246453815,6.0
638.8351862446364,7.0
638.901052408319,6.0
638.9173820087283,7.0
639.1010433414596,8.0
639.1401156032833,7.0
639.5713020464345,6.0
639.6742197879901,7.0
639.7055261811547,6.0
639.7871829790935,5.0
640.0269669835166,4.0
640.0502667118532,5.0
640.1661588478637,6.0
640.1779783846978,7.0
640.3354905626438,8.0
640.3365478792415,7.0
640.3631963354526,8.0
640.4151287003505,7.0
640.4249642304268,8.0
640.4868583925181,9.0
640.5086175970504,10.0
640.6392592905489,9.0
640.9108297660492,8.0
641.2444490748045,7.0
641.2737085710172,6.0
641.3655712031153,5.0
641.4078728047808,4.0
641.495879949677,3.0
641.5257431975291,4.0
641.5450276984526,5.0
641.6237906161319,6.0
641.7235684806562,7.0
641.7807024424883,8.0
641.8556197314022,7.0
641.974931779729,8.0
641.9769030683578,9.0
642.130861798126,8.0
642.4580843117118,7.0
642.5918615597795,6.0
642.599299393292,5.0
642.7702182249885,4.0
642.8027744911882,3.0
642.8260754638613,2.0
642.8382870023241,3.0
643.0163964803187,4.0
643.4935581523675,5.0
643.7207127974531,6.0
643.823487624127,5.0
643.9588115694855,6.0
644.0105695256547,7.0
644.052860224731,6.0
644.3671188106811,7.0
644.6846914455806,8.0
644.6987684798839,9.0
644.7058781128926,8.0
644.7270950400031,9.0
644.7969563694346,10.0
644.9650260031783,9.0
645.1493400369823,8.0
645.2479067347518,9.0
645.3222242146759,8.0
645.3247726758794,7.0
645.4080900926552,6.0
645.4649047183466,7.0
645.7267175611684,8.0
645.8690490629228,9.0
645.8932756950192,10.0
645.905526234652,9.0
645.9815754921151,10.0
646.1239800653093,9.0
646.1711270485906,10.0
646.2804594168309,9.0
646.2999758933464,8.0
646.3666380495458,9.0
646.6108417050676,10.0
646.6489357372175,9.0
646.675979294094,10.0
646.7757292545989,9.0
646.9379745491582,10.0
646.9488160609304,11.0
647.0338001032508,12.0
647.0353310711386,13.0
647.1366084816168,14.0
647.2394670225443,13.0
647.2624296491208,14.0
647.4345463412166,15.0
647.4658627254273,14.0
647.5826039802508,13.0
647.5972519796812,12.0
647.6094669193392,13.0
647.6390862645884,12.0
647.6475462682624,11.0
647.6692447727246,12.0
647.692702614485,11.0
647.9437190606701,10.0
647.9615179794293,9.0
647.9720051698513,10.0
648.0412905111791,9.0
648.0864642930168,8.0
648.3075901526655,9.0
648.5450845962722,8.0
648.6104326119447,9.0
648.6690903817596,8.0
648.6884877677755,7.0
648.7471763012105,8.0
648.7621068418626,7.0
649.2424454694767,8.0
649.3804460814341,7.0
649.5135501397963,6.0
649.5318507036033,5.0
649.5625269606891,4.0
649.599257626989,5.0
649.790536341866,6.0
649.8562027502622,7.0
649.8855718599299,8.0
650.0213546086759,9.0
650.1048750515174,8.0
650.1710383355962,9.0
650.2705857040003,10.0
650.2857425925137,11.0
650.3652012548629,10.0
650.4017992554568,11.0
650.5249816650573,10.0
650.5549379662191,11.0
650.6390744531893,12.0
650.6701868086171,13.0
650.791153705103,14.0
650.8220320549423,13.0
650.972329790409,14.0
651.0825646062157,13.0
651.1710825034636,12.0
651.1957754761862,11.0
651.2903781418829,10.0
651.3241079451305,9.0
651.3511535460599,8.0
651.4379367475682,7.0
651.650253253681,6.0
651.7246203658201,5.0
651.8808760538784,4.0
652.053346214415,3.0
652.2437922556772,4.0
652.415650384678,3.0
652.8078059368194,2.0
653.0065220918268,3.0
653.0159500857434,4.0
653.2347263252431,5.0
653.3295496110993,6.0
653.4957535506354,7.0
653.5166997448644,8.0
653.6762692573942,9.0
653.792423376345,8.0
653.858885146003,9.0
654.1892018590178,8.0
654.2525933338272,7.0
654.2619739070119,8.0
654.2638955832543,7.0
654.339390538158,6.0
654.7492927268712,7.0
655.0336646676611,6.0
655.2406059370155,7.0
655.2812026245724,8.0
655.3853669826127,7.0
655.4710748599197,8.0
655.783363689979,7.0
655.9125396775355,8.0
656.0330145765002,7.0
656.0932593386846,6.0
656.2174626556774,5.0
656.228548902782,6.0
656.3120712558809,7.0
656.3858697959092,8.0
656.486881230178,9.0
656.6674995492788,10.0
656.8395801494436,11.0
656.9007650744933,10.0
657.0184789403364,11.0
657.1142278795156,12.0
657.1739588245343,11.0
657.231991091478,10.0
657.3389659421206,9.0
657.3606432749588,8.0
657.377474501314,7.0
657.3924182919095,8.0
657.5158239890812,7.0
657.5544380963385,8.0
657.5744238286898,7.0
657.6185720729281,6.0
657.9637876947603,7.0
658.2856090694179,6.0
658.2905715154192,5.0
658.9344891140403,4.0
658.9757397966724,3.0
658.9790439907614,2.0
658.9811919048543,3.0
659.0877229709353,4.0
659.2976129536988,5.0
659.3320399866308,6.0
659.4134300905065,7.0
659.4372872777408,8.0
659.4462252340859,9.0
659.4543213180442,10.0
659.819318890204,11.0
659.8805093280027,12.0
659.9529695833787,13.0
660.0205634134846,12.0
660.0782324507481,11.0
660.0988291654365,10.0
660.1647562702418,11.0
660.2502862097883,12.0
660.2967943245114,11.0
660.2971873627621,12.0
660.4148380270917,13.0
660.5208840497331,14.0
660.759262434914,13.0
660.8397155380726,12.0
660.8942421491065,11.0
661.0207128825128,10.0
661.0690245738317,9.0
661.1366676560713,10.0
661.1775610447485,9.0
661.3248133190141,10.0
661.4733389066591,9.0
661.5642192781132,8.0
661.600359733264,9.0
661.6684738748796,8.0
661.683142720943,7.0
661.8683566305046,6.0
661.8965521955735,5.0
661.913978612335,6.0
662.1258907361048,7.0
662.2832215271218,8.0
662.7190263986455,7.0
662.7353586197445,6.0
662.8553624092692,7.0
663.0773860022697,6.0
663.1572912543642,7.0
663.216921036765,8.0
663.2370002428277,7.0
663.3221886414887,6.0
663.3790314172954,7.0
663.499781115061,8.0
663.592191395027,9.0
663.7517156210275,8.0
663.9075031158126,9.0
664.1696254644041,8.0
664.2904589806058,9.0
664.3643499544248,8.0
664.4245081281992,7.0
664.6657996582275,8.0
664.875146744441,7.0
665.0576214821926,6.0
665.0600822494073,7.0
665.2232006333254,8.0
665.2640703965749,9.0
665.4328041418584,8.0
665.4846923876554,9.0
665.6431566264549,10.0
665.6758139177603,9.0
665.8376870106357,10.0
665.894468320585,9.0
665.9156726802074,8.0
665.993047988197,7.0
666.026914127574,8.0
666.0578882111183,7.0
666.1931310124475,6.0
666.2343593465861,7.0
666.3437152330183,6.0
666.4282852510681,5.0
666.5199843297405,6.0
666.5310895607715,5.0
666.5496165268195,6.0
666.8278249874859,7.0
666.8295987356244,8.0
667.0028892627882,9.0
667.0353229006874,8.0
667.2271033961057,7.0
667.3108960430665,6.0
667.3152665032364,5.0
667.4156266143555,4.0
667.4655750977992,3.0
667.4703331829214,4.0
667.5166486746057,5.0
667.5407174643818,6.0
667.6511038768402,7.0
667.9619828426751,6.0
668.1708853212151,5.0
668.2214201688859,6.0
668.3152119892464,5.0
668.6062107610521,6.0
668.6179162685642,7.0
668.7618004416701,8.0
668.8764973570482,7.0
668.9119091653673,8.0
669.3075304638877,7.0
669.309786498927,6.0
669.315688417876,7.0
669.4014408108145,6.0
669.4711492789261,7.0
669.5196338857888,6.0
669.5397298913954,7.0
669.6039974525727,8.0
669.6852978897807,9.0
669.7245397057652,8.0
669.7912335800909,9.0
669.9375239976101,10.0
670.0218789300567,11.0
670.0354238855418,12.0
670.0443678711133,13.0
670.3202551024158,14.0
670.3514226625108,15.0
670.3534616912261,14.0
670.4979736818847,13.0
670.5626214270347,12.0
670.5804135096187,11.0
670.6968959509607,12.0
670.7100606396361,11.0
670.7278230022223,12.0
670.7672704411098,13.0
670.9153433492202,12.0
670.9563068043401,13.0
671.0204243323975,12.0
671.0473507192651,13.0
671.2408903405117,14.0
671.264255943513,15.0
671.3319578356208,14.0
671.3656527859769,13.0
671.652475150223,12.0
671.703132414446,11.0
671.916901369604,10.0
671.9373778175687,9.0
671.958668826891,10.0
671.9642679161685,9.0
672.0164290740125,10.0
672.0176208010931,9.0
672.0649724410283,8.0
672.1902770464177,7.0
672.4734682611768,6.0
672.6014517363697,5.0
672.7473573536979,6.0
672.9182312465656,7.0
672.9502427555641,6.0
673.1317792376719,7.0
673.1393441070929,6.0
673.328762947857,7.0
673.3561659667067,8.0
673.4812086184137,9.0
673.5410170962764,8.0
673.7059617599566,9.0
673.7426943960103,8.0
673.8546477241189,9.0
673.941428770992,8.0
674.0540844078156,9.0
674.1193229816528,8.0
674.229870494663,9.0
674.3372992365571,8.0
674.3392867141577,9.0
674.4158752634615,10.0
674.4222692792076,9.0
674.5615438811425,8.0
674.8155316310082,7.0
674.8882213745402,6.0
674.9491803290862,5.0
675.1424047457152,6.0
675.2015021700538,7.0
675.2020200255499,6.0
675.3368010130652,5.0
675.3476901138222,6.0
675.4234487432165,7.0
675.4943316396099,8.0
675.5149638353829,7.0
675.714715393262,8.0
675.8105737328202,7.0
675.8654313986434,8.0
676.1650071804039,7.0
676.189728290868,8.0
676.214858194973,7.0
676.216627618593,8.0
676.5721632303695,7.0
676.740630645896,6.0
676.7625661640044,5.0
676.9685449199296,6.0
676.9694994764255,5.0
677.4668707384213,4.0
677.5841953837638,3.0
677.6304556555533,2.0
677.8330564406465,3.0
678.0297028592421,4.0
678.2622290850381,5.0
678.2931873167236,6.0
678.3481240789537,5.0
678.4148865905692,4.0
678.4720730574854,5.0
678.6246195727516,6.0
678.6375364917332,7.0
678.711414294563,6.0
678.919743474389,5.0
679.1676706844414,6.0
679.1817156953533,7.0
679.2912647716028,8.0
679.3103151072685,7.0
679.6856798520821,8.0
679.7656534077646,9.0
679.8222610806702,8.0
679.8323359331927,9.0
679.870616190513,10.0
679.9558639636633,9.0
680.0387807031573,8.0
680.1352181939526,9.0
680.1825042908853,10.0
680.2576983456444,9.0
680.3695699678838,8.0
680.3739564344696,9.0
680.607078753387,10.0
680.9834399927903,9.0
681.0656691431969,8.0
681.1973200696132,9.0
681.2476926242447,10.0
681.249823852254,11.0
681.2798787905424,10.0
681.3677096341133,11.0
681.4578594853724,12.0
681.4836212729098,13.0
681.5034138486827,14.0
681.5600697401228,13.0
681.5755177464116,12.0
681.8170427349684,13.0
681.8884829942274,12.0
681.9754499225347,11.0
682.0201855057329,10.0
682.0861257042197,9.0
682.1679063261088,10.0
682.249607456804,9.0
682.3626456161788,8.0
682.4259194108247,7.0
682.6645261286386,6.0
682.838550993353,7.0
683.0533351845548,8.0
683.0921028086942,9.0
683.2524512863853,10.0
683.502859437711,9.0
683.526216224951,10.0
683.5793382559398,11.0
684.064647345201,12.0
684.0752556245468,11.0
684.0931053543612,10.0
684.2448678016921,9.0
684.2539068645972,8.0
684.2566185201247,9.0
684.469277843719,8.0
684.5340637909118,7.0
684.7449914178752,8.0
684.7805723206299,9.0
685.0024566196398,8.0
685.1342540346853,9.0
685.3254670461473,8.0
685.4154748643228,9.0
685.5948505733091,10.0
685.6388626796897,9.0
685.770266946549,10.0
685.8144380422868,11.0
686.0618693145296,12.0
686.0628461035378,13.0
686.0995832214952,14.0
686.125537273292,15.0
686.4809480232433,14.0
686.5065325370002,13.0
686.5795719297925,12.0
686.5888891282979,11.0
686.6208389324104,10.0
686.6749231367214,9.0
686.6995231732558,8.0
686.8056789123447,7.0
686.8070556071551,8.0
686.8476580474553,9.0
686.9015154623759,8.0
687.0971738991491,7.0
687.1344811546974,6.0
687.5280194049266,5.0
687.8735823727429,4.0
688.2314835369177,5.0
688.313301931319,6.0
688.4263530675976,5.0
688.4679334226973,6.0
688.7579872750595,5.0
688.7809040889107,4.0
688.8080777576431,5.0
689.0345648073836,4.0
689.0520733664707,5.0
689.1201066157574,4.0
689.1319523077076,5.0
689.256271901779,6.0
689.3202513804192,5.0
689.3628274904198,6.0
689.388412597854,7.0
689.411885253231,8.0
689.6146038544455,9.0
689.6697876361825,8.0
689.8423209933845,7.0
689.8485597436122,6.0
689.8708960911505,5.0
689.960477635205,4.0
690.1097246564373,5.0
690.3150108496653,4.0
690.6214080541663,3.0
690.8010949893611,2.0
691.1077226289625,3.0
691.1464952330557,4.0
691.2154589991137,5.0
691.3138656259862,6.0
691.4209449819032,7.0
691.6402416394399,6.0
691.963177972922,5.0
691.9899808988864,6.0
692.0359923139899,5.0
692.5823699565809,4.0
692.8151017136938,3.0
692.8947080768044,2.0
693.0199270858826,3.0
693.1590854846997,4.0
693.5380976594232,5.0
693.5813501799563,6.0
693.6878270727321,7.0
693.7636530015587,8.0
693.9167081634615,7.0
693.9280641019707,8.0
693.9510323010987,7.0
694.3894346668044,6.0
694.5454343992974,5.0
694.5499498872571,4.0
694.58419543983,5.0
694.73679089113,4.0
694.8335527644258,5.0
694.8590583732879,4.0
694.9084636453845,5.0
694.9533618112958,6.0
695.0553530329158,7.0
695.3763920005898,8.0
695.4302384708966,7.0
695.4720276078532,8.0
695.5464719297124,9.0
695.756283091795,10.0
695.8433286959015,11.0
695.8445889944218,10.0
695.8946848194854,11.0
695.9103143211009,10.0
695.9365758777332,11.0
696.0427328946489,12.0
696.149896654881,11.0
696.1913176877849,10.0
696.2532397128897,9.0
696.4754000684625,8.0
696.5045550522057,9.0
696.5970649177717,10.0
696.6732410378304,11.0
696.7405767553093,10.0
696.8145014541518,11.0
697.0335123915055,12.0
697.1363984046311,11.0
697.1454262125532,12.0
697.1603911824074,11.0
697.2158918917303,10.0
697.3175890623472,9.0
697.337029907496,8.0
697.3471207642289,9.0
697.577450557354,8.0
697.6955849214934,7.0
697.9497728102548,6.0
698.2114880588739,7.0
698.3337813206914,6.0
698.4612143253058,7.0
698.566205114951,6.0
698.7110488893678,7.0
698.8162358696544,6.0
698.9227677493399,5.0
698.9482787719959,6.0
699.1596816050153,7.0
699.2093172545501,6.0
699.3622640632834,5.0
699.710038158544,6.0
699.7336600977833,7.0
699.7474168315952,6.0
699.9101404632205,5.0
699.9878697719704,6.0
700.1685748646507,5.0
700.177816346169,6.0
700.2521613582779,5.0
700.4542135170044,6.0
700.548624646962,7.0
700.6272339760433,8.0
700.6757883837676,9.0
700.7225755244416,8.0
700.8100742827326,9.0
700.9608780865003,10.0
701.1073804313974,9.0
701.1418090091037,8.0
701.1581171837595,7.0
701.2109055873765,8.0
701.323323742271,7.0
701.5924244767409,8.0
701.7270567590806,7.0
701.7985553273301,6.0
701.803101312538,7.0
701.9892791464105,6.0
702.163433863813,5.0
702.2261523110362,6.0
702.5094703244672,5.0
702.5742453041773,4.0
702.5986583945086,5.0
702.7520776600325,4.0
702.8296307262858,3.0
703.0238862874927,2.0
703.07161470713,3.0
703.2105933124823,4.0
703.2689907164165,5.0
703.314771480911,6.0
703.3551580482842,7.0
703.5310561325907,8.0
703.6809142940658,9.0
703.8843637723052,8.0
703.9277417062523,7.0
704.0277023136887,8.0
704.1875281386073,7.0
704.2656776002832,6.0
704.4011230262563,5.0
704.5162828191832,6.0
704.5390039751686,5.0
704.6026058765273,4.0
704.989096882146,5.0
705.0364427561974,6.0
705.037585494085,5.0
705.1424771278329,4.0
705.5276608849184,5.0
705.5673369620943,6.0
705.6334852590874,7.0
706.1381693511682,6.0
706.1909555511608,5.0
706.3187213078925,6.0
706.4027800911601,7.0
706.4631516817501,8.0
706.6055322444548,7.0
706.6313287294975,6.0
706.9217900646713,5.0
706.9549718835401,6.0
707.007438347646,7.0
707.1047304755095,6.0
707.307437291319,7.0
707.5755444828455,6.0
707.7016848603607,7.0
707.9240400828105,8.0
707.9662314407062,9.0
708.092225666885,10.0
708.2560449477647,11.0
708.2667805079736,10.0
708.4751779056745,9.0
708.5506023088602,8.0
708.6184186611072,9.0
708.6573592428662,8.0
708.7026613617346,9.0
708.8415504728393,8.0
709.0124029918071,7.0
709.1331222099641,8.0
709.4265612218074,7.0
709.5149873725803,6.0
709.5300721690978,7.0
709.5487159807833,6.0
709.6876764474613,5.0
709.8138225107194,6.0
709.8170267716063,7.0
709.8507673991757,8.0
710.1081632235869,7.0
710.3750881105944,6.0
710.429681249257,7.0
710.8107851411837,8.0
710.8416162129785,7.0
710.9370327694282,8.0
710.9951465787175,7.0
711.0454612345638,8.0
711.0495369049706,9.0
711.2272768299562,10.0
711.2384214122627,11.0
711.3077341605294,10.0
711.3162627275526,9.0
711.7488382459669,8.0
711.9203152118341,9.0
711.922825743184,8.0
711.940413146544,9.0
711.9410575128271,8.0
712.0179256015099,9.0
712.036719486924,10.0
712.1338941783366,11.0
712.1724350273254,12.0
712.2933462277983,13.0
712.3082317998895,14.0
712.3096455727549,13.0
712.5124404898019,12.0
712.5690659528974,11.0
712.8153202122791,12.0
712.9697505080987,13.0
713.1713196390466,14.0
713.2674529927702,15.0
713.3573436356058,14.0
713.4460426073911,13.0
713.5490800699635,12.0
713.6203575131865,13.0
713.6526180020818,12.0
713.6587646786512,11.0
713.6982111459141,10.0
713.8716919134607,9.0
713.903733428448,10.0
713.9217061349962,9.0
713.9801756259354,8.0
714.1350773873144,9.0
714.2162286748373,10.0
714.2972711158418,9.0
714.3111419387582,10.0
714.311389712342,11.0
714.3497027387382,10.0
714.6761669483486,11.0
714.7321263464256,10.0
714.9019889335827,9.0
714.9157582772668,8.0
714.9679617526328,9.0
715.0461632944196,8.0
715.1181341646324,7.0
715.1811206181982,6.0
715.2804646492639,5.0
715.312108259226,4.0
715.3826250541415,3.0
715.4292791214294,4.0
715.4710176797589,5.0
715.5918113809878,6.0
715.6829579762359,7.0
715.944636806417,8.0
715.96442854129,7.0
716.2931070907102,6.0
716.3111749364402,5.0
716.3642095384058,6.0
716.6578453425618,5.0
716.6583597050637,6.0
716.7183470606291,7.0
716.7692529067253,6.0
716.8242833849266,5.0
716.9056241364635,6.0
717.0116512907817,7.0
717.3492659103894,8.0
717.3608385081498,9.0
717.3909526071974,10.0
717.3932883718921,11.0
717.4053850959602,12.0
717.4224829086501,11.0
717.5436752016901,10.0
717.683435500879,9.0
717.6978650516844,8.0
717.71683232979,7.0
717.884677252096,6.0
717.9587647137581,7.0
717.9763448790621,6.0
718.0158367154379,5.0
718.0418991054136,4.0
718.1423486497165,3.0
718.4804546837689,4.0
718.6235272295448,3.0
718.944811562514,4.0
719.072035935556,5.0
719.3059791334316,6.0
719.7114866388305,7.0
719.9102133722438,8.0
719.9821156667143,9.0
720.0381941589775,10.0
720.1145869642094,9.0
720.2041122544961,10.0
720.2044667303519,9.0
720.2231043295576,10.0
720.6012776960041,9.0
720.6133988735244,10.0
720.6305551467656,11.0
720.6651128610558,10.0
720.7460625777745,9.0
720.9539452554683,10.0
721.1776536192572,11.0
721.2034245595086,12.0
721.2239530759052,11.0
721.2334398937419,12.0
721.3592368283541,13.0
721.3815628185802,14.0
721.3962377273222,15.0
721.4547084016627,16.0
721.4903636866156,15.0
721.6864608434382,14.0
721.8110285165458,13.0
721.8436419136924,12.0
721.877223673168,11.0
721.890610203359,12.0
721.9037771458394,13.0
722.0621555857059,12.0
722.1279023103017,11.0
722.2005067208814,10.0
722.4087698073936,9.0
722.4634550257075,8.0
722.4680501953774,9.0
722.5241668407715,8.0
722.681864816409,7.0
722.776827283584,6.0
722.8325677471321,5.0
723.150462856431,6.0
723.2770403378828,5.0
723.2809441391593,4.0
723.2956531474794,5.0
723.4259425949382,6.0
723.4364622279304,7.0
723.5718748743237,6.0
723.5755776661125,7.0
723.6646822934748,8.0
723.7367596338145,7.0
723.7633730822206,8.0
723.915425164492,9.0
723.9666374501296,10.0
724.0820319907899,9.0
724.0840250131025,8.0
724.1178488060732,7.0
724.1931397850441,6.0
724.2436802890326,5.0
724.3516786163348,6.0
724.485804841901,7.0
724.5046214318915,6.0
724.7816822209089,5.0
724.9138114227309,6.0
724.9171933774289,5.0
725.0051797877965,4.0
725.252811512214,5.0
725.2737836526644,6.0
725.3226220238686,7.0
725.3634679749956,6.0
725.4756947029472,5.0
725.9022581094395,4.0
726.0081777770588,5.0
726.0593432613247,6.0
726.0702457224991,5.0
726.0716524007441,6.0
726.0828316204285,5.0
726.3057927313599,4.0
726.3160600411392,5.0
726.3204020257112,6.0
726.4774311318216,7.0
726.559129386896,6.0
726.8535955744092,5.0
727.2418184675428,4.0
727.2746284953228,3.0
727.4892773750812,4.0
727.576603326976,5.0
727.652153711578,4.0
728.0246191602653,5.0
728.5209208293012,4.0
728.7752681259657,3.0
728.8655162997939,2.0
728.9598246772646,3.0
729.1035644501985,2.0
729.2666263336617,3.0
729.4329917420265,2.0
729.7847485845748,1.0
729.9746734954272,2.0
729.9957087164921,1.0
730.2293788204632,2.0
730.2670794345838,3.0
730.3251110749,4.0
730.5989089820031,5.0
730.8465439826151,4.0
730.8919354412164,3.0
731.1174338479412,2.0
731.2810158655533,3.0
731.6647831409249,4.0
731.7837758331225,5.0
731.8889201200924,4.0
731.8955391216164,5.0
731.9495176148178,6.0
732.0041362826016,7.0
732.0341899732897,6.0
732.252490996467,7.0
732.2937781101936,6.0
732.4556739686466,7.0
732.5974357131292,6.0
732.7648351747945,7.0
732.826569106069,6.0
733.0423166540282,5.0
733.0691467503069,6.0
733.1186032448032,7.0
733.2415393241313,8.0
733.2605619384091,7.0
733.2762938003292,8.0
733.3390246484689,7.0
733.4383218144211,8.0
733.7050481993003,9.0
733.7954140709143,8.0
733.832584538153,7.0
734.0825199844569,6.0
734.2795220196635,7.0
734.3518098749516,6.0
734.3733444008031,5.0
734.4285395632847,4.0
734.4812738351313,5.0
734.525220252779,4.0
734.6767021789606,3.0
734.7839591084555,4.0
735.3977820525731,5.0
735.4569316316788,4.0
735.6721207781557,5.0
735.7298457069617,4.0
735.797149080745,5.0
735.9539313872666,6.0
736.1094317290095,7.0
736.41644635418,8.0
736.4508230699278,9.0
736.5434672900018,8.0
736.6322365940996,7.0
736.6323450660458,8.0
736.6799843326146,7.0
736.7404888260468,6.0
736.7476836445051,5.0
736.9456769134778,4.0
736.956080344394,5.0
736.9588108857387,6.0
737.1284079670902,7.0
737.1900586769481,6.0
737.5642302842369,7.0
737.5796187506171,6.0
737.6592449788543,5.0
737.7988840349027,6.0
737.9047039771654,7.0
738.0924574883629,8.0
738.0964531403259,7.0
738.1548017320391,6.0
738.4459648671323,7.0
738.4509287100916,6.0
738.6082269377428,5.0
738.6724282023908,6.0
738.863496693122,5.0
739.0817660566878,6.0
739.158145258946,7.0
739.2907916223235,6.0
739.6141213843168,7.0
739.6368615490724,6.0
739.6980003466822,5.0
739.7174053369891,6.0
739.7226224176976,7.0
739.7366503801045,8.0
740.0647251910185,9.0
740.1715667781931,10.0
740.3329099547275,9.0
740.4697450433353,8.0
740.5091001124874,9.0
740.8810361856057,10.0
740.8907106556904,9.0
740.958624820943,8.0
740.9946160926511,7.0
741.0250009831254,6.0
741.0542646497739,7.0
741.2026387802622,8.0
741.3254900075999,7.0
741.3476662849387,6.0
741.3988311405585,7.0
741.4008036226439,8.0
741.5193109176632,9.0
741.5866239973038,8.0
741.6548728673029,7.0
741.7176064234262,6.0
741.7627723127982,7.0
741.9370922452903,8.0
741.9630486976754,9.0
742.1708946334254,10.0
742.2748838532082,11.0
742.2908017510838,10.0
742.3074280325037,11.0
742.4011126384815,12.0
742.4343005656721,13.0
742.4481643415656,12.0
742.5532208991424,13.0
742.5711372297505,14.0
742.6471816322353,15.0
742.7660106779513,14.0
742.9698018555822,13.0
742.9748384223175,12.0
743.0291179134128,11.0
743.0506362857062,12.0
743.1355289745092,11.0
743.1496729626012,10.0
743.1653319063317,9.0
743.3823209891048,10.0
743.5412812847981,9.0
743.5422343891211,10.0
743.6732403797849,9.0
743.7932456668013,10.0
743.9515275463832,9.0
743.9672481691455,8.0
744.0624995704503,9.0
744.100800920111,10.0
744.1250574524596,9.0
744.3667126367375,8.0
744.5824259074355,7.0
744.6328288429378,8.0
744.6750987702757,7.0
745.1820875094256,8.0
745.2803109277902,9.0
745.2853179169616,8.0
745.392092005529,9.0
745.4030575122383,10.0
745.4684065616622,11.0
745.627181158592,10.0
745.8200730292028,11.0
746.0209556804136,10.0
746.133634445155,11.0
746.341316898886,12.0
746.3471604903831,13.0
746.5414039192561,14.0
746.6309551971054,13.0
746.6340970169776,12.0
746.6688016428506,13.0
746.6821049806742,14.0
746.7147721213538,13.0
747.0205700386983,12.0
747.0399811084723,11.0
747.1126559193603,10.0
747.2592969739247,9.0
747.3175398989205,8.0
747.5063095938134,9.0
747.5398082888292,10.0
747.6251356492414,9.0
747.6718290792412,10.0
747.6772459650011,11.0
747.8343954029939,10.0
747.9489952967587,9.0
748.0662164906734,8.0
748.2398953376035,7.0
748.297196343817,8.0
748.3231996923123,9.0
748.3687675631978,10.0
748.383259529067,11.0
748.4033136041334,10.0
748.5153706852132,11.0
748.5953404624548,10.0
748.6826033490793,11.0
748.8203258132733,12.0
748.8407685476249,13.0
748.8964881414003,14.0
749.2326917916414,15.0
749.2740552708173,14.0
749.2992115461738,13.0
749.3618764996264,14.0
749.5028366154995,13.0
749.503209971783,12.0
749.5865170942274,13.0
749.5936956683591,12.0
749.5944360975506,11.0
749.8690125894116,10.0
749.8751841053422,9.0
749.9673062191346,8.0
749.9747406503202,7.0
749.9810425542582,8.0
750.0348727470607,9.0
750.1282831227329,8.0
750.2303813695235,7.0
750.2791455208869,8.0
750.3399651675991,9.0
750.495960177416,10.0
750.499542393403,9.0
750.5201128877159,8.0
750.8001346261605,9.0
751.0165843334455,8.0
751.0380426422586,7.0
751.1116529682355,8.0
751.1383483564554,7.0
751.5709723992529,6.0
751.6019669089025,7.0
751.7686327953719,6.0
751.7692021992352,5.0
751.8766470648741,6.0
752.0663149618027,5.0
752.5236660894647,4.0
752.5760767211607,3.0
752.6574770725227,2.0
752.7912731152966,3.0
753.4902309457893,2.0
753.5353200975733,3.0
753.5674122395483,4.0
753.6386845044829,5.0
753.7327453646924,6.0
754.212999730905,5.0
754.3929479564392,4.0
754.5106465132641,5.0
754.717968992606,6.0
754.8161699688214,5.0
754.8579332627277,4.0
754.8582647112349,5.0
755.037570032925,6.0
755.095905239847,7.0
755.0997527611441,6.0
755.1916456335663,7.0
755.3974432428523,6.0
755.6267872301419,7.0
755.7743529616129,6.0
755.8665315526307,5.0
755.886209222374,4.0
756.0310587368921,5.0
756.057800134489,6.0
756.1556580199614,5.0
756.3722567091702,4.0
756.4336134131995,3.0
756.502226466491,4.0
756.5621692851806,5.0
756.7400946262392,6.0
756.862878242742,7.0
757.014958916668,8.0
757.0585176566269,7.0
757.0719147286369,8.0
757.105393547984,7.0
757.1532988647233,8.0
757.2438095393071,7.0
757.4066461030584,8.0
757.4129752146977,7.0
757.5644694326076,8.0
757.6391933115917,7.0
757.6394361520867,6.0
757.6899716436683,7.0
757.7401362012923,8.0
757.8150817894854,9.0
757.8863847836008,10.0
758.1514311080675,11.0
758.2096072085075,12.0
758.2099635432971,13.0
758.258033853307,14.0
758.3493384951933,13.0
758.4593622009559,12.0
758.4802305920439,11.0
758.542391693084,12.0
758.5922461277079,11.0
758.7417617226303,10.0
758.8175147739823,9.0
758.8940021902171,8.0
758.9805147524288,9.0
759.1148276540554,8.0
759.2982006957448,7.0
759.3004697464412,8.0
759.3274732681112,7.0
759.7903683000891,8.0
759.9475449473047,7.0
760.0588057101722,6.0
760.202753732489,5.0
760.2849614919743,6.0
760.5989492304302,5.0
760.6244917336728,4.0
760.7941804932427,5.0
760.9124536424687,6.0
760.9508805528039,7.0
760.9997095496278,6.0
761.0009658847613,7.0
761.235076243147,8.0
761.4365700436531,9.0
761.4481283364073,8.0
761.5594414625372,7.0
761.6591333812381,8.0
761.7088982351609,9.0
761.800301211636,10.0
761.8926774055001,11.0
761.9460236474439,12.0
761.9864674514715,13.0
762.1380609847168,12.0
762.2147205001929,11.0
762.2659566672387,10.0
762.2973605454414,11.0
762.370265018487,12.0
762.4154418028517,13.0
762.5763406341686,12.0
762.67986747265,11.0
762.7394883898054,10.0
762.8142777460716,9.0
762.8766914536834,10.0
762.9206471183652,9.0
762.9672082637255,10.0
763.0014365991676,9.0
763.0420774425779,10.0
763.0663747020527,9.0
763.072931543896,8.0
763.0816375376527,7.0
763.1308845144738,6.0
763.5731608962942,5.0
763.6491709233723,4.0
763.8652445555136,3.0
764.1821350688434,4.0
764.3113923485892,5.0
764.3645799622504,6.0
764.5003884871804,5.0
764.5525827741965,4.0
764.8806956162662,5.0
765.3153936285986,6.0
765.3728423059706,7.0
765.4630203620499,8.0
765.5666647691982,7.0
765.5743087643216,8.0
765.6400208119416,9.0
765.6789088155145,8.0
765.868101425541,7.0
766.2320844262271,6.0
766.2886387509343,5.0
766.434134600118,6.0
766.8746755679614,7.0
767.1083026037638,8.0
767.1531308152572,7.0
767.2109362786848,8.0
767.282085440374,7.0
767.3844891398292,8.0
767.5023546988979,7.0
767.5565383430675,8.0
767.7887622571529,9.0
767.9265324191077,8.0
767.9738081089897,9.0
768.0941612558904,8.0
768.1388777220866,9.0
768.2130219147156,8.0
768.2421732886199,9.0
768.2874424274441,8.0
768.3493038935073,9.0
768.3499722196518,8.0
768.5251213796414,9.0
768.5314135461779,8.0
768.6466063967347,7.0
768.7407690216714,8.0
768.9027048038868,9.0
769.2536944524265,8.0
769.492526108094,7.0
769.7052717221729,8.0
769.7594410911673,9.0
769.860234073676,8.0
769.8612497023017,9.0
769.8916795971663,10.0
769.8983356047489,9.0
770.0455330699211,10.0
770.067031831665,11.0
770.1354647470403,10.0
770.2699634439425,11.0
770.3460188111435,10.0
770.421918723049,9.0
770.4271310603033,10.0
770.4699904590599,11.0
770.6069925600069,10.0
770.607077010226,11.0
770.6409547465142,12.0
770.6657782974767,11.0
770.6812458485379,10.0
770.925747027615,9.0
771.0352260392215,10.0
771.0412922511031,9.0
771.1817473967883,8.0
771.2117579851891,9.0
771.3324749028341,8.0
771.4197205766889,9.0
771.5484237970832,8.0
771.881407884375,7.0
771.9621830263977,6.0
771.9945878047766,7.0
772.0054982229383,8.0
772.0460708412563,9.0
772.2054001652218,10.0
772.3611631654674,11.0
772.4484645348825,12.0
772.4497694673728,11.0
772.4734086981457,10.0
772.5313592045806,9.0
772.5403706144026,8.0
772.5775046234382,7.0
773.1332815187994,8.0
773.1975634239834,7.0
773.2744271231765,8.0
773.4909487657438,9.0
773.5249481646042,8.0
773.6720561475728,9.0
773.7342927644795,10.0
773.8722794884226,11.0
773.9181508066051,12.0
774.2226097265294,11.0
774.3843134554967,10.0
774.4030119484588,9.0
774.4336770242884,8.0
774.4690383021832,7.0
774.4959835470142,8.0
774.5933111421795,7.0
774.7058930070376,6.0
774.7486873968203,7.0
774.776555601144,8.0
775.3595181666531,9.0
775.4390413507,8.0
775.5800339654756,9.0
775.639934902786,10.0
775.8137592034287,9.0
775.8223730957582,8.0
775.8843304482965,7.0
776.1533225104632,8.0
776.3619000685599,9.0
776.690236684363,10.0
776.6906725685334,11.0
776.8131745575062,10.0
776.9041359594316,9.0
776.9440562670225,8.0
776.9928388660458,7.0
777.063457260711,6.0
777.3049808106147,7.0
777.4972659977847,6.0
777.543980576764,7.0
777.5652689459257,8.0
777.6613060608545,7.0
777.7899120533924,6.0
777.8191295584066,5.0
777.8767625609502,6.0
777.8787402537712,7.0
778.2007170982989,8.0
778.3201696773154,7.0
778.3914770669855,6.0
778.4235148471831,5.0
778.7463459148297,6.0
778.7810330612618,5.0
778.7892670361233,4.0
779.1912504021443,5.0
779.2588847242225,6.0
779.2961830002847,7.0
779.4297953092666,8.0
779.5719237044991,9.0
780.0730401726682,8.0
780.1270974731148,7.0
780.2124211445631,6.0
780.2518918277879,7.0
780.2547469691821,8.0
780.3574091014301,7.0
780.6098840718266,6.0
780.6683673632108,5.0
780.7359535891436,6.0
780.8302157789481,7.0
780.8643284486049,8.0
781.1884183422256,9.0
781.1965809055815,8.0
781.3138397011725,9.0
781.4090518148333,10.0
781.4555278493403,11.0
781.7826217930661,12.0
781.8757079422834,11.0
782.0225288843715,12.0
782.040886319061,13.0
782.0652947671108,12.0
782.0880673790176,11.0
782.0994176973303,10.0
782.1090892104501,9.0
782.1376350672423,10.0
782.2380807306772,9.0
782.2822986551323,8.0
782.4958550395179,7.0
782.6147125107462,8.0
782.6566151607324,7.0
782.7686227076349,8.0
782.7759848693825,9.0
782.8017165727152,10.0
782.949061258425,11.0
783.0059646607031,10.0
783.0326429198385,9.0
783.2366866620581,10.0
783.2728786546709,9.0
783.3568628820332,8.0
783.4181559026637,9.0
783.455422973905,8.0
783.4563288543569,7.0
783.6098162048565,8.0
783.8173947172936,9.0
783.8266745662387,10.0
783.9246693742263,9.0
784.0540374192154,10.0
784.157133501581,11.0
784.2081887225287,10.0
784.412424556142,9.0
784.43461274086,10.0
784.5834713415989,11.0
784.6790731193439,10.0
784.7593220380382,11.0
784.7833869922823,10.0
784.9454537090065,9.0
785.0569982164681,8.0
785.0665294677773,9.0
785.132468108001,10.0
785.1444686328468,11.0
785.2138499765158,10.0
785.3781230671636,11.0
785.4462811595002,12.0
785.4891618101005,11.0
785.6712492050738,10.0
785.758421550937,9.0
785.7696885516198,10.0
785.8108999898235,11.0
785.9465803389146,10.0
786.0726203066655,9.0
786.095188769979,10.0
786.1063434440663,9.0
786.2296645445118,8.0
786.3479051058908,7.0
786.405917042997,8.0
786.4272133132563,7.0
786.4272401615923,8.0
786.6036959082467,9.0
786.6883223724889,10.0
786.8016921920463,11.0
786.8930493260634,12.0
786.9245992187683,13.0
787.0512771586519,12.0
787.1023143859683,11.0
787.2252536146506,10.0
787.2430544646695,9.0
787.3286410362434,10.0
787.434923827715,9.0
787.4903802586936,10.0
787.4961128165394,11.0
787.5415848543626,12.0
787.6558788318779,13.0
787.7543246304084,12.0
787.7684781158515,13.0
787.8181777417299,12.0
787.9217504563878,13.0
788.0194051279262,12.0
788.0470419534267,11.0
788.1544819208235,10.0
788.2496878418495,11.0
788.2712481371439,10.0
789.2169717164139,11.0
789.3030961004621,12.0
789.4643229119813,11.0
789.5241608447224,12.0
789.582134641172,11.0
789.8450361353293,12.0
789.8479043558918,11.0
789.8702781175114,12.0
790.1004618442967,13.0
790.1705002101972,12.0
790.3088763813184,11.0
790.5368222776548,10.0
790.5404230965534,11.0
790.5592325924088,10.0
790.5614220685022,9.0
790.5845414725068,10.0
790.6233040009525,9.0
790.7528923561172,8.0
790.7611445401418,7.0
790.8146024654028,6.0
790.8440791276666,5.0
790.8864423353215,6.0
791.1053377095623,7.0
791.1660029276741,8.0
791.4456968330733,7.0
791.5267997328249,8.0
791.5735623006884,9.0
791.5979639459943,8.0
791.6703309561309,7.0
791.7138267370656,6.0
791.9460207668509,7.0
791.9992533362765,8.0
792.1523800627316,7.0
792.3330726425572,6.0
792.5151634409935,7.0
792.5952200702757,6.0
792.6794468645292,5.0
792.8294734843105,4.0
793.0252607526714,5.0
793.0685613373429,6.0
793.188075487915,7.0
793.21977090906,6.0
793.256076123736,7.0
793.2580628363995,6.0
793.3569893999571,5.0
793.3954331607924,6.0
793.638103103582,7.0
793.6618123652204,8.0
793.8623973131397,9.0
793.8732217164743,10.0
793.9110754771592,11.0
793.9869498093948,10.0
794.1758848986914,11.0
794.2340161323542,10.0
794.2541375505396,9.0
794.3587659730001,10.0
794.4637959931507,9.0
794.5223493280746,8.0
794.6412588753257,9.0
794.6484605594055,8.0
794.8002457050301,9.0
794.9431309866496,8.0
794.9445023785305,9.0
795.034967911711,10.0
795.2376908512682,9.0
795.3431860563466,8.0
795.4604707982811,7.0
795.5481001377495,8.0
795.8623713083705,7.0
795.892910373339,6.0
796.1338402466419,5.0
796.1520148858152,4.0
796.3372587458708,5.0
796.4319841066567,6.0
796.5672061872435,5.0
796.9620329858351,4.0
797.0185172304848,5.0
797.1949391800938,4.0
797.2018095071959,3.0
797.2881052882836,4.0
797.322268802639,3.0
797.496958016667,4.0
798.0362536185505,5.0
798.1127962638575,4.0
798.1812141188939,5.0
798.2310465377429,6.0
798.295445798089,7.0
798.3565144641874,8.0
798.8161078948863,7.0
798.9353978692521,8.0
798.9631436609245,9.0
799.0026752985893,8.0
799.0489652216654,9.0
799.0931511177675,8.0
799.1417053795541,7.0
799.1697124126879,8.0
799.2559121623505,7.0
799.5670960284099,6.0
799.6282764704916,7.0
799.6502714054596,8.0
799.8283622337274,7.0
799.910246938159,8.0
800.0376193730608,7.0
800.0520077246673,6.0
800.2166152241666,7.0
800.3349384638587,6.0
800.3553278257777,7.0
800.3728909690564,6.0
800.3889890308037,5.0
800.4914726503471,6.0
800.5040803072094,7.0
800.5686272118173,8.0
800.708580996508,9.0
800.7362833399396,10.0
800.7438763655357,9.0
800.7759715956806,10.0
800.9114013062967,9.0
800.9258046813692,8.0
801.2805373625569,7.0
801.379810526412,6.0
801.5076942411762,7.0
801.5276658796088,6.0
801.580601012331,5.0
801.7510395125348,6.0
802.0258747410545,5.0
802.0443518716914,6.0
802.189196515209,7.0
802.3019792544765,6.0
802.5839777018687,7.0
802.6145707774374,6.0
802.7926824678538,5.0
802.8332629332452,4.0
802.8700729384243,3.0
802.9343934584218,4.0
803.1167687799383,5.0
803.1912893033984,4.0
803.3798893913457,5.0
803.5440291176232,6.0
803.5608530849994,7.0
803.7291858854333,8.0
803.9447195362541,7.0
804.0116985424127,8.0
804.1177762942825,7.0
804.1424662210354,8.0
804.1433547723227,9.0
804.2265650704082,10.0
804.2347377448991,9.0
804.2715321491307,8.0
804.4068893773248,7.0
804.464240996454,8.0
804.601506723407,7.0
804.6490760966575,8.0
804.6919678003115,7.0
804.7059337836138,6.0
804.7482140079311,7.0
804.9840383734739,8.0
805.1698627108161,9.0
805.3162437417193,8.0
805.3218652716193,7.0
805.4196900511994,8.0
805.4977481053902,7.0
805.5393077597473,8.0
805.5515423598199,7.0
805.5993735106954,8.0
805.7538062129366,9.0
805.7753543243965,8.0
806.0067639013206,9.0
806.0836711289336,8.0
806.1282017774762,9.0
806.1684267938818,10.0
806.2848920251789,9.0
806.3784448750965,8.0
806.3831711858086,9.0
806.3872772686251,10.0
806.4055773465864,9.0
806.5545510178838,10.0
806.5925672311874,11.0
806.7957223379996,10.0
806.8862300766624,11.0
806.9175812614038,12.0
806.9499424208548,11.0
806.9600742787547,10.0
807.0370889060463,9.0
807.2045288197216,10.0
807.2242016413737,11.0
807.2573969227697,12.0
807.3071162840042,11.0
807.5536482965776,12.0
807.7788662071047,11.0
807.7954542595852,12.0
807.8596962885495,11.0
807.8678875629126,10.0
807.8812772190607,9.0
808.0401549329035,8.0
808.0494294614264,7.0
808.1541328166377,6.0
808.2554878440279,5.0
808.2698177189732,4.0
808.3382219117416,5.0
808.4448618576005,4.0
808.5161979376627,5.0
808.5818328885586,4.0
808.7598385526054,3.0
808.7777459553018,4.0
808.811034927343,5.0
808.8744802703058,6.0
809.2013133685654,7.0
809.2603355275828,8.0
809.2752001990214,7.0
809.3774294991423,6.0
809.5197020537754,7.0
809.6943555981316,8.0
809.7075781455593,9.0
809.743170399656,8.0
809.8684449446995,9.0
809.9276604682403,8.0
810.3462470209374,7.0
810.4089460083104,6.0
810.4485892637191,7.0
810.4842605573454,6.0
810.6313855549027,7.0
810.6958232426422,8.0
810.6965061516295,7.0
810.7944381733932,6.0
810.9356389906022,7.0
811.0739153932204,8.0
811.1330067265736,9.0
811.2139671390074,8.0
811.3125599827149,7.0
811.4269973324675,8.0
811.5087218394085,9.0
811.5532015478293,8.0
811.7860871065579,9.0
811.8058342194623,10.0
811.8508169898981,11.0
811.899795501295,12.0
811.9040339170147,13.0
811.937416848557,12.0
812.0516789012406,13.0
812.2466090753641,14.0
812.3253816311392,13.0
812.4513077996244,12.0
812.4946309500089,11.0
812.5227439903397,12.0
812.5317636537388,11.0
812.7404048913556,10.0
812.7621560820897,11.0
813.0447939087038,10.0
813.2289931212038,9.0
813.2891720253429,8.0
813.5809614868137,7.0
813.6758410705668,6.0
813.7006229238997,5.0
813.8189221184558,6.0
813.9364860725988,5.0
813.9813327870354,6.0
814.1167292773416,7.0
814.4612589367329,8.0
814.6291908741641,9.0
814.7622368405478,8.0
814.9673371210129,9.0
815.0393043189927,8.0
815.1339697976808,9.0
815.3959514971392,8.0
815.464615229844,9.0
815.4692295747697,10.0
815.4750676429338,11.0
815.57296101633,10.0
815.6030444896523,9.0
815.6664490920105,8.0
815.7078305039373,9.0
815.7508783883844,10.0
815.8267027462621,11.0
815.9896653746434,12.0
816.0910882818234,11.0
816.2430712486257,10.0
816.3304707135542,9.0
816.4419611887089,10.0
816.5330656035491,9.0
816.6299030188643,10.0
816.6406520933733,11.0
816.6423254814549,10.0
816.7347935065084,11.0
816.7558332371389,12.0
817.0678129917947,11.0
817.0831293398726,10.0
817.1979363613506,11.0
817.2642251085247,10.0
817.4176613430546,9.0
817.5014288506774,8.0
817.6369002221496,9.0
817.6964358149652,8.0
817.7038109105512,7.0
817.8301896614566,8.0
817.8752691527989,9.0
817.8813084909216,8.0
817.885550084507,7.0
818.1217209042902,6.0
818.3401366457115,5.0
818.3468313927267,6.0
818.3682203965752,7.0
818.499415026239,8.0
818.5639490221665,7.0
818.7842949564649,6.0
818.8882177062599,7.0
818.9459023284475,8.0
818.9931930130035,7.0
819.0850690503673,8.0
819.1230106017216,9.0
819.1298691537697,10.0
819.1301671007959,9.0
819.2457472943557,8.0
819.3263939333926,7.0
819.6481436141411,6.0
819.7756258588824,7.0
819.808356345464,8.0
819.8775247961146,9.0
819.9504856571181,10.0
820.0198905297532,9.0
820.0867097308584,10.0
820.0975666565113,11.0
820.2646708580963,12.0
820.4486133116967,11.0
820.5161708838717,10.0
820.6883283615093,9.0
820.7162139418841,10.0
820.7345110928686,11.0
820.7637255784391,10.0
820.776374348911,9.0
821.0161371835785,8.0
821.0304765707493,7.0
821.1021444893111,8.0
821.1094292831488,9.0
821.1202294346382,8.0
821.1301548094918,7.0
821.180304775053,8.0
821.4141011130073,7.0
821.7918465476731,6.0
821.8026054600984,7.0
821.8611099172995,6.0
821.9702932055393,7.0
822.2798447607657,6.0
822.4245956020478,7.0
822.4338865561152,6.0
822.4952815186828,5.0
822.6657977824531,4.0
822.7406991430314,5.0
822.7732174054355,6.0
822.7873673898653,7.0
823.0221790435622,6.0
823.0274401698083,7.0
823.1807208835523,8.0
823.3302947350877,7.0
823.3722840095903,8.0
823.5189223206797,7.0
823.598730317487,8.0
823.6696633364921,9.0
823.6785162991501,10.0
823.7067565812342,9.0
823.7341374912314,10.0
823.7802498447982,11.0
823.8988197759936,10.0
824.2871377394148,11.0
824.3115403879783,10.0
824.55832537214,9.0
824.5618047495814,10.0
824.6744418011643,9.0
824.6960431366152,10.0
824.7341470937866,11.0
824.7782831784152,10.0
824.8062963080221,11.0
824.991876614292,12.0
824.9987488229403,13.0
825.072077491365,12.0
825.2174313319273,13.0
825.255627285655,14.0
825.2809939798186,13.0
825.3841103927508,12.0
825.450182280502,11.0
825.476722765026,12.0
825.5718117835046,13.0
825.5794525873262,12.0
825.6200147392815,11.0
825.6979939590517,10.0
825.7877572700731,9.0
825.8505971191363,8.0
826.1134009626074,9.0
826.2726431867032,8.0
826.4760952673015,9.0
826.6494481892087,10.0
826.7067033792048,11.0
826.7988975584217,12.0
826.839593457924,13.0
826.857808341501,12.0
826.956489122794,13.0
827.0735829093309,14.0
827.0857225984587,13.0
827.159255642944,14.0
827.1672396196332,13.0
827.182072076953,14.0
827.2877526183248,15.0
827.387458637413,14.0
827.4024650953187,13.0
827.4078695920207,12.0
827.6587097209326,11.0
827.7197223093649,12.0
827.8524618576108,11.0
827.934469329629,10.0
828.0414179838323,9.0
828.2407387542082,8.0
828.4932422972386,9.0
828.5021032788284,8.0
828.5179923759043,9.0
828.8142283708695,10.0
828.8277183829626,9.0
828.838359888827,8.0
828.8444142586009,7.0
829.0975526542475,6.0
829.3362056500863,5.0
829.3371380994724,6.0
829.7356074667067,7.0
829.7854691763536,6.0
829.8281402083271,7.0
830.1818651249304,8.0
830.1860212165392,9.0
830.4883325439306,8.0
830.5870196707957,9.0
830.6816330777061,10.0
830.7078561595638,11.0
830.7522448629422,12.0
830.8071141768047,11.0
830.852116649078,10.0
830.8835236012387,11.0
830.9369265648651,12.0
830.9424332571822,11.0
830.9958660724184,12.0
831.0170763705858,13.0
831.0178125523315,12.0
831.0910491497704,11.0
831.2206160583397,12.0
831.2212859521782,11.0
831.2860929383562,10.0
831.3548057135646,9.0
831.4534772494676,8.0
831.5133816102008,9.0
831.6018478331948,10.0
831.64275939705,9.0
831.699200173339,10.0
831.7154532496518,11.0
831.7675562083319,10.0
831.864858367017,11.0
831.9299206390613,10.0
832.0683306592101,11.0
832.0806630492168,10.0
832.1536565221826,9.0
832.2222280209916,10.0
832.323480958324,11.0
832.3669906598758,10.0
832.4458187962247,9.0
832.4507847980417,8.0
832.5548232015068,7.0
832.7268509986955,8.0
832.7907746403184,9.0
832.8524923670446,8.0
833.1238979272509,7.0
833.2748374441175,8.0
833.3022972867765,9.0
833.3133305985405,8.0
833.363613622162,9.0
833.4298668752552,8.0
833.4366333488823,7.0
833.5264921544359,8.0
833.54164349989,7.0
833.6263737192356,8.0
833.6666901659281,9.0
833.9137607514513,10.0
834.0344100299311,11.0
834.0632970233747,10.0
834.4345499572593,9.0
834.4423589250468,8.0
834.5716724718212,7.0
834.647943223384,8.0
834.6664366638657,9.0
834.8313218828882,8.0
835.0563331062523,7.0
835.2938134535142,6.0
835.3784364968226,5.0
835.4591966613145,4.0
835.5043037061713,5.0
835.6116575494384,4.0
835.6153173129227,5.0
835.6707217768568,4.0
835.933756325928,5.0
835.9690832491841,4.0
836.0465699356308,5.0
836.1454973418789,6.0
836.1933069066209,5.0
836.3173273523886,4.0
836.4149547337181,5.0
836.5464554747022,6.0
836.5494485136916,7.0
837.3839759687229,6.0
837.5433289631079,5.0
837.8215940359186,6.0
837.8821850749647,7.0
837.920465025913,6.0
838.0527738157019,7.0
838.110230814817,6.0
838.495016226233,7.0
838.57608937346,8.0
838.5893624786994,9.0
838.8173170751912,10.0
838.8286027548768,11.0
839.2683915610274,12.0
839.2723513387036,11.0
839.3608174227178,10.0
839.4731548748546,11.0
839.5579115458575,12.0
839.6378838765049,11.0
839.7047616815811,10.0
839.7694464074953,11.0
839.7695951682006,10.0
839.8661750076345,11.0
839.8893703857386,12.0
839.9802059794205,11.0
840.0353649024551,10.0
840.0651783620949,9.0
840.0808591553107,10.0
840.1191015155297,9.0
840.2108887169803,10.0
840.3105276716013,11.0
840.3139155688621,12.0
840.3496057944346,13.0
840.3590111002761,12.0
840.4779688185383,13.0
840.554629081422,14.0
840.5631469915719,13.0
840.7428276923653,14.0
840.9405979600405,13.0
840.9676642945122,12.0
841.0143418666343,13.0
841.0394591454334,14.0
841.1414178794186,13.0
841.2697472820861,14.0
841.4000866176722,15.0
841.4538806607262,14.0
841.4782578707133,13.0
841.4909003239918,12.0
841.7310465907699,13.0
841.7419656618287,14.0
841.748159991354,15.0
841.7508197804743,14.0
841.8347337867358,13.0
841.8779722117765,12.0
841.8916147264808,13.0
841.9265550731469,12.0
842.0276591019186,11.0
842.0525677392474,10.0
842.0925115680891,9.0
842.5845080011535,8.0
842.5903740592589,7.0
842.6609053030988,6.0
842.8101254123377,7.0
842.921685709967,6.0
842.9891524767663,7.0
843.1720233786222,8.0
843.2425542946361,9.0
843.381092803319,8.0
843.5171095596313,9.0
843.6668090614238,10.0
843.7727076647304,11.0
843.8668269935931,10.0
844.11256217197,11.0
844.1159325409867,12.0
844.182300851445,11.0
844.1985410769319,10.0
844.2121012537873,9.0
844.2850464539749,10.0
844.3388331630248,11.0
844.4092030942595,12.0
844.4636111321469,13.0
844.559082648449,14.0
844.6656389138187,15.0
844.7148852271023,16.0
844.755179152418,15.0
844.8476987690354,16.0
844.946502783856,15.0
845.0540379568743,16.0
845.0820152353178,15.0
845.2785000311246,14.0
845.2887735025333,13.0
845.3650105728756,12.0
845.3933665726616,11.0
845.4444438765605,10.0
845.4586356346734,9.0
845.8736224566251,8.0
845.9781079513498,7.0
846.0109912925857,6.0
846.142056627452,5.0
846.1690653941981,6.0
846.3604659716694,5.0
846.4311553365343,4.0
846.5226152984104,5.0
846.5661820085658,6.0
846.7529967969092,7.0
846.8631905710279,8.0
846.9752251505565,7.0
847.0339202881805,6.0
847.071359122285,5.0
847.1864574532857,6.0
847.5841378074687,7.0
847.5970963409973,6.0
847.6137057377341,5.0
847.6450579623444,4.0
847.7053088317027,5.0
847.7939589302412,6.0
847.8378468092585,7.0
847.8702486464487,8.0
848.1171057127979,7.0
848.1255816816532,6.0
848.2847098551098,7.0
848.6818131215923,6.0
848.7106814354232,7.0
849.0368899723554,6.0
849.1112997932931,7.0
849.2186127317417,8.0
849.2518878217899,9.0
849.3015004386177,8.0
849.335878929623,9.0
849.3653573331261,10.0
849.5020560760709,9.0
849.636789391804,8.0
849.9033495053798,7.0
849.9067486010924,8.0
850.0033700970168,7.0
850.1412302005929,8.0
850.3743354165078,9.0
850.6048154864333,10.0
850.6828145254084,11.0
850.8185109997717,10.0
850.875052837354,11.0
850.922078345439,10.0
850.9767878915958,9.0
850.9810636817712,10.0
851.064493105412,11.0
851.2027183507108,10.0
851.2137671264711,9.0
851.2735618462265,10.0
851.326732573687,11.0
851.5793660254345,12.0
851.7268513290231,13.0
851.746481403595,12.0
851.7976619522025,13.0
851.8652296321201,12.0
851.9834016477843,11.0
852.0102059638228,10.0
852.0648491667906,9.0
852.1750235885761,10.0
852.2342895085594,9.0
852.2398364242712,8.0
852.2625292209083,9.0
852.293639230246,10.0
852.4046854132328,11.0
852.4723999659351,10.0
852.6142472552758,9.0
852.6462683718049,8.0
852.7526485124516,7.0
852.8115723420813,8.0
853.0415724401488,9.0
853.1964242278699,8.0
853.2979807113526,9.0
853.3074200751089,10.0
853.4629251504621,11.0
853.5176011173702,12.0
853.734629989443,11.0
853.855256640561,12.0
853.8694139569666,11.0
854.1446884081636,10.0
854.2857770036948,11.0
854.3672904429798,10.0
854.4051188214912,9.0
854.4156623959271,10.0
854.4516096430228,11.0
854.5831242144618,10.0
854.7583438950958,9.0
854.8990745755596,10.0
855.0489492459301,9.0
855.078624858474,8.0
855.1746981470643,9.0
855.1859709728391,10.0
855.5726548793481,11.0
855.6243169130236,10.0
855.6603720148929,9.0
855.7012638463596,10.0
855.7070921352926,11.0
855.7174295573942,12.0
855.8004246629796,13.0
855.9315518876214,12.0
856.4026365341264,11.0
856.4456172615476,10.0
856.5677476644751,11.0
856.5777211070373,10.0
856.5941128366591,9.0
856.6599752745045,8.0
856.691175394625,7.0
856.9440260825285,6.0
857.0033922215486,5.0
857.1635085057991,4.0
857.1703989894244,3.0
857.2464663682176,4.0
857.3181445650737,5.0
857.6137089419542,6.0
857.8801698212228,5.0
857.9928995674479,4.0
858.2587055611126,3.0
858.3711745768574,4.0
858.4207610739074,3.0
858.4400506864428,4.0
858.4638913286326,5.0
858.6336233495713,4.0
859.2851169039518,3.0
859.5898352685073,2.0
859.9683740435073,3.0
860.121100658042,4.0
860.1327710173601,5.0
860.2823434726189,6.0
860.3123755170961,7.0
860.439766300183,8.0
860.524342831754,9.0
860.5876545248624,8.0
860.6045383975847,9.0
860.6059851262839,10.0
860.7296392543712,9.0
860.7932663132658,8.0
860.8457940975568,9.0
860.8592310539423,8.0
860.8860909109547,9.0
860.9420345873579,10.0
861.0384021063035,9.0
861.0657133786016,10.0
861.4222607503998,9.0
861.4611463528701,8.0
861.4800059318998,7.0
861.5608212493179,8.0
861.5852213570838,9.0
861.603126862704,8.0
861.691012022053,9.0
861.9395521023883,10.0
861.9953581592853,9.0
862.0391767741124,8.0
862.0766638438154,9.0
862.2860668847346,8.0
862.3288054964331,7.0
862.3815698551855,8.0
862.5243939842718,7.0
862.5511124616772,8.0
862.5668195106049,9.0
862.7288476013931,8.0
862.7332177415154,7.0
863.066021946722,6.0
863.2045557290195,7.0
863.3362186044335,8.0
863.428631378039,7.0
863.5739078247234,6.0
863.6263804844872,7.0
863.7285747120583,6.0
863.736804173579,7.0
863.8885538800942,8.0
863.9973438480761,7.0
864.0558620579786,6.0
864.1568486373243,7.0
864.422808243292,6.0
865.0253908386694,5.0
865.3303690903108,4.0
865.3415122033497,3.0
865.5775035077371,4.0
865.5950504960114,5.0
865.8306291471974,6.0
865.8687586091227,7.0
866.053306988795,8.0
866.3488487095973,7.0
866.3778170106979,8.0
866.6459728331168,7.0
866.6939026418416,6.0
866.7032346462063,5.0
866.8356284071236,4.0
866.8592423427718,5.0
866.9384188023606,6.0
867.0497389530574,5.0
867.0653837060645,6.0
867.144507206988,5.0
867.2225768951286,6.0
867.2694429869163,7.0
867.334834680872,8.0
867.4342626902412,9.0
867.5476232371059,10.0
867.6087236960832,9.0
867.7263048500843,8.0
867.8928773387389,7.0
868.0044145450972,8.0
868.0270576068187,9.0
868.1116683321247,8.0
868.1468690597554,7.0
868.32133602614,6.0
868.3718448063192,7.0
868.3761785859492,8.0
868.5601168831877,7.0
868.7684557826152,8.0
869.00318134238,7.0
869.063207792656,8.0
869.1713890827999,9.0
869.3995950220719,10.0
869.4907553840266,9.0
869.7290263063622,8.0
869.8501408905643,7.0
869.877813045693,6.0
869.9096506392406,5.0
869.9297601328972,6.0
869.9318970137673,7.0
870.051116370747,8.0
870.1702760331649,9.0
870.4640119705896,10.0
870.4923445111284,9.0
870.5185527811279,8.0
870.5218245817963,7.0
870.6407241514731,8.0
870.6418854715305,7.0
870.766044839493,6.0
870.8827827225061,7.0
870.8980698448183,6.0
871.1022833230061,5.0
871.1441199766308,6.0
871.625113002583,5.0
871.6403099122373,6.0
871.7340576253287,5.0
871.773977229977,4.0
871.80430709666,5.0
871.8743622918017,4.0
872.0497893986948,5.0
872.4746605550638,6.0
872.6179807942591,5.0
872.8830606112579,6.0
872.89712369645,5.0
873.1212660467392,4.0
873.1566497280526,5.0
873.2489440663344,4.0
873.3899045471484,5.0
873.5123507733549,6.0
873.5300676616765,7.0
873.5646889994792,8.0
873.5669722167931,9.0
873.7744875802323,10.0
873.8301059579599,11.0
873.9477099787554,10.0
873.9532968576866,11.0
874.0352322367121,12.0
874.1567780785917,11.0
874.2150368327871,10.0
874.231881899185,11.0
874.274536011861,10.0
874.3065815276419,11.0
874.3250002776981,10.0
874.420822993029,9.0
874.4349005098807,10.0
874.6716541771998,9.0
874.7868005770578,8.0
874.8414298647979,7.0
874.8621292906217,6.0
874.9572628831638,5.0
875.2411194388835,4.0
875.2508671106893,5.0
875.321559450674,4.0
875.3442776701652,5.0
875.6376956933719,4.0
875.854980697724,5.0
875.8853469269602,6.0
875.9336332655864,7.0
875.9522006844488,8.0
876.1094885861656,9.0
876.2364312717173,8.0
876.3733553456698,7.0
876.4462781467455,6.0
876.478047465318,5.0
876.5519034360337,4.0
876.564605944969,5.0
876.7705762715477,6.0
876.8175596286831,7.0
876.8703838618745,8.0
876.8740921256756,9.0
876.8816267076468,8.0
877.0385857346422,9.0
877.0670446466513,8.0
877.4229457432135,7.0
877.5420966471139,8.0
877.568491672241,9.0
877.5854283672056,10.0
877.6229199046369,11.0
877.651055082753,12.0
877.7309032158311,13.0
877.9178164132974,12.0
877.9245525079798,13.0
878.1548619847065,12.0
878.1697656908576,11.0
878.1808878773712,10.0
878.2150184338742,11.0
878.262116019579,10.0
878.5215986012269,9.0
878.6659452816999,8.0
878.9961502522816,7.0
879.301048183443,6.0
879.3623148298815,5.0
879.4292904214562,6.0
879.5088227679049,5.0
879.5444274136172,6.0
879.6569053026703,5.0
879.8090511117433,6.0
879.8571890447032,7.0
879.945330374737,6.0
879.9526860387859,7.0
880.027818694982,8.0
880.0754605087546,7.0
880.2361589252176,8.0
880.272431015546,7.0
880.3089688298837,8.0
880.4004391053629,7.0
880.5241733230348,8.0
880.7107306395633,9.0
880.9290034707581,8.0
880.9477248605466,9.0
881.0813053983527,8.0
881.1063100080619,9.0
881.1077310106937,10.0
881.1342970830408,11.0
881.2094519805935,12.0
881.3971995788653,11.0
881.4090969065164,10.0
881.4687249305097,11.0
881.5754375616003,12.0
881.6226669586113,11.0
881.8045572163081,10.0
881.948985421799,9.0
881.9824571440473,8.0
882.1134550805716,7.0
882.1211675609416,6.0
882.1257149631278,5.0
882.136225654299,6.0
882.2242929871732,5.0
882.2526038814842,4.0
882.3128306287792,3.0
882.3218406665833,4.0
882.3302341618314,5.0
882.4023643095643,6.0
882.5071267534572,7.0
882.5686072110464,8.0
882.7434877469811,7.0
883.0342559952397,6.0
883.0984836472264,5.0
883.1496779978322,6.0
883.1932283790123,7.0
883.2364830550978,6.0
883.4604198861634,5.0
883.6389943871283,4.0
883.6805399104541,5.0
883.8020466957828,6.0
883.8212485944445,7.0
883.892031801541,8.0
884.1610983020242,9.0
884.2649480543831,8.0
884.2980004924893,9.0
884.32465158824,8.0
884.4140879313187,9.0
884.4589987897068,8.0
884.4898871204172,7.0
884.4927756096278,8.0
884.8021992256781,9.0
884.8217963065641,10.0
884.8515109318865,11.0
885.0373345318995,10.0
885.1071636912194,11.0
885.1589506296264,10.0
885.2475661701804,11.0
885.2609818062131,12.0
885.2619460989733,13.0
885.3037526982837,14.0
885.3641497157727,13.0
885.3805530926786,12.0
885.4563383806835,13.0
885.4972248746662,12.0
885.4981144998433,11.0
885.6878378804369,12.0
885.7180559803647,13.0
885.9873192313494,14.0
886.0839700776979,13.0
886.0909828812482,12.0
886.2583376924471,11.0
886.2792712499532,10.0
886.311570149582,9.0
886.3187795164616,8.0
886.4167201543631,7.0
886.4315686710556,8.0
886.5375532223425,9.0
886.7878793445311,8.0
886.7886137700897,7.0
886.9038092069902,6.0
886.9193420302861,5.0
887.1367229554124,4.0
887.4682709882635,3.0
887.5097253195883,2.0
887.5129711806228,1.0
887.642099689033,2.0
887.7420946626112,3.0
887.7477765625065,4.0
887.7918258253343,5.0
888.3709363204807,4.0
888.5370097709626,5.0
888.6869033980987,6.0
888.8096525734378,7.0
888.8723256559031,6.0
888.9787692749504,5.0
889.1399939814825,6.0
889.1962881585061,5.0
889.3425190994371,6.0
889.5353034731768,7.0
889.5596826535575,6.0
889.5596855590151,7.0
890.2756495530415,8.0
890.3169240582399,7.0
890.3903264557764,8.0
890.4057544567804,9.0
890.4068098188724,8.0
890.4966130249633,7.0
890.6362453184736,6.0
890.7006858573527,5.0
890.7765992787679,6.0
891.0768037667133,7.0
891.1647464035472,6.0
891.1899497653881,5.0
891.314888603875,4.0
891.4862784001679,3.0
891.619947811228,4.0
891.7350838817501,5.0
891.7409827050553,6.0
891.7648574939959,5.0
891.8073143816182,6.0
891.8603811660759,7.0
891.9039276782717,8.0
891.9923158193211,7.0
892.2625069981725,6.0
892.3207202842813,7.0
892.5366107548009,6.0
892.6946056661313,7.0
892.7224724701007,8.0
892.7582944285084,9.0
892.7739531857546,8.0
892.8501893831752,9.0
892.8808732167964,8.0
892.886581987356,7.0
892.9388671845974,6.0
893.0622211930032,7.0
893.1053265165102,8.0
893.3448485902112,7.0
893.3882396335171,6.0
893.4111203822936,7.0
893.653049535122,6.0
893.6953822708783,7.0
893.770092904897,8.0
893.8259142473547,9.0
893.8452387958995,10.0
893.9111175643345,11.0
894.1325624495523,10.0
894.2198293500109,11.0
894.3303666845121,10.0
894.3327992793925,11.0
894.3450515914489,10.0
894.3476537630366,9.0
894.6655454151227,10.0
894.6927466018594,9.0
894.7812448242855,10.0
894.8408281486693,9.0
894.9215227073172,10.0
895.0181781191001,11.0
895.0802694636524,10.0
895.2450405890103,11.0
895.4219757271666,12.0
895.4622659742449,11.0
895.4828500584363,10.0
895.5720056111477,11.0
895.5856798272931,10.0
895.6228476268976,11.0
895.6348089259259,10.0
895.8821090444991,11.0
895.9369945764822,10.0
896.1460819222893,11.0
896.2320189681031,10.0
896.39628526106,11.0
896.4253821312101,10.0
896.8266672527985,11.0
896.8577759042307,12.0
896.933009222397,13.0
896.9962434352392,12.0
897.0648865343937,11.0
897.3114421333311,10.0
897.4505137411286,9.0
897.748736294347,8.0
897.7558724347049,9.0
897.8628035214622,8.0
897.9767777273069,9.0
898.1008297852342,10.0
898.1929182960274,11.0
898.2772093281246,12.0
898.5181797236087,13.0
898.598558526577,14.0
898.6873780159709,15.0
898.7338957378994,14.0
898.7494232889601,13.0
898.7816622664578,12.0
898.8252733451466,11.0
898.945553170802,10.0
898.9836031760976,9.0
898.9958115684817,8.0
899.1001264115399,9.0
899.1723171595443,8.0
899.1778501333133,9.0
899.1897055796455,10.0
899.3040540081835,9.0
899.3103070964327,8.0
899.3785846083706,9.0
899.4321111670192,8.0
899.6050028656971,7.0
899.7355354775982,8.0
899.736099239729,9.0
899.8212571301563,10.0
899.9444760388704,11.0
899.9737269043512,12.0
900.0136928672646,11.0
900.1398154639288,12.0
900.1522419211618,13.0
900.1591834067168,12.0
900.2171217963156,11.0
900.5373666055171,12.0
900.6621391350958,13.0
900.7693337234747,14.0
900.8389797688345,13.0
900.8789837201037,12.0
900.904039311162,13.0
901.1128056459848,12.0
901.2079418133759,11.0
901.2279665606479,10.0
901.3593935904121,9.0
901.3860686357713,10.0
901.4554994165663,9.0
901.5529812483777,8.0
901.5956858380096,9.0
901.648163922715,10.0
901.8261536012941,9.0
902.0492003111231,10.0
902.1005058389127,9.0
902.2697520098675,8.0
902.2704761914688,9.0
902.5339880704345,10.0
902.5724593854401,11.0
902.639474547426,12.0
902.7215999773745,13.0
902.7739225601953,14.0
902.7750099151441,13.0
902.7909940313951,14.0
903.0701801352716,15.0
903.0743891997685,16.0
903.2256460039895,17.0
903.2582006811673,16.0
903.2878254022474,15.0
903.3279340211067,14.0
903.3636787753782,13.0
903.3767792900024,14.0
903.3845433830481,13.0
903.3959841978481,12.0
903.4053452045596,11.0
903.5549016873862,10.0
903.7017493249091,9.0
903.8017956967467,8.0
903.9367192868817,9.0
904.0372744933409,8.0
904.1227309174172,7.0
904.4322212468925,8.0
904.4767675278855,9.0
904.4987850091098,8.0
904.7146530322118,9.0
904.7529081465782,8.0
904.8696301540941,7.0
904.9139144338454,8.0
904.9324469919671,9.0
904.948319506978,8.0
905.4632021173842,7.0
905.6519827994262,8.0
905.6852639640882,7.0
905.8926443194794,8.0
906.0077605700766,7.0
906.052661690479,6.0
906.1244428972149,5.0
906.2641226146404,6.0
906.5422873340985,7.0
906.6206625237867,6.0
906.6451797601518,5.0
906.6735148839131,6.0
906.702333146731,7.0
906.8974384130153,6.0
906.9837696172934,5.0
907.1597550293301,4.0
907.191601437729,3.0
907.2020491731602,4.0
907.2410037650308,3.0
907.3007633574754,2.0
907.7154355023022,1.0
907.7433565565121,2.0
907.899033343079,1.0
908.1448651315299,2.0
908.255550896258,3.0
908.4192322333294,2.0
908.4949722571156,3.0
908.5218906400495,4.0
908.625834781397,5.0
908.6411214342772,6.0
908.6478083810682,7.0
908.9133800766785,6.0
909.2032238626501,5.0
909.2735940256619,6.0
909.345655751836,7.0
909.7168710693823,6.0
909.836725034537,7.0
909.8925466772374,6.0
909.9318586405273,5.0
909.976487261248,6.0
910.0754676863932,7.0
910.0860167199987,8.0
910.1467509391853,7.0
910.2477961687473,8.0
910.3007328328642,7.0
910.4118615028052,8.0
910.4374426453235,7.0
910.53166912943,6.0
910.9214103096618,7.0
910.9628111647197,8.0
911.0712017488935,7.0
911.0853151423436,8.0
911.1337086033068,7.0
911.294158730736,6.0
911.3037264861892,7.0
911.5420767304262,6.0
911.6594435875099,5.0
911.7234991211203,4.0
911.9650013954016,3.0
912.3163539203978,4.0
912.3488204927563,5.0
912.432651224767,6.0
912.6413494281679,7.0
912.7325194725635,8.0
912.7808455950575,9.0
912.7962002369917,8.0
912.881185331791,7.0
912.883522934464,8.0
912.8922332774749,9.0
912.8931964486211,8.0
912.894870140004,7.0
913.0645502899497,8.0
913.4844307751013,9.0
913.5078604572424,10.0
913.5108609689083,9.0
913.5257130147535,8.0
913.6899292021886,9.0
913.8537504122921,10.0
913.9829962762688,9.0
913.9936457673161,8.0
914.0821226739946,7.0
914.0840731085639,6.0
914.1063741115722,7.0
914.1313053823096,8.0
914.2496581399586,9.0
914.2892306265396,10.0
914.3427600870126,9.0
914.5968470730924,8.0
914.7125241499642,9.0
914.7921776385858,8.0
914.8390012914341,9.0
914.9517779860922,8.0
914.9562339208192,9.0
915.043536138475,10.0
915.0517205823646,9.0
915.0835578543795,10.0
915.1869224280761,9.0
915.2172784391012,8.0
915.420634398934,9.0
915.4946255307148,8.0
915.5688189042261,7.0
915.6076813421457,6.0
915.6716525231122,7.0
915.7508460677487,6.0
915.8909085002605,5.0
915.9648184965143,6.0
915.9753021932751,5.0
916.1717481983975,6.0
916.299403647609,7.0
916.4428557127189,6.0
916.4491786749882,7.0
916.698661388021,8.0
916.7395004591575,7.0
916.745749986606,6.0
916.7876260670109,7.0
916.9116964807332,8.0
917.2192814941628,7.0
917.2321241416533,6.0
917.3835489551209,5.0
917.4108277958723,4.0
917.5357296908364,5.0
917.6054987277264,6.0
917.7535340172548,7.0
917.9658091590004,8.0
917.9690705832962,9.0
918.0914103326644,8.0
918.3977766134072,9.0
918.4817032788877,10.0
918.7419859852423,9.0
918.9778802811793,8.0
918.9832200897637,9.0
919.0208318532963,8.0
919.0431910582597,7.0
919.264890924584,6.0
919.6267344647669,7.0
919.9917100431562,8.0
920.2912799977638,7.0
920.7382628671444,8.0
920.8197839779134,7.0
920.9243420919822,6.0
921.0238196690196,7.0
921.201304998857,8.0
921.2325085522399,9.0
921.5410939618785,8.0
921.6945598478206,9.0
921.7136144770269,8.0
921.7725587972974,9.0
921.7727291573016,10.0
921.8150277233736,9.0
922.1042855753054,10.0
922.1924698930816,9.0
922.1957059648721,10.0
922.3550586062312,9.0
922.4029255752089,10.0
922.6087400970557,11.0
922.6716555257761,12.0
922.6748207504347,11.0
922.7847501539677,10.0
922.8343276545895,9.0
923.0364241862067,8.0
923.1368816017329,7.0
923.1672623167034,6.0
923.2318243158302,7.0
923.348643287947,8.0
923.7055096918401,7.0
923.7991278143436,6.0
923.8730351022572,5.0
923.992270446924,6.0
924.1145053295278,5.0
924.1756170341619,6.0
924.2718306452717,7.0
924.4867149778062,8.0
924.4996727023105,7.0
924.5847875732711,6.0
924.865601579622,7.0
925.3625781379758,8.0
925.4297739019278,7.0
925.5146023837643,8.0
925.6120112533278,7.0
925.6255295386903,6.0
925.6625078713179,7.0
925.7675924239443,8.0
926.0406253033101,9.0
926.0667884854371,8.0
926.0681270752781,9.0
926.2581465259539,10.0
926.5928632331285,9.0
926.6182544905664,8.0
926.7063269607073,7.0
926.85746262277,6.0
926.9814506752242,7.0
927.3213402922823,8.0
927.4655614975519,7.0
927.4776205718715,8.0
927.5724645374578,9.0
927.5790976120742,10.0
927.677763112171,9.0
927.835120332367,8.0
927.9358931601679,7.0
928.0401965510847,8.0
928.0484265142327,9.0
928.1552347491287,10.0
928.1675552070114,9.0
928.2320146120909,10.0
928.3145596423245,9.0
928.3501678924017,10.0
928.6684244040368,9.0
928.754680172701,8.0
928.8117895874747,9.0
929.0013434853155,10.0
929.0178513110299,11.0
929.0865234910912,12.0
929.108867575287,11.0
929.234856357475,12.0
929.3753938761087,13.0
929.4052142261693,12.0
929.4340583249896,13.0
929.5771434890768,14.0
929.6873203191749,13.0
929.7937871883895,12.0
929.7967492658526,11.0
929.8463847725703,10.0
929.9802825602577,11.0
930.105697132561,10.0
930.1621054485646,9.0
930.1724407243499,8.0
930.247346284646,7.0
930.4716557731098,8.0
930.6455847976011,9.0
931.1673021566014,10.0
931.1834308367727,9.0
931.4357279328314,10.0
931.4795029980205,11.0
931.5119714478757,10.0
931.6950162441406,9.0
931.7592260957811,8.0
931.996233261738,7.0
932.1800743789356,6.0
932.5265945049972,5.0
932.5839759672424,4.0
932.5924694961723,5.0
932.913607317472,6.0
932.9420220049858,7.0
932.9823155185969,8.0
933.0395269070825,9.0
933.1505314055013,10.0
933.1515797667713,11.0
933.2935632284501,12.0
933.3507469794574,13.0
933.4911958839663,14.0
933.5037602487106,15.0
933.5325980774118,14.0
933.571998893704,13.0
933.5924846287734,12.0
933.5969690921111,13.0
933.6287643131793,12.0
933.6668290988506,13.0
933.6900292658331,12.0
933.8580439670095,13.0
933.9908690875267,14.0
934.0029133693022,13.0
934.0403393354413,12.0
934.0811827682794,13.0
934.2132343278437,12.0
934.3093555156238,13.0
934.35823143802,12.0
934.3706466373471,13.0
934.3987626058007,14.0
934.436006339596,13.0
934.7091438593934,12.0
934.7787856622497,11.0
934.8601501979855,10.0
935.1575246013474,9.0
935.2150556900073,8.0
935.2290730157779,7.0
935.484437991616,8.0
935.5422569972851,9.0
935.6208941567384,8.0
935.788052997196,7.0
935.8460449334497,8.0
935.9274008005875,9.0
935.9482062462965,10.0
935.955789899025,9.0
936.0826265765556,10.0
936.1346287057526,9.0
936.1523155028977,10.0
936.391199784043,9.0
936.3972701463557,10.0
936.4327185920745,11.0
936.4868472147962,12.0
936.530182095959,13.0
936.5539049312711,14.0
936.5958890599346,13.0
936.6454788605452,14.0
936.7452202573244,15.0
936.9600563477969,14.0
937.0369057301847,13.0
937.0497019951641,12.0
937.2326724449541,13.0
937.2656912693011,12.0
937.3104474352939,11.0
937.3384709652657,10.0
937.3445626632896,9.0
937.3832508711387,8.0
937.4507817692272,9.0
937.6048788907418,10.0
937.6248289951412,11.0
937.7207723915811,12.0
937.8654420168516,11.0
937.9693349688331,12.0
938.1274084594211,11.0
938.1366330001171,10.0
938.1509907640228,11.0
938.3175565550038,10.0
938.432031473902,11.0
938.4579879629676,12.0
938.5238032298594,13.0
938.537544861077,12.0
938.79831904881,11.0
938.8104954945723,12.0
938.9053551927924,11.0
939.0042199809986,10.0
939.1153492660026,9.0
939.1187484064282,10.0
939.2041626904081,9.0
939.2504767965474,10.0
939.4627704712851,9.0
939.5393505874378,10.0
939.6338142733047,9.0
939.6512939872121,8.0
939.7674988307962,9.0
939.8029756838323,8.0
940.0032184495093,7.0
940.0800879366635,8.0
940.0856131062294,9.0
940.1053848824238,8.0
940.1334281845977,7.0
940.2238309259537,8.0
940.5017886047237,7.0
940.6447004172885,8.0
940.6659482417981,9.0
940.8848531722665,8.0
941.1918286264944,9.0
941.2095406350903,8.0
941.2767958953441,7.0
941.3643629910262,8.0
941.4714548112366,7.0
941.7227335652615,8.0
941.7545892487454,7.0
941.7650449106051,6.0
941.7693246345063,7.0
942.06983188914,6.0
942.243167838147,5.0
942.4305082564516,4.0
942.4395470432265,3.0
942.6892999912126,4.0
942.72923176476,5.0
942.8283511018445,6.0
942.8628148733435,7.0
942.9962628943165,8.0
943.0594386263482,9.0
943.0944569467512,10.0
943.116496765657,9.0
943.1829441723032,8.0
943.3317886282963,9.0
943.3878410503892,10.0
943.5151467568256,9.0
943.6023528718747,10.0
943.6587874945701,9.0
943.6754821274848,8.0
943.7153917006482,9.0
943.7387620624909,10.0
943.7522212556269,9.0
943.766302240172,10.0
943.9221971309994,9.0
944.0033503166113,8.0
944.0778596704378,7.0
944.3078186701982,6.0
944.3967801876058,5.0
944.5528004527579,4.0
944.5759049103044,3.0
944.872994525011,4.0
944.873518424543,5.0
944.9602316054463,6.0
945.0909086841598,5.0
945.1002422641965,6.0
945.1725856427948,7.0
945.2237097716353,8.0
945.2724557799677,9.0
945.3073109092688,10.0
945.4670220943118,9.0
945.4952327227209,10.0
945.6096109111248,9.0
945.6960086575809,8.0
945.8157970879685,7.0
945.8358402222408,8.0
945.9839789217903,7.0
946.0469006514887,8.0
946.0596335864522,7.0
946.1618052888064,6.0
946.2747829773973,7.0
946.350066347284,6.0
946.4526919095341,7.0
946.6289199882175,6.0
946.7438802669346,5.0
947.0230627007629,6.0
947.3815408020785,7.0
947.423715805803,6.0
947.4637811477182,7.0
947.4639210865352,6.0
947.4962169080787,5.0
947.568074231129,4.0
947.7454461201867,5.0
947.8403856234216,6.0
948.0005363257555,5.0
948.0348373528947,6.0
948.0900742608528,7.0
948.2218470850189,8.0
948.319486928197,9.0
948.3546842298375,10.0
948.3842731311646,9.0
948.4868678820719,10.0
948.6510359242227,9.0
948.825650528779,8.0
949.1287305109015,7.0
949.164766683996,6.0
949.3069352771639,5.0
949.3298677273317,4.0
949.4812390162199,5.0
949.5553145480869,6.0
949.662749483277,5.0
949.8014832335886,6.0
949.9900892293895,7.0
950.0346641005497,8.0
950.0682851416749,7.0
950.0893948663393,8.0
950.1311595798638,7.0
950.2714722504753,8.0
950.3642946624091,7.0
950.4215533104017,6.0
950.5404609249733,7.0
950.8397442566803,8.0
950.9276358080673,7.0
951.0413781089635,8.0
951.074146147425,7.0
951.206210180525,6.0
951.2160525559063,5.0
951.2191146348517,6.0
951.2302938391492,7.0
951.4626799700793,6.0
951.6706448051034,5.0
951.7831212142802,6.0
951.8569982539174,7.0
951.8883391321888,6.0
952.1523817818278,7.0
952.3270699508669,8.0
952.4135467632501,7.0
952.5277073696789,6.0
952.5988434405025,7.0
952.7260660846574,8.0
952.8031060944867,7.0
952.8389387381286,6.0
952.8541758849702,7.0
953.1161661014361,6.0
953.2289318933238,5.0
953.3712739499462,6.0
953.373593112452,7.0
953.4155709722315,6.0
953.423974795276,5.0
953.4518141578645,6.0
953.6105467849538,5.0
953.7895830198127,6.0
953.9426139244451,7.0
954.083070115922,6.0
954.1617741780565,5.0
954.3062964163162,4.0
954.309252533917,3.0
954.3357063138591,2.0
954.4197802733249,3.0
955.0489841606625,4.0
955.2591229700735,5.0
955.5023443424179,4.0
955.7671312797328,3.0
955.772921731476,2.0
955.9492265503012,3.0
956.0804029282027,2.0
956.096869840278,3.0
956.1377391150371,4.0
956.3252894739958,5.0
956.3743260486626,6.0
956.4605347975075,7.0
956.5677569132599,8.0
956.5919391028866,7.0
956.6943879272071,8.0
956.9355587424214,9.0
957.0024930675208,8.0
957.2467671179292,7.0
957.2481575074688,6.0
957.3023655376286,7.0
957.3589833075862,6.0
957.9169340513619,7.0
957.9631533026464,6.0
958.130245943052,5.0
958.1355011012996,4.0
958.1744617592174,3.0
958.6505203992647,2.0
958.7166908235038,3.0
958.7422777320132,2.0
958.970456102231,3.0
959.434921540672,2.0
959.4387796317964,3.0
960.2168693267756,4.0
960.3327529342868,3.0
960.4194176438953,4.0
960.4664335948061,3.0
960.4912070906609,4.0
960.8496986546502,3.0
961.1791041840496,4.0
961.212187142575,5.0
961.3460077152582,6.0
961.4366846760894,7.0
961.5657942119161,8.0
961.5707632980709,9.0
961.6094242706915,10.0
961.6290326145831,9.0
961.6610745946579,8.0
961.6874731971468,9.0
961.8709965399729,10.0
961.9448943984536,9.0
962.2104981838468,8.0
962.2339436685108,9.0
962.3821698675965,8.0
962.4364260812021,9.0
962.4956116571966,10.0
962.5977338762974,9.0
962.6450258842917,8.0
962.7617943129999,7.0
962.8332717026398,8.0
962.841188458779,9.0
962.8707520622215,10.0
962.9479608650988,11.0
962.9953165019751,12.0
963.0353416985714,11.0
963.1832292826115,10.0
963.3642479011851,11.0
963.4019087745122,10.0
963.4188664300874,9.0
963.4550191509435,10.0
963.5342546117342,9.0
963.5357962975794,8.0
963.5620856095879,9.0
963.5904792130339,8.0
963.9007430811826,9.0
964.0210860051396,10.0
964.265503892549,9.0
964.3276679735552,10.0
964.4087436133583,9.0
964.7074428199254,10.0
964.7646953824046,9.0
964.7779646405771,8.0
964.8219544032564,9.0
964.8279506230856,8.0
964.8367111847174,7.0
964.8614238581483,6.0
964.9509018534648,7.0
964.9518234729703,8.0
964.9643551667127,9.0
964.9756513135226,8.0
965.2027106156393,7.0
965.2901598500209,6.0
965.5673007043434,7.0
965.68902366039,8.0
965.79773360174,7.0
966.2363263858787,6.0
966.2546114271514,5.0
966.3574598267257,4.0
966.36211062426,5.0
966.543648709382,4.0
966.6023238251468,3.0
966.7918402492372,4.0
966.9268840205178,5.0
967.0299977270697,6.0
967.2501798168214,7.0
967.3794928890791,8.0
967.4593778729055,7.0
967.6458664241233,8.0
967.9919698750822,9.0
968.0639599772701,8.0
968.121916430973,9.0
968.247059252346,8.0
968.3542128479884,9.0
968.452261023086,8.0
968.5424340987234,7.0
968.5833853544742,8.0
968.7439267304601,9.0
968.8061599641701,10.0
968.8346246593887,9.0
969.068589998161,10.0
969.1696032706456,9.0
969.3458436356384,8.0
969.452036688798,9.0
969.6262809605527,10.0
969.6824023234414,9.0
969.8423065634032,8.0
969.8606936203684,9.0
969.8774879275647,8.0
970.0441095585636,7.0
970.1863586787064,6.0
970.3819591414987,5.0
970.6025844764248,6.0
970.638393831094,5.0
970.6850572458686,4.0
971.2758934490666,3.0
971.3260015121992,4.0
971.3600455706757,5.0
971.5141780876265,4.0
971.5500899606926,3.0
971.6579791788641,2.0
971.6583194248726,3.0
971.9415794007778,4.0
971.9484545291965,5.0
972.0451218699047,6.0
972.1220654655128,5.0
972.1513790620307,6.0
972.3834888456122,7.0
972.4890246808495,8.0
972.5948171987915,7.0
972.6246979983476,8.0
972.7042048620175,9.0
972.7305721698908,8.0
972.9887123935993,9.0
973.0170923139101,8.0
973.0917245767087,7.0
973.252397040949,8.0
973.2774950196684,7.0
973.2948706752788,6.0
973.646142561358,5.0
973.8066227113317,4.0
973.8377053945554,3.0
973.9927616009631,2.0
974.0517655139911,3.0
974.1227703912224,4.0
974.2391337479027,5.0
974.272992965284,6.0
974.3703886121244,7.0
974.5024097184513,8.0
974.6513335723953,9.0
974.9081756382585,8.0
974.931139393066,7.0
975.0152503748612,6.0
975.0398725442027,5.0
975.0536755280045,6.0
975.1340963779826,7.0
975.1492848867102,8.0
975.1504507853385,7.0
975.166311125088,8.0
975.2520143658855,9.0
975.2787003841075,8.0
975.325440949083,9.0
975.6338618614326,10.0
975.6522114572067,9.0
975.7837305668489,8.0
975.9580431753095,7.0
975.9935028458132,6.0
976.0050187625332,7.0
976.0386373639515,8.0
976.0836232206192,9.0
976.23800739706,10.0
976.2746101292116,9.0
976.2781485500717,8.0
976.3427624066576,9.0
976.4469974731788,8.0
976.6837667576627,7.0
976.7662757974584,8.0
976.851520831131,7.0
977.0975446111671,6.0
977.4003326792082,7.0
977.5698260927788,8.0
977.594820335201,7.0
977.6094081047086,8.0
977.70041167012,9.0
977.8733077997482,10.0
977.9364243599078,9.0
978.0262360512364,10.0
978.2454267182602,9.0
978.3929639578432,10.0
978.4668469641243,11.0
978.6392415144468,10.0
978.6511414491138,9.0
978.6981562197184,8.0
978.7862479005995,9.0
978.8204972531049,10.0
978.8467231083557,11.0
978.85145198071,10.0
978.8646193639005,9.0
978.8946108186134,8.0
979.0522678607731,9.0
979.3468159135654,8.0
979.5260146035035,7.0
979.5317230707276,8.0
979.6071129640047,9.0
979.6180516230988,8.0
979.6568646129781,9.0
979.667976302268,8.0
979.9219566801459,7.0
979.9740641862836,8.0
980.0541106994136,9.0
980.1588537420519,10.0
980.2678740827646,9.0
980.2787551847604,10.0
980.3693635394701,11.0
980.4883425143636,10.0
980.563238410961,9.0
980.5649065989886,8.0
980.6333289433215,9.0
980.6480409879829,10.0
980.684740177601,11.0
980.7225468335969,12.0
980.8110366862351,13.0
980.85720681289,14.0
980.935979642995,15.0
981.0824869637759,14.0
981.1021539404426,15.0
981.1426089335517,14.0
981.1534131233159,13.0
981.2959238478502,14.0
981.3195819736811,13.0
981.5575257001386,12.0
981.6779273107468,11.0
981.7330474634513,10.0
981.7559447094266,9.0
982.0654696487153,8.0
982.1421348190481,9.0
982.2603545338859,8.0
982.2660951128573,9.0
982.3239761217536,10.0
982.3240354484524,11.0
982.3692131696175,12.0
982.5157155641602,13.0
982.5161644643066,12.0
982.9719467341922,13.0
982.9754810982845,14.0
983.1093700064864,13.0
983.1250370815087,14.0
983.1711003017913,13.0
983.3710485301949,12.0
983.3962890678265,11.0
983.4252905305281,10.0
983.5393651365997,9.0
983.6808787933138,10.0
983.7083582572676,9.0
983.8035337525362,10.0
983.8054285860551,9.0
984.0709833962947,10.0
984.103033606202,9.0
984.2195742534602,10.0
984.3700070872115,9.0
984.4251967308479,8.0
984.842678107151,9.0
984.8477964398912,10.0
984.9856593127442,11.0
985.349229965378,10.0
985.5291082099131,9.0
985.5414279162893,10.0
985.742271822456,9.0
985.819848907949,8.0
986.1135991820599,7.0
986.241551309425,6.0
986.5501283574472,5.0
986.5514553729181,6.0
986.6180247809403,7.0
986.7399437637794,8.0
986.8325347641453,9.0
986.8452919791017,8.0
986.9300532582258,9.0
987.3029346326095,8.0
987.3348166672411,7.0
987.4203398538576,6.0
987.617976287346,5.0
987.816744388043,6.0
987.9088528362627,7.0
987.9567728273711,6.0
988.0964238651154,7.0
988.2633691744255,8.0
988.2897373785789,9.0
988.5083182539672,10.0
988.5106798696141,11.0
988.5418306396649,10.0
988.6132169889021,9.0
988.6433111388993,10.0
988.6442683014458,11.0
988.8454749897329,12.0
988.909823606472,11.0
989.1107762393993,10.0
989.1208833949728,9.0
989.138041686609,10.0
989.3144601956792,11.0
989.328220460703,10.0
989.329211822709,11.0
989.4947245293782,10.0
989.7076815231167,9.0
989.8035834169206,8.0
989.8464021397464,7.0
989.8954669570585,8.0
989.9740074537475,9.0
990.1806916247139,8.0
990.3707641373732,7.0
990.402994756895,8.0
990.7085861159873,9.0
990.986597446099,8.0
990.9909510598163,7.0
991.140293400445,8.0
991.1742768719258,7.0
991.2008567478745,6.0
991.2891558553251,7.0
991.5629710303399,8.0
991.6132250056564,7.0
991.6468703708903,6.0
991.8255814913318,7.0
991.879375733413,8.0
992.1747009758664,7.0
992.2529978919539,8.0
992.3095519864045,9.0
992.351769742174,8.0
992.4651335296683,7.0
992.4904281949752,8.0
992.5185634333153,9.0
992.6536527578419,10.0
992.782093301617,11.0
992.9757653319855,12.0
993.0520267428619,11.0
993.2234611169617,12.0
993.2696956130155,13.0
993.4411301678367,12.0
993.4526012353883,13.0
993.5093806610862,12.0
993.6175641568242,11.0
993.6406568734268,12.0
993.6996636022558,11.0
993.707888679727,12.0
993.7152230984649,13.0
993.8269828308786,12.0
993.8564220969932,11.0
993.8691571905615,10.0
993.9160612047378,11.0
994.1724495779628,10.0
994.1964624069462,9.0
994.3012162670334,8.0
994.4718772358648,7.0
994.7344448541934,6.0
994.7573600846468,5.0
995.1317672090911,6.0
995.2987850557023,7.0
995.4747590443365,8.0
995.5946653715216,7.0
995.7256894264999,8.0
995.791358135542,7.0
995.8977062182203,8.0
996.0661066601684,7.0
996.1908247888681,8.0
996.1930196923138,7.0
996.2905628659736,6.0
996.297543810709,5.0
996.354078992202,6.0
996.6833471715116,7.0
996.7172695028676,8.0
996.7340681121831,7.0
996.956605988595,8.0
997.1216414294961,9.0
997.1671772221041,10.0
997.2270400425313,9.0
997.445691571289,8.0
997.5926309029168,9.0
997.594759625848,8.0
997.7408440495697,7.0
997.7759118453033,8.0
997.7820460596189,9.0
997.8101238084822,8.0
997.9174666012319,9.0
997.932120732272,10.0
997.9598452015609,9.0
998.0698383825944,8.0
998.2083002236135,9.0
998.2648977593562,10.0
998.4373685696373,9.0
998.4524344345367,8.0
998.4792212553815,7.0
998.6117905168302,6.0
998.6581132426895,7.0
998.7322294901704,8.0
998.7983838541049,7.0
998.8199407827383,6.0
998.8200589918862,7.0
998.9011846215083,8.0
998.9451818598236,7.0
999.0222147803017,8.0
999.1510697702926,7.0
999.1817157471339,8.0
999.3208381917287,7.0
999.4273252895018,8.0
999.6045987314868,7.0
999.6091919248875,8.0
999.7104521353402,7.0
999.7578715110373,8.0
999.9401179563749,7.0
1000.0381722191224,6.0
1000.083811751389,7.0
1000.1329207883383,8.0
1000.2111496475816,7.0
1000.2233006227297,8.0
1000.3269473146515,9.0
1000.3645066013063,8.0
1000.366251302522,9.0
1000.4170018430095,10.0
1000.4468052312508,9.0
1000.5126850910943,8.0
1000.5684421841461,9.0
1000.5994883118949,8.0
1000.7202611653348,9.0
1000.9416030527485,8.0
1000.9716467551335,7.0
1001.1326977430994,8.0
1001.2698914066884,7.0
1001.5132292866396,6.0
1001.5684481843477,5.0
1001.6588110974147,4.0
1001.6840828363535,5.0
1001.7444264744297,6.0
1001.8575562586601,7.0
1002.4269413828093,6.0
1002.4918813861253,7.0
1002.52349359334,6.0
1002.6713990316135,5.0
1002.823532467749,6.0
1002.9137083847444,5.0
1003.0680530229206,4.0
1003.1894008802795,5.0
1003.3723513443099,6.0
1003.6445897769119,5.0
1003.644824294786,4.0
1003.9877877831427,5.0
1004.0986184786815,4.0
1004.2018778846993,3.0
1004.2488864334737,4.0
1004.3982502978027,5.0
1004.6840119321397,6.0
1004.789056301335,5.0
1004.8314405255142,6.0
1004.9868673152572,5.0
1005.2073889106044,6.0
1005.253923020982,7.0
1005.2699908181305,8.0
1005.2980939007899,9.0
1005.325225614498,8.0
1005.5186045873589,9.0
1005.6364310349484,8.0
1005.6675593327672,9.0
1006.1066458725443,8.0
1006.1492176969643,9.0
1006.1670553551367,8.0
1006.1761225214618,7.0
1006.2226022120595,8.0
1006.2568434128532,7.0
1006.3486702954327,6.0
1006.5078510714985,5.0
1006.5298187348594,6.0
1006.5574477438814,7.0
1006.5994725369235,8.0
1006.6430743628714,7.0
1006.6836628577137,8.0
1007.1116702775317,7.0
1007.5338632030575,8.0
1007.5602026509754,9.0
1007.7746837972818,8.0
1007.8925820401253,7.0
1007.9381431176438,8.0
1007.9645001840116,7.0
1008.0959450450173,6.0
1008.5478882762685,7.0
1008.5835576664905,6.0
1008.6272906788662,5.0
1008.6622850402997,6.0
1008.8631129242408,5.0
1008.9666858516207,6.0
1009.3787282442341,7.0
1009.6434759317746,6.0
1009.6544987930913,7.0
1009.7535618329371,8.0
1009.8843394484483,9.0
1009.912347823788,8.0
1010.006081488879,7.0
1010.0129653142428,8.0
1010.0421224942411,9.0
1010.0711600317862,10.0
1010.1131318623287,11.0
1010.4561894032186,10.0
1010.5091896339054,11.0
1010.5425675482461,10.0
1010.5582952369426,9.0
1010.5709223003645,10.0
1010.588130877398,9.0
1010.6790377596003,8.0
1010.8203622749112,9.0
1010.9180625797883,10.0
1010.9655527571355,9.0
1011.1144138442584,8.0
1011.1663192805103,9.0
1011.2386782707941,10.0
1011.2658754380681,11.0
1011.372720677499,12.0
1011.4256525712035,11.0
1011.521078548725,12.0
1011.589246138912,13.0
1011.6053130018045,14.0
1011.7526527113221,13.0
1011.8342680900204,14.0
1011.9319802708333,13.0
1012.061637099918,14.0
1012.0817476167616,15.0
1012.1461213429242,16.0
1012.174140959353,15.0
1012.2636524586211,14.0
1012.3024409084463,13.0
1012.3292274498219,14.0
1012.4004899352408,13.0
1012.5003941827861,12.0
1012.6144076080133,11.0
1012.6208927700643,10.0
1012.6375535740232,11.0
1012.737109591728,12.0
1012.7855670421391,13.0
1012.7922042068024,12.0
1012.8467760121689,11.0
1012.8573935763008,12.0
1012.9435013177415,11.0
1012.9609061263927,10.0
1013.0021853701357,9.0
1013.0705100779194,10.0
1013.425635248912,9.0
1013.5124660693722,8.0
1013.7217916381338,7.0
1013.7548658130354,8.0
1013.8731135760373,9.0
1014.1637780878137,10.0
1014.2358893495694,9.0
1014.4580707810825,8.0
1014.5333893480904,9.0
1014.6582429796183,10.0
1014.6595856130083,9.0
1015.0032071688584,8.0
1015.0192515307235,7.0
1015.0755869351754,8.0
1015.1422561102637,9.0
1015.1588130019591,10.0
1015.1793194075667,11.0
1015.204482177359,10.0
1015.2239529975941,11.0
1015.2573245759354,12.0
1015.4192592059509,11.0
1015.7589479263002,10.0
1015.8037268898063,9.0
1015.9730927612243,8.0
1016.0590819843254,9.0
1016.0894336090751,8.0
1016.4130593166261,7.0
1016.4383251834934,6.0
1016.6966392635411,5.0
1016.9380268547513,6.0
1016.9913746504096,5.0
1017.3028124489512,6.0
1017.3047432401694,7.0
1017.4023964213291,6.0
1017.4881451789906,7.0
1017.5759751878443,8.0
1017.5849367485258,9.0
1017.9086765210816,8.0
1017.921145947499,9.0
1017.9560540522965,8.0
1018.2318041729969,7.0
1018.3141373589352,6.0
1018.3465584926494,5.0
1018.6477034312209,6.0
1018.7788929779538,5.0
1018.871908615358,6.0
1018.9637883158179,7.0
1018.998591316037,8.0
1019.0011225931084,9.0
1019.0461026671679,10.0
1019.2375196730463,9.0
1019.3658193399388,10.0
1019.4457519827752,11.0
1019.5277135847361,10.0
1019.5484301464593,11.0
1019.612470527652,10.0
1019.6793481704098,9.0
1019.8590350945844,8.0
1019.8963350333956,7.0
1020.2682866556369,8.0
1020.47250843829,9.0
1020.7176696184086,8.0
1020.7187194449352,9.0
1020.7324491282559,8.0
1020.8326195048329,7.0
1021.0183051743156,8.0
1021.268147400645,7.0
1021.4387495495931,8.0
1021.4668085378964,9.0
1021.5108178865721,8.0
1021.56106798328,9.0
1021.5944286121759,8.0
1021.6044049165308,7.0
1021.7324014020924,6.0
1021.8698567561386,7.0
1022.0077788895944,8.0
1022.1016312069291,9.0
1022.105318631094,10.0
1022.7014130585512,9.0
1022.7962325665957,8.0
1022.9363802342101,7.0
1022.9970171892096,8.0
1023.1119002443171,9.0
1023.2015645640117,8.0
1023.2811085914509,9.0
1023.2904979798776,8.0
1023.339245065787,7.0
1023.4486861146437,8.0
1023.5343860167644,7.0
1023.5932519608932,6.0
1023.6197265124781,5.0
1023.7555097728798,6.0
1023.8966761161942,5.0
1024.1968537923733,6.0
1024.4055771087144,7.0
1024.4262773524433,8.0
1024.622468555739,9.0
1024.750510872155,8.0
1024.8152124795158,7.0
1024.8826230925636,8.0
1024.8882190552108,9.0
1024.9355063650564,8.0
1025.005904249344,7.0
1025.195576979973,6.0
1025.2010624630898,7.0
1025.3283726017437,6.0
1025.4401224675903,5.0
1025.4667365954926,4.0
1025.7691504133575,3.0
1025.9196088611814,4.0
1026.1795999119704,5.0
1026.4546627686113,6.0
1026.7750706312468,7.0
1026.7862055111495,6.0
1026.8487576398413,7.0
1026.9161129536164,8.0
1026.9580667087603,9.0
1026.9614985954925,8.0
1027.005861809964,9.0
1027.0181650037703,8.0
1027.134115219734,7.0
1027.172974603033,8.0
1027.242902275122,9.0
1027.2485302960974,10.0
1027.2946643952505,11.0
1027.4128529137568,12.0
1027.4488090815705,11.0
1027.4668032369514,10.0
1027.744856666905,9.0
1027.8019661396768,10.0
1027.8282105762898,9.0
1027.8715169353345,8.0
1027.8717853578937,9.0
1028.0188828216396,10.0
1028.2167970448072,9.0
1028.2253360596007,8.0
1028.3549237175532,9.0
1028.4109787650314,10.0
1028.482267310584,11.0
1028.6340847850047,12.0
1028.6781661919754,11.0
1028.774816544463,10.0
1028.8172822136873,11.0
1028.9142444979004,10.0
1028.948543603561,11.0
1028.992215059257,12.0
1029.0137031736338,11.0
1029.0681533694935,12.0
1029.1347920126652,11.0
1029.218662721037,12.0
1029.232650739258,11.0
1029.2799820357127,10.0
1029.3899872452696,9.0
1029.621750336178,8.0
1029.744702971017,7.0
1029.979277370344,6.0
1030.1242556454017,7.0
1030.3576367204519,8.0
1030.4844231006575,9.0
1030.734557116385,10.0
1030.7694940379124,11.0
1030.7829135095442,12.0
1030.7941897777478,11.0
1030.8152356140795,12.0
1030.976894810424,11.0
1031.02614467235,12.0
1031.1173189641659,11.0
1031.1372197618093,12.0
1031.3087175579958,11.0
1031.4286601332847,12.0
1031.4334368185148,11.0
1031.6643090897846,12.0
1031.8954405964416,11.0
1031.9017931081974,10.0
1031.914405125899,9.0
1031.9870285067293,10.0
1032.0603597008962,11.0
1032.0654454459466,10.0
1032.0884226379528,11.0
1032.1080330027269,12.0
1032.3091467486602,11.0
1032.3101210911746,12.0
1032.398825154498,13.0
1032.408159062391,14.0
1032.413885168874,15.0
1032.415326594717,16.0
1032.6136056475227,15.0
1032.6728251791026,14.0
1032.6747132797627,13.0
1032.6897107074547,14.0
1032.841043991497,13.0
1032.8449068650614,12.0
1032.8648280306631,13.0
1032.9798309814757,14.0
1033.0034130311315,13.0
1033.044707525419,14.0
1033.0962505426764,13.0
1033.1132267504179,12.0
1033.1243754597444,13.0
1033.2639308683317,12.0
1033.3525455533854,13.0
1033.4766930443175,12.0
1033.6110662620172,13.0
1033.7247948049824,12.0
1033.740406202099,11.0
1033.8380857316272,12.0
1033.9121080506518,13.0
1034.0571787015062,12.0
1034.1189656438553,11.0
1034.1956879618601,12.0
1034.2831369896874,11.0
1034.405178609565,12.0
1034.5301881882624,13.0
1034.5361972651779,12.0
1034.7519794555367,13.0
1034.7524706693641,12.0
1034.7887730805353,11.0
1034.85572843613,10.0
1034.9062795081484,9.0
1034.945018046722,10.0
1035.0576506163127,11.0
1035.0605045088853,10.0
1035.0681477903988,9.0
1035.4106328753267,10.0
1035.6836994079636,9.0
1035.7544626530562,10.0
1035.840920098797,9.0
1035.9335352649816,10.0
1035.9514456768125,9.0
1036.5717870005767,8.0
1037.0076459401002,7.0
1037.0720359877782,8.0
1037.183069207747,9.0
1037.2046160284394,10.0
1037.2444222545396,9.0
1037.2481893105657,10.0
1037.254981168741,11.0
1037.454302794895,12.0
1037.838314232097,13.0
1037.888004109084,14.0
1037.901538931229,15.0
1037.930187239688,14.0
1038.114340698108,13.0
1038.2746673197769,12.0
1038.344646424615,11.0
1038.3567693512678,10.0
1038.384383646232,9.0
1038.498650008476,8.0
1038.5419534560256,7.0
1038.5896868437644,8.0
1038.6190986412628,7.0
1038.6622340432302,6.0
1038.7614796563626,7.0
1039.0635193814958,8.0
1039.3216819718186,9.0
1039.4639580372734,8.0
1039.6763389465984,9.0
1039.959334371139,8.0
1039.9822176578818,7.0
1040.1048535168688,8.0
1040.661288168454,9.0
1040.7194507667123,10.0
1040.7264024599012,11.0
1040.8459503970578,12.0
1040.8550380620304,13.0
1040.9325374853788,14.0
1041.0552129402856,15.0
1041.1803497909318,14.0
1041.3145804946964,15.0
1041.352330576689,14.0
1041.581383492432,15.0
1041.7119289176046,14.0
1041.8039489904947,13.0
1041.8655272330027,14.0
1041.9272371710153,13.0
1041.976684782872,14.0
1041.9865691052626,13.0
1041.9975323110746,14.0
1042.0038685680515,13.0
1042.0453417399056,14.0
1042.1069326297156,13.0
1042.1195484805346,14.0
1042.148838278724,13.0
1042.16069552678,12.0
1042.2319297027193,13.0
1042.4445709844163,12.0
1042.5483660214088,11.0
1042.5764007981547,10.0
1042.858947808628,9.0
1042.8654262693983,8.0
1042.959014961981,9.0
1043.1360679955435,10.0
1043.210931041471,11.0
1043.2211267924138,12.0
1043.270443556412,13.0
1043.2774651914128,12.0
1043.279906618163,13.0
1043.3512244229203,14.0
1043.3768278580733,13.0
1043.395286399864,12.0
1043.4282780850685,13.0
1043.6118995751476,12.0
1043.7212956122003,11.0
1043.895137761089,10.0
1043.9773059987635,9.0
1044.2473378105594,8.0
1044.3524433468342,7.0
1044.3953084192224,6.0
1044.4391877530497,5.0
1044.4456132041873,6.0
1044.4755011908405,7.0
1044.4886808435378,6.0
1044.8807222346638,7.0
1045.0357549252267,6.0
1045.2505666426152,7.0
1045.3393052203571,8.0
1045.393310246006,7.0
1045.5510976532232,6.0
1045.6804002135818,7.0
1046.1548941518017,8.0
1046.3416021276896,9.0
1046.5031538145183,10.0
1046.67856418733,9.0
1046.773817755426,10.0
1046.8767753143736,9.0
1047.214603078033,8.0
1047.233846925744,9.0
1047.2362505997792,10.0
1047.388082036431,9.0
1047.3943010444086,10.0
1047.4366938779156,11.0
1047.4379638255775,12.0
1047.4749215364752,11.0
1047.6041524729599,10.0
1047.6073983926478,11.0
1047.802556168806,12.0
1047.981707498172,11.0
1048.0048102877292,10.0
1048.0264325495912,9.0
1048.0601654034049,10.0
1048.0615473271405,9.0
1048.0617506708766,8.0
1048.1590180520816,7.0
1048.2826254398203,6.0
1048.4779028339988,5.0
1048.6064933191185,4.0
1048.6580368019725,5.0
1048.716839441427,6.0
1048.7905231278226,5.0
1049.0502741062603,6.0
1049.050786182604,7.0
1049.4257666434921,8.0
1049.5537996513322,9.0
1049.598553745562,8.0
1049.6518377096684,9.0
1049.7816825946097,10.0
1049.9709576836128,11.0
1050.0264658371532,12.0
1050.2124266009248,11.0
1050.2743645978462,10.0
1050.2983089429158,9.0
1050.3119140589745,8.0
1050.4023105080437,9.0
1050.4954616773393,10.0
1050.5390661345562,11.0
1050.6128043950841,10.0
1050.6229477855727,11.0
1050.7464346783843,10.0
1050.7885633393987,9.0
1050.7914347874018,8.0
1050.817800516251,9.0
1050.8364728541294,8.0
1050.9679524881399,9.0
1051.001165318085,10.0
1051.0270488703493,11.0
1051.2187750303196,12.0
1051.3234663039036,11.0
1051.6320223947507,10.0
1051.6737428909344,9.0
1051.737884605086,8.0
1051.870964123565,7.0
1052.0080322026972,8.0
1052.0230506159269,7.0
1052.0639603555474,6.0
1052.0861876704912,7.0
1052.286626391962,6.0
1052.370586987383,5.0
1052.5689771336845,4.0
1052.5976385527217,3.0
1052.737675134173,4.0
1053.2885684493108,5.0
1053.9239959470763,6.0
1053.986033402635,7.0
1054.0105101613924,8.0
1054.0404273030351,9.0
1054.0512997884507,10.0
1054.0660956062623,11.0
1054.1270647989954,12.0
1054.1942671388758,11.0
1054.31769335513,12.0
1054.6461894995775,11.0
1054.8181352174515,10.0
1054.9119287241708,9.0
1055.0137215378063,8.0
1055.0173595910385,7.0
1055.2518375386899,6.0
1055.2606440072022,5.0
1055.2634848159682,6.0
1055.4516722169296,7.0
1055.4537049653302,6.0
1055.8164316383427,7.0
1056.0625331795802,6.0
1056.2299778051408,5.0
1056.278483182586,6.0
1056.3278163952045,7.0
1056.4551715577502,8.0
1056.601122707808,7.0
1056.6123573374402,6.0
1056.6672929677172,7.0
1056.7578884556008,8.0
1056.7718811757609,9.0
1056.779253922139,8.0
1056.8233134612462,9.0
1056.847056195627,8.0
1056.9159304340776,9.0
1057.0533691162009,10.0
1057.106519054414,9.0
1057.2724115020235,8.0
1057.2963373272387,9.0
1057.3400857151953,8.0
1057.4017434511518,9.0
1057.4242717754375,10.0
1057.561418503035,11.0
1057.5689658619128,10.0
1057.5907078520434,9.0
1057.615085736831,10.0
1057.648939677208,11.0
1057.7704323897979,12.0
1057.8369337920462,11.0
1057.8378505397025,10.0
1057.9583808888685,9.0
1058.0660289807695,10.0
1058.1734853319072,11.0
1058.2157578589095,10.0
1058.3754016824676,9.0
1058.437873261295,10.0
1058.4590717946487,9.0
1058.4802335098673,8.0
1058.5394061730185,7.0
1058.5604523950965,6.0
1058.6279816777394,5.0
1058.7173299689669,4.0
1058.8191023522709,3.0
1058.8976832908386,4.0
1059.3240482189178,5.0
1059.3788030182218,4.0
1059.4514985675949,3.0
1059.8251360184286,2.0
1059.8728631168526,3.0
1060.0594158584286,4.0
1060.1598002523788,5.0
1060.265025325871,6.0
1060.5526964504068,7.0
1060.5787049857147,8.0
1060.639871219222,9.0
1060.6908036096354,10.0
1060.7304103567908,11.0
1060.7522328909533,12.0
1060.7646772698918,11.0
1060.8322431347513,12.0
1060.888540069961,13.0
1060.9407444987721,14.0
1061.1111908286393,13.0
1061.1792473306227,14.0
1061.2003858846215,13.0
1061.2104540691323,12.0
1061.4367159644598,11.0
1061.483499494517,12.0
1061.490859650831,13.0
1061.5164277370252,12.0
1061.6602992580497,11.0
1061.7184285501246,10.0
1061.8121755088628,9.0
1061.9447487378352,8.0
1061.9682116685265,7.0
1062.1454062677096,6.0
1062.2264744128545,5.0
1062.2333380680145,4.0
1062.2338509462563,5.0
1062.2351079212754,6.0
1062.2359776646374,5.0
1062.332226028019,6.0
1062.3734015578898,7.0
1062.4024775313546,8.0
1062.4237268280467,9.0
1062.565574250542,10.0
1062.5969270805024,11.0
1062.703887094085,10.0
1062.7812195538331,11.0
1062.808369361081,12.0
1062.8711210552865,13.0
1062.8865679780704,12.0
1062.9632092894688,11.0
1063.0262463420831,12.0
1063.0482093531245,13.0
1063.0783029939084,12.0
1063.260245151507,11.0
1063.3001615103221,10.0
1063.3821129737464,11.0
1063.4007615269472,10.0
1063.455720695758,11.0
1063.5265434171936,10.0
1063.6457395904517,9.0
1063.670588976017,10.0
1063.7128299069861,9.0
1063.7296745596766,10.0
1063.7609162673464,11.0
1063.7719822947702,12.0
1063.794966693751,13.0
1063.922706480252,12.0
1063.9227102438576,11.0
1064.0394659500155,10.0
1064.308982868376,9.0
1064.358447604497,8.0
1064.4279359134305,7.0
1064.4652549266734,6.0
1064.4668112577458,7.0
1064.4951443714792,6.0
1064.5348462946965,5.0
1065.036920837148,4.0
1065.113435641707,3.0
1065.230944776587,2.0
1065.63481885426,3.0
1065.781966362291,4.0
1065.8248018152017,5.0
1066.1631864950284,4.0
1066.291116933076,5.0
1066.3609317180074,6.0
1066.4076687428303,5.0
1066.4641892782015,6.0
1066.5593621837263,7.0
1066.5722942707462,8.0
1066.6303609929175,9.0
1066.7159302534023,10.0
1066.7418507173188,9.0
1066.809993049048,10.0
1066.9788333518875,9.0
1067.0201700146104,10.0
1067.1743398063197,11.0
1067.1781135088943,10.0
1067.1832582565253,9.0
1067.2741307991348,10.0
1067.3692527916235,11.0
1067.4772854582275,12.0
1067.5407643259289,11.0
1067.5600060349718,10.0
1067.6207178409443,11.0
1067.6741215739976,10.0
1067.7018804705126,11.0
1067.7943662380794,10.0
1067.7967078533388,9.0
1067.8281422382242,10.0
1067.9694814143484,9.0
1067.9812092807013,10.0
1068.0358347314132,9.0
1068.3041577797544,10.0
1068.4351604169447,9.0
1068.5123104120735,10.0
1068.5482361401027,11.0
1068.5492187533173,12.0
1068.7624665964906,11.0
1068.805625133157,10.0
1068.815309474432,11.0
1068.8925139398314,10.0
1068.9165119365005,11.0
1069.0552183163263,10.0
1069.2118687829427,9.0
1069.3665021882896,10.0
1069.5009858708697,11.0
1069.520815382501,12.0
1069.6807439800566,11.0
1069.7422741585028,12.0
1070.0213709624718,11.0
1070.3414681251247,12.0
1070.4906616902406,13.0
1070.5440104785775,12.0
1070.5510353817717,11.0
1070.6115825109337,10.0
1070.7615326454645,9.0
1070.8042449600307,8.0
1070.8807129997797,9.0
1070.9859259251689,8.0
1071.0384583090479,7.0
1071.0423692400282,8.0
1071.129767423447,9.0
1071.1311500778572,8.0
1071.1620947193362,9.0
1071.2110823417422,10.0
1071.3282948988278,11.0
1071.3692687886723,12.0
1071.5540368523327,13.0
1071.650420080261,14.0
1071.7422427944036,15.0
1071.7962663895366,16.0
1071.9119783770288,15.0
1071.9207738107261,14.0
1071.9798756663688,13.0
1072.0145276787912,14.0
1072.0286821000682,13.0
1072.099436459436,12.0
1072.1481639319209,11.0
1072.3643318551929,12.0
1072.374324028408,11.0
1072.3937618392183,10.0
1072.551802132031,9.0
1072.7384941016633,8.0
1072.8463656550693,7.0
1072.8619730470625,6.0
1073.0083316224109,5.0
1073.079741665993,4.0
1073.2382841525298,5.0
1073.4172578200685,6.0
1073.4602214221572,7.0
1073.5763743767536,8.0
1073.6563274833568,9.0
1073.8240706044778,8.0
1073.8877778940764,7.0
1073.899100722446,6.0
1074.1351346483439,7.0
1074.3627396236416,8.0
1074.4559681119244,7.0
1074.5194076250461,8.0
1074.5269043215533,7.0
1074.550629102194,8.0
1074.6397186211925,7.0
1074.654415328101,8.0
1074.8501439051104,7.0
1074.8850118117562,8.0
1075.0392706276866,9.0
1075.1770771872134,8.0
1075.274984976681,9.0
1075.3137314418257,8.0
1075.4675615888316,7.0
1075.4816467642124,8.0
1075.545906640596,7.0
1075.7573951316188,8.0
1075.8402794835422,7.0
1076.026903650652,6.0
1076.124401169564,5.0
1076.1751305696307,6.0
1076.2350017739577,7.0
1076.3443643369283,8.0
1076.3722073028357,7.0
1076.4573140471002,8.0
1076.6856364060502,9.0
1076.761862656281,8.0
1077.1335114462681,7.0
1077.193377189961,8.0
1077.2655680255882,7.0
1077.269292120732,8.0
1077.288783644742,9.0
1077.3438256632544,10.0
1077.3620143026187,9.0
1077.4819166374955,8.0
1077.5731662510223,9.0
1077.67807466524,10.0
1077.77277745204,9.0
1077.782769077486,8.0
1077.8119704450958,9.0
1077.9129319071124,8.0
1077.9616462409865,9.0
1077.9621945298481,8.0
1077.976740960271,9.0
1078.024386980254,8.0
1078.037381708031,9.0
1078.3095104372894,10.0
1078.3572928210756,9.0
1078.4183034106354,8.0
1078.4384243784,9.0
1078.7831326483422,8.0
1078.8111941463699,7.0
1078.8222612020313,8.0
1078.9118909898775,7.0
1079.090138642927,8.0
1079.174770071598,9.0
1079.17987436423,10.0
1079.2034631924114,11.0
1079.361819348718,10.0
1079.417711599226,9.0
1079.461382452555,8.0
1079.5167987618393,9.0
1079.5691853233016,10.0
1079.6033707025415,11.0
1079.813805383817,10.0
1079.8663692413045,11.0
1079.9052234554792,10.0
1080.0571744192528,9.0
1080.143294048887,10.0
1080.1969872241189,9.0
1080.2531072299482,8.0
1080.3102640833204,7.0
1080.3232473172718,8.0
1080.4285555662136,7.0
1080.4835322209772,6.0
1080.6825286829066,5.0
1080.7222283114866,6.0
1080.733721537346,7.0
1080.7374469634242,6.0
1080.8663021938592,5.0
1081.1445194159069,4.0
1081.160775320037,5.0
1081.3156489446915,4.0
1081.7487092152655,3.0
1081.7793592730573,4.0
1081.9275705959344,5.0
1082.035476397932,4.0
1082.0981572809594,5.0
1082.3292249227748,4.0
1082.4159476553982,5.0
1082.4338105908869,6.0
1082.453933014777,7.0
1082.5224576658388,8.0
1082.7175265020492,9.0
1082.9282581831196,10.0
1082.937112997196,11.0
1082.942830952788,12.0
1082.9916046093097,11.0
1083.0435951721809,12.0
1083.0721359637323,11.0
1083.0808011492927,12.0
1083.0907655374344,13.0
1083.12077462535,12.0
1083.149098960975,13.0
1083.4729792480073,12.0
1083.5704730989478,11.0
1083.6330557919193,10.0
1083.6693121827059,9.0
1083.6965517692854,8.0
1083.9403683474407,7.0
1084.016504304549,6.0
1084.0492030627156,7.0
1084.1222498902393,8.0
1084.3760376979524,9.0
1084.4791694506655,10.0
1084.503614965312,9.0
1084.533724923608,10.0
1084.694854686447,9.0
1084.737053479422,8.0
1084.8266541948117,9.0
1084.8307255227676,8.0
1084.8524383502042,7.0
1084.921410770404,8.0
1085.086848899229,7.0
1085.0961230573157,8.0
1085.2081643636118,9.0
1085.239834718407,8.0
1085.4895493458719,7.0
1085.606221828011,6.0
1085.8138687442156,5.0
1085.8569431509354,4.0
1085.9740735961784,5.0
1086.0058542502404,6.0
1086.0617874990114,7.0
1086.1323696188883,8.0
1086.2919679328902,7.0
1086.5208235910688,6.0
1086.603371503129,5.0
1086.6469666901846,4.0
1086.695932604997,5.0
1086.7729854084803,6.0
1086.8239336257943,7.0
1086.928611057493,8.0
1086.933826753021,9.0
1087.0392979259134,8.0
1087.0446643164705,7.0
1087.076261422646,8.0
1087.1791544937007,9.0
1087.4417966767799,8.0
1087.4501276176047,7.0
1087.5171397370093,8.0
1087.5800106077802,7.0
1087.595961584295,8.0
1087.676289249655,7.0
1087.6796165598532,6.0
1087.7050350253617,5.0
1087.7432044565003,6.0
1088.044255609701,7.0
1088.189029775641,8.0
1088.5743721216102,9.0
1088.6093370183817,10.0
1088.6219261595506,11.0
1088.7123361698668,12.0
1088.7830297030596,11.0
1089.0179612936274,10.0
1089.1303520917656,9.0
1089.168206063797,10.0
1089.2306172886986,9.0
1089.2469069277297,8.0
1089.358139776938,7.0
1089.374697604849,8.0
1089.3943033406133,7.0
1089.5142074442342,8.0
1089.60792673685,7.0
1089.6234730821193,8.0
1089.865117343384,9.0
1090.0228631653317,8.0
1090.1775124742007,9.0
1090.1816990630023,8.0
1090.2397024878642,7.0
1090.2440246229207,6.0
1090.3848930961738,7.0
1090.3978326629774,6.0
1090.4867913629105,7.0
1090.6400824048858,8.0
1090.9496276369655,9.0
1091.267787822091,10.0
1091.3154958615344,11.0
1091.3414776270545,10.0
1091.411051412641,11.0
1091.4436712690233,12.0
1091.7149964181333,11.0
1091.7782131891674,12.0
1091.7977145515538,11.0
1091.8213887735415,10.0
1091.9670626641785,11.0
1092.0063561345064,12.0
1092.0918184907289,11.0
1092.1723868788467,10.0
1092.3079717269884,9.0
1092.4510343886457,8.0
1092.4739568341404,7.0
1092.6227814263943,6.0
1092.941083848246,5.0
1092.983365229979,6.0
1092.9940935997595,7.0
1093.0088355246553,6.0
1093.0526122308095,5.0
1093.1152762667261,4.0
1093.177168232725,5.0
1093.4129654194182,6.0
1093.424954594518,7.0
1093.5995153858953,8.0
1093.641453343725,9.0
1093.6662133694074,8.0
1093.6879110118168,7.0
1093.7904389383998,8.0
1093.7914901141412,9.0
1093.995981919894,8.0
1094.1906895838538,7.0
1094.2369375983508,8.0
1094.24030656761,7.0
1094.243061606496,6.0
1094.4925056255895,7.0
1094.6989651655147,6.0
1094.8505915739759,5.0
1094.9169695463052,4.0
1095.0014385192712,5.0
1095.048934539272,6.0
1095.1736137936825,5.0
1095.29905197273,6.0
1095.303485012092,5.0
1095.4757159353785,6.0
1095.4867456524075,7.0
1095.5359217407079,8.0
1095.8286274162397,7.0
1095.9464959027491,6.0
1096.1088152833897,5.0
1096.2123629698942,6.0
1096.2413192518486,7.0
1096.6209650222372,6.0
1096.6540570872007,5.0
1096.69974587405,4.0
1096.7347037355175,3.0
1096.7743904698968,4.0
1096.9411400388938,5.0
1096.95009803706,6.0
1097.0260820103565,7.0
1097.1056571877086,8.0
1097.1380896495255,7.0
1097.2526024217154,6.0
1097.2611388260773,7.0
1097.2951111165153,6.0
1097.3942148163978,7.0
1097.4174421177338,6.0
1097.8122084495412,7.0
1097.9044114950145,8.0
1097.9103464886412,7.0
1098.0465315652295,6.0
1098.0678214429427,5.0
1098.2027982187283,6.0
1098.2854415946151,5.0
1098.5652208628292,6.0
1098.6263181169033,7.0
1098.6482318243156,8.0
1098.8723892891412,9.0
1098.9019860617784,8.0
1099.1197783327455,9.0
1099.1608619310598,8.0
1099.2169553918245,9.0
1099.4818838791734,10.0
1099.5285922198318,9.0
1099.5364650705249,8.0
1099.5782167766724,7.0
1099.60206778938,8.0
1099.7182677349338,7.0
1099.808604799135,6.0
1099.8551375638478,7.0
1099.9008703716092,8.0
1099.9188277580695,7.0
1099.9436018600577,8.0
1100.026269553757,7.0
1100.2013265698558,6.0
1100.221525471405,5.0
1100.2790025056029,6.0
1100.2848674439838,5.0
1100.5784947020459,4.0
1100.6070259497956,5.0
1100.7220150345793,4.0
1100.7276377944954,3.0
1100.7568396478425,4.0
1100.8403867307907,5.0
1100.91607155359,6.0
1101.28009888378,7.0
1101.2921495294104,8.0
1101.4575296894875,9.0
1101.4790896136165,10.0
1101.716711398245,9.0
1101.7616556973508,10.0
1101.7739907366322,11.0
1101.8111396366096,10.0
1101.8188230973406,9.0
1101.821604086111,8.0
1102.1168514620529,7.0
1102.1488492123926,8.0
1102.2683886356283,7.0
1102.319412110607,6.0
1102.3204773669468,5.0
1102.3397906954044,6.0
1102.492387788817,7.0
1102.500917677061,6.0
1102.5410137114225,7.0
1102.7282407599555,6.0
1102.7639511149657,7.0
1102.8891307860872,6.0
1103.158982170432,7.0
1103.2932640666745,8.0
1103.3952182221215,7.0
1103.4048303551024,8.0
1103.5011558289173,9.0
1103.55268789496,10.0
1103.6752937195554,11.0
1103.930044065197,10.0
1104.0165672753112,9.0
1104.018438900751,8.0
1104.0749979771813,7.0
1104.2760000486433,8.0
1104.3559938158103,7.0
1104.433040405687,8.0
1104.5667664943492,7.0
1104.7015423746298,8.0
1104.773174291492,9.0
1104.789356292939,8.0
1104.988562862098,7.0
1105.0241227401787,8.0
1105.1083813868668,9.0
1105.172546331739,10.0
1105.2417009518376,11.0
1105.2430013792377,12.0
1105.3231148012342,11.0
1105.4129083321263,10.0
1105.4549768332183,11.0
1105.5962973821047,12.0
1105.5997687577483,11.0
1105.8195041851898,12.0
1105.8854857740705,13.0
1105.9131615582737,12.0
1106.0467126307137,11.0
1106.0657754730132,10.0
1106.142442306406,9.0
1106.3718857465028,10.0
1106.3830843295423,9.0
1106.4381548333877,10.0
1106.4730203735467,9.0
1106.5314424305282,8.0
1106.8485557491974,7.0
1106.868785487077,6.0
1106.9361370586184,7.0
1106.9827807549818,8.0
1106.9986753735093,9.0
1107.030464361423,8.0
1107.0440157936152,9.0
1107.3602216461088,10.0
1107.4210528208441,9.0
1107.4632412074936,8.0
1107.5353395538457,7.0
1107.6824497208154,8.0
1107.7119059025997,9.0
1107.9426468768054,8.0
1108.083170737436,9.0
1108.565863585455,10.0
1108.581871873929,9.0
1108.6834895581114,8.0
1108.8023942571976,7.0
1108.8385507188225,6.0
1108.8454443928035,7.0
1108.8985718993956,8.0
1109.0191154835513,7.0
1109.0973827189364,8.0
1109.1115258457444,9.0
1109.1228563556108,10.0
1109.1925144108234,11.0
1109.2430699235533,12.0
1109.3923213000803,13.0
1109.3927104560983,14.0
1109.4144246715678,13.0
1109.5661896254942,14.0
1109.806607813381,13.0
1109.8109456906413,14.0
1109.8422736647096,13.0
1109.9017050576322,12.0
1109.9446915784908,11.0
1109.9670309191022,10.0
1110.00746669912,11.0
1110.0433852827766,12.0
1110.0910860821773,11.0
1110.136037933031,10.0
1110.3751626755366,9.0
1110.3968854707775,8.0
1110.6093132927604,7.0
1110.6697861348384,8.0
1110.6875557942785,7.0
1110.761387833836,8.0
1110.7838163068327,9.0
1110.818293193382,10.0
1110.9718832450187,9.0
1111.0084757625514,10.0
1111.03666187208,11.0
1111.310550315092,10.0
1111.4794290174573,11.0
1111.5676520607306,10.0
1111.5987683706924,9.0
1111.618426787725,8.0
1112.257905481989,7.0
1112.338784688745,8.0
1112.5964034127499,7.0
1112.6181203068363,8.0
1112.6663770962118,9.0
1112.7002733533095,8.0
1112.8407741671192,9.0
1112.997958395004,10.0
1113.085543233046,11.0
1113.2558001743296,12.0
1113.3690843244638,11.0
1113.7176532390424,10.0
1113.9978125709583,11.0
1114.066416407345,12.0
1114.2097160995822,11.0
1114.2443515954014,12.0
1114.3019202301305,13.0
1114.637133441812,12.0
1114.6577511933763,13.0
1114.6838680188966,12.0
1114.7445892858264,13.0
1114.9009370110364,12.0
1114.9549391958517,11.0
1114.9748289776728,12.0
1115.135384380424,13.0
1115.145853712001,14.0
1115.3000902082156,13.0
1115.658064496162,12.0
1115.7797218943124,11.0
1115.7902897784431,10.0
1115.7971178908342,9.0
1115.8021816315566,10.0
1115.8062501210313,9.0
1115.8210540438524,8.0
1115.845093119162,9.0
1115.914140908931,10.0
1115.9196102065885,9.0
1115.9728352071668,8.0
1116.3207853575093,7.0
1116.3879953428277,8.0
1116.400990690196,7.0
1116.497658692934,6.0
1116.72305787434,5.0
1116.7356714769612,4.0
1116.780284879265,3.0
1116.9568549410483,2.0
1117.2457910422643,3.0
1117.3044298742434,4.0
1117.3326347050556,5.0
1117.6350875192443,6.0
1117.6779397854332,7.0
1117.7625162133636,6.0
1117.7706220584407,7.0
1117.8069080067385,6.0
1117.8973294254204,5.0
1118.2164643787867,6.0
1118.3255309012566,5.0
1118.696095510967,4.0
1118.7590711418852,3.0
1118.8429750710243,2.0
1118.9979811550434,3.0
1119.281601378357,4.0
1119.2979322433555,5.0
1119.642099049571,4.0
1119.718216499244,5.0
1119.9047229885089,6.0
1119.9579296994216,7.0
1120.0163262729263,8.0
1120.200141215272,7.0
1120.2130136740655,8.0
1120.3544586601529,9.0
1120.3762561053854,8.0
1120.4437534124877,7.0
1120.5446825020472,8.0
1120.6115127416542,9.0
1120.7212626929486,8.0
1120.7357124115247,7.0
1120.7721125964492,8.0
1121.0496457736276,9.0
1121.1457523432646,10.0
1121.1563503175114,9.0
1121.1585352358966,10.0
1121.1590725731849,9.0
1121.5574732976552,10.0
1121.5583768431434,11.0
1121.6797786885916,10.0
1121.9704056817793,11.0
1122.0391884319242,12.0
1122.0526226153675,13.0
1122.060060668658,12.0
1122.0796965503778,13.0
1122.0888189130153,14.0
1122.1330393638896,15.0
1122.1848769220715,16.0
1122.192760832935,17.0
1122.2222845579402,16.0
1122.224725466912,17.0
1122.3659240126105,18.0
1122.4203169988498,17.0
1122.4227539738947,18.0
1122.62575819867,17.0
1122.6273374012062,16.0
1122.6533839307547,17.0
1122.7137992097673,16.0
1122.9518958837784,15.0
1123.0036002234162,14.0
1123.1421014096113,13.0
1123.296059219849,12.0
1123.3260246447173,11.0
1123.427625910202,10.0
1123.498034742564,9.0
1123.6807937711988,10.0
1123.9391361087237,11.0
1123.981801045864,12.0
1124.0524554927135,11.0
1124.2553446381191,10.0
1124.299554178142,9.0
1124.6329534249526,8.0
1124.6445373282725,7.0
1124.6493266404702,8.0
1124.656039791746,9.0
1124.9944288878476,10.0
1125.17968677984,11.0
1125.3307830174767,10.0
1125.388371889257,9.0
1125.4039015671835,10.0
1125.4302765128077,9.0
1125.6284190568992,8.0
1125.7548745475,7.0
1125.7616232615494,6.0
1125.9175792799233,7.0
1126.018011474123,6.0
1126.129053783016,5.0
1126.2057649763192,6.0
1126.211435171452,5.0
1126.257936429877,6.0
1126.2663894282825,7.0
1126.5323178751344,8.0
1126.7646712464684,9.0
1126.8950179261221,10.0
1126.9461757783167,9.0
1127.255918978895,8.0
1127.3150361637345,7.0
1127.5149164205213,6.0
1127.6652227786008,7.0
1127.7983329511358,8.0
1127.8875606590284,7.0
1128.0192208427216,8.0
1128.0843292443385,9.0
1128.1167407344553,10.0
1128.1952821991567,11.0
1128.2625281240485,10.0
1128.2848296097466,11.0
1128.3349277589957,10.0
1128.4593662529621,9.0
1128.7343733793437,8.0
1128.7361081477486,7.0
1128.772593513933,8.0
1128.7987279052493,7.0
1128.9462039767677,6.0
1129.0809180125073,5.0
1129.150565749347,4.0
1129.1950438657395,5.0
1129.2231942592043,4.0
1129.5378857825835,5.0
1129.6747755882627,4.0
1129.919842645811,3.0
1129.9480549341383,4.0
1130.1467664423858,5.0
1130.1853339162985,6.0
1130.286262311551,5.0
1130.3927743383056,6.0
1130.6560813066058,7.0
1130.7048531966586,6.0
1130.7909649590492,7.0
1130.9245143716944,8.0
1131.1065040394571,9.0
1131.114679328776,10.0
1131.2203376280954,9.0
1131.2957411568684,8.0
1131.2993376007364,9.0
1131.6078722656891,8.0
1131.8351770548772,9.0
1131.9992274348783,10.0
1132.0397873875008,9.0
1132.0739221121787,8.0
1132.1337082630416,7.0
1132.513071155799,6.0
1132.679929767103,5.0
1132.7690784349568,4.0
1132.9903521814995,3.0
1133.103355651791,4.0
1133.378561469654,3.0
1133.571169408395,4.0
1133.8845390813472,5.0
1133.9465507055334,6.0
1133.9538762294999,7.0
1133.9928215142922,8.0
1134.0919965364878,7.0
1134.4832276242266,8.0
1134.5713147231095,7.0
1134.7041938002103,6.0
1134.8426249882118,5.0
1134.8636513368924,6.0
1134.9655041049562,5.0
1135.051359971141,4.0
1135.4942327962235,5.0
1135.5896050768545,6.0
1135.6717710393095,7.0
1135.6895282405862,8.0
1135.7667749479283,7.0
1135.8700726883735,8.0
1136.0101155014913,7.0
1136.0881393357747,8.0
1136.1861379082636,9.0
1136.201224429117,8.0
1136.2250553969611,7.0
1136.2752937274338,8.0
1136.2849751249037,9.0
1136.4006099144115,8.0
1136.4366967209085,9.0
1136.5644920777324,8.0
1136.8321720716103,7.0
1136.9598779770276,8.0
1136.9823912849663,7.0
1136.9850321939502,6.0
1137.0849034663818,5.0
1137.1931534887533,4.0
1137.34792133134,5.0
1137.5122058705904,4.0
1137.55254301397,5.0
1137.5889633849088,4.0
1137.839668319785,3.0
1137.9278110892055,2.0
1138.3028865791057,3.0
1138.3335750221263,2.0
1139.268837079892,3.0
1139.3064867741366,4.0
1139.3966162841168,3.0
1139.5671384380628,4.0
1139.597791178342,5.0
1139.6473332283506,6.0
1139.7523210009338,7.0
1140.224088286435,6.0
1140.2463007568956,5.0
1140.5336937301374,6.0
1140.5595425655542,7.0
1140.6256194106977,8.0
1140.748327615369,7.0
1140.809089357952,6.0
1140.8263758342184,7.0
1140.9103346542438,8.0
1141.2005126026995,7.0
1141.287209188435,8.0
1141.612336547959,7.0
1141.628528670756,6.0
1141.7672475093048,7.0
1141.8045909698171,8.0
1141.817477536379,9.0
1141.8480224165744,8.0
1141.8694991964496,7.0
1141.9992665924206,8.0
1142.0343140407322,9.0
1142.1387303934862,8.0
1142.5971155787577,7.0
1142.5972171638064,8.0
1142.6833367272413,9.0
1142.6990216901333,8.0
1142.8899542066304,9.0
1143.1665386878578,8.0
1143.2567139891007,7.0
1143.341497146195,6.0
1143.359141832492,7.0
1143.4337752029724,8.0
1143.5289623079125,7.0
1143.5521289918308,6.0
1143.747764990824,7.0
1143.9560211291325,6.0
1144.291139472233,7.0
1144.309051031766,8.0
1144.3773099765485,7.0
1144.6582931598896,6.0
1144.764612780843,7.0
1144.9728238140367,8.0
1145.1347126240094,9.0
1145.158820781336,10.0
1145.170199452429,11.0
1145.2430740462046,10.0
1145.5387175198714,9.0
1145.7884931038986,8.0
1146.197290291304,9.0
1146.3578190736484,10.0
1146.4145662317167,11.0
1146.7009043316878,12.0
1146.7240156195,11.0
1146.8892852657564,12.0
1146.9809543143883,13.0
1147.0245357661559,12.0
1147.2028129174944,13.0
1147.2678555101268,14.0
1147.414676315529,15.0
1147.4489903019328,14.0
1147.566092883662,13.0
1147.6844926291265,12.0
1147.6859632234534,13.0
1147.718988867218,14.0
1147.7825733639825,15.0
1147.7995846795209,16.0
1147.8919182311176,15.0
1148.013669848174,16.0
1148.0951600379785,17.0
1148.0972245477224,16.0
1148.2839715865305,17.0
1148.433562153297,18.0
1148.4879281996386,17.0
1148.5162388605052,16.0
1148.5253361618472,15.0
1148.66869538383,14.0
1148.7461238244812,13.0
1148.961527399303,14.0
1148.9784750511917,15.0
1149.2408077979485,16.0
1149.2548173842733,15.0
1149.318084737934,14.0
1149.4346285591348,13.0
1149.5335812452574,14.0
1149.6106466465876,13.0
1149.6177200019022,12.0
1149.668616761511,13.0
1149.7133589071748,14.0
1149.7151776442097,15.0
1149.7526654242472,14.0
1149.7590795758456,15.0
1149.7593467615,16.0
1149.8107338740726,15.0
1149.8973483040256,14.0
1149.9424538272112,13.0
1150.040479803533,14.0
1150.0882654975633,15.0
1150.1602320006118,16.0
1150.2633404361595,17.0
1150.3287922965774,18.0
1150.3394670169646,17.0
1150.4023524152271,16.0
1150.4624608114639,15.0
1150.5406832583762,14.0
1150.5553998517535,13.0
1150.5850514937551,12.0
1150.6847012233209,11.0
1150.7112089858483,12.0
1150.7390057534528,11.0
1150.851764089516,10.0
1150.9031408203828,11.0
1150.9104822951917,10.0
1150.9573695297358,9.0
1150.964994831225,10.0
1150.9812976538065,9.0
1151.1179142506433,10.0
1151.2030043041573,11.0
1151.2195057029664,10.0
1151.2851479316644,11.0
1151.3740006077003,10.0
1151.617539884693,11.0
1151.8341283309126,10.0
1151.924953919622,11.0
1152.0084522620305,12.0
1152.2846192956504,11.0
1152.3196888755933,12.0
1152.3427141118957,13.0
1152.3569095099353,14.0
1152.3833382075566,15.0
1152.389372485632,14.0
1152.397365291181,15.0
1152.431839938853,16.0
1152.4517999768238,15.0
1152.5529282823463,14.0
1152.7578378663577,15.0
1152.7592147636287,16.0
1152.821923484617,17.0
1152.922400828752,16.0
1152.9517872719948,15.0
1152.9613270624566,14.0
1153.030077646601,13.0
1153.07764760965,12.0
1153.0949050694294,11.0
1153.1172444699914,10.0
1153.1192285709756,11.0
1153.1514539918123,10.0
1153.2090430086328,11.0
1153.2588758535915,12.0
1153.381987294269,11.0
1153.394813418887,12.0
1153.4100499082087,11.0
1153.4783607701531,10.0
1153.5965890554412,11.0
1153.6040604800316,12.0
1153.7715425579142,11.0
1153.8010697889117,12.0
1153.8250536069536,11.0
1154.024728876767,10.0
1154.1302951926557,11.0
1154.1596166903664,10.0
1154.2522059357702,9.0
1154.4959446474782,8.0
1154.5817933983187,7.0
1154.6967240939596,6.0
1154.9415666884147,7.0
1154.9750357067458,8.0
1155.0726554021649,9.0
1155.4496767772685,8.0
1155.464143551286,7.0
1155.6269976562064,6.0
1155.6825244923357,5.0
1155.7092488396202,6.0
1155.768496300349,7.0
1155.780035256863,6.0
1155.8877299666128,7.0
1156.0534439796934,8.0
1156.5572947033027,9.0
1156.6131472487527,8.0
1156.9337650643938,7.0
1156.9641096065727,6.0
1157.1819558800617,7.0
1157.2027595402565,6.0
1157.387843904498,7.0
1157.3966774276741,8.0
1157.6689356076122,9.0
1157.702121761506,10.0
1157.82482199387,11.0
1158.0416161779556,10.0
1158.138030715432,9.0
1158.1518240072528,10.0
1158.1611379272133,11.0
1158.1943293917043,10.0
1158.2165570698985,11.0
1158.2960939249235,10.0
1158.53489055362,11.0
1158.7106283885723,12.0
1158.788620585949,11.0
1158.8413778197116,10.0
1158.9499240164482,9.0
1159.041668279263,10.0
1159.0423470932374,11.0
1159.1069634720218,12.0
1159.1643573732215,13.0
1159.2473130286796,12.0
1159.3591367714728,11.0
1159.3614741394322,10.0
1159.4441892895795,11.0
1159.4864563143994,12.0
1159.6124952104813,11.0
1159.7262076537984,10.0
1159.761259202833,9.0
1159.9491193564043,10.0
1159.9725960698079,11.0
1160.0235372249176,10.0
1160.0357580972418,11.0
1160.1118823528152,10.0
1160.284755056888,11.0
1160.3711186401588,12.0
1160.3893088278112,11.0
1160.5713065416492,10.0
1160.595122658534,11.0
1160.710673172317,12.0
1160.7561619303124,11.0
1160.7592574377684,12.0
1160.8506617922424,13.0
1160.8509254217734,12.0
1160.9449934853537,13.0
1161.21291111783,14.0
1161.244430911945,13.0
1161.381859055518,14.0
1161.3874244945264,13.0
1161.4158260320944,14.0
1161.441125806375,15.0
1161.4924024864301,14.0
1161.6422714941855,13.0
1161.7108276314973,12.0
1161.7176546835094,13.0
1161.9040472624376,14.0
1161.9885522033853,13.0
1162.1096317985962,12.0
1162.3656220100088,11.0
1162.401526979382,12.0
1162.4333699412027,11.0
1162.4648901910798,10.0
1162.5298545907199,11.0
1162.6847063954874,12.0
1162.6883435893849,11.0
1162.7379245024847,10.0
1163.0852938129467,9.0
1163.1419750368436,8.0
1163.176823622797,9.0
1163.4191335935582,10.0
1163.6076694667522,9.0
1163.6181146811396,8.0
1163.6417214766545,7.0
1163.7270915602207,8.0
1163.7472127897124,9.0
1163.7550099904868,8.0
1163.822759581247,7.0
1163.8661851959491,6.0
1163.9164093339923,7.0
1163.991760309312,8.0
1164.1241799515492,9.0
1164.210118569394,10.0
1164.2156975333016,9.0
1164.4018892423242,8.0
1164.5183104208131,7.0
1164.558079976576,8.0
1164.7424372442097,7.0
1164.753280096552,6.0
1165.0181241708838,7.0
1165.2010812640945,8.0
1165.2491188717665,7.0
1165.264882639051,6.0
1165.3345698840433,5.0
1165.3490784636115,4.0
1165.5599359717583,5.0
1165.713147164638,4.0
1165.8224170601752,5.0
1165.9051468024838,6.0
1165.9591650441705,7.0
1166.134076474623,6.0
1166.2275200788126,7.0
1166.3321447941403,8.0
1166.43224044048,7.0
1166.5011522204734,6.0
1166.8545214177109,7.0
1166.938477001853,6.0
1166.9458026027194,5.0
1166.9956461252737,6.0
1167.0019063837478,7.0
1167.1754962446507,6.0
1167.434512530879,7.0
1167.574385062146,6.0
1167.6026552605672,5.0
1167.6036953126618,6.0
1167.6871502196734,7.0
1167.6889808058297,8.0
1167.9532075794289,7.0
1167.9664426869592,6.0
1167.9667303632546,5.0
1168.1414719224272,4.0
1168.2406219755308,3.0
1168.5771199496478,4.0
1168.6268594996352,5.0
1168.8568240893876,6.0
1168.9648306549823,7.0
1169.0972563299833,6.0
1169.1123845443144,5.0
1169.1271030269259,6.0
1169.1582773670623,7.0
1169.2082696922942,8.0
1169.2132828650278,7.0
1169.2237106995844,8.0
1169.2649629877199,9.0
1169.2655520127578,10.0
1169.2712149031634,9.0
1169.3402531066424,10.0
1169.4127936340444,9.0
1169.4576916381536,10.0
1169.4842152045765,11.0
1169.679856852481,12.0
1169.7402896001227,11.0
1169.7932670656426,12.0
1169.8672387938827,11.0
1169.9192443464162,10.0
1169.9230580909714,11.0
1169.956835159929,10.0
1169.9921293959483,11.0
1170.1000549766236,10.0
1170.118155249878,11.0
1170.1778891152574,10.0
1170.2829304701352,9.0
1170.3014415986897,8.0
1170.528092038971,7.0
1170.5412931985707,8.0
1170.5977863557787,7.0
1170.7417628538078,6.0
1170.983504071056,5.0
1171.0872160127062,4.0
1171.203475532763,5.0
1171.2591824710353,6.0
1171.7022053209555,7.0
1171.7328223854613,6.0
1171.962378393534,5.0
1172.0937608290828,6.0
1172.1383350542599,7.0
1172.16196765334,8.0
1172.2418805433292,7.0
1172.2461769253687,6.0
1172.6837517986783,7.0
1172.7601726940707,8.0
1172.7638405637183,7.0
1172.9252173199852,8.0
1172.9402141568619,9.0
1172.9616583033976,8.0
1172.9733844208188,9.0
1172.988505651008,10.0
1172.994303633021,9.0
1173.0578948018187,10.0
1173.0824977009165,11.0
1173.2750110715112,10.0
1173.3465687660353,11.0
1173.5194345089426,10.0
1173.5720695287152,11.0
1173.613406443883,10.0
1173.6523474923658,9.0
1173.681947487381,8.0
1173.755158059677,9.0
1173.8079216166072,10.0
1173.9051064834773,9.0
1174.0769023646303,10.0
1174.1377275283703,9.0
1174.3120314028595,8.0
1174.3743010883375,9.0
1174.4137352793157,8.0
1174.4219979202173,7.0
1174.5667444981962,8.0
1174.643337904,7.0
1174.7378152703177,8.0
1174.8792518012453,7.0
1174.9069885912907,8.0
1174.9548305954454,9.0
1175.093066658057,10.0
1175.2157734936252,9.0
1175.2346273014339,10.0
1175.2590175603648,11.0
1175.263724804175,12.0
1175.335277692989,11.0
1175.4214564040205,12.0
1175.4399718439681,13.0
1175.5801188697899,14.0
1175.6299885540966,15.0
1175.6358862383368,14.0
1175.7320308710034,13.0
1175.7759892639253,12.0
1175.805387667824,11.0
1175.8232718851148,12.0
1175.8343449538331,11.0
1175.872166851644,12.0
1175.8878843710079,13.0
1176.0881414868531,14.0
1176.10462658048,13.0
1176.14692442391,12.0
1176.2806647661823,11.0
1176.2961930845768,10.0
1176.3532418133225,9.0
1176.4822785262418,8.0
1176.7173642257635,7.0
1176.8008660536113,6.0
1176.80640941737,5.0
1176.9050525645766,6.0
1177.0456525338252,5.0
1177.239676590026,6.0
1177.2752013138186,5.0
1177.6371530616846,4.0
1177.8304508058322,5.0
1177.8335346571826,4.0
1177.8640099637987,5.0
1177.9466555962692,6.0
1177.9825218194107,5.0
1178.1289141070506,6.0
1178.1414558510407,7.0
1178.4629649025355,8.0
1178.5734516923108,9.0
1178.6555175389194,8.0
1178.6948311796375,9.0
1178.781330990267,10.0
1179.1411549543452,9.0
1179.212802162778,10.0
1179.225094489531,9.0
1179.2776563679806,10.0
1179.3389334584658,9.0
1179.349251778423,10.0
1179.3745685595202,9.0
1179.556532475038,8.0
1179.679307992408,7.0
1179.7516426438526,6.0
1179.7993794421109,5.0
1179.8397914214631,6.0
1179.8900733772068,7.0
1180.14192621424,8.0
1180.2027730719813,7.0
1180.2314387939575,8.0
1180.3426348643636,9.0
1180.4254379685265,8.0
1180.4300294709665,7.0
1180.5343360306085,8.0
1180.5434878367412,9.0
1180.598094442647,8.0
1180.7528621945319,9.0
1180.7628425352436,8.0
1180.9761472391017,7.0
1181.1067309423975,6.0
1181.3196478668854,5.0
1181.5162589643642,4.0
1181.6645699488865,5.0
1181.8237889201498,6.0
1181.827807921341,7.0
1181.8649532588836,8.0
1182.1236019293276,7.0
1182.1287963728357,8.0
1182.1736483185537,9.0
1182.3095027383358,8.0
1182.409294157567,9.0
1182.4156796776062,8.0
1182.603245312762,9.0
1182.8261481023876,10.0
1182.856689978299,11.0
1182.8614043312716,10.0
1182.894878698942,11.0
1182.926508261908,10.0
1182.9286725835937,11.0
1182.9800630140328,10.0
1183.0276561110634,11.0
1183.062654977878,10.0
1183.3084660306606,9.0
1183.4112210420221,10.0
1183.4620165938998,9.0
1183.6451948572867,8.0
1183.7053705011272,9.0
1183.7661384621265,8.0
1183.813870202217,7.0
1183.8245790811588,6.0
1183.8854473169056,5.0
1183.9943933409152,6.0
1184.1122326096204,5.0
1184.1567845624584,4.0
1184.2458366879375,5.0
1184.4461611846818,4.0
1184.4627688467729,5.0
1184.5961238267166,6.0
1184.6494279929666,5.0
1184.6573412631426,6.0
1184.7337449217544,7.0
1184.8139478992498,8.0
1184.8471357295398,7.0
1184.856060327228,8.0
1184.8893048474342,9.0
1184.9663617355038,8.0
1185.1057192645756,9.0
1185.1132607265101,10.0
1185.2834981921596,9.0
1185.4948733993922,8.0
1185.565875921162,7.0
1185.718183852066,6.0
1185.7531763145787,7.0
1185.7537570452412,6.0
1185.845680664274,5.0
1186.0163054128784,4.0
1186.0726284063273,3.0
1186.265513534067,4.0
1186.3706379385028,3.0
1186.4183964972779,4.0
1186.635145331768,5.0
1186.8129924510556,6.0
1186.8198806893215,5.0
1186.857037827506,6.0
1186.9728889652972,7.0
1187.061275093706,8.0
1187.068583086906,9.0
1187.2210586877281,8.0
1187.4465318606078,7.0
1187.4615925348205,6.0
1187.5684647723767,7.0
1187.58648334979,8.0
1187.7129457296742,7.0
1187.785667210514,8.0
1187.802701508255,9.0
1188.0001174277756,8.0
1188.0581468881217,7.0
1188.0650893186967,8.0
1188.0906205692802,7.0
1188.1733132925133,6.0
1188.182304536331,5.0
1188.218657809906,4.0
1188.252157104448,3.0
1188.4021749326232,2.0
1188.4312282854112,1.0
1188.8895028053048,2.0
1188.949521595521,3.0
1188.9581373657113,4.0
1189.2065711243756,5.0
1189.2784750994026,6.0
1189.3206771927923,7.0
1189.4178389026658,8.0
1189.5435249259788,9.0
1189.7125891917606,8.0
1189.765089144457,7.0
1189.7853490516843,6.0
1189.810611141807,7.0
1189.9163009207036,8.0
1189.9191092800197,9.0
1189.9363396010365,10.0
1189.9670255617384,9.0
1190.0747831878086,10.0
1190.3066280274547,9.0
1190.4178905020308,10.0
1190.492467501364,11.0
1190.5444361313293,10.0
1190.8170269797538,9.0
1191.1111231048692,8.0
1191.1198313154846,7.0
1191.2621878711286,6.0
1191.4038377229704,7.0
1191.871492472999,8.0
1192.0004266943179,9.0
1192.0124840875756,8.0
1192.2169275882502,7.0
1192.3598208478284,8.0
1192.4352791666006,7.0
1192.6412859880043,8.0
1192.84865208197,9.0
1192.8517081219832,8.0
1193.1023225784747,7.0
1193.2819469936771,6.0
1193.4837568824107,7.0
1193.6584980741468,6.0
1193.7421051506947,7.0
1193.8905734584753,8.0
1194.3848334588365,7.0
1194.5543733152608,6.0
1194.7212476184611,7.0
1194.7578253830318,8.0
1194.8339738104028,7.0
1195.0039255646313,8.0
1195.1659396995976,9.0
1195.407154009896,10.0
1195.4841220954584,9.0
1195.491520987353,10.0
1195.5691947537164,9.0
1195.5777399593442,8.0
1195.760202373183,9.0
1195.7810190769028,8.0
1195.8100668182626,9.0
1195.8517003967881,8.0
1195.9662473862634,9.0
1196.2069161075513,8.0
1196.2161601656271,7.0
1196.4947265871615,6.0
1196.565321402036,7.0
1196.7702300198905,6.0
1196.8000746351013,7.0
1196.8545939045364,6.0
1197.2724742685073,5.0
1197.3307691206257,4.0
1197.9183514822716,3.0
1197.9860270777226,2.0
1201.1648208077868,1.0
1202.7176516582294,0.0
