traveler_id,arrival_ts,got_passport_reviewer_ts,release_passport_reviewer_ts,got_prescreen_help_ts,release_prescreen_help_ts,got_xray_reviewer_ts,release_xray_reviewer_ts,got_bag_xray_reviewer_ts,release_bag_xray_reviewer_ts,got_add_xray_reviewer_ts,release_add_xray_reviewer_ts,exit_system_ts
3,0.19950699568885077,0.19950699568885077,1.0179511232149134,1.0179511232149134,1.4648660001883314,1.4648660001883314,2.2224534016367445,,,,,2.784312090009615
4,0.333704356549281,0.333704356549281,1.055319889908334,1.055319889908334,1.1807470682498384,1.1807470682498384,1.7544611583215621,,,,,2.871092054094311
14,1.373229217070054,1.373229217070054,2.0132484602192946,2.047365072522508,2.3949621034653337,2.3949621034653337,2.6493448611988937,,,,,3.226397884958221
6,0.43019514872756054,0.43019514872756054,1.52154988422966,1.52154988422966,1.798789683156806,1.798789683156806,2.2712435737244085,,,,,3.472535571571372
9,0.6789995734410343,0.6789995734410343,1.59904346584013,1.59904346584013,3.7719706942144775,3.7719706942144775,3.773025458085204,,,,,4.4677353642472895
1,0.012882041589640009,0.012882041589640009,1.0062068944388405,1.0062068944388405,2.047365072522508,2.047365072522508,4.259561639293114,,,,,4.937468933829485
18,1.6772325129989945,1.7339378215184995,2.531256270058835,4.0546666243960345,4.456323960814739,4.456323960814739,4.523028706699811,,,,,5.165055534934289
12,1.2391279607062138,1.2391279607062138,2.4260994891106176,3.7736514998944424,4.404413088871962,4.404413088871962,4.917350964650138,,,,,5.430969513268502
2,0.1695415934341906,0.1695415934341906,1.0906438908285438,1.0906438908285438,1.4995932393355547,1.4995932393355547,3.9852723564271058,,,,,5.453614503117472
8,0.6784379411613862,0.6784379411613862,1.7339378215184995,1.7339378215184995,4.59134235355083,4.59134235355083,4.7258108404504435,,,,,5.468344153894116
11,1.1832929883442196,1.1832929883442196,2.075561334570368,2.3949621034653337,4.952264241274511,4.952264241274511,5.513896436427061,,,,,6.34786572014456
7,0.5909419135058825,0.5909419135058825,1.5261013461844377,1.5261013461844377,3.145110924636831,3.145110924636831,5.660921931869797,,,,,6.429341619871571
10,0.8683176774246781,0.8683176774246781,2.2024832625003525,3.145110924636831,4.0546666243960345,4.0546666243960345,6.152302604640461,,,,,6.792487595295027
5,0.3816181227348694,0.3816181227348694,1.847025871301098,1.847025871301098,4.837281203208398,4.837281203208398,5.723160064725251,,,,,7.221401248340004
15,1.5139248046185227,1.52154988422966,2.5833692685637635,4.404413088871962,6.016417764266854,6.016417764266854,6.448485868372197,,,,,7.415555397572124
27,2.356734433130138,2.6624059164391243,3.5870032902493114,6.59390996888855,6.822323045221107,6.822323045221107,7.417891882566084,,,,,7.948256328925448
22,2.210254543587185,2.210254543587185,3.2396359527436935,5.198051469348356,6.414099253127059,6.414099253127059,7.35734648389892,,,,,8.283559558048129
31,2.6567864870629556,3.2396359527436935,4.217010712196032,7.31099167119816,7.65821944244498,7.791091418505415,7.989414994205343,,,,,9.166242824156786
29,2.5349425661641822,2.8419714407299472,3.7728898278244203,6.822323045221107,7.31099167119816,7.417891882566084,8.124987967896622,,,,,9.341904415802945
33,2.761027650035686,3.4219250324445367,4.3276254160884875,7.887819906049526,8.265638172374581,8.265638172374581,8.407643000313508,,,,,9.382176271486525
21,2.101796934328415,2.101796934328415,3.4075708203494983,5.888119379659283,6.395683927285408,6.395683927285408,8.920995442201187,,,,,9.422851769744623
19,1.6936042066766672,1.847025871301098,2.6624059164391243,4.456323960814739,7.887819906049526,7.989414994205343,8.921156567673709,,,,,9.804862561057366
28,2.4238726967762516,2.719986714456822,3.4997951011468436,6.414099253127059,6.740247685571508,6.740247685571508,9.1802562801596,,,,,9.909360870805473
23,2.278786950691523,2.373061131780921,3.4219250324445367,6.016417764266854,7.142635660283901,7.142635660283901,9.86427929520144,,,,,10.376484159710504
32,2.74402219317505,3.4075708203494983,4.428575208383178,8.265638172374581,8.967197248339762,8.967197248339762,9.97768354548691,,,,,10.524850290766492
36,3.129630016682941,3.5870032902493114,4.643896393553751,8.967197248339762,9.609492675725395,9.86427929520144,10.162288715069357,,,,,10.702149589699108
37,3.167705765884356,3.6764117496696773,4.891703220383845,9.533487993683393,10.039434437812204,10.039434437812204,10.204330489405402,,,,,10.81097050796977
30,2.5725063877194385,2.9101982252542387,3.8223213343883042,7.05153205494587,7.150202638981986,7.35734648389892,7.934086937494925,,,,,10.929059027849057
40,3.591063836045522,3.9964731994590554,4.589037201348049,8.462256740483761,9.24828904485181,9.24828904485181,9.33025591608999,,,,,10.945162718290085
39,3.4037221983401382,3.8223213343883042,4.837045202280994,9.083405800575203,9.533487993683393,9.533487993683393,10.130362795672765,,,,,10.957968905389306
38,3.204778330995746,3.7728898278244203,4.880283873399771,9.24828904485181,10.25098887856763,10.25098887856763,10.303290066382447,,,,,11.285125408631515
26,2.3364240537450254,2.5833692685637635,3.9964731994590554,7.142635660283901,8.462256740483761,8.462256740483761,9.675290357622783,,,,,11.349523488510357
20,1.7906995651218993,2.0132484602192946,2.8419714407299472,4.837281203208398,7.05153205494587,7.05153205494587,7.791091418505415,,,7.934086937494925,11.825969964846948,11.825969964846948
34,2.9774592460913247,3.4253213188880625,4.037970602576984,7.150202638981986,9.083405800575203,9.083405800575203,9.956794572893305,,,,,11.91285197518961
16,1.627036518036391,1.627036518036391,2.719986714456822,4.59134235355083,5.888119379659283,5.888119379659283,11.433972975355228,,,,,12.039181036564765
41,3.609926950222275,4.037970602576984,5.074055910321846,9.609492675725395,10.822266219475695,10.822266219475695,11.631271837549441,,,,,12.306182546294348
47,3.9174958214903723,4.643896393553751,5.557381842452238,10.256834126515436,11.079585835321494,11.079585835321494,11.503583260843746,,,,,12.511101619891384
44,3.7167032671315376,4.3276254160884875,5.722094859446401,11.079585835321494,11.101181472498087,11.433972975355228,12.404481191217755,,,,,13.012451957502911
50,4.2382454409938655,4.891703220383845,5.765038285145083,11.101181472498087,11.503156935561448,11.554179960765772,11.969359296674329,,,,,13.081582194266637
35,2.9795319931347977,3.4997951011468436,4.234467551836777,7.65821944244498,9.601424986793297,9.675290357622783,11.889892195856897,,,,,13.125040226916514
53,4.727957110727558,5.298328912318231,6.397960013313122,11.66832178407772,11.990908721003613,12.404481191217755,13.182508167649633,,,,,13.792048240366821
48,3.9891606897624494,4.837045202280994,6.13535082012891,11.627814561883053,12.17993303288795,12.863540250672779,13.096884223211829,,,,,13.865776514536613
25,2.31850978440477,2.531256270058835,3.6764117496696773,6.740247685571508,11.225937869449893,11.503583260843746,12.863540250672779,,,,,13.926922823764718
13,1.3304404127892138,1.3304404127892138,2.373061131780921,3.7719706942144775,3.7736514998944424,3.7736514998944424,8.378042010848244,,,8.378042010848244,14.072235733623046,14.072235733623046
45,3.7192875464355657,4.428575208383178,5.563999004841952,10.822266219475695,11.66822502744197,11.889892195856897,12.895511333215941,,,,,14.139084533825752
46,3.9054416589162946,4.589037201348049,5.520142753399006,10.25098887856763,12.502577927810577,13.182508167649633,13.415376867248586,,,,,14.308069255960213
49,4.155077741679142,4.880283873399771,5.400397116571004,10.211474080249621,11.627814561883053,11.825969964846948,13.537313189865722,,,,,14.426459095033511
51,4.335892441251339,5.049042784070663,6.01393900717772,11.503156935561448,11.66832178407772,11.969359296674329,13.192976986381261,,,,,14.457621472836921
17,1.6580402235176461,1.6580402235176461,2.9101982252542387,4.952264241274511,5.198051469348356,5.198051469348356,8.654123976549863,,,8.654123976549863,14.583882639979144,14.583882639979144
52,4.460715252483107,5.074055910321846,5.962522363811269,11.225937869449893,12.422023161163608,13.096884223211829,13.805793358655036,,,,,14.655021110717193
24,2.3028661838140025,2.4260994891106176,3.4253213188880625,6.395683927285408,6.59390996888855,6.59390996888855,8.902939916007918,,,8.902939916007918,14.692322623711261,14.692322623711261
66,5.720335651297359,6.443788619999251,6.918248374492364,12.58856746352378,12.645584770882696,13.415376867248586,13.870920996201637,,,,,14.735865400634655
62,5.638163695653673,6.13535082012891,7.159782099472424,12.691641499912127,12.783022511930723,13.870920996201637,14.137414485677526,,,,,14.80414158580653
42,3.618408606862744,4.217010712196032,5.298328912318231,10.039434437812204,10.211474080249621,10.211474080249621,10.81749170674464,,,10.81749170674464,15.136146045785866,15.136146045785866
57,5.18723865884749,5.563999004841952,6.443788619999251,12.17993303288795,12.58856746352378,13.192976986381261,14.167804126137272,,,,,15.30078442151163
59,5.447357120948472,5.765038285145083,6.909474314009693,12.502577927810577,12.691641499912127,13.537313189865722,13.937713084695377,,,,,15.450014947241085
54,4.872950298232631,5.400397116571004,6.429475806361969,11.990908721003613,12.827356398713228,13.937713084695377,14.407993981911888,,,,,15.575426053572546
70,6.084029596503547,6.918248374492364,7.836899149300543,13.255522741255916,14.297374482273804,14.692322623711261,14.776164227435236,,,,,15.701247571727386
64,5.698485000584453,6.397960013313122,7.301075579819591,12.783022511930723,13.463639813092321,14.407993981911888,15.46247958635982,,,,,15.968709277773662
60,5.554480103506402,5.962522363811269,7.040429845181723,12.645584770882696,13.963352366890552,14.645074686310004,15.28684562071982,,,,,15.98721302062706
73,6.235475206680299,7.224225769674281,8.30282605882791,14.55930797543572,14.635493565696096,15.009453112344737,15.481816454272467,,,,,16.023161879444526
65,5.716725980517399,6.429475806361969,7.449873983735479,13.014364359621903,13.255522741255916,14.167804126137272,15.156180633575655,,,,,16.047546881911455
58,5.345084511878851,5.722094859446401,6.840956371337187,12.422023161163608,13.244175152400548,14.137414485677526,14.645074686310004,,,,,16.138167970043185
56,4.98183954916875,5.557381842452238,6.3703928103852565,11.66822502744197,12.216294615086893,12.895511333215941,15.009453112344737,,,,,16.18787278031155
43,3.6788094748817937,4.234467551836777,5.049042784070663,9.601424986793297,10.256834126515436,10.256834126515436,11.554179960765772,,,11.631271837549441,16.228112415269372,16.228112415269372
55,4.885177724719545,5.520142753399006,6.640132405553334,12.216294615086893,12.767630308132624,13.805793358655036,15.309322085258119,,,,,16.22817799403331
69,5.879414455676003,6.909474314009693,8.13371861427789,13.963352366890552,15.253784988879366,15.28684562071982,15.922626450912668,,,,,16.45364796080106
75,6.334852094579438,7.3973170869876625,8.370723831846067,14.759250468313052,15.320761386479141,15.37083546958722,16.000872114315314,,,,,16.58704037359629
72,6.184001365259612,7.159782099472424,8.130032032323724,13.626994181542528,14.55930797543572,14.776164227435236,15.893705253097087,,,,,16.62798999603674
63,5.647365307846917,6.3703928103852565,7.224225769674281,12.767630308132624,13.014364359621903,14.072235733623046,15.37083546958722,,,,,16.76142832028321
61,5.58844405096089,6.01393900717772,7.3973170869876625,12.827356398713228,13.626994181542528,14.583882639979144,16.15578651353902,,,,,16.835049394057428
68,5.841071024994943,6.840956371337187,8.128314055566992,13.463639813092321,14.82749670253171,15.156180633575655,15.550415240573965,,,,,16.885194896778383
67,5.786611549557569,6.640132405553334,7.693803234314472,13.244175152400548,15.38503895016345,15.46247958635982,15.872832313280968,,,,,17.185413992594412
83,6.96321376090947,8.30282605882791,9.334160401193172,15.38503895016345,16.092154889761936,16.092154889761936,17.567325618978558,,,,,18.08419960728659
77,6.535698785508055,7.693803234314472,8.608921604275944,15.253784988879366,15.298481812878782,15.309322085258119,17.676450650523677,,,,,18.18691517443247
89,7.388995334873366,9.072153423457646,9.990939317863052,17.683023597566436,17.907408062457442,17.91596419791255,17.922118376690424,,,,,18.43818351556757
71,6.110983808786291,7.040429845181723,8.210528067958897,14.297374482273804,17.513079167017505,17.513079167017505,18.093351316935628,,,,,18.68293924196926
85,7.005303166347077,8.370723831846067,9.072153423457646,15.320761386479141,15.560880439664288,15.560880439664288,17.91596419791255,,,,,18.823125309540856
84,7.001242830601517,8.308112320256267,9.385779601196317,16.092154889761936,17.66792751933758,17.66792751933758,18.096044079393433,,,,,19.198222407839364
79,6.708331356663716,8.128314055566992,9.714790333406455,17.66792751933758,17.867052203031857,17.867052203031857,18.432432707543146,,,,,19.206643008980077
92,7.551257386817228,9.344348426449253,10.320538131170865,18.43755096125459,18.645211711544174,18.645211711544174,18.670509960690048,,,,,19.295873234580853
80,6.781466648833345,8.130032032323724,9.406594848129581,17.46289041590616,18.342546514361572,18.342546514361572,18.6833412363984,,,,,19.330184208957753
82,6.865368184179213,8.210528067958897,9.344348426449253,15.646354907278688,16.94895702213122,16.94895702213122,18.68932105314779,,,,,19.391672810521342
90,7.459450734856294,9.334160401193172,10.50789998912078,18.863445157202335,19.058969099263578,19.058969099263578,19.15662992932228,,,,,19.721629075336622
86,7.03282897753153,8.428411268629576,9.335528256380918,15.560880439664288,18.775240677761342,18.775240677761342,19.215914263081526,,,,,20.030933227201828
78,6.605136535399303,7.836899149300543,8.758162040405452,15.298481812878782,15.646354907278688,15.646354907278688,19.524566125720664,,,,,20.419366938856726
74,6.245665974838596,7.301075579819591,8.308112320256267,14.635493565696096,14.759250468313052,15.136146045785866,16.57767441102223,,,16.57767441102223,20.46521438178506,20.46521438178506
95,7.989712819333818,9.406594848129581,10.270524084835682,18.342546514361572,19.028006265963874,19.028006265963874,19.613823183872743,,,,,20.581992501735797
94,7.729396640073631,9.387274227923996,10.412565762629448,18.645211711544174,18.863445157202335,18.863445157202335,20.056569020694777,,,,,20.633098325666296
93,7.651538791774691,9.385779601196317,10.455903529078798,18.775240677761342,19.064786529616036,19.15662992932228,19.529586739212178,,,,,20.707802472716104
97,8.04777692464485,9.692997260369248,10.622625994208747,19.028006265963874,19.282902175254645,19.524566125720664,19.56253012704502,,,,,20.70868010903581
76,6.363924565747025,7.449873983735479,8.428411268629576,14.82749670253171,17.46289041590616,17.46289041590616,19.78442971588078,,,,,21.337051588149368
106,8.58055757275168,10.50789998912078,11.221278465256097,19.54591556208935,20.063501015247013,20.063501015247013,20.779052941371173,,,,,21.463537073006766
102,8.304406470047967,10.270524084835682,10.8610133249998,19.058969099263578,19.54591556208935,19.54591556208935,19.757029488302763,,,,,21.497907864015286
99,8.151510648552662,9.990939317863052,11.163527251417662,19.282902175254645,20.801755712020892,20.801755712020892,21.04813589092382,,,,,21.660800815135573
91,7.530952821497367,9.335528256380918,10.082586537514652,17.867052203031857,20.936862164811295,20.936862164811295,21.50592426627303,,,,,22.128119001181776
104,8.497613061371514,10.412565762629448,11.543925039799175,20.936862164811295,21.452762996683962,21.452762996683962,21.47982668285889,,,,,22.23593290343556
98,8.056222034951348,9.714790333406455,10.997173561038817,19.064786529616036,20.690850082488566,20.690850082488566,21.81064349790122,,,,,22.422161725546303
101,8.283039062615106,10.207711640388037,11.28572645101186,20.801755712020892,21.370296033487875,21.370296033487875,21.9148786446536,,,,,22.439405944330666
88,7.371348331027214,8.758162040405452,9.598535892109464,17.513079167017505,17.683023597566436,17.683023597566436,21.316989506990993,,,,,22.71589721866228
105,8.554729874969885,10.455903529078798,11.256207584764228,20.690850082488566,21.626043395555126,21.626043395555126,21.642593837466514,,,,,22.805349159346616
87,7.30443858394891,8.608921604275944,9.692997260369248,17.629429110074724,19.213310769712,19.215914263081526,21.082424253710304,,,,,23.20208329024892
96,8.04547074668625,9.598535892109464,10.207711640388037,17.907408062457442,18.43755096125459,18.43755096125459,22.452814734940223,,,,,23.399171921940287
111,9.057153739674964,11.163527251417662,12.199834854213183,22.22981213207459,22.374365460754674,22.374365460754674,22.775605904606845,,,,,23.488216973332833
110,9.022938471475038,11.037223201989752,12.044963209849534,22.126709695154922,22.818912664440195,22.818912664440195,22.998589902108794,,,,,23.538470080497163
112,9.387931331037754,11.221278465256097,11.904449406510606,21.452762996683962,22.352966960370132,22.352966960370132,22.986449753862264,,,,,23.608189903824094
100,8.22603307793499,10.082586537514652,11.037223201989752,19.213310769712,22.126709695154922,22.126709695154922,22.83799643106228,,,,,23.619485449913704
114,9.570028603767634,11.256207584764228,11.93820416329298,21.626043395555126,22.15286097155783,22.15286097155783,22.683249343139554,,,,,24.063404595113866
116,9.675792764120589,11.543925039799175,12.583230881164507,22.818912664440195,23.32160017686955,23.32160017686955,23.386268912031053,,,,,24.421422347447503
115,9.660547648791274,11.28572645101186,12.284977785457617,22.374365460754674,22.852876715637404,22.852876715637404,23.598567964190668,,,,,24.591275549122564
107,8.795199244795883,10.622625994208747,11.575451919914999,21.370296033487875,22.7586537356264,22.7586537356264,23.811156651166943,,,,,24.826129932789804
108,8.974961525246874,10.8610133249998,12.047468040215541,22.15286097155783,22.22981213207459,22.22981213207459,24.459918194025292,,,,,25.122544944731306
121,10.084863838339185,12.044963209849534,13.131512119728981,24.164873809417085,24.267406739764688,24.267406739764688,24.401422665844464,,,,,25.130041300891538
118,9.837199609516382,11.904449406510606,12.747414105521527,22.852876715637404,22.959493612132327,22.959493612132327,24.111693913155666,,,,,25.226238984494273
125,10.535799908323876,12.284977785457617,13.312532408407709,24.26632252567139,24.67414834643248,24.67414834643248,24.70684314558043,,,,,25.267131835017725
109,8.991139372186225,10.997173561038817,12.0176940464136,21.705559803344975,23.451337296442773,23.451337296442773,24.579877442565362,,,,,25.3542986934567
120,9.944454082634484,12.0176940464136,13.05636895208104,23.577174401873158,24.164873809417085,24.164873809417085,24.24485495623018,,,,,25.69303847650641
113,9.490292525168691,11.238974846362918,12.220238666456753,22.352966960370132,24.26632252567139,24.26632252567139,25.592589647218134,,,,,26.120712312931804
119,9.893632590403664,11.93820416329298,12.818871170450121,23.32160017686955,23.577174401873158,23.577174401873158,25.151478591711435,,,,,26.180168080859964
103,8.493659065315637,10.320538131170865,11.238974846362918,20.063501015247013,21.705559803344975,21.705559803344975,23.99544703459409,,,,,26.402328368690714
122,10.128283288813456,12.047468040215541,12.5281237284508,22.7586537356264,25.559036057353783,25.559036057353783,25.828582589214584,,,,,26.452713334501222
81,6.799542899559854,8.13371861427789,9.387274227923996,16.94895702213122,17.629429110074724,17.629429110074724,21.961972910795605,,,21.961972910795605,26.467465615838545,26.467465615838545
123,10.453242216422254,12.199834854213183,13.599959059384199,24.67414834643248,25.270095317913402,25.270095317913402,25.452068278878297,,,,,26.903742652333236
129,11.70309060676873,12.793879814152252,13.705691845769676,25.270095317913402,26.16408842841617,26.16408842841617,26.345800225178298,,,,,26.925126459983474
134,12.011719233066827,13.312532408407709,14.23604428493076,26.16408842841617,26.465863877481905,26.465863877481905,26.71080053411161,,,,,27.344030526102703
132,11.920284280394421,13.05636895208104,13.78641048824953,25.559036057353783,25.959155816464907,25.959155816464907,26.56410682051743,,,,,27.37498717027228
131,11.809444829686283,12.914576456844184,13.551813616383457,24.267406739764688,25.7810028092652,25.7810028092652,27.114186141295097,,,,,27.955768815720226
138,12.225308447938747,13.7513892566801,14.491459658211095,26.60833407719946,26.85010233863029,26.85010233863029,26.854149847368262,,,,,28.22057920553463
130,11.706033984458708,12.818871170450121,13.7513892566801,25.338349357369307,25.501519478328913,25.501519478328913,26.72264766589086,,,,,28.63096057216779
126,10.797186479826465,12.5281237284508,14.007133444047037,25.959155816464907,26.509964262068586,26.509964262068586,26.87705344024279,,,,,28.695836508208952
133,11.924785366317138,13.131512119728981,14.287557772786794,26.465863877481905,27.065765570527393,27.065765570527393,27.377927883258888,,,,,28.709359636753625
136,12.102168832617204,13.599959059384199,14.729600215125776,27.498375284430505,27.68083354205807,27.68083354205807,28.154975792921054,,,,,28.716796659797247
117,9.699407549317424,11.575451919914999,12.793879814152252,22.959493612132327,25.338349357369307,25.338349357369307,27.436405221466337,,,,,28.728049641698135
143,12.760579955009783,14.23604428493076,15.26110131217996,27.698224264454964,27.786919908878055,27.786919908878055,27.81568913005871,,,,,28.787372445080855
141,12.43253117883622,13.987612389116432,15.003922391071074,27.68083354205807,27.86028266020572,27.86028266020572,28.3647632958212,,,,,29.03916406079953
145,12.992753393209714,14.482762391036712,15.545518397102157,27.840082228853188,27.999713059088947,27.999713059088947,28.203467843349223,,,,,29.227773853634563
127,10.853042441344554,12.583230881164507,13.775908785960127,25.501519478328913,27.43321840044819,27.43321840044819,28.466072928259987,,,,,29.401022236276305
135,12.07554887897864,13.551813616383457,14.494484797342189,26.85010233863029,27.50801589528949,27.50801589528949,29.05587681796696,,,,,29.62798268932269
128,10.853420395729993,12.747414105521527,13.987612389116432,25.7810028092652,26.60833407719946,26.60833407719946,28.478368086614868,,,,,29.657948328090985
139,12.274389849525527,13.775908785960127,14.975570012541622,27.50801589528949,27.718688516332914,27.718688516332914,28.242393944522604,,,,,29.755552110693273
149,13.225420440532346,14.688075641544252,15.655914434366913,28.22623043378254,28.453987612477924,28.453987612477924,29.28822928360679,,,,,29.875992841564468
144,12.911308231456633,14.287557772786794,15.279997783066806,27.718688516332914,27.840082228853188,27.840082228853188,29.358741757863502,,,,,29.938326163584122
142,12.575161857473422,14.007133444047037,14.688075641544252,27.43321840044819,27.698224264454964,27.698224264454964,29.297987805446706,,,,,29.946675808408074
148,13.19473318243932,14.572689281807623,15.568274994900088,27.86028266020572,28.41686805772375,28.41686805772375,29.142207508865138,,,,,30.091148325595817
137,12.166763363700676,13.705691845769676,14.482762391036712,26.509964262068586,28.90057242141588,28.90057242141588,29.70460026544491,,,,,30.466697121650316
140,12.359817056082296,13.78641048824953,14.572689281807623,27.065765570527393,27.498375284430505,27.498375284430505,29.278732915731872,,,,,30.761940774180044
151,13.336004674374902,14.975570012541622,16.11889772524772,28.453987612477924,28.93533116789941,28.93533116789941,30.3005077925047,,,,,31.212095714628276
152,13.610057806089173,15.003922391071074,16.329944974024656,29.078586838405354,29.776056762939852,29.776056762939852,30.599927227356336,,,,,31.336940953659106
150,13.308398631894155,14.729600215125776,15.730411226471718,28.41686805772375,29.52107678691219,29.52107678691219,30.177259742615693,,,,,31.36191904214405
155,13.771769221850395,15.291760951100724,16.42151398766854,29.52107678691219,29.57504871261834,29.57504871261834,32.18178700901748,,,,,32.88273247264925
156,13.814513850367534,15.545518397102157,16.22392886177597,28.93533116789941,29.078586838405354,29.078586838405354,30.87617577090195,,,,,33.0107834607949
158,13.9125623832431,15.653270864670988,16.568010679336027,29.973473336569473,31.038540125388444,31.038540125388444,32.421625069754555,,,,,33.29525217649191
147,13.190036028429487,14.494484797342189,15.291760951100724,27.786919908878055,31.953935148350332,31.953935148350332,32.543557299139195,,,,,33.613647346190895
167,14.427107417311854,16.524497543948602,17.59345479605136,32.95831132684218,33.04133991746217,33.04133991746217,33.19461727742254,,,,,33.86660310269427
154,13.753863272324194,15.279997783066806,16.49021230003105,29.57504871261834,29.973473336569473,29.973473336569473,33.24834196840973,,,,,33.95707631537976
163,14.28058668442676,16.22392886177597,17.326708969841384,32.06097787169547,33.10215638008978,33.10215638008978,33.36781483527348,,,,,34.219532815601816
162,14.239834636224016,16.195017574366517,17.20603518637211,31.953935148350332,32.95831132684218,32.95831132684218,33.483195806311045,,,,,34.532192212686944
124,10.523662502011868,12.220238666456753,12.914576456844184,23.451337296442773,28.22623043378254,28.22623043378254,29.001944872097695,,,29.001944872097695,34.544615033065185,34.544615033065185
159,13.941210233419941,15.655914434366913,16.71673280059724,30.51295102893084,34.388366525148335,34.388366525148335,34.49769728291455,,,,,35.035158567522146
157,13.857729810044905,15.568274994900088,16.524497543948602,29.776056762939852,32.08152928998839,32.08152928998839,32.359686644135294,,,,,35.2490541319479
146,13.033160010498074,14.491459658211095,15.653270864670988,27.999713059088947,30.51295102893084,30.51295102893084,32.90920834498805,,,,,35.511387938686376
169,14.513334268297612,16.71673280059724,17.798729119949325,33.28789850534338,33.93236214521303,33.93236214521303,33.988633660172034,,,,,35.85630203275362
161,13.989829193735186,16.11889772524772,17.607144142085552,33.10215638008978,33.69470189067562,33.69470189067562,34.92660667168338,,,,,35.917884544238326
160,13.963425177913164,15.730411226471718,16.733491007952885,31.038540125388444,32.06097787169547,32.06097787169547,35.083467646686216,,,,,35.92454858959979
165,14.351712195128238,16.42151398766854,17.59023158325023,32.330348661237906,33.28789850534338,33.28789850534338,35.082362127985604,,,,,35.97889034490124
168,14.506582956253114,16.568010679336027,17.989169589052715,33.73681797178225,34.6340809107445,34.6340809107445,34.77200276970968,,,,,36.02687228453942
173,14.876017402280416,17.338709234229952,18.438371490772848,35.133588265354916,35.242398300747645,35.242398300747645,35.87121008631313,,,,,36.453075902678655
175,14.981542680955439,17.59345479605136,18.021288177129854,33.93236214521303,35.62057225254922,35.62057225254922,35.66064430841356,,,,,36.74272096280543
166,14.420201048673086,16.49021230003105,17.872053216716694,33.69470189067562,36.21671698772074,36.21671698772074,36.33173939171819,,,,,37.36569378635251
153,13.667167438856302,15.26110131217996,16.195017574366517,28.90057242141588,32.330348661237906,32.330348661237906,36.482736381171556,,,,,37.4255376124682
174,14.957176754892869,17.59023158325023,18.529255996264904,35.242398300747645,36.2978651323221,36.2978651323221,36.63897258893512,,,,,37.651211332628584
180,15.277565557166406,17.989169589052715,18.955191507831127,36.48300716172031,37.04440732181988,37.04440732181988,37.54080318357937,,,,,38.084213463271716
178,15.125900039027828,17.798729119949325,18.643834437502687,35.62057225254922,36.796651051712985,36.796651051712985,37.49265105107468,,,,,38.08698368683767
177,15.101176384347601,17.607144142085552,18.67499952708804,36.21671698772074,36.67907410948323,36.67907410948323,37.62318673140012,,,,,38.58768912979495
182,15.570730706028584,18.224183309890208,19.38710394560102,36.936093995526576,36.940091635147155,36.940091635147155,38.06160625723443,,,,,38.70230673630877
189,16.49190221206352,18.955191507831127,19.75956117406898,37.26609807006444,37.46546862257076,37.62318673140012,37.65140233539506,,,,,38.74575481105659
171,14.820041699397791,17.20603518637211,18.224183309890208,34.388366525148335,36.936093995526576,36.936093995526576,38.2804846005697,,,,,38.79550944945696
181,15.477262635754856,18.021288177129854,19.23858672929299,36.796651051712985,38.19674299398692,38.19674299398692,38.410626724073765,,,,,38.97525381451294
187,16.238177962833955,18.67499952708804,19.894145588772687,37.46546862257076,37.86500924725554,38.06160625723443,38.486830111710304,,,,,39.005728958326685
190,16.501292350602565,18.976510681125056,19.791242348875066,37.35508862809987,37.68368904965706,37.68368904965706,38.26486447778743,,,,,39.294512375127944
184,16.045956932637445,18.438371490772848,19.50757629361003,36.940091635147155,37.26609807006444,37.49265105107468,38.09302730999747,,,,,39.43099805243937
170,14.64752512380049,16.733491007952885,17.60075417700678,33.04133991746217,33.73681797178225,33.73681797178225,34.0799884864542,,,34.0799884864542,39.57380189990615,39.57380189990615
164,14.326448883902206,16.329944974024656,17.338709234229952,32.08152928998839,36.8846347559665,36.8846347559665,38.66442251720071,,,,,39.89035556870668
186,16.139875249607144,18.643834437502687,19.239367793847116,36.8846347559665,37.35508862809987,37.54080318357937,39.11791031064395,,,,,39.952014700893486
176,15.068835641516111,17.60075417700678,18.70967815613876,36.2978651323221,36.48300716172031,36.48300716172031,39.88168598207123,,,,,40.450066661552725
188,16.432555701752175,18.70967815613876,19.980156497693375,37.68368904965706,39.04499459590916,39.04499459590916,39.971164452922714,,,,,40.563713601414804
191,16.5191615712576,19.23858672929299,20.048453301115213,38.19674299398692,39.03591993826876,39.03591993826876,39.68924455495128,,,,,40.61953972547757
183,15.858830736763341,18.324988374531568,19.53221626629382,37.04440732181988,38.216269779651554,38.26486447778743,38.99934544270107,,,,,40.728395272457796
185,16.079274970807678,18.529255996264904,19.68360405163217,37.15980728096934,38.66038224367379,38.66038224367379,38.969693276528695,,,,,40.73806749265656
179,15.206578015016733,17.872053216716694,18.976510681125056,36.67907410948323,37.15980728096934,37.15980728096934,39.95646616001539,,,,,40.87369687775221
194,16.844335538793143,19.50757629361003,20.722854862397423,40.122878377556574,40.342591759006055,40.342591759006055,40.642656208280805,,,,,41.202193354760844
195,16.862621212879095,19.53221626629382,20.451272081665,38.66038224367379,40.122878377556574,40.122878377556574,40.346730459942826,,,,,41.23173696740134
172,14.824786305511607,17.326708969841384,18.324988374531568,34.6340809107445,35.133588265354916,35.133588265354916,35.453121819510265,,,35.453121819510265,41.27407391852111,41.27407391852111
200,17.278496020051268,19.980156497693375,20.64745467505479,39.04499459590916,40.57380447431396,40.57380447431396,40.977425070275515,,,,,41.52623398828172
202,17.598043510399606,20.048453301115213,21.311356920615655,40.57380447431396,41.82955025851136,41.82955025851136,41.83717251478523,,,,,42.45758412294812
203,17.691425146902848,20.16023880058443,20.74331442320524,40.337098177415555,41.84070512801672,41.84070512801672,41.97299138606914,,,,,42.51068492565433
198,17.07079734723999,19.791242348875066,20.675614033282788,39.29589729417852,40.55458591106481,40.55458591106481,40.624679045186326,,,,,42.82059659938437
192,16.671959274058274,19.239367793847116,20.16023880058443,38.216269779651554,39.792914358336674,39.792914358336674,42.52417419713894,,,,,43.21574431569476
199,17.103096728833513,19.894145588772687,20.640752319718075,39.03591993826876,40.337098177415555,40.337098177415555,42.36197349126428,,,,,43.42554193006119
209,18.148296707643198,20.722854862397423,21.64831142919661,41.91187343957925,42.272478952650566,42.272478952650566,42.505978670078925,,,,,43.56458458876437
210,18.19380753327487,20.74331442320524,21.33191636605568,41.82955025851136,42.62826491919819,42.62826491919819,43.07372084726601,,,,,43.657597659263665
201,17.462880910183742,20.0413191082923,21.13927270199291,40.55458591106481,41.91187343957925,41.91187343957925,42.038230806193944,,,,,44.00355209156345
193,16.83674609345903,19.38710394560102,20.0413191082923,37.86500924725554,39.29589729417852,39.29589729417852,39.767111573814354,,,39.767111573814354,44.025060100357805,44.025060100357805
196,16.88945883840285,19.68360405163217,20.77286594433195,40.342591759006055,43.737713504263766,43.737713504263766,44.63247373019138,,,,,45.15285759949766
205,17.81180019802775,20.640752319718075,21.736846624958808,42.272478952650566,44.04060967579614,44.04060967579614,44.47704532714825,,,,,45.351092609092696
204,17.797766153228146,20.451272081665,21.525804751297656,41.84070512801672,42.3836895550466,42.3836895550466,44.50121036273053,,,,,45.74488899040543
219,18.7112522676279,21.748346169806677,22.397979911795442,44.054583680936155,44.45765659219853,44.45765659219853,45.22815464708308,,,,,45.77272186693875
218,18.58473300770942,21.7371958374937,22.650363184112923,44.67954101449343,44.896225829002475,44.896225829002475,44.93516868119034,,,,,45.79081437473428
212,18.21009068196191,21.13927270199291,22.211325838110557,44.04060967579614,44.67954101449343,44.67954101449343,45.551941560331635,,,,,46.666648018942325
211,18.204647831478486,20.77286594433195,21.772846424321315,43.588323097288175,44.06405280949407,44.06405280949407,44.09619220986638,,,,,46.70717708163294
215,18.35995906161523,21.525804751297656,22.674026446349007,44.896225829002475,45.91056915110677,45.91056915110677,46.08158219041942,,,,,46.70769779495218
207,17.943032770952215,20.675614033282788,21.748346169806677,42.62826491919819,45.65151276638028,45.65151276638028,45.73150671263341,,,,,46.93646837124285
221,19.016046363070778,21.82417260249877,22.732423806240096,45.80186092135392,45.80236908690123,45.80236908690123,46.41623976567028,,,,,47.097530501879255
232,20.535591008181147,22.90436205990904,23.557354237207814,46.967229598263536,47.01243136817746,47.01243136817746,47.01872972944379,,,,,47.52972662806023
213,18.224616337873716,21.311356920615655,22.581802806874187,44.45765659219853,46.821062900559006,46.821062900559006,47.575588163667945,,,,,48.165087498740974
222,19.174524307243747,22.211325838110557,22.727229174164293,45.65151276638028,45.80186092135392,45.80186092135392,47.48899478732727,,,,,48.22578031080186
224,19.474291546047024,22.480168942860626,23.45731237801976,46.104427246944,46.967229598263536,46.967229598263536,46.98875473368261,,,,,48.27018739724246
197,17.037460594978636,19.75956117406898,20.708082636876657,39.792914358336674,43.588323097288175,43.588323097288175,47.78359822989164,,,,,48.69992934600184
214,18.260349925874017,21.33191636605568,22.480168942860626,44.06405280949407,45.64596901379751,45.64596901379751,47.06314442279305,,,,,49.065646800933784
223,19.371908215124886,22.397979911795442,23.332915470908418,46.05992247080633,47.20254838237851,47.20254838237851,48.46378220562228,,,,,49.23422350187068
233,20.681944644224114,23.332915470908418,24.34194364118973,48.712608811773435,48.84867531951843,48.84867531951843,49.2329280522328,,,,,49.888912211495054
237,20.731407078076934,23.565872829312575,24.388610984630635,49.10212960128811,49.26247983337287,49.26247983337287,49.263052518862345,,,,,49.99130706197059
235,20.715983946364883,23.498571082913084,24.354428782208526,48.84867531951843,49.10212960128811,49.10212960128811,49.816585761912606,,,,,50.33018362332197
208,18.094619954289538,20.708082636876657,21.7371958374937,42.3836895550466,48.712608811773435,48.712608811773435,49.84029364613801,,,,,50.374625709163325
225,19.69852273573832,22.581802806874187,23.565872829312575,47.01243136817746,49.440959237662256,49.440959237662256,49.75577296720427,,,,,50.4428943027805
226,19.717454447254692,22.650363184112923,23.498571082913084,46.821062900559006,47.80225788766996,47.80225788766996,49.554438850425065,,,,,50.94918135369914
228,19.85122224113432,22.688008213139963,23.606834646944282,47.35629515751612,49.33655112249242,49.33655112249242,49.71244229335983,,,,,50.99198368332575
234,20.701671502173163,23.45731237801976,24.4464888733736,49.26247983337287,49.90270218677669,49.90270218677669,50.02675311348612,,,,,51.02999409169247
227,19.787051912184197,22.674026446349007,23.6025765821474,47.20254838237851,48.284553092896594,48.284553092896594,48.425374723461594,,,,,51.22674052300835
220,18.99959089988728,21.772846424321315,22.90436205990904,45.91056915110677,47.35629515751612,47.35629515751612,50.576924889365365,,,,,51.37662182878971
241,21.18712497358369,23.813033362380132,24.986981175379363,50.12687261431699,50.77032289375113,50.77032289375113,50.92181063152672,,,,,51.42648418753949
231,20.367791396262092,22.762134184407856,23.813033362380132,48.284553092896594,49.71485457121358,49.71485457121358,50.9558004737761,,,,,51.581490628113755
238,20.814832967658177,23.6025765821474,24.872484254829967,49.90270218677669,50.89555714242517,50.89555714242517,50.93654293696177,,,,,51.62892160263079
217,18.506427874744396,21.736846624958808,22.762134184407856,45.80236908690123,46.104427246944,46.104427246944,49.30686998068303,,,,,51.99171090771861
236,20.730060128627713,23.557354237207814,24.491878024084514,49.33655112249242,50.45651717365052,50.45651717365052,51.14916462512014,,,,,52.50898653969539
242,21.257542429857104,24.03454857338657,25.164823342408717,50.45651717365052,51.41501036116416,51.41501036116416,51.46334341301386,,,,,52.53051897321054
206,17.925189880198843,20.64745467505479,21.82417260249877,43.737713504263766,44.054583680936155,44.054583680936155,47.47153500842307,,,47.47153500842307,52.53937237200389,52.53937237200389
243,21.57024370723247,24.34194364118973,25.269106193521335,50.89555714242517,51.07056070145387,51.07056070145387,51.42671980720068,,,,,52.80423250525057
248,22.538871833069425,24.6134409627697,25.483825102188774,51.17253603226819,52.16633674463882,52.16633674463882,52.23276995794271,,,,,52.91082476343895
216,18.49297855642824,21.64831142919661,22.688008213139963,45.64596901379751,46.05992247080633,46.05992247080633,47.83548331150171,,,47.83548331150171,53.02707462492608,53.02707462492608
240,20.987230394982937,23.635349096356705,24.6134409627697,49.440959237662256,50.12687261431699,50.12687261431699,52.31972924513787,,,,,53.02867701509718
247,22.420035560366653,24.491878024084514,25.663467282727588,52.16633674463882,52.44713860682627,52.44713860682627,53.028526188292425,,,,,53.605326684816866
239,20.931533657022417,23.606834646944282,24.851446077846358,49.71485457121358,51.17253603226819,51.17253603226819,51.69308629982748,,,,,53.8506576646758
229,20.341153081822828,22.727229174164293,24.03454857338657,48.438658366810806,52.85084064770506,52.85084064770506,53.29489256632854,,,,,53.998778451202455
244,21.579205457400093,24.354428782208526,25.180437972529663,50.77032289375113,52.79603342651159,52.79603342651159,53.088547019517826,,,,,54.23640530582696
249,22.57050761174253,24.851446077846358,25.751482216949448,52.79603342651159,52.95711345618032,52.95711345618032,53.70738589838974,,,,,54.88897107613645
250,22.940801473946017,24.872484254829967,25.706509861720814,52.48565911154962,53.269753030371135,53.269753030371135,54.29704216427271,,,,,54.922796771774244
245,22.213074677852994,24.388610984630635,25.309272205007712,51.07056070145387,52.928565100697014,52.928565100697014,53.66727346121506,,,,,54.97373581588785
246,22.24702773880635,24.4464888733736,25.49292581931305,51.41501036116416,52.48565911154962,52.48565911154962,54.424796540286934,,,,,55.14231555644671
230,20.34397492833027,22.732423806240096,23.635349096356705,47.80225788766996,48.438658366810806,48.438658366810806,48.816722723521096,,,48.816722723521096,55.30632207671506,55.30632207671506
257,23.459659097967503,25.49292581931305,26.47917937349844,52.95711345618032,54.39074486286383,54.39074486286383,55.028394174924486,,,,,55.94510640052806
255,23.290924928237487,25.309272205007712,25.934240808809356,52.85084064770506,54.7439749317821,54.7439749317821,54.996965769344584,,,,,56.00706082566206
254,23.237755693020624,25.269106193521335,26.87280138573846,54.81778256425493,54.899397409095165,54.899397409095165,55.26744074616385,,,,,56.01729105333324
259,23.654784727417844,25.67598482278369,26.769854837959013,53.84094435748999,55.92964015299815,55.92964015299815,56.14715637257102,,,,,56.732471998162644
261,23.76050844260916,25.751482216949448,26.865447686942712,54.7439749317821,55.81368340893869,55.81368340893869,56.251485795910696,,,,,56.7882102326826
260,23.709912173569318,25.706509861720814,26.626784410521555,53.269753030371135,53.609184392512525,53.609184392512525,55.989227516142456,,,,,57.179805918826226
262,23.79332528262776,25.934240808809356,26.769839849680928,53.609184392512525,56.09604462808633,56.09604462808633,56.843165531652495,,,,,58.20173461399563
253,23.040920974829838,25.180437972529663,26.20671299971687,52.928565100697014,53.84094435748999,53.84094435748999,53.887134593888874,,,53.887134593888874,58.226365553070195,58.226365553070195
258,23.515467538699614,25.663467282727588,27.033215993592982,54.899397409095165,56.892796907217175,56.892796907217175,57.34653448293752,,,,,58.29003884973924
265,24.159726993773702,26.626784410521555,27.544884493680733,55.97311637858189,57.27591725148405,57.27591725148405,57.7565503430339,,,,,58.47913858092126
256,23.335903324251262,25.483825102188774,26.809327049526484,54.39074486286383,55.97311637858189,55.97311637858189,57.70412323566963,,,,,58.50536841524504
268,24.405014394314456,26.769854837959013,27.933769723261303,57.656346269951335,57.74761370779934,57.74761370779934,57.80088510251108,,,,,59.27216526128716
267,24.378547022264797,26.769839849680928,27.60747859020315,56.892796907217175,58.22978535733817,58.22978535733817,58.243373437405744,,,,,59.299687553635735
252,22.990010026782606,25.164823342408717,26.658654687833824,53.50227998485899,54.81778256425493,54.81778256425493,55.574485554608735,,,55.574485554608735,59.305605015778674,59.305605015778674
277,25.182094410102636,27.595392935577916,28.476434770667346,58.22978535733817,58.256294991528684,58.256294991528684,58.66782446462239,,,,,59.449100675756924
271,24.71217530021605,26.87280138573846,27.79156864767449,57.57636230888082,57.656346269951335,57.656346269951335,58.68153529337211,,,,,59.47957243528704
278,25.21472344917787,27.60747859020315,28.627589871804314,58.379206402666924,58.74488041663082,58.74488041663082,58.86510356218212,,,,,59.60189718496729
270,24.700034130543866,26.865447686942712,27.719335194257106,57.27591725148405,57.57636230888082,57.57636230888082,59.08988458171071,,,,,59.867385544650034
264,23.999348197097884,26.47917937349844,27.33432791571976,55.81368340893869,55.83379300094556,55.83379300094556,58.87680257877221,,,,,59.92634449908071
251,22.98952067528051,24.986981175379363,25.67598482278369,52.44713860682627,53.50227998485899,53.50227998485899,58.69566180354712,,,,,60.11388816823239
281,25.452618639906312,27.933769723261303,28.579858676338315,58.256294991528684,58.56545192233765,58.66782446462239,59.574810061110995,,,,,60.35006471274348
269,24.61144622501737,26.809327049526484,28.128201004712814,57.74761370779934,58.13750948308234,58.13750948308234,59.54838082214279,,,,,60.533181651512
280,25.301589492422885,27.79156864767449,28.74309038508533,58.56545192233765,59.14713874065734,59.14713874065734,59.84635872580094,,,,,60.69380669504947
273,24.92680837007787,27.33432791571976,28.008112645405248,57.678945073455516,58.59935133398248,58.68153529337211,59.95420515040452,,,,,60.71916034736516
266,24.208062135134984,26.658654687833824,27.595392935577916,56.09604462808633,58.23987165732413,58.23987165732413,58.89215799734116,,,,,61.089015866141025
275,25.011560565729592,27.44910941832705,28.84550823041478,58.59935133398248,60.57249251415469,60.57249251415469,60.57269637848016,,,,,61.177805140795265
272,24.81142591755558,27.033215993592982,27.44910941832705,55.92964015299815,60.25357320865973,60.25357320865973,60.50135475622276,,,,,61.22363102308925
282,25.49738970938087,28.008112645405248,29.02105104179115,59.14713874065734,59.571137856534115,59.571137856534115,60.580854169331296,,,,,61.2410385605507
263,23.814429403787436,26.20671299971687,27.407218598495973,55.83379300094556,57.678945073455516,57.678945073455516,57.86694640862954,,,57.86694640862954,61.684541750785826,61.684541750785826
274,24.942234824847844,27.407218598495973,28.45191540930743,58.13750948308234,58.379206402666924,58.379206402666924,60.20173712646213,,,,,62.13477933321408
290,26.334891019885106,28.84550823041478,29.687510634902395,60.37498914811168,61.190856300439194,61.190856300439194,61.60418705359286,,,,,62.186959975073
279,25.236675889210765,27.719335194257106,29.01709482842099,58.74488041663082,60.247205749294615,60.247205749294615,61.421350777079354,,,,,62.20384507981687
292,26.398963820083814,29.02105104179115,30.029139800957356,61.190856300439194,61.87739504578355,61.87739504578355,62.15712136815361,,,,,62.75754637292215
288,25.900312960149957,28.627589871804314,29.73982674453094,61.09985436703056,61.87672945026195,61.87672945026195,62.21840224347498,,,,,62.83332365236901
276,25.127011593144406,27.544884493680733,28.571482838632868,58.23987165732413,59.824909021580375,59.824909021580375,62.20110566451264,,,,,62.879139735449684
295,26.63997488236659,29.452991904874796,30.4452249298736,62.4338800983704,62.67098638947004,62.67098638947004,62.92719512415079,,,,,63.52890987100752
294,26.528826948631643,29.36887106830995,30.287576142419756,61.87739504578355,62.30233349384409,62.30233349384409,63.0628567344888,,,,,63.65729653580268
285,25.586408017109722,28.476434770667346,29.72267570959772,60.57249251415469,62.44373995575043,62.44373995575043,63.071672566558995,,,,,63.882620974271795
287,25.748269950543502,28.579858676338315,29.558524789341007,60.25357320865973,61.09985436703056,61.09985436703056,62.84409590538999,,,,,63.88606008275437
299,27.197136662786047,29.72267570959772,30.403057331137255,62.30233349384409,62.4338800983704,62.4338800983704,63.38605257218067,,,,,63.989466196706125
289,26.043885169867806,28.74309038508533,29.452991904874796,60.247205749294615,62.114387074710386,62.114387074710386,63.57323023218398,,,,,64.22389315017044
304,27.578413234717363,30.347850166460116,30.62836629652866,62.67098638947004,63.28056376561829,63.28056376561829,63.54301046571377,,,,,64.60461456325719
300,27.284133683254492,29.73982674453094,30.76557904598386,62.98861192091737,63.830381013912856,63.830381013912856,63.98271016914031,,,,,64.61356908113059
293,26.434165898903398,29.278920562287883,30.091167147958245,61.87672945026195,62.81252513710031,62.81252513710031,63.344348913855875,,,,,65.3085948418538
301,27.346043597364417,30.029139800957356,30.710720838827367,62.92709764142496,63.46081274287579,63.46081274287579,64.90745403670816,,,,,65.59136384563956
296,26.642479042963082,29.558524789341007,30.639947207850238,62.81252513710031,64.34145641659713,64.34145641659713,64.92430972367247,,,,,65.59695613802279
303,27.514741702898373,30.287576142419756,31.394622196494648,63.42476285065808,64.04388984604132,64.04388984604132,64.27799003005747,,,,,65.63540982861244
283,25.548432581116455,28.128201004712814,29.36887106830995,59.824909021580375,62.83090546645202,62.83090546645202,63.69245881849819,,,,,65.69563164336924
298,26.780457114573903,29.687510634902395,30.61394063695514,62.44373995575043,63.070997146157524,63.070997146157524,63.60939709767629,,,,,65.89692478410512
306,27.73947959108301,30.4452249298736,31.28031545783324,63.28056376561829,64.79298788457832,64.92430972367247,65.37854581410906,,,,,65.91917776905498
310,27.907828723639422,30.69070345487299,31.678751626626287,64.07385913835822,64.4977044541983,64.90745403670816,65.2692624343586,,,,,65.99720298945195
286,25.644710495198822,28.571482838632868,29.647807240547053,60.342178404324045,60.37498914811168,60.37498914811168,65.4125674841291,,,,,66.2455384029562
284,25.552636241906267,28.45191540930743,29.278920562287883,59.571137856534115,60.342178404324045,60.342178404324045,65.09293769110086,,,,,66.30415011642823
308,27.80496815822076,30.62836629652866,32.000828059362796,64.4977044541983,64.85966687868589,65.2692624343586,65.50649979581677,,,,,66.48255461651982
314,28.179002217022035,31.28031545783324,32.32246592672087,64.79298788457832,64.84732272121454,65.09293769110086,66.12648806676242,,,,,66.68392090347596
302,27.421989590885055,30.091167147958245,30.873307089347534,63.070997146157524,63.42476285065808,63.42476285065808,65.40455771207625,,,,,67.01695793404687
305,27.6060826962295,30.403057331137255,31.784036042766893,64.1509291260899,64.45680588854854,64.45680588854854,66.04595219515811,,,,,67.5976844314637
291,26.34598281875732,29.01709482842099,30.347850166460116,62.114387074710386,62.92709764142496,62.92709764142496,66.9377325365881,,,,,67.94182459009512
312,28.05859905481174,30.76557904598386,31.803968322250434,64.34145641659713,66.34809102305779,66.34809102305779,66.85643385606846,,,,,67.96940530999564
307,27.755489693378003,30.61394063695514,31.517229231667827,63.830381013912856,64.07385913835822,64.07385913835822,67.90059992055762,,,,,68.54565372032685
309,27.833007312205936,30.639947207850238,31.58840523673946,64.04388984604132,64.1509291260899,64.1509291260899,67.43323877224168,,,,,68.59395254498921
318,28.78561374276553,31.58840523673946,32.33499136639131,64.85966687868589,66.58337192170822,66.58337192170822,67.73042610539628,,,,,68.71911327237837
319,28.885906385180476,31.678751626626287,32.93009902238961,67.0513794002551,67.42455268822005,67.42455268822005,68.16710171224094,,,,,68.87363993966977
297,26.649040112356694,29.647807240547053,30.69070345487299,62.83090546645202,62.98861192091737,62.98861192091737,66.31842376464934,,,,,68.87461313276145
311,27.945641209278406,30.710720838827367,31.467013469414887,63.46081274287579,66.02973063581157,66.02973063581157,67.67172356426151,,,,,69.16511715364726
326,30.044994205527235,32.33499136639131,32.95907533521969,67.42455268822005,67.59814632814405,67.59814632814405,68.83546081618621,,,,,69.63079559124344
317,28.4880901157246,31.517229231667827,32.3355420293668,66.02973063581157,67.11428616752862,67.11428616752862,67.98966096871239,,,,,69.84440459852226
313,28.153847234188106,30.873307089347534,31.893111122479485,64.45680588854854,66.24970011789063,66.24970011789063,68.4323362741039,,,,,69.92139434542567
321,29.56968542810147,31.803968322250434,32.759374722307264,66.58337192170822,67.771141625119,67.771141625119,69.28695689175983,,,,,70.74216028018795
315,28.23633534247508,31.394622196494648,32.43167276726648,66.24970011789063,67.0513794002551,67.0513794002551,69.70817517033686,,,,,70.97929252011956
323,29.978345899995183,32.000828059362796,33.12174019479205,67.59814632814405,70.25216256386138,70.25216256386138,70.48795545950415,,,,,71.00807633696256
320,29.126739482405082,31.784036042766893,32.947163113836645,67.11428616752862,69.30109685745121,69.30109685745121,69.3689662804233,,,,,71.37804426741351
330,30.35227420784143,32.759374722307264,33.88385676330055,70.468971818989,70.57300174421275,70.57300174421275,70.83410490692837,,,,,71.6427989586931
332,30.444498709860323,32.947163113836645,34.240960827898945,70.92445700600322,71.22029451262965,71.22029451262965,71.28067127293042,,,,,71.94468583827668
316,28.446392796420113,31.467013469414887,32.32808276690151,64.84732272121454,69.00556526424175,69.00556526424175,71.2401122348707,,,,,71.952158720803
335,30.806052041930876,33.19466264960434,34.11673249146611,70.84774043205849,71.07120494872156,71.07120494872156,71.18584156900614,,,,,72.13854695434176
333,30.642972107493645,32.95907533521969,33.76301499979822,70.25216256386138,71.09194156232435,71.09194156232435,71.81492551884432,,,,,72.3691767293657
331,30.383271423032877,32.93009902238961,33.98081633677052,70.57300174421275,70.84774043205849,70.84774043205849,71.4661481222554,,,,,72.75128631761744
342,31.29983304102285,33.98081633677052,35.09718859994743,71.95868432677399,72.27763611625464,72.27763611625464,72.41521656179958,,,,,73.30793748694776
327,30.2012312760416,32.3355420293668,33.24345712256768,68.02038842072926,70.6318073526248,70.6318073526248,71.41910361566435,,,,,73.31919838918479
343,31.39949452503685,33.99690931112307,35.128245927233955,72.05671805868182,72.67751950974015,72.67751950974015,72.82199448078501,,,,,73.50563408399964
336,30.917090493785427,33.24345712256768,34.25336310768078,71.07120494872156,72.05671805868182,72.05671805868182,72.40018652321794,,,,,73.6496063742694
328,30.30158577223192,32.43167276726648,33.19466264960434,67.771141625119,68.3187388952857,68.3187388952857,70.54914486658373,,,,,73.65354294752723
338,31.025984824843718,33.49361545931094,34.193498780351895,70.91981211496613,71.92256099117883,71.92256099117883,72.53201131244158,,,,,73.87911813770795
345,31.58089565169855,34.193498780351895,35.23250417706127,72.27823926057016,72.89366859674541,72.89366859674541,73.28229481325559,,,,,73.89322137944978
341,31.29758126643107,33.88385676330055,34.77109553169396,71.24438452344538,71.95099169005316,71.95099169005316,72.83209242263192,,,,,73.9128531496137
334,30.648614052417045,33.12174019479205,33.99690931112307,70.6318073526248,70.91981211496613,70.91981211496613,72.24751315223841,,,,,74.10817193229938
339,31.05276206132775,33.544271917045535,34.35524483250885,71.22029451262965,71.24438452344538,71.24438452344538,72.9706754312235,,,,,74.56366341379122
324,29.994215423373323,32.32246592672087,33.42825666958106,68.3187388952857,71.58390302375852,71.58390302375852,73.35931575369595,,,,,74.67213971841127
347,32.140585537458904,34.25336310768078,35.09408390401698,71.95099169005316,71.95868432677399,71.95868432677399,74.35024184574536,,,,,74.91226338077462
352,32.36801205291685,35.0386086214897,35.94758695086674,73.86566176080483,74.44724537881275,74.44724537881275,74.46453482375145,,,,,74.98271636588946
337,30.940572802840038,33.42825666958106,34.272834694019515,71.09194156232435,72.27823926057016,72.40018652321794,74.13385873669932,,,,,75.16120617503904
355,32.53922765153649,35.128245927233955,35.721140327137675,73.21681922794315,73.58274257945486,73.58274257945486,74.0676666339229,,,,,75.26533441649303
349,32.17029027007163,34.35524483250885,35.248217318328635,72.67751950974015,73.21681922794315,73.21681922794315,74.7151534872127,,,,,75.40192723549305
344,31.57909616036412,34.11673249146611,35.0386086214897,71.92256099117883,73.86566176080483,73.86566176080483,74.43600530795666,,,,,75.71942015170852
340,31.142278723180567,33.76301499979822,34.7889085278484,71.58390302375852,72.99312569102563,72.99312569102563,75.11079157567042,,,,,75.89814522446031
353,32.474985911496994,35.09408390401698,35.937231832116396,73.6969210742555,74.79983313706768,74.79983313706768,75.18225503244567,,,,,75.98856131536105
358,32.8380163545733,35.248217318328635,36.21624941104422,74.79983313706768,75.1637612772192,75.18225503244567,75.19015024138594,,,,,76.25288477484835
351,32.35660898039275,34.7889085278484,35.46548691719051,72.99312569102563,75.05489067996034,75.05489067996034,75.75865442064229,,,,,76.4485149724414
348,32.16158134016202,34.272834694019515,35.42217495471911,72.89366859674541,74.99640321377304,74.99640321377304,75.88878807196339,,,,,76.46679314885318
329,30.341213621911958,32.59493285973316,33.49361545931094,69.00556526424175,70.468971818989,70.468971818989,72.06280613252896,,,72.06280613252896,76.47151963072392,76.47151963072392
325,30.019874931005948,32.32808276690151,33.544271917045535,69.30109685745121,70.92445700600322,70.92445700600322,71.35939197574936,,,71.35939197574936,76.74001369567225,76.74001369567225
346,31.80983405572054,34.240960827898945,35.17611108588169,72.27763611625464,73.6969210742555,73.6969210742555,76.2960433398338,,,,,76.87302334841175
356,32.699867047877284,35.17611108588169,36.176962201196666,74.54962550084419,75.34000658922342,75.75865442064229,76.41604709767046,,,,,76.99408048459497
322,29.86124217792796,31.893111122479485,32.59493285973316,66.34809102305779,68.02038842072926,68.02038842072926,71.79407377587376,,,71.79407377587376,77.06069470837262,77.06069470837262
350,32.19143443837297,34.77109553169396,35.96829756965258,74.44724537881275,75.28860666422483,75.28860666422483,76.43240975997217,,,,,77.19240897193652
361,32.98366905702255,35.721140327137675,36.90119025879242,75.34000658922342,75.64047457332995,76.06111545186141,76.79007529720853,,,,,77.31909177284663
359,32.965449824083024,35.42217495471911,36.72231287451211,75.14351114035571,75.157351654025,75.157351654025,76.06111545186141,,,,,77.45957947003826
363,33.62313468757142,35.937231832116396,37.012767963914776,75.53526589147192,76.77025318160561,76.77025318160561,76.7810360759978,,,,,77.7752672584585
365,33.82554229179555,35.96829756965258,36.85767334547532,75.28860666422483,76.69645814919978,76.69645814919978,76.75520326070082,,,,,77.80009132457934
354,32.536232375714505,35.09718859994743,35.82149281345086,73.58274257945486,74.54962550084419,74.54962550084419,76.6090465526489,,,,,77.86063046847208
357,32.72130152230491,35.23250417706127,36.50571192340665,75.05489067996034,75.14351114035571,75.14351114035571,77.04626370308033,,,,,77.88805273779175
362,33.54890322304753,35.82149281345086,36.76017262506266,75.157351654025,75.53526589147192,75.88878807196339,76.3729844839582,,,,,78.18242515230727
370,34.354334916541,36.72231287451211,37.81043541349697,77.37706781436238,78.0717811758771,78.0717811758771,78.22839286952085,,,,,78.79432253134242
372,34.796265686958336,36.787392424671054,37.86533199672295,77.85478560335072,78.08661654670402,78.08661654670402,78.28695293618867,,,,,78.96900189671202
368,34.24550054303843,36.382057705407334,37.42260708620013,76.19208769011342,77.37706781436238,77.37706781436238,78.47392653019071,,,,,79.09550347166743
376,35.21439873621499,37.068981476791606,37.76705246138533,76.80181907841767,77.85478560335072,77.85478560335072,78.70104021532514,,,,,79.29087505741913
364,33.7616299965392,35.94758695086674,36.787392424671054,75.1637612772192,75.84041445086667,76.2960433398338,77.87149978007702,,,,,79.48672403580287
369,34.25532116790542,36.50571192340665,37.4505453251584,76.69645814919978,77.34385483651705,77.34385483651705,78.66574486419104,,,,,79.49477445808499
373,34.88392496620483,36.85767334547532,38.13467384982665,77.99848683490315,78.55922310660351,78.55922310660351,79.13374045193345,,,,,79.79335182877662
382,35.432321365601716,37.790798982188385,38.75204747457558,78.55922310660351,78.88002832232208,79.15257062090107,79.2487941787154,,,,,79.79476432259914
366,33.96577837684272,36.176962201196666,37.068981476791606,75.64047457332995,77.94480151202389,77.94480151202389,79.28444800364832,,,,,79.86733412368343
371,34.730983944147816,36.76017262506266,37.608666273256276,76.77025318160561,76.80181907841767,76.80181907841767,78.33547128120529,,,,,79.88587911883847
387,36.25105268512899,38.13467384982665,38.75525098760118,78.62405008483186,78.7928728568969,79.13374045193345,79.15257062090107,,,,,79.90018813716564
360,32.982232731540485,35.46548691719051,36.382057705407334,74.99640321377304,77.93149079244148,77.93149079244148,79.37169793235459,,,,,79.93032251332359
381,35.43039156229322,37.76705246138533,38.48878983838461,78.2366111893738,78.78538692539813,78.78538692539813,79.29515787178502,,,,,80.24300978521627
385,35.82369831866127,37.99042504845066,39.22068890298208,78.95972803918654,79.27854930084953,79.37169793235459,80.16900857588965,,,,,80.67952160978133
390,36.645319396508256,38.48878983838461,39.432720261958764,79.0871352035974,79.0875831403097,79.29515787178502,80.22148881389577,,,,,80.84073184310824
378,35.332996613643466,37.42260708620013,38.368033722123855,78.08661654670402,78.52175519737479,78.52175519737479,80.24073475781242,,,,,80.86307955604225
384,35.78405806919113,37.86533199672295,38.61353306566928,78.52175519737479,78.62405008483186,78.66574486419104,79.5545733420536,,,,,81.16169101481216
386,36.0900220176304,38.117610183645475,38.852821896292454,78.7928728568969,79.0076621905502,79.28444800364832,80.42314986281231,,,,,81.21479212830903
395,37.23939998220032,38.75641274441051,39.7526354890298,79.61063277109271,79.68590597504046,80.22148881389577,80.24856241439011,,,,,81.4808671564469
377,35.28324715599454,37.21903654310438,38.117610183645475,77.94480151202389,77.99848683490315,77.99848683490315,81.07286686349687,,,,,81.59907041777878
367,34.183499939265154,36.21624941104422,37.21903654310438,75.84041445086667,76.19208769011342,76.3729844839582,76.86752669295318,,,76.86752669295318,81.60636365894729,81.60636365894729
379,35.35025599819611,37.4505453251584,38.31621083469245,78.0717811758771,80.50796663817763,80.50796663817763,81.10597630000272,,,,,81.6779760218447
393,36.99270169694439,38.75204747457558,39.98338895783732,80.33672019712523,80.62254045465652,80.62254045465652,81.31603525986225,,,,,81.85993081994694
383,35.62099697842993,37.81043541349697,38.75641274441051,78.78538692539813,78.95972803918654,79.2487941787154,80.56510537754556,,,,,81.91110634095492
388,36.461679507159026,38.31621083469245,38.99940430478433,78.88002832232208,79.0871352035974,79.28692453127223,81.36143864319905,,,,,81.92252460838165
396,37.31986999621829,38.852821896292454,39.97153492744633,79.90892023827288,81.17500091766983,81.31603525986225,81.56702766250694,,,,,82.46054183835332
391,36.83709168937352,38.608315205571216,39.639488022807086,79.27854930084953,79.61063277109271,80.16900857588965,81.12152440313152,,,,,82.62552954998361
401,37.9912608306286,39.486290120824755,40.35724090518794,80.96713530215513,81.17429407683701,81.17429407683701,82.12218366780344,,,,,82.66484109994329
405,38.405338041710486,39.97153492744633,40.79197953420085,81.30283945569353,82.50930753380403,82.50930753380403,82.54547967217755,,,,,83.10001579935711
380,35.39454881378417,37.608666273256276,38.608315205571216,78.34450696551582,81.69576979737738,81.69576979737738,82.66074615486083,,,,,83.34056316493039
398,37.57908297958321,39.22068890298208,40.03039965218805,80.50796663817763,80.98158508171394,81.10597630000272,81.50879112369987,,,,,83.37947159182832
402,38.007218648075686,39.639488022807086,40.70394545109435,81.17500091766983,81.30283945569353,81.36143864319905,82.24758029759194,,,,,83.40184889256567
397,37.547019062246875,38.99940430478433,40.11175890139237,80.62254045465652,80.96713530215513,81.07286686349687,82.3634397481749,,,,,83.46533141717651
389,36.61956495880103,38.368033722123855,39.486290120824755,79.0875831403097,80.33672019712523,80.33672019712523,83.09106286259565,,,,,83.73632856340862
374,34.93555037269874,36.90119025879242,37.99042504845066,77.93149079244148,78.34450696551582,78.34450696551582,78.4589774619617,,,78.4589774619617,84.06991224266089,84.06991224266089
399,37.66795024717782,39.399046513722084,40.47149388360693,80.98158508171394,81.97126502412605,81.97126502412605,82.43467206309667,,,,,84.2978407850918
404,38.22960300496311,39.834225674850344,40.5558950557836,81.17429407683701,81.60949877077667,81.60949877077667,82.63179339159869,,,,,84.32802925012419
407,38.68653759106952,40.03039965218805,40.80193927393779,81.60949877077667,82.34636927948749,82.34636927948749,83.482575175032,,,,,84.33997181070194
392,36.97866818185224,38.61353306566928,39.399046513722084,79.0076621905502,79.90892023827288,80.24073475781242,82.71253584141165,,,,,85.28581652247804
403,38.01835435086097,39.7526354890298,41.135539314136174,82.2407725730626,83.74972932046013,83.74972932046013,84.81524779807665,,,,,85.34850360453574
413,38.965795324061304,40.79197953420085,41.739160903258885,83.74972932046013,84.24434862706924,84.24434862706924,84.70746310339827,,,,,85.56896212607548
409,38.74252134180901,40.35724090518794,41.31460776419615,83.25441586315945,84.71168213387546,84.71168213387546,85.46359225287802,,,,,86.01161962131306
408,38.72545327678111,40.11175890139237,41.309961116868294,82.50930753380403,84.54027035633067,84.54027035633067,85.26163107683462,,,,,86.09945132621193
375,35.106184294878275,37.012767963914776,37.790798982188385,77.34385483651705,78.2366111893738,78.2366111893738,79.28692453127223,,,79.5545733420536,86.55463049447468,86.55463049447468
411,38.83699741631979,40.5558950557836,41.32296139553589,83.4345865071566,84.5452280505004,84.5452280505004,85.91614330666006,,,,,86.77354259691228
414,39.10460562457402,40.80193927393779,42.01970650091285,84.71168213387546,85.16950806959807,85.16950806959807,86.16105495661604,,,,,86.88896524197199
417,39.37955394681679,41.135539314136174,42.289285212611205,85.16950806959807,86.20684075513033,86.20684075513033,86.64797281068375,,,,,87.24869218593012
418,39.42884192457972,41.23101517320478,42.38465585315423,86.20684075513033,86.4521768374379,86.4521768374379,86.72753993681262,,,,,87.50348361747669
423,39.97745353131759,41.767604972233755,42.3513017284227,86.2039862504698,86.5176611757179,86.5176611757179,87.00507306856488,,,,,87.5543309096325
420,39.89791940004047,41.31460776419615,42.41639859358514,86.32522067210805,87.12877638827848,87.12877638827848,87.18741925954497,,,,,87.89597952640051
406,38.573635351417494,39.98338895783732,40.93203276678917,81.69576979737738,82.2407725730626,82.2407725730626,82.32756163688921,,,82.32756163688921,88.26610472393645,88.26610472393645
422,39.97327932583017,41.739160903258885,42.82536058510699,86.78642375919071,87.27875738953277,87.27875738953277,87.69806791995528,,,,,88.35254841332055
421,39.95982055661683,41.32296139553589,42.42590793412116,86.4521768374379,86.78642375919071,86.78642375919071,87.22607337960594,,,,,88.36359940632154
419,39.790942041274235,41.309961116868294,41.968949468512264,84.5452280505004,86.32522067210805,86.32522067210805,88.10588955659934,,,,,88.82367243521152
394,37.038356770930456,38.75525098760118,39.834225674850344,79.68590597504046,86.82410184600485,86.82410184600485,87.7927760001626,,,,,89.00385406810348
412,38.877744048767134,40.70394545109435,41.90079634099537,84.54027035633067,84.8620688523151,84.8620688523151,88.71557007390979,,,,,89.4922982267023
410,38.82642583169164,40.47149388360693,41.23101517320478,82.34636927948749,83.25441586315945,83.25441586315945,88.54096345651662,,,,,89.530705685238
433,41.03860912179236,42.54077998103189,43.407640958278265,87.55607884873642,88.81309973571156,88.81309973571156,89.40553506162448,,,,,90.12507425821599
424,39.98364366998176,41.90079634099537,42.855320390511615,86.82410184600485,87.32250157050798,87.32250157050798,89.50369398677721,,,,,90.48970261089048
432,40.95821065110761,42.42590793412116,43.73071036510865,88.9118721322807,89.29833512186394,89.29833512186394,89.39311847618272,,,,,90.53147050110827
430,40.75946104617714,42.38465585315423,43.48639450386737,87.73582161127675,88.9118721322807,88.9118721322807,90.34362968089559,,,,,91.01627526352543
400,37.908814319753056,39.432720261958764,40.979778447503676,81.97126502412605,83.4345865071566,83.4345865071566,85.07127661257417,,,85.07127661257417,91.11019272163668,91.11019272163668
434,41.30949206594337,42.82536058510699,43.6561632427178,88.81309973571156,89.40056117463263,89.40056117463263,90.44924089687832,,,,,91.13212338719502
431,40.774335017216096,42.41639859358514,43.42021314263227,87.5687330206489,88.52779532752855,88.52779532752855,90.27274029393014,,,,,91.13305748101381
438,41.71030968876545,43.116478038209536,43.97402587505199,89.40056117463263,90.2502512179695,90.47265342783018,90.61182569291282,,,,,91.34291308436792
437,41.70455119560951,43.00236473544607,43.80072571445479,89.04781641487489,90.23138990555623,90.41999797188589,90.47265342783018,,,,,91.39048285404168
415,39.28848100493897,40.93203276678917,42.03722688956154,84.8620688523151,87.73582161127675,87.7927760001626,90.41999797188589,,,,,91.45413355512102
416,39.326570860324885,40.979778447503676,41.767604972233755,84.24434862706924,86.2039862504698,86.2039862504698,91.01517423750623,,,,,91.543190060143
435,41.35172674173958,42.855320390511615,43.95685508591065,89.29833512186394,89.66021646327704,89.66021646327704,90.38606762383755,,,,,91.77562670158052
428,40.71025539905481,42.289285212611205,43.52500778121197,88.52779532752855,89.04781641487489,89.04781641487489,89.15111892098548,,,,,91.87396424626887
425,40.03608099291387,41.968949468512264,42.54077998103189,86.5176611757179,90.23733016145846,90.44924089687832,91.22288205531702,,,,,91.92695107517966
442,42.3657109039085,43.52500778121197,44.4640983337975,89.8853024415352,90.1390994348631,90.38606762383755,91.17086876025517,,,,,92.15841480928877
443,42.391818189377425,43.6561632427178,44.6293530575003,90.23138990555623,90.65101137531651,91.01517423750623,91.6643745124961,,,,,92.36447298099804
436,41.674265771252536,42.947253914970325,44.07768103377381,89.52922782586526,90.4564744889226,90.61182569291282,91.09590248015056,,,,,92.46854925096342
440,41.80760907086092,43.42021314263227,44.50009635864559,90.1390994348631,91.11697461641656,91.11697461641656,91.97376626164196,,,,,92.47831930242721
447,42.5814670419833,43.97402587505199,44.97589025826483,90.4564744889226,91.45650364573424,91.45650364573424,91.84340059121307,,,,,92.58937299958016
439,41.730574377422585,43.407640958278265,44.1024735299472,89.66021646327704,89.66665015714622,89.77996037639625,91.9955031549409,,,,,92.65640247981293
441,42.33258137479106,43.48639450386737,44.236079128247,89.66665015714622,89.8853024415352,90.34362968089559,91.72521747326346,,,,,92.66649846437947
426,40.21846375743832,42.01970650091285,42.947253914970325,87.12877638827848,89.52922782586526,89.52922782586526,91.08357096962041,,,,,93.07498797129179
429,40.710907882418994,42.3513017284227,43.00236473544607,87.27875738953277,87.55607884873642,87.55607884873642,89.77996037639625,,,90.27274029393014,93.33803258309844,93.33803258309844
448,42.64601269430058,44.07768103377381,44.937187188783824,90.2502512179695,91.58855610253413,91.58855610253413,92.35129886499604,,,,,93.48418579104391
452,42.81489105669774,44.50009635864559,45.5541126613805,91.99380996585674,92.3163122484487,92.3163122484487,92.88165727844412,,,,,93.59340353539622
445,42.54387527681426,43.80072571445479,44.71990657624764,90.23733016145846,91.99380996585674,91.99380996585674,92.52958839113386,,,,,93.76242324424196
455,43.04557361794934,44.937187188783824,45.61221916390468,92.27588768940092,92.71041994731561,92.71041994731561,93.03563487305097,,,,,93.95410587656603
427,40.58307720831878,42.03722688956154,43.116478038209536,87.32250157050798,87.5687330206489,87.69806791995528,88.29942951508178,,,88.29942951508178,94.36935173660355,94.36935173660355
450,42.77039035434311,44.236079128247,45.354586568358414,91.58855610253413,92.27588768940092,92.27588768940092,92.85492145000639,,,,,94.57597938319645
453,42.91872170691151,44.6293530575003,45.73770899634609,92.3163122484487,93.97462866298623,93.97462866298623,94.19805649027468,,,,,94.95321336456814
464,43.444850293398204,45.73770899634609,46.23799982951577,93.67465074849301,94.00357727199942,94.00357727199942,94.7357970713083,,,,,95.23595457611447
444,42.40192525290421,43.73071036510865,44.99889285860416,90.65101137531651,90.84701158416631,91.08357096962041,93.73481463740914,,,,,95.27897269606726
449,42.730428757492994,44.1024735299472,45.00188971700823,90.84701158416631,93.61016946823075,93.61016946823075,94.56227555799103,,,,,95.48944543608405
462,43.37129923498031,45.5541126613805,46.652710173846195,94.27793330271184,94.9196916744259,94.9196916744259,95.18559436253292,,,,,95.69534409951304
456,43.07823964249152,44.97589025826483,46.28730395593636,93.97462866298623,94.27793330271184,94.27793330271184,94.83787409820614,,,,,95.70107462205613
446,42.56045538624812,43.95685508591065,45.260249457331376,91.11697461641656,92.65614291505756,92.65614291505756,94.9702908644892,,,,,95.74569879023136
461,43.28772698073701,45.354586568358414,46.61173037698886,94.17350050054203,94.9224557191678,94.9224557191678,95.02426758117988,,,,,95.8877808463636
460,43.178161520793346,45.33218175246568,46.58364637494468,94.00357727199942,94.62059616660162,94.62059616660162,94.92545116789627,,,,,96.09354484824728
454,43.043785596589736,44.71990657624764,45.85184638381179,92.65614291505756,93.36573608679284,93.36573608679284,94.88652471344308,,,,,96.32202827591705
457,43.08873723348905,44.99889285860416,45.916061285983815,92.71041994731561,94.17350050054203,94.17350050054203,94.29696173947663,,,,,96.33929248163597
459,43.10191063392965,45.260249457331376,46.09899748227833,93.61016946823075,93.67465074849301,93.67465074849301,94.75050667729487,,,,,96.38915633409464
468,43.78203533151385,46.09899748227833,47.28714871156842,95.05722668449233,95.58767837287664,95.58767837287664,95.82104048144416,,,,,96.97368249878214
473,44.829346632032035,46.652710173846195,47.6612239698207,96.21548122553529,96.68891489328779,96.68891489328779,97.02997368285075,,,,,97.76171230782396
471,44.66537455691715,46.58364637494468,47.414348647773224,95.81197971808423,96.30371032818927,96.30371032818927,96.32055097056836,,,,,97.9039946715576
465,43.62980721972275,45.85184638381179,46.69106783920029,94.62059616660162,94.74753983989864,94.74753983989864,95.85306526900733,,,,,98.00188151537377
466,43.670960583260424,45.916061285983815,47.26513095114927,94.9224557191678,96.06815012559711,96.06815012559711,97.14863452525427,,,,,98.11792996483213
472,44.7320807326586,46.61173037698886,47.460455339204366,95.98645604182686,97.02916240902722,97.02997368285075,97.61071087780965,,,,,98.1997928723737
451,42.8104705274391,44.4640983337975,45.33218175246568,91.45650364573424,96.53179812504203,96.53179812504203,97.56006947508482,,,,,98.24212632467429
482,46.467417976969735,47.53238248376239,48.45805293853242,97.1944056568394,97.39444234099932,97.57556033014545,98.47439257942565,,,,,99.049600595095
477,45.61078360709176,47.26513095114927,48.39592569754786,96.96186219218754,97.1944056568394,97.1944056568394,97.74955653997888,,,,,99.24708079415316
481,46.292943182330355,47.460455339204366,48.194451551045816,96.83808864435721,97.76160135422688,97.76160135422688,98.53685576460121,,,,,99.28844138688036
470,44.50811530184592,46.28730395593636,47.40519146914459,95.58767837287664,95.98645604182686,95.98645604182686,97.57556033014545,,,,,99.42243149659299
476,45.22178979565215,47.16725698764432,47.750848482608134,96.30371032818927,96.96186219218754,96.96186219218754,97.75434851119387,,,,,99.60653096027258
478,45.91028810475892,47.28714871156842,48.32286036520773,96.91236679120281,98.67357102557109,98.67357102557109,99.18982383434506,,,,,99.83022535837196
463,43.40043485771046,45.61221916390468,46.69620379061813,94.74753983989864,96.83808864435721,96.83808864435721,98.74577981580839,,,,,99.96881900878458
475,45.16810157782948,46.69620379061813,47.8583031022337,96.53179812504203,96.91236679120281,96.91236679120281,99.3552909299824,,,,,100.12251914615362
483,46.49605839546755,47.6612239698207,48.79829866579154,97.39444234099932,97.91087126565954,97.91087126565954,99.02773349922586,,,,,100.14090900136524
484,46.506973557697876,47.750848482608134,49.21963484118089,98.67357102557109,99.21525592724119,99.21525592724119,99.68962859457248,,,,,100.21153391534769
474,45.12634154248395,46.69106783920029,48.11956409809692,96.68891489328779,97.39083371281426,97.56006947508482,99.42603113462928,,,,,100.21783093076762
491,47.21071706805004,48.45805293853242,49.27206274270424,99.21525592724119,99.53602168198393,99.53602168198393,99.60417611985996,,,,,100.42951303763228
486,46.63049719486959,48.11956409809692,49.08243839622219,98.1786369667249,99.30368081031992,99.30368081031992,99.68160407905935,,,,,100.51661374746956
488,46.8901501165701,48.32286036520773,49.325078292046484,99.30368081031992,100.04678016243447,100.04678016243447,100.20432392015775,,,,,100.78051000315924
492,47.356693886417375,48.530315799693405,49.66069156519741,99.71895005877205,100.09300695310453,100.09300695310453,100.21414207456472,,,,,100.84102756884816
469,44.16280869274227,46.23799982951577,47.53238248376239,96.06815012559711,96.21548122553529,96.21548122553529,100.42347462895388,,,,,101.31258959054199
458,43.09837162324876,45.00188971700823,45.94055652346085,93.36573608679284,95.05722668449233,95.05722668449233,95.59494153232215,,,95.59494153232215,101.32698254406655,101.32698254406655
498,47.720646975424756,49.263101595057826,50.161178284772554,100.43480643995163,100.5539161065622,100.5539161065622,100.58157676136346,,,,,101.45680201906583
485,46.52415885240779,47.8583031022337,48.812751230292776,97.76160135422688,98.87866066046271,98.87866066046271,101.33385753840653,,,,,102.03412864843267
503,47.9532554537568,49.66069156519741,50.55492759405261,101.34341451419564,101.36536523745733,101.36536523745733,101.43472959064759,,,,,102.04960283349817
479,45.97089443967892,47.40519146914459,48.530315799693405,97.39083371281426,98.1786369667249,98.1786369667249,101.39467750017852,,,,,102.08383653788478
487,46.68978038195741,48.194451551045816,49.52670134974712,99.50218864609326,99.71895005877205,99.71895005877205,101.0767884412592,,,,,102.08822684337768
500,47.82657693524275,49.325078292046484,50.34225373751328,100.5539161065622,101.39185000310219,101.39185000310219,101.50019454477003,,,,,102.37446585278856
495,47.523486677470224,48.98753359009483,49.619766385118204,99.53602168198393,100.02900921266058,100.02900921266058,100.7480193227003,,,,,102.4731885640611
493,47.412217663808896,48.79829866579154,49.93501784542738,100.04678016243447,100.43480643995163,100.43480643995163,102.04992870186743,,,,,102.62706819393371
499,47.80313173882086,49.27206274270424,50.36219218037046,100.71939217109005,101.12859409392459,101.12859409392459,101.87117138728256,,,,,102.6792417503821
467,43.70866462046737,45.94055652346085,47.16725698764432,94.9196916744259,95.81197971808423,95.81197971808423,96.89756030302495,,,96.89756030302495,102.78779964309126,102.78779964309126
506,48.0588012581744,50.151791789235006,51.2442411492689,101.74908963149413,101.78244783235586,101.87117138728256,102.20207033887658,,,,,102.81226107793512
505,47.992763262842075,49.93501784542738,50.801042813156755,101.47908940307137,101.50142584055689,101.50142584055689,102.35388074664432,,,,,102.87567499865285
507,48.326401964662544,50.161178284772554,51.018608822544124,101.50142584055689,102.21472082907226,102.35388074664432,102.3644032135636,,,,,102.9572370004373
480,46.26053321718078,47.414348647773224,48.44774291847272,97.02916240902722,100.71939217109005,100.71939217109005,101.92921303576894,,,,,103.25343492122492
513,48.97020550138925,50.59916930093821,51.52340631047246,102.20760659851506,102.33663937150199,102.3644032135636,102.71451648189286,,,,,103.3304096027424
490,46.97997599589305,48.44774291847272,48.98753359009483,97.91087126565954,99.50218864609326,99.50218864609326,102.62472249886501,,,,,103.3783537792088
496,47.55544622039923,49.08243839622219,49.817563188719625,100.02900921266058,101.47908940307137,101.47908940307137,102.98709152839366,,,,,103.57440883688768
509,48.37284946461938,50.36219218037046,51.49724385129978,102.19177949445212,102.8139847762042,102.8139847762042,102.83487893069336,,,,,103.6790697466705
497,47.56997258404991,49.21963484118089,50.4565263428395,101.23830335134839,101.92655959400248,101.92921303576894,102.96597530794511,,,,,103.73880526825084
504,47.96472468942915,49.817563188719625,50.59916930093821,101.36536523745733,101.74908963149413,101.74908963149413,102.37278528868929,,,,,103.78070869207764
489,46.971453339385924,48.39592569754786,49.263101595057826,98.87866066046271,101.34341451419564,101.34341451419564,103.23032429797016,,,,,103.85179706860626
515,48.992053000561704,50.801042813156755,52.00243111642622,102.46817017526803,102.74359301875151,102.74359301875151,103.08192765591919,,,,,103.95075237619594
501,47.87543301636744,49.52670134974712,50.44371237437816,101.12859409392459,102.46817017526803,102.46817017526803,103.3721668432571,,,,,103.99966426697992
494,47.5053680858689,48.812751230292776,50.151791789235006,100.09300695310453,101.23830335134839,101.23830335134839,103.35674702374916,,,,,104.18771684140704
510,48.46620327312192,50.44371237437816,51.41613706792469,101.78244783235586,102.20760659851506,102.20760659851506,103.35531122007446,,,,,104.25275104035575
523,50.17997319272411,51.59505221815693,52.395137799295995,103.43682933048397,103.47703379480367,103.47703379480367,103.50268939105904,,,,,104.29303436924683
520,49.846380853282476,51.49724385129978,52.43077083055628,103.93341256872999,104.20061219229083,104.20061219229083,104.2749443873825,,,,,104.93594015450599
508,48.368411611937546,50.34225373751328,51.59094299157136,102.21472082907226,103.43682933048397,103.43682933048397,103.76478481054065,,,,,105.03137901275508
524,50.77620407811727,52.00243111642622,52.92406126890718,104.10794014699685,104.25389556876951,104.25389556876951,104.43467229587695,,,,,105.08186026654856
517,49.24018465445986,51.2442411492689,52.070918496284264,102.73205447319604,103.26874643421505,103.26874643421505,103.94800452047917,,,,,105.09582945536937
516,49.02832047805246,51.018608822544124,52.410505786064796,103.47703379480367,103.95672558564571,103.95672558564571,104.85685510387945,,,,,105.47756130507456
511,48.74416009340225,50.4565263428395,51.43250441765685,101.92655959400248,104.66539650205225,104.66539650205225,104.9398786155536,,,,,105.50919913884526
521,49.85344873809832,51.52340631047246,52.348111338070325,103.26874643421505,103.30513455565304,103.30513455565304,104.40686043943684,,,,,105.71054090639882
527,51.23908434043908,52.26051559886266,53.24658418906046,104.66539650205225,105.21349760406652,105.21349760406652,105.25387441114543,,,,,105.81030663215112
502,47.93486052486981,49.619766385118204,50.703937783732236,101.39185000310219,102.19177949445212,102.19177949445212,105.40398752950549,,,,,106.05607068103409
522,50.002779365195984,51.59094299157136,52.90292031057388,103.95672558564571,104.10794014699685,104.10794014699685,105.01094683508897,,,,,106.22927793429122
530,51.52182767075365,52.395137799295995,53.34776967173503,105.01820156966079,105.84794823494555,105.84794823494555,105.88536553505325,,,,,106.4495475348068
526,51.10379460659507,52.12654672861458,53.1459163571818,104.20061219229083,105.13331587976838,105.13331587976838,105.58240291781622,,,,,106.58901184805973
519,49.50982118540387,51.43250441765685,52.26051559886266,102.8139847762042,104.7765719186311,104.7765719186311,105.60752599085049,,,,,106.69101933945018
512,48.88366885286717,50.55492759405261,51.59505221815693,102.33663937150199,102.73205447319604,102.73205447319604,106.06460075745727,,,,,106.82938132951891
534,51.69401669984075,52.92406126890718,53.480218571181666,105.13331587976838,106.31359386271888,106.31359386271888,106.50153890350254,,,,,107.02525344494128
532,51.680069855319864,52.43077083055628,53.29073036542164,104.7765719186311,105.63589450014865,105.63589450014865,106.49408057726431,,,,,107.22003079187303
514,48.98615155512606,50.703937783732236,52.12654672861458,102.74359301875151,105.36057123282016,105.36057123282016,106.15030463622806,,,,,107.79383332411581
539,52.024077894120445,53.34776967173503,54.135897739095746,106.30917320208927,107.02312517516714,107.02312517516714,107.51629892496483,,,,,108.12442280773502
533,51.69361100622808,52.90292031057388,53.83333961618563,105.84794823494555,106.57132632630298,106.57132632630298,106.66112860155233,,,,,108.39147972886586
541,52.03117443229133,53.5231635576909,54.6297776485614,107.20228587430553,107.74493222611878,107.74493222611878,107.90086002620885,,,,,108.5209340472333
529,51.51724228979487,52.34946718318252,53.5231635576909,105.21349760406652,107.62738279146099,107.62738279146099,107.75018378710227,,,,,108.59148587171127
518,49.289220900709715,51.41613706792469,52.34946718318252,103.30513455565304,103.93341256872999,103.93341256872999,104.81802984770557,,,104.81802984770557,108.67705943614605,108.67705943614605
542,52.0890022709756,53.53035916444833,54.57281774056645,107.0413004430303,107.90618063667664,107.90618063667664,108.16541967185287,,,,,108.75053499400504
537,51.92290479879699,53.24658418906046,54.17377277886814,106.31359386271888,106.57751146164983,106.57751146164983,107.38849303414295,,,,,108.80790802131311
536,51.88528479363914,53.22489149917606,54.363232310629726,106.57751146164983,107.20228587430553,107.20228587430553,107.83776794762296,,,,,108.90808087171597
540,52.03059505285839,53.480218571181666,54.45812627070778,107.02312517516714,107.0413004430303,107.0413004430303,108.10153156516948,,,,,108.95101919798655
535,51.81835950399771,53.1459163571818,54.17774476222384,106.57132632630298,107.85662640943347,107.85662640943347,108.6663228328982,,,,,109.20680101284006
543,52.1832577667742,53.58160163726913,54.75154872190765,107.74493222611878,108.56245119516123,108.56245119516123,108.6083800963287,,,,,109.26798392358968
528,51.402243398481005,52.348111338070325,53.58160163726913,105.63589450014865,107.96061945106159,107.96061945106159,108.64412454037715,,,,,109.2773346720044
525,50.80774732178354,52.070918496284264,53.22489149917606,104.25389556876951,105.01820156966079,105.01820156966079,109.14226802725224,,,,,109.69592417031957
545,52.42883941016359,54.135897739095746,54.72518827997999,107.62738279146099,108.45640576428448,108.45640576428448,108.52005056065325,,,,,109.85786914768
547,52.57924840936283,54.17774476222384,55.24201007381625,108.45640576428448,108.83713903284087,108.83713903284087,109.35871220520653,,,,,109.89061859818092
550,52.90221844003276,54.57281774056645,55.67458264659064,109.02220980891698,109.20017325524896,109.20017325524896,109.63697264285368,,,,,110.22803049865229
538,51.93505210185644,53.29073036542164,54.77367876119215,107.85662640943347,109.65340335596795,109.65340335596795,109.71053939252958,,,,,110.36285951652003
554,53.133714045447356,54.77367876119215,55.77479547210818,109.20017325524896,109.62553099051804,109.62553099051804,109.71777990403108,,,,,110.57746903025735
544,52.23092669759155,53.83333961618563,54.79403341029927,107.90618063667664,108.55853864889568,108.55853864889568,110.32674973513703,,,,,110.97281071481926
556,53.58542725573384,55.196290624457156,56.230310269079894,110.01160727230726,110.2589582425444,110.2589582425444,110.4260315057342,,,,,111.00599835339997
553,53.114535867044296,54.75154872190765,56.16155438634554,109.65340335596795,109.7913398100526,109.7913398100526,110.08743176481052,,,,,111.01307138797705
552,53.10826798752002,54.72518827997999,55.85014501056284,109.47492745584798,109.63196776441367,109.63196776441367,109.98426579602692,,,,,111.25755069655187
531,51.5933733002439,52.410505786064796,53.53035916444833,105.36057123282016,106.30917320208927,106.30917320208927,108.23052900654375,,,108.23052900654375,111.75908874394167,111.75908874394167
551,53.07198178212012,54.6297776485614,55.669795670094295,108.83713903284087,109.02220980891698,109.02220980891698,110.93948661299004,,,,,111.77437704987302
546,52.52689133450013,54.17377277886814,55.196290624457156,107.96061945106159,109.47492745584798,109.47492745584798,110.7847613994594,,,,,111.98911350208262
555,53.55377049263458,54.79403341029927,55.85329601719395,109.62553099051804,110.12041310978503,110.12041310978503,111.47424225392236,,,,,112.11330618239424
561,54.155338333566064,55.67458264659064,56.916990925550984,110.94706138207428,111.2569352184225,111.2569352184225,111.44677696308895,,,,,112.81167191219875
563,54.22778091020262,55.85014501056284,56.924248322171145,111.2569352184225,111.79002224457275,111.79002224457275,112.40874460758626,,,,,113.13240395783798
549,52.845571814357584,54.45812627070778,55.39755713450963,108.55853864889568,112.0894300469713,112.0894300469713,112.41148987534709,,,,,113.14989478563714
558,53.709266336247154,55.39755713450963,56.220148119124865,109.7913398100526,110.38692704620242,110.38692704620242,112.28062884026996,,,,,113.24526540047967
559,53.72241454405568,55.488829595309575,56.41852788651597,110.12041310978503,111.85617770108722,111.85617770108722,112.02578393486958,,,,,113.28182905208101
567,54.72757134153806,56.220148119124865,57.368042129754926,111.87567061013375,112.78726135208836,112.78726135208836,113.03536238328857,,,,,113.59623286621841
568,54.87091365419495,56.230310269079894,56.88664024273702,110.38692704620242,111.87567061013375,111.87567061013375,111.88390207370225,,,,,113.61532181385029
566,54.69686221410186,56.16155438634554,57.02048314842037,111.79002224457275,112.8524743789481,112.8524743789481,113.03312043734174,,,,,114.66776143472897
560,53.98766817038968,55.669795670094295,56.71502300067863,110.38117859383225,110.94706138207428,110.94706138207428,112.91020157614291,,,,,114.70662374648347
565,54.49673855906604,56.050229099237484,57.3843245198987,112.0894300469713,113.28985025268565,113.28985025268565,113.81347429194757,,,,,115.82329886058815
569,55.04399655068206,56.41852788651597,57.57036349336593,113.65639592869526,114.33700808247768,114.33700808247768,114.66316169001354,,,,,116.09461780676986
572,55.17495747457997,56.88664024273702,57.88496555005713,114.92709391105446,115.22105342556895,115.22105342556895,115.65701526345953,,,,,116.2250502710497
573,55.24948601817813,56.916990925550984,57.68444215317853,114.33700808247768,115.12979568542957,115.12979568542957,115.59714927990562,,,,,116.28218885717529
571,55.12219786386727,56.71502300067863,57.54910292337855,113.28985025268565,113.65639592869526,113.65639592869526,113.76891733501878,,,,,116.30530123752125
562,54.156632592842854,55.77479547210818,56.483587574944394,110.2589582425444,110.38117859383225,110.38117859383225,111.83487145338061,,,111.83487145338061,116.73052501743966,116.73052501743966
576,55.67614968535243,57.15943707357901,58.23160466556729,115.12979568542957,115.45573822824659,115.45573822824659,116.11121672408075,,,,,117.02020339861102
548,52.82898450247196,54.363232310629726,55.488829595309575,108.56245119516123,110.01160727230726,110.01160727230726,115.33889816379414,,,,,117.06141515034359
580,56.41791520536227,57.51405777797257,58.61541258465798,115.8436934502077,115.97992995272169,115.97992995272169,116.57789502477475,,,,,117.19698005345859
564,54.38669354974203,55.85329601719395,57.38751409881937,112.78726135208836,116.50561043326479,116.50561043326479,116.73620382465367,,,,,117.34571831430176
586,56.93113670740678,58.23160466556729,58.96544098493086,116.23109267332417,116.87522621290421,116.87522621290421,116.91200711575308,,,,,117.42221410779429
575,55.616597781750386,57.02048314842037,57.89412342651899,115.0958297803785,115.50512640191968,115.50512640191968,116.29213213804199,,,,,117.48979170317497
582,56.68764006805561,57.57036349336593,58.764225814254054,116.1480053247016,116.23109267332417,116.23109267332417,116.81113578752884,,,,,117.72829132904357
581,56.67397015901501,57.54910292337855,58.49580195991501,115.74186885938998,115.8436934502077,115.8436934502077,117.11784680374465,,,,,117.77109779859036
570,55.1165052084466,56.483587574944394,57.15943707357901,111.85617770108722,115.0958297803785,115.0958297803785,117.32124033795877,,,,,117.85271972365855
577,56.037250457420946,57.368042129754926,58.2625710915655,115.22105342556895,116.97240300818554,116.97240300818554,117.03823241389192,,,,,117.85744820972104
579,56.35293209074203,57.38751409881937,58.49571403739937,115.50512640191968,115.74186885938998,115.74186885938998,117.13663060937644,,,,,117.94571230719956
588,57.13930370304612,58.34558484177121,59.37177237001486,116.97240300818554,117.47693138638218,117.47693138638218,117.96700313730632,,,,,118.63755040751568
594,57.79510793568848,58.96544098493086,59.7297601940126,117.68316882954826,117.96571054085351,117.96571054085351,118.39336588273065,,,,,118.91109341213729
587,57.05088588524996,58.2625710915655,59.449784367227366,117.03313239569826,117.74380279331598,117.74380279331598,118.04282655541967,,,,,118.94733650445889
591,57.51660052594201,58.61541258465798,59.53799626543048,117.47693138638218,117.68316882954826,117.68316882954826,117.81699210740025,,,,,119.04954629338945
574,55.3969111981143,56.924248322171145,57.51405777797257,112.8524743789481,117.03313239569826,117.03313239569826,118.57431112521505,,,,,119.14208652672278
590,57.496913020874395,58.49580195991501,59.78209974192535,117.82247355017692,118.59857280900427,118.59857280900427,118.72814611111627,,,,,119.31915842374583
578,56.23545328831704,57.3843245198987,58.34558484177121,115.45573822824659,116.1480053247016,116.1480053247016,118.31616906208647,,,,,119.32118060506063
583,56.717137062323246,57.68444215317853,58.74935951902126,115.97992995272169,116.92487168350168,116.92487168350168,117.48823551012127,,,,,119.33207226032144
595,57.8904479747645,59.04035248002403,59.76428863796136,117.74380279331598,118.53693582748735,118.53693582748735,119.21560313861563,,,,,119.7728011613764
593,57.70177703877773,58.764225814254054,59.96233436580495,118.0828274654892,118.63101843737476,118.63101843737476,118.88875335516703,,,,,119.97788516713912
599,58.273693210794114,59.449784367227366,60.54350474026563,118.63101843737476,119.60246172182221,119.60246172182221,119.62957372283802,,,,,120.21775592702946
585,56.867817630041245,57.89412342651899,59.16855098149553,116.92487168350168,118.35933888727766,118.35933888727766,119.66456233204566,,,,,120.31939384718352
589,57.16500172554577,58.49571403739937,59.11171698772099,116.87522621290421,118.0828274654892,118.0828274654892,119.03217145277506,,,,,120.38691639973878
592,57.64117052120561,58.74935951902126,59.80281922363049,117.96571054085351,118.67707969867652,118.67707969867652,119.7729527835001,,,,,120.43168650276701
596,58.00218764454761,59.11171698772099,60.44341617370363,118.53693582748735,119.72513977960307,119.72513977960307,120.12752655856815,,,,,120.8903820107731
600,58.38396700955484,59.53799626543048,60.4851447760208,118.59857280900427,120.22947072630654,120.22947072630654,120.3566006096812,,,,,120.89897266956295
584,56.78688045371727,57.88496555005713,59.04035248002403,116.50561043326479,117.82247355017692,117.82247355017692,120.47956874018136,,,,,121.31764616321314
603,58.68153984620449,59.78209974192535,60.62109479162468,118.67707969867652,120.62201111210678,120.62201111210678,120.69592584963867,,,,,121.32471207661943
598,58.10927176526992,59.37177237001486,60.5020885440766,118.61152174751648,118.82754580953025,118.82754580953025,119.3543021002779,,,,,121.5841246799181
601,58.493664792783164,59.7297601940126,60.71383892325289,119.72513977960307,120.39993251511068,120.39993251511068,120.52213032819374,,,,,121.92636038824212
604,58.68348364170054,59.80281922363049,60.77594217705408,120.22947072630654,120.90445066332919,120.90445066332919,121.63487159371446,,,,,122.37698784571383
557,53.69236915854921,55.24201007381625,56.050229099237484,109.63196776441367,114.92709391105446,114.92709391105446,116.63717600702796,,,116.63717600702796,122.68468654916406,122.68468654916406
602,58.653929849086694,59.76428863796136,60.697468866574646,118.82754580953025,121.73115249886055,121.73115249886055,122.34187244399958,,,,,123.2274276047233
605,58.70281057184557,59.96233436580495,60.71063824759613,119.60246172182221,120.8080431206051,120.8080431206051,121.00222535580068,,,,,123.24063459605962
614,59.8511698298435,60.71383892325289,61.62437596096342,120.90445066332919,121.91294565365496,121.91294565365496,122.32930198833411,,,,,123.2572827059025
610,59.568428793119544,60.54350474026563,61.74688431148609,121.73115249886055,122.64691639835019,122.64691639835019,122.70022756606994,,,,,123.27048096303515
613,59.84664833839676,60.71063824759613,61.774231805195086,122.01594629653057,123.18672113249013,123.18672113249013,123.52396743108247,,,,,124.09102307558896
615,60.03859653480527,60.77594217705408,61.60094916352242,120.84038129011059,123.3188159367249,123.3188159367249,123.4134575212293,,,,,124.09385027736067
612,59.78915001383403,60.697468866574646,61.76595139602264,121.91294565365496,122.61224124569331,122.61224124569331,123.15561022234674,,,,,124.13977188344487
607,59.109921952724,60.44341617370363,61.546240926906584,120.8080431206051,122.01594629653057,122.01594629653057,123.61011446957201,,,,,124.30774017705099
608,59.197854409674015,60.4851447760208,61.17010473703394,120.62201111210678,122.28999722615175,122.28999722615175,123.27567648067829,,,,,124.33524457748395
606,58.98968464945034,60.06162111423426,61.02064718379713,120.39993251511068,120.67681475837412,120.67681475837412,122.44970852138043,,,,,124.40097764632465
597,58.0487987182108,59.16855098149553,60.06162111423426,118.35933888727766,118.61152174751648,118.61152174751648,119.34297556372444,,,119.34297556372444,124.43233683447127,124.43233683447127
621,60.47150932864878,61.62437596096342,62.33608824636309,123.3188159367249,123.95241362679377,123.95241362679377,125.18671629180808,,,,,125.81608951362465
625,60.78012585392372,61.86298740560937,62.77130199149312,124.28564544624214,124.79987435971952,124.79987435971952,125.13747757470348,,,,,125.84334052545157
609,59.44062895946615,60.5020885440766,61.44731405590403,120.67681475837412,120.84038129011059,120.84038129011059,125.16272257717914,,,,,126.02934598348133
620,60.39503902354174,61.60094916352242,62.46073767609302,123.95241362679377,124.33770662157387,124.33770662157387,125.8788042375307,,,,,126.50682901872591
617,60.14496463478349,61.17010473703394,62.12901300587154,122.64691639835019,125.65845525732266,125.65845525732266,125.97224467990044,,,,,126.55456932002994
626,60.80276638634283,61.8953628245846,63.03796520052955,124.74665854978522,125.00068049983943,125.00068049983943,125.38638900714848,,,,,126.77975684933406
619,60.259222477852354,61.546240926906584,62.75520995930194,124.22879681410579,124.28564544624214,124.28564544624214,126.35390516109193,,,,,127.18530206255973
635,61.865776385523716,62.967575636171894,63.812144024235664,126.09532523485443,126.27273615973908,126.27273615973908,126.82321287574597,,,,,127.37808729431399
629,61.51642082926376,62.33608824636309,63.45409763243408,125.41957462385867,126.09532523485443,126.09532523485443,126.9189847524929,,,,,127.43627107580308
628,61.283284479959164,62.327448303762026,63.43338954154045,125.30491697337516,125.41957462385867,125.41957462385867,126.87605222443628,,,,,127.63232482060698
627,61.12755501971918,62.12901300587154,62.94653271516239,124.33770662157387,126.68610620994056,126.82321287574597,127.07452774829001,,,,,127.76177745156929
623,60.601676191493766,61.76595139602264,63.09245979451728,124.79987435971952,125.30491697337516,125.30491697337516,127.2312849889296,,,,,127.92431845205796
633,61.78905770463984,62.77130199149312,63.347145834069195,125.00068049983943,126.00919464556264,126.00919464556264,127.0358715045844,,,,,128.14519268095708
616,60.133662187197054,61.02064718379713,61.86298740560937,122.28999722615175,124.22879681410579,124.22879681410579,127.08716048438188,,,,,128.1725563587883
622,60.54342159419731,61.74688431148609,62.69181623657728,124.06929988279649,124.66106853994523,124.66106853994523,127.60025358688345,,,,,128.41386577462856
637,61.98308270124311,63.09245979451728,64.12492588425597,126.61554011276351,127.71037030470647,127.71037030470647,127.86190717056475,,,,,128.67030430374552
642,62.33404624370669,63.633482454262236,64.54631294362282,127.4894494515707,127.89720386720019,127.89720386720019,128.02400028403952,,,,,128.69983873529455
634,61.83618898447973,62.94653271516239,63.84906498559471,126.27273615973908,126.55559593934692,126.55559593934692,126.70489789711206,,,,,128.76395926471886
645,62.5321886727975,63.86274001092823,64.75021121551916,127.89720386720019,128.1897893246095,128.1897893246095,128.3121627074353,,,,,128.87409786514434
611,59.6718642445199,60.62109479162468,61.8953628245846,122.61224124569331,124.06929988279649,124.06929988279649,128.17614289591612,,,,,128.96109948753005
636,61.93736182572724,63.03796520052955,64.36075722778801,126.82245913776833,128.4340497644836,128.4340497644836,128.61086614457002,,,,,129.13621498645682
641,62.11217912616086,63.62847667268436,64.6077659575963,127.73065386571184,127.95794571515945,127.95794571515945,128.75669054024198,,,,,129.4308753340338
630,61.55297269345994,62.46073767609302,63.62847667268436,125.65845525732266,126.82245913776833,126.87605222443628,128.96684809134462,,,,,129.56705783475144
631,61.670587791135524,62.69181623657728,63.86274001092823,126.55559593934692,127.4894494515707,127.4894494515707,128.41747267881303,,,,,130.07949425247222
632,61.68316377411118,62.75520995930194,63.633482454262236,126.00919464556264,127.73065386571184,127.73065386571184,128.84272884844984,,,,,130.1321214829417
640,62.0855474352398,63.45409763243408,64.82643964888943,127.95794571515945,128.58526313857053,128.58526313857053,129.12329910863986,,,,,130.18282983124223
624,60.6409001817845,61.774231805195086,62.967575636171894,124.66106853994523,124.74665854978522,124.74665854978522,126.1121196889868,,,126.1121196889868,130.79710090015138,130.79710090015138
648,62.573271467050475,64.36075722778801,65.37464193245336,129.38667845908796,130.0069692032506,130.0069692032506,130.18841964273645,,,,,130.79889206839889
649,62.59043238804841,64.54631294362282,65.11897922054811,128.4340497644836,129.58129663071685,129.58129663071685,129.99788447454773,,,,,130.99366206744048
639,62.076271031286794,63.43338954154045,64.3045426571929,126.68610620994056,129.01608393894193,129.01608393894193,130.62834717923295,,,,,131.25296540338582
644,62.508623776533085,63.84906498559471,65.21176968605312,129.01608393894193,129.5417288100793,129.5417288100793,130.42442079230213,,,,,131.3038661800194
658,63.12864624118931,65.26140353221213,65.96285609573468,130.0069692032506,130.58869533902907,130.58869533902907,130.69028147790837,,,,,131.32067796016247
618,60.15543153683591,61.44731405590403,62.327448303762026,123.18672113249013,126.61554011276351,126.70489789711206,128.71132273722193,,,,,131.36436423649369
647,62.546389709247705,64.3045426571929,65.15992009039375,128.58526313857053,130.8366237644716,130.8366237644716,131.3262845767974,,,,,131.93626468351653
643,62.47375470687953,63.812144024235664,64.96424915192605,128.1897893246095,129.74757994374113,129.74757994374113,130.92931840349675,,,,,132.2767861251016
650,62.6651418087071,64.582970381347,65.62347373205428,129.5417288100793,131.2143063683722,131.2143063683722,131.90132439384425,,,,,132.63444172858775
652,62.841759010455334,64.75021121551916,65.66800090327776,129.74757994374113,131.76047044035445,131.76047044035445,131.80735693052026,,,,,132.79697373114206
638,62.03932767136042,63.347145834069195,64.582970381347,127.71037030470647,129.3765353406524,129.3765353406524,131.21489870132515,,,,,132.9515645459632
657,63.02926897377877,65.21176968605312,66.34016698057519,131.76047044035445,131.9760156179768,131.9760156179768,132.49586202820663,,,,,133.14583365761547
655,62.957589031374376,65.11897922054811,65.97508924742417,130.58869533902907,130.95220603666286,130.95220603666286,131.73052259798763,,,,,133.1721408067452
656,63.026961781129316,65.15992009039375,66.30935944025794,131.2143063683722,132.2883785435605,132.2883785435605,132.60883515051287,,,,,133.64857358177665
646,62.53634953919484,64.12492588425597,65.26140353221213,129.3765353406524,129.38667845908796,129.38667845908796,133.26268380849993,,,,,133.9573769798036
651,62.70745493574372,64.6077659575963,65.65844033915585,129.58129663071685,133.75081424573293,133.75081424573293,133.86463306403178,,,,,134.7443716709135
659,63.18539875227569,65.37464193245336,66.4700689085236,132.2883785435605,132.9826294257572,132.9826294257572,134.4566667726175,,,,,134.995349241434
662,63.42240101054898,65.66800090327776,66.76882839577169,133.27607194370523,134.042926668205,134.042926668205,134.49452080564546,,,,,135.68119191889005
667,63.69900845357568,66.30935944025794,67.47659610256059,134.45823860494076,135.12075904500577,135.12075904500577,135.19936730992868,,,,,135.85071877429363
663,63.55884204055341,65.96285609573468,67.45377379763896,134.45187754779226,134.84621631537235,134.84621631537235,134.94950003777666,,,,,136.00626745613235
670,63.871627190845615,66.4700689085236,67.5249658923604,134.7243405353083,134.79034309959272,134.79034309959272,135.20047527997792,,,,,136.05488095176432
665,63.65657534073855,65.98647734644628,66.72495482577138,132.9826294257572,133.27607194370523,133.27607194370523,135.3432973876828,,,,,136.3019889677013
668,63.83486783468543,66.34016698057519,67.32139899949672,134.24679628766867,134.7243405353083,134.7243405353083,135.71010901549312,,,,,136.48923835682922
671,63.91031987804861,66.72495482577138,67.57339530958585,134.79034309959272,135.83715976050277,135.83715976050277,136.20568314880347,,,,,136.7549574595196
666,63.69033993528254,66.14038006291115,66.86728350937744,133.75081424573293,134.9032546815592,134.9032546815592,135.76279108750674,,,,,137.09172895550537
664,63.58509239634903,65.97508924742417,67.05589952005683,134.1094443851634,134.24679628766867,134.24679628766867,136.41998984298826,,,,,137.41957874437674
661,63.36145160419156,65.65844033915585,66.97103231103111,134.042926668205,134.45187754779226,134.45187754779226,137.46432472160225,,,,,137.99500211964056
660,63.29283155662759,65.62347373205428,66.3483404376711,131.9760156179768,134.1094443851634,134.1094443851634,136.39332721637533,,,,,138.15431993466194
654,62.926107972503715,64.96424915192605,66.14038006291115,130.95220603666286,137.02599401612028,137.02599401612028,137.0269725677327,,,,,138.38294121377152
672,63.9532636544951,66.76882839577169,67.9225010716835,135.12075904500577,137.36407777434206,137.36407777434206,137.75096009657904,,,,,138.72002926525158
669,63.85449737705495,66.3483404376711,67.6488806867792,134.84621631537235,136.45072782961523,136.45072782961523,138.3117655409074,,,,,138.97156100898945
675,64.06631246835447,67.05589952005683,68.25366567856278,137.66341298713806,138.40064692272452,138.40064692272452,139.45674196726736,,,,,140.03827504233797
674,64.01489331963018,66.97103231103111,67.94444565639077,135.83715976050277,139.2255597940091,139.2255597940091,139.96697390934304,,,,,140.6585754913606
682,64.6818843174598,67.72143647724613,68.80010250034698,139.4379216384092,139.60083403918966,139.60083403918966,140.14988753938204,,,,,140.96983807110254
679,64.36918664624558,67.5249658923604,68.35999781715871,138.40064692272452,139.2967966013872,139.2967966013872,140.97727456177256,,,,,141.67125458442658
680,64.4785195457342,67.57339530958585,68.21549078502461,137.36407777434206,139.8109038473849,139.8109038473849,141.07850367529562,,,,,141.68816557082846
676,64.08387762820078,67.32139899949672,68.08462616657327,137.02599401612028,137.66341298713806,137.66341298713806,140.90292785817343,,,,,141.88559537764095
653,62.884280801183024,64.82643964888943,65.98647734644628,130.8366237644716,134.45823860494076,134.45823860494076,135.5940272294439,,,135.5940272294439,142.38805654058353,142.38805654058353
684,64.97286452497129,67.94444565639077,69.0261675913961,140.54707199854414,140.93995014481143,140.93995014481143,141.60149305095405,,,,,142.4040932015286
686,65.35913333372936,68.08462616657327,68.97362557315422,140.08464704639226,140.54707199854414,140.54707199854414,141.39457433421362,,,,,142.57735766846946
687,65.44697759526436,68.21549078502461,68.98064282573098,140.3486195925385,141.14029563217727,141.14029563217727,141.39147795282918,,,,,142.65289540779597
690,65.83312721296258,68.51054519839516,69.35342876439039,140.93995014481143,141.2981361452725,141.2981361452725,141.4557788498356,,,,,142.73745830393838
698,66.20815684567071,69.0261675913961,69.68728458579328,141.566209675587,141.5994796759832,141.5994796759832,141.9887757758308,,,,,142.8386718022251
677,64.18074666044296,67.45377379763896,68.51054519839516,139.2255597940091,139.4379216384092,139.4379216384092,142.26143303494374,,,,,142.8470764526177
691,65.88558056256488,68.74296986672188,69.58571016749575,141.2981361452725,141.566209675587,141.566209675587,142.2779404111946,,,,,142.9100083292476
673,63.95505374166581,66.86728350937744,67.72143647724613,134.9032546815592,140.43539806953532,140.43539806953532,142.10940584517456,,,,,143.53152855474687
685,65.1602602542592,68.05253702106201,68.98686195447895,140.43539806953532,140.6770046882625,140.6770046882625,142.30911428967022,,,,,143.69548359289564
688,65.67643484969132,68.25366567856278,68.90142559778074,139.8109038473849,140.3486195925385,140.3486195925385,140.6603852036713,,,,,143.9012135268774
697,66.08439669508755,68.98686195447895,69.57083820651044,141.14029563217727,142.319195065644,142.319195065644,143.12937299870194,,,,,144.13004511459627
689,65.71279018590813,68.35999781715871,69.34868206832238,140.6770046882625,142.66684556656298,142.66684556656298,143.50705863800295,,,,,144.64353215928946
681,64.50730073566754,67.6488806867792,68.74296986672188,139.2967966013872,143.4792776977489,143.4792776977489,143.7054061585869,,,,,144.94835227927098
692,65.956529373058,68.80010250034698,69.85579638229704,142.66684556656298,144.14473699012524,144.14473699012524,144.5267877301171,,,,,145.08367977204847
695,66.05100242737056,68.97362557315422,69.88103231864646,142.77918265298476,144.45343583780502,144.45343583780502,144.51426535255723,,,,,145.22088275197765
693,65.9627016744238,68.83915532910626,69.83128953022594,142.319195065644,144.40816352995873,144.40816352995873,144.66985784627397,,,,,145.24658870752057
707,66.84209439139255,69.88103231864646,70.29784279813136,143.50201909062673,143.94308363411108,143.94308363411108,144.5638069992978,,,,,145.93439864413108
706,66.70781481635457,69.85579638229704,70.73754006429132,144.45343583780502,145.093268396899,145.093268396899,145.2495947994374,,,,,146.01585714987516
678,64.2932459454427,67.47659610256059,68.05253702106201,136.45072782961523,140.08464704639226,140.08464704639226,140.7533575207698,,,140.7533575207698,146.11695221018894,146.11695221018894
705,66.55247553589615,69.83128953022594,70.63447424603767,144.40816352995873,144.8187995707428,144.8187995707428,145.21579448322862,,,,,146.3463479137418
710,66.87967596622825,70.29784279813136,71.32202005348374,145.4091827881746,145.46941153391177,145.46941153391177,146.16891320588806,,,,,146.7937761469323
703,66.51534922234802,69.68728458579328,70.79162084866734,144.8187995707428,145.4091827881746,145.4091827881746,146.26804392773786,,,,,146.97468594342055
702,66.47189923591148,69.58571016749575,70.79848168584009,145.093268396899,145.4601238036928,145.4601238036928,146.31888459442249,,,,,146.98550952230005
683,64.72481418380798,67.9225010716835,68.83915532910626,139.60083403918966,143.50201909062673,143.50201909062673,146.39119641463756,,,,,147.34681942597632
713,67.26230761704524,70.63447424603767,71.58490002644744,146.37330905814255,147.31676073308708,147.31676073308708,147.47928471580008,,,,,147.9973680709568
708,66.8570065676561,69.98601156866202,70.96716937609214,145.18020507924925,145.2645405912926,145.2645405912926,147.48224489937505,,,,,148.0155583530554
711,67.03741548560382,70.47005832828764,71.46787861179371,145.46941153391177,146.61619902172453,146.61619902172453,147.0166337765308,,,,,148.52775316863944
699,66.24767577924186,69.34868206832238,70.571147611791,144.14473699012524,147.45869494073213,147.45869494073213,148.04185045869212,,,,,148.9480063314894
709,66.8619767012579,70.05720263640838,71.37696251812511,145.4601238036928,145.66188543141095,145.66188543141095,146.93000450824186,,,,,148.9965952770813
712,67.1315709018584,70.571147611791,71.4684553437124,145.66188543141095,146.37330905814255,146.37330905814255,147.25993173120926,,,,,149.00907188435514
704,66.5434966476223,69.72337562111215,71.05022678279319,145.2645405912926,147.7652358372831,147.7652358372831,148.07341957424373,,,,,149.04136385604633
700,66.26295355404132,69.35342876439039,70.05720263640838,143.5007144848137,147.79840940653798,147.79840940653798,148.47530888349468,,,,,149.50136517024498
696,66.080385517479,68.98064282573098,69.72337562111215,141.5994796759832,142.77918265298476,142.77918265298476,143.06473993251865,,,143.06473993251865,149.75918526995466,149.75918526995466
694,65.9796621173769,68.90142559778074,69.98601156866202,143.4792776977489,143.5007144848137,143.5007144848137,144.25076090795002,,,144.25076090795002,149.96516647557326,149.96516647557326
701,66.34452980462412,69.57083820651044,70.47005832828764,143.94308363411108,145.18020507924925,145.18020507924925,145.82999909176598,,,145.82999909176598,150.39539244635714,150.39539244635714
718,67.81898976183912,71.05022678279319,72.45403263641992,147.80965662162413,149.91092087312907,149.91092087312907,150.2200747239377,,,,,150.95928283078803
714,67.28919496660684,70.73754006429132,71.92181151519294,147.45869494073213,150.01148160134767,150.01148160134767,150.5505100061712,,,,,151.2582282898004
720,67.838534627909,71.37696251812511,72.56639588287702,149.91092087312907,150.39496367756593,150.39496367756593,150.61372938319957,,,,,151.2689232636386
717,67.74632920106677,70.96716937609214,72.01592412221507,147.7652358372831,149.45067212758738,149.45067212758738,151.12600570385263,,,,,151.677257511705
723,68.30441718885275,71.58490002644744,72.74236213948392,150.39496367756593,150.82786618557586,150.82786618557586,150.8461185949494,,,,,152.11039975677744
719,67.82236920018366,71.32202005348374,72.48127619415577,147.93593646715928,150.85090149989577,150.85090149989577,151.04500730507775,,,,,152.15130053621763
716,67.65293794217817,70.79848168584009,71.85554781777157,146.61619902172453,147.93593646715928,147.93593646715928,151.6301126074538,,,,,152.17052550104705
715,67.31615956125576,70.79162084866734,71.88777522819834,147.31676073308708,147.80965662162413,147.80965662162413,152.3802489089274,,,,,152.93928216543253
721,67.97248306169308,71.46787861179371,72.52617740665852,149.45067212758738,151.02836126472053,151.02836126472053,152.15498001832214,,,,,153.13729364246353
727,68.67389879153025,72.01592412221507,73.09909470929482,151.00787316634964,151.1063859737029,151.1063859737029,151.96805174366983,,,,,153.2137013909097
730,68.79610843851937,72.48127619415577,73.59253047378367,151.35494070653306,151.9599102139556,151.9599102139556,152.32070995471986,,,,,153.2390204598704
736,69.50816366895654,73.06373855887239,74.14043124487415,152.30976757867344,152.35601297273524,152.35601297273524,152.65680292925924,,,,,153.33692114795136
726,68.57152806892736,71.92181151519294,73.06373855887239,150.85090149989577,151.00787316634964,151.00787316634964,152.86297289496693,,,,,153.55136224380584
724,68.51658825899487,71.85554781777157,72.7166886888649,150.01148160134767,151.84709628600322,151.84709628600322,152.65429958207753,,,,,153.64862958705086
731,68.88703662811409,72.52617740665852,73.48631612840727,151.028810572272,153.20134201601286,153.20134201601286,153.2362466610344,,,,,153.93340060210548
733,69.13565746856362,72.7166886888649,73.56648576798678,151.1063859737029,151.5463523554124,151.5463523554124,152.79232473586057,,,,,153.9432271103809
728,68.69757482211978,72.4019110053317,73.6327982000687,151.5463523554124,151.98700746589287,151.98700746589287,153.44192260010524,,,,,153.97288575586037
725,68.52970717039395,71.88777522819834,72.80305350090843,150.82786618557586,151.35494070653306,151.35494070653306,153.3430724431353,,,,,153.9809753402984
739,70.0162688803377,73.48631612840727,74.11243372868316,152.0338978578582,152.75480601115535,152.75480601115535,153.01830512810002,,,,,154.07595625801633
732,69.05051123682622,72.56639588287702,73.71108120525173,151.84709628600322,152.30976757867344,152.30976757867344,153.90731573375044,,,,,154.85371048079926
741,70.07290280152615,73.59253047378367,74.67069019255193,152.9339430781612,154.57207790788735,154.57207790788735,154.9256179444162,,,,,155.47558911283033
740,70.05798218069867,73.56648576798678,74.86405885027175,154.5958991751359,154.62733869344567,154.62733869344567,155.09439388808326,,,,,155.6893307571114
738,69.9463113432741,73.19413612491644,74.22176988179984,152.35601297273524,154.89890543403746,154.89890543403746,155.03547724306193,,,,,155.77621747948666
734,69.23221616183066,72.74236213948392,73.78573745198872,151.98700746589287,154.1717400599225,154.1717400599225,155.12591069924434,,,,,155.9503824579249
722,68.15648744754454,71.4684553437124,72.4019110053317,147.79840940653798,151.028810572272,151.028810572272,153.9683215985591,,,,,155.951005354164
742,70.11642403829232,73.6327982000687,74.74027279776493,153.20134201601286,154.72731611993677,154.72731611993677,155.77626957843628,,,,,156.4115193379715
746,70.58563164368151,74.11243372868316,74.8290010748212,154.57207790788735,154.5958991751359,154.5958991751359,155.6005283178584,,,,,156.61402254916402
748,70.6646982937173,74.22176988179984,75.07565233803443,154.89890543403746,155.11458545581365,155.11458545581365,155.91668925499178,,,,,156.7352469945965
729,68.75607720620907,72.45403263641992,73.19413612491644,151.02836126472053,152.0338978578582,152.0338978578582,152.32894547065348,,,152.32894547065348,156.92059578706903,156.92059578706903
754,71.10199207663521,74.86405885027175,75.57001358252599,155.2840791578621,155.38198706935847,155.38198706935847,156.0986000479533,,,,,156.95349081278044
751,70.95862797588893,74.74027279776493,75.63898643883437,155.45960873223987,155.88973313447403,155.88973313447403,156.0084552606837,,,,,157.0072288020877
747,70.65316543406351,74.14043124487415,75.26693361713602,154.9579612544881,155.98653809066442,155.98653809066442,155.98924523575553,,,,,157.01075312758528
745,70.47639706281882,73.78573745198872,75.00540346460413,154.7273971814226,154.9579612544881,154.9579612544881,156.16370473879354,,,,,157.67885242092342
752,70.97674692877402,74.78920364287143,75.31814107708838,155.11458545581365,155.45960873223987,155.45960873223987,157.01855862338448,,,,,157.76359435905613
744,70.38269861125093,73.71215749173638,74.78920364287143,154.1717400599225,156.63965453057443,156.63965453057443,157.053666743073,,,,,157.99334233975574
749,70.72406968951148,74.23482871707061,74.88874502921799,154.72731611993677,155.2840791578621,155.2840791578621,155.86863559878137,,,,,158.20741056309637
735,69.2369901046451,72.80305350090843,73.71215749173638,151.9599102139556,152.9339430781612,152.9339430781612,157.6374468908747,,,,,158.52732331572872
757,71.20342689908804,75.00540346460413,75.75232959605637,155.98653809066442,157.70322079865628,157.70322079865628,157.81721949502918,,,,,158.78008559356198
750,70.75774007683331,74.67069019255193,75.70266133352915,155.88973313447403,156.0498050689401,156.0498050689401,156.75615426119606,,,,,158.9418937809364
755,71.17332166567672,74.87639028839583,75.77448633089013,156.0498050689401,157.0498982174875,157.0498982174875,158.67110074267882,,,,,159.18958728649963
743,70.2931214489798,73.71108120525173,74.87639028839583,154.62733869344567,157.43601741891737,157.43601741891737,158.00491612635452,,,,,159.5272061837292
753,71.09906131911787,74.8290010748212,75.635733093468,155.38198706935847,157.99046259060003,157.99046259060003,158.65466457934912,,,,,159.54729482271463
763,72.00805700651524,75.63898643883437,76.19241138319256,157.43601741891737,157.99570139867123,157.99570139867123,158.55410751794386,,,,,159.71327446149112
761,71.88733827454283,75.57001358252599,76.73295540298432,158.0237336167025,158.0720050818001,158.0720050818001,159.14602740478026,,,,,159.7957139962465
759,71.81710030018138,75.26693361713602,76.08866197237738,157.0498982174875,158.16188082279342,158.16188082279342,159.2611936311183,,,,,159.9267053468519
769,72.6155944903803,76.19241138319256,77.1165218718176,159.00176814695945,159.36834589349047,159.36834589349047,159.39407263413867,,,,,159.9449097788588
765,72.32477552323022,75.75232959605637,76.92312283675767,158.81520916937723,158.82855072911258,158.82855072911258,159.2563437876508,,,,,160.13557661016893
768,72.48922959139446,76.08866197237738,76.80802004822236,158.0720050818001,158.09102310221647,158.09102310221647,159.57715624391938,,,,,160.3866922094083
756,71.187387688924,74.88874502921799,75.80097172635521,156.63965453057443,159.76251292183673,159.76251292183673,159.88114616676592,,,,,160.4598086589768
737,69.69518594911332,73.09909470929482,74.23482871707061,152.75480601115535,154.7273971814226,154.7273971814226,156.79116152797093,,,156.79116152797093,160.8614743449629,160.8614743449629
760,71.8216646492874,75.31814107708838,76.53925069163975,157.99570139867123,158.81520916937723,158.81520916937723,159.71469217137488,,,,,161.06824234720878
766,72.35882316939295,75.77448633089013,76.82022183380454,158.09102310221647,159.81812722169212,159.81812722169212,160.58629580716973,,,,,161.23169069473292
773,73.33851641098278,76.73295540298432,77.48407933799926,159.76251292183673,160.5228905844829,160.5228905844829,160.57898061543563,,,,,161.38098494342898
777,73.60849520463832,76.92312283675767,77.68181486849062,159.9518516636965,160.70948243632256,160.70948243632256,160.92593097232898,,,,,161.5254364140198
764,72.24360436831837,75.70266133352915,77.09910454513556,158.82855072911258,160.57442948858906,160.57442948858906,161.18995621831624,,,,,161.95458966442618
758,71.4015228218043,75.07565233803443,76.53114840457549,157.99046259060003,159.00176814695945,159.00176814695945,161.1130944017864,,,,,162.02826075155707
775,73.60608495957474,76.82022183380454,78.11167848615874,160.76775770278286,160.90564873766291,160.90564873766291,161.5352009764176,,,,,162.09256681752285
762,71.90612249755955,75.635733093468,76.38734715029784,157.70322079865628,158.0237336167025,158.0237336167025,161.54608834060375,,,,,162.10122694049372
770,72.97436913750342,76.38734715029784,77.18917965726457,159.36834589349047,160.38749831308112,160.38749831308112,161.60182854155033,,,,,162.75318372036728
767,72.38550645573977,75.80097172635521,76.87066211101246,158.16188082279342,159.9518516636965,159.9518516636965,160.9159557556036,,,,,162.75722120720636
778,73.62037516393231,77.09910454513556,78.05582091200213,160.70948243632256,161.76967780570567,161.76967780570567,162.2368772697906,,,,,163.20607635604208
772,73.28939455720884,76.53925069163975,77.69799828208852,160.38749831308112,160.76775770278286,160.76775770278286,162.768358800537,,,,,163.50990928427433
784,74.02507483113355,77.69799828208852,78.5842738146829,161.76967780570567,162.46244943385923,162.46244943385923,163.01786170389664,,,,,163.78636810410768
779,73.68688256900445,77.1165218718176,78.19918364831017,160.90564873766291,162.50818548497273,162.50818548497273,163.5557179348276,,,,,164.05834041871765
774,73.41943271002062,76.80802004822236,77.80003662175034,160.5228905844829,160.79569163472303,160.79569163472303,162.24310175681876,,,,,164.06732555225537
776,73.6066369314892,76.87066211101246,78.01559464341537,160.57442948858906,162.7671038254986,162.7671038254986,163.25525103358854,,,,,164.08282890129342
789,74.23217702931431,78.14130469481154,79.2060151344882,163.23995217905772,163.43414090100873,163.43414090100873,163.56556756137027,,,,,164.14458039129644
790,74.27884065066226,78.19918364831017,78.8141488196029,162.7671038254986,162.83346634117692,162.83346634117692,163.60304652239816,,,,,164.42102876963204
780,73.75151631557725,77.18917965726457,78.14130469481154,160.79569163472303,161.19612510656114,161.19612510656114,162.61211370496864,,,,,164.6370691351894
787,74.065507907786,78.05582091200213,79.09665063360008,162.89906281348775,163.37862907710706,163.37862907710706,163.40463400664203,,,,,164.68880838681406
782,73.96347857258507,77.67725734309997,78.61777473889687,162.46244943385923,162.89906281348775,162.89906281348775,163.50931530048527,,,,,164.7940457096094
791,74.35065187160333,78.31899175515088,79.31385224740997,163.37862907710706,164.24511794238828,164.24511794238828,164.3673773576389,,,,,164.8781457331013
786,74.05451606107364,78.01559464341537,78.92064502133385,162.83346634117692,162.99482263787345,162.99482263787345,163.44882509563072,,,,,165.2070914667561
798,74.81059569795708,79.09665063360008,79.90799125156514,164.24511794238828,164.27403206987955,164.27403206987955,164.27570720128375,,,,,165.20713134869413
781,73.77539946137428,77.48407933799926,78.31899175515088,161.19612510656114,164.3267769529152,164.3267769529152,164.720949629459,,,,,165.31478169800207
771,72.99942695384563,76.53114840457549,77.67725734309997,159.81812722169212,162.71431786337564,162.71431786337564,164.3197784060892,,,,,165.60556527483618
788,74.20837522066363,78.11167848615874,79.16218919677831,162.99482263787345,163.74703534940275,163.74703534940275,164.5724521488978,,,,,165.66245699986382
785,74.05409808859976,77.80003662175034,78.6395800024516,162.50818548497273,163.23995217905772,163.23995217905772,163.83885575331885,,,,,166.00394939458934
794,74.55671483543456,78.6395800024516,79.40258128418277,163.43414090100873,163.90828450314612,163.90828450314612,165.63730756168184,,,,,166.17426790828213
793,74.49462097893681,78.61777473889687,79.57777247305884,163.74703534940275,164.2437955629323,164.2437955629323,165.5152952669596,,,,,166.31825721216265
796,74.73331105396949,78.8141488196029,79.62773739493448,163.90828450314612,164.45935838266612,164.45935838266612,165.6364132836186,,,,,166.48805195229275
792,74.3822261164192,78.5842738146829,79.74728922824961,164.2437955629323,165.1044782595221,165.1044782595221,166.8496480716336,,,,,167.82257459683112
799,74.8378583549982,79.16218919677831,80.07336020776052,164.3267769529152,166.54680787806137,166.54680787806137,167.34211876569663,,,,,167.86472074147548
795,74.68160177721508,78.77584506660754,79.46391344352719,163.557502140068,166.31823662087547,166.31823662087547,167.14848381723345,,,,,168.12480823878727
802,75.19638564281787,79.40258128418277,80.29819466271657,166.31823662087547,166.6918700136398,166.6918700136398,167.45021764190003,,,,,168.26639023829833
804,75.75134912493769,79.57777247305884,80.38008457261863,166.54680787806137,167.18295019517205,167.18295019517205,167.55360828538423,,,,,168.29581866858368
803,75.31099247283234,79.46391344352719,80.40016195087908,166.5871002164498,167.71826802307163,167.71826802307163,167.78498182758204,,,,,168.3144058475767
801,75.11428061725935,79.31385224740997,80.17252067569777,165.1044782595221,166.5871002164498,166.5871002164498,168.18784147026497,,,,,169.01115760543323
783,74.01174961487011,77.68181486849062,78.77584506660754,162.71431786337564,163.557502140068,163.557502140068,168.45081199026225,,,,,169.3505993368537
806,75.99143940520399,79.74728922824961,80.91364353992782,167.57886023415023,167.61607307791982,167.61607307791982,168.37804527122148,,,,,169.5086789136278
812,76.51816471379928,80.29819466271657,81.42019014169085,168.18786036354925,168.23066940918508,168.23066940918508,168.26579511250137,,,,,169.5319099755918
805,75.888062009641,79.62773739493448,80.63319254925315,166.62977896379704,168.2968705396659,168.2968705396659,169.10826793867164,,,,,169.9764529717423
813,76.54984111189721,80.38008457261863,81.51419024760747,168.2968705396659,168.73917070619882,168.73917070619882,168.93670541290916,,,,,170.1482247355126
815,76.75695096728637,80.63319254925315,81.48646970580168,168.23066940918508,168.78178538794447,168.78178538794447,168.81344834303655,,,,,170.1558371752545
810,76.3523551524938,80.13553202527068,80.95165858290405,167.61607307791982,168.71389413152565,168.71389413152565,169.9074996722757,,,,,170.58956521253128
797,74.74818295281165,78.92064502133385,80.13553202527068,164.45935838266612,167.57886023415023,167.57886023415023,167.88640088148176,,,,,170.76886104539622
800,75.06956103684301,79.2060151344882,80.0671296602441,164.27403206987955,166.62977896379704,166.62977896379704,170.0755475471432,,,,,170.9295564773669
809,76.29932287896537,80.07336020776052,80.80356297791458,166.6918700136398,168.15931612815385,168.15931612815385,170.3891770036615,,,,,170.9368517291841
807,76.0114955759737,79.90799125156514,80.83665570192501,167.18295019517205,168.17669713767506,168.17669713767506,170.17827160066076,,,,,171.58036461866067
819,77.29326106747156,80.95165858290405,81.8070285606082,168.73917070619882,169.95721478924594,169.95721478924594,170.28032258541378,,,,,171.65381255955262
818,77.08922499117013,80.91364353992782,82.0221509913515,169.04546579539883,171.0972693835584,171.0972693835584,171.20171399648086,,,,,171.74405774832073
808,76.05950931499075,80.0671296602441,80.96363574821824,167.71826802307163,170.8719864766404,170.8719864766404,171.1342362538065,,,,,171.85573536292807
817,77.07366352192403,80.83665570192501,81.94935219116175,168.78178538794447,169.04546579539883,169.04546579539883,170.95202872675696,,,,,171.91795545653335
821,77.45459107557073,81.04087698876376,82.05552191818241,169.95721478924594,170.0243922514896,170.0243922514896,171.22337421742216,,,,,171.98709691292908
823,77.66379798168136,81.42019014169085,82.33979753681258,170.8719864766404,171.01551825375674,171.01551825375674,171.42384248807346,,,,,172.00298515658392
811,76.40356256276496,80.17252067569777,81.04087698876376,168.15931612815385,170.73983085141782,170.73983085141782,170.80538765436228,,,,,172.36993714932623
814,76.69046177907431,80.40016195087908,81.2754819562587,168.17669713767506,168.18786036354925,168.18786036354925,170.5770408408978,,,,,172.446260686036
825,77.86560824596592,81.51419024760747,82.41380665746706,171.0972693835584,171.42573723422595,171.42573723422595,171.92343956892745,,,,,172.4588118071065
828,78.71491043372399,81.94935219116175,82.9794130574323,171.42573723422595,171.69493093918484,171.69493093918484,171.98961101140208,,,,,172.86601686905536
832,79.03734882575668,82.09850092535677,83.07138432342632,171.69493093918484,171.93187663971025,171.93187663971025,172.31825729033272,,,,,172.94462946741197
827,78.57926521991791,81.8070285606082,82.9378427112188,171.3046518294319,172.56893029307548,172.56893029307548,172.5851826581071,,,,,173.66732286070132
829,78.78292768739466,82.0221509913515,82.86686416831365,171.15998784342446,171.3046518294319,171.3046518294319,172.32733795367713,,,,,173.8122348204521
822,77.47115644325463,81.2754819562587,82.27830854328325,170.73983085141782,171.8770653825666,171.8770653825666,172.21070144284678,,,,,173.9499545479859
816,76.90128276101393,80.80356297791458,81.70071060568615,168.71389413152565,173.66556390237545,173.66556390237545,173.9129058584983,,,,,174.47840365839923
836,79.33488794799204,82.41380665746706,83.34590295355918,173.76675641216073,173.9571626264195,173.9571626264195,174.27085876689776,,,,,174.85298931991798
824,77.72884768645814,81.48646970580168,82.09850092535677,170.44760580973025,173.76675641216073,173.76675641216073,174.1953254262951,,,,,174.94090947701082
820,77.37163787973635,80.96363574821824,82.06232372880116,170.0243922514896,170.44760580973025,170.44760580973025,173.8707678123716,,,,,175.085223818065
826,78.26455148476646,81.70071060568615,82.41354727485636,171.01551825375674,171.15998784342446,171.15998784342446,174.67279142299506,,,,,175.35563720547216
833,79.09596638056101,82.27830854328325,83.07887234280315,171.8770653825666,173.8475874727117,173.8475874727117,174.4371687699806,,,,,175.7287032750962
839,79.61005207324722,82.9794130574323,83.90369300034192,174.1487977066302,174.7289183918537,174.7289183918537,175.2429073527442,,,,,175.9304753614931
835,79.2021358145384,82.41354727485636,83.580782435336,173.8475874727117,174.1487977066302,174.1487977066302,175.62995853491302,,,,,176.65740557285113
830,78.91307779432756,82.05552191818241,83.3244696117159,173.66556390237545,176.07027707962743,176.07027707962743,176.32508622929575,,,,,176.99095254556397
842,79.66396556740516,83.09277728793796,84.12510347476031,175.73464914588882,175.83278886324365,175.83278886324365,176.15605512675893,,,,,177.04350146615164
837,79.546035600273,82.86686416831365,83.83081339955069,173.9571626264195,175.09109762384128,175.09109762384128,176.3396060522885,,,,,177.16007634495105
840,79.65392380384375,83.07138432342632,84.14100322691284,175.83278886324365,176.12784063388446,176.12784063388446,177.29741252846054,,,,,177.82509109747696
841,79.65699016279702,83.07887234280315,84.46965095789045,176.12784063388446,176.6750203802707,176.6750203802707,177.47687745127578,,,,,178.2531811773768
847,79.85939169560541,83.83081339955069,84.84347192329804,176.6750203802707,176.8979185134196,176.8979185134196,177.82573433191817,,,,,178.70121638389648
846,79.84234539533209,83.580782435336,84.52479133891872,176.50898162742544,176.91201344815474,176.91201344815474,176.98114953292918,,,,,178.87421218951997
850,79.9487724087435,83.94329047150325,85.26537834792641,177.96778608994038,178.45528054767564,178.45528054767564,178.71195165304627,,,,,179.22685074977596
852,80.09755764614769,84.12510347476031,85.08441274898193,176.8979185134196,177.8617139247252,177.8617139247252,178.29219542095294,,,,,179.31818863228875
849,79.90681356040224,83.92076427244952,85.24121194511952,177.8617139247252,178.42558871854328,178.42558871854328,178.551037467952,,,,,179.51231285898487
844,79.73240317251548,83.3244696117159,84.18229708856511,176.07027707962743,176.50898162742544,176.50898162742544,178.59873064503623,,,,,179.955026270252
838,79.55514545634682,82.9378427112188,83.92076427244952,174.7289183918537,177.96778608994038,177.96778608994038,179.51932575941933,,,,,180.08857515046833
853,80.12871851900849,84.14100322691284,85.17504735381291,177.78444012797013,178.5845934403205,178.5845934403205,179.75557529930867,,,,,180.45346709098655
859,80.89584154369349,85.11649902584756,86.26741408941507,179.71852926992008,179.72153522967656,179.72153522967656,179.80788898997213,,,,,180.74438725578125
855,80.20603088656392,84.46965095789045,85.37082545934685,178.42558871854328,179.10052431768443,179.10052431768443,179.29529774164334,,,,,180.94268012191193
865,81.11043937684047,85.37082545934685,86.31229091523059,180.04205926897149,180.11079560888473,180.11079560888473,180.11844283282798,,,,,181.08873680569369
856,80.4718355339279,84.52479133891872,85.49388619430684,178.45528054767564,179.3497464625231,179.3497464625231,179.81657450531046,,,,,181.11000247517796
851,79.98970619932722,83.95939505335362,85.11649902584756,176.91201344815474,177.41520781170854,177.41520781170854,178.86365540043832,,,,,181.12527252266614
831,78.91898326281513,82.06232372880116,83.13990412116833,172.56893029307548,174.9415217076056,174.9415217076056,176.2389868750765,,,176.2389868750765,181.62174697913397,181.62174697913397
834,79.20112764116519,82.33979753681258,83.09277728793796,171.93187663971025,177.9979687313941,177.9979687313941,180.72636796886047,,,,,181.76751544229657
848,79.88848382613715,83.90369300034192,85.34730993665418,177.9979687313941,180.45455940661506,180.45455940661506,180.61892175449913,,,,,181.8610492481629
875,82.07521226078188,86.44239980121549,87.21105109390456,180.9694778724039,181.00208350752945,181.00208350752945,181.33830935148228,,,,,182.03038525178653
843,79.68460358496439,83.13990412116833,83.94329047150325,174.9415217076056,175.73464914588882,175.73464914588882,176.07967093363033,,,176.07967093363033,182.19743214419552,182.19743214419552
861,80.92836017162858,85.17504735381291,86.24169654130066,179.55983120077136,179.71852926992008,179.71852926992008,179.79568749663477,,,,,182.19895197807384
854,80.15243531672233,84.18229708856511,85.17280873911098,177.41520781170854,177.78444012797013,177.78444012797013,179.65168965555984,,,,,182.37548223920115
862,80.96147895509246,85.24121194511952,86.44239980121549,180.18514747190133,180.46872304300646,180.46872304300646,181.51440950442137,,,,,182.53771297224858
866,81.11172565611253,85.49388619430684,86.29691112408148,179.72153522967656,180.04205926897149,180.04205926897149,181.8860040274316,,,,,182.92928604123648
869,81.38449328140125,86.24012920170082,87.1051454441088,180.71571530137084,181.62323372308933,181.62323372308933,181.7610225136123,,,,,182.98420918711463
867,81.13770981740866,85.58328734275862,86.5401085569828,180.45455940661506,180.71571530137084,180.71571530137084,181.12720030105677,,,,,183.11243182067818
858,80.56132986968942,85.08441274898193,86.03738586234317,179.10052431768443,180.18514747190133,180.18514747190133,182.17526530020066,,,,,183.16132532561073
860,80.89592737484037,85.17280873911098,86.24012920170082,179.3497464625231,181.58327041023207,181.58327041023207,182.22740644952452,,,,,183.2683678441031
857,80.4761141707947,84.84347192329804,85.58328734275862,178.5845934403205,179.55983120077136,179.55983120077136,181.67529874742124,,,,,183.3992941361591
871,81.78360756011966,86.26741408941507,87.30713389798967,181.62323372308933,181.97763653707042,181.97763653707042,182.87607669213347,,,,,183.47131052848553
868,81.24730830684027,86.03738586234317,87.20117918916547,180.9338551605677,182.9676959851926,182.9676959851926,183.28041965987236,,,,,183.88923319126587
863,81.00100092941281,85.26537834792641,86.87587445321986,180.46872304300646,182.15519090998208,182.15519090998208,183.55483587286463,,,,,184.1040798204302
845,79.75546740933274,83.34590295355918,83.95939505335362,175.09109762384128,180.9338551605677,180.9338551605677,182.224391954812,,,,,184.15913448722142
881,82.96574314533336,87.22583118371823,87.93570517575074,183.1666762635872,183.2012252331594,183.2012252331594,183.21907483186567,,,,,184.40437690945936
872,81.85953379994004,86.29691112408148,87.22583118371823,181.00208350752945,183.5738662445741,183.5738662445741,184.0534556114144,,,,,184.7288079650692
878,82.58375711653342,87.1051454441088,88.17656484171395,183.5738662445741,184.20798437948534,184.20798437948534,184.29350946443486,,,,,184.8088155727945
874,81.93661150994981,86.37632937842766,87.33945904183292,181.97763653707042,183.54742692146837,183.54742692146837,183.68859433357204,,,,,185.00987924724214
877,82.56842835487033,86.87587445321986,87.83868400189482,183.11265919275192,183.1666762635872,183.1666762635872,184.3048146805551,,,,,185.19979680837207
873,81.91352905772838,86.31229091523059,87.53524406452709,182.9676959851926,183.11265919275192,183.11265919275192,183.95740024695294,,,,,185.24278095394428
864,81.076433416491,85.34730993665418,86.37632937842766,180.11079560888473,180.9694778724039,180.9694778724039,184.5809087520728,,,,,185.36382415805645
883,83.0945173543023,87.30713389798967,88.14473198162199,183.54742692146837,184.8984661527523,184.8984661527523,185.58025917252914,,,,,186.08106503057428
876,82.30833337928159,86.5401085569828,87.42412628422144,182.15519090998208,184.6636512402675,184.6636512402675,185.50013144090957,,,,,186.17430294622054
884,83.38010426448321,87.33945904183292,88.1216106833474,183.2012252331594,184.25276954531793,184.25276954531793,185.5690331964581,,,,,186.30030092923036
882,83.03293366824404,87.2765910867081,88.75762726295181,184.8984661527523,185.15289860703268,185.15289860703268,185.81532111837046,,,,,186.32962461082042
870,81.62444997141819,86.24169654130066,87.2765910867081,181.58327041023207,185.0399815939332,185.0399815939332,185.59371651222312,,,,,186.55631282991774
886,83.46973425599938,87.53524406452709,88.58238654256077,184.6636512402675,185.671441831592,185.671441831592,186.03708590422738,,,,,186.77138086100712
890,83.81538728718215,88.14473198162199,88.84335639328818,185.0399815939332,185.92853954760162,185.92853954760162,186.05380579490838,,,,,186.93990805069643
887,83.47603838747897,87.83868400189482,88.97531457094716,185.18953084536028,185.9088966260504,185.9088966260504,186.40567013418118,,,,,187.02645618597768
879,82.63405822950475,87.20117918916547,88.29325251464161,184.20798437948534,184.29308425943202,184.29308425943202,186.35133298764165,,,,,187.08286891800813
895,83.97943403194598,88.58238654256077,89.82244303572327,186.2985787858134,186.51435029152262,186.51435029152262,186.57957074121177,,,,,187.3041224541105
888,83.67755440882381,87.93570517575074,89.21320252335562,185.9088966260504,186.02793789244555,186.02793789244555,186.5827614691832,,,,,187.61841379447068
880,82.73999063508239,87.21105109390456,88.36080886027172,184.25276954531793,185.18953084536028,185.18953084536028,185.79669454798068,,,,,187.627295974794
891,83.87385003694396,88.17656484171395,89.09894272146634,185.60622193936305,185.89736854887477,185.89736854887477,186.68708928636954,,,,,187.75345285798602
894,83.96531566504774,88.53678677699216,89.69816625091504,186.1497146966471,186.2985787858134,186.2985787858134,187.32929827974948,,,,,187.94661450421793
896,84.02024186141267,88.75762726295181,89.66228735852681,186.02793789244555,186.1497146966471,186.1497146966471,187.54184097409225,,,,,188.0564828141823
885,83.42421258215025,87.42412628422144,88.53678677699216,184.29308425943202,185.60622193936305,185.60622193936305,187.38583924757305,,,,,188.58323568810482
901,84.44588134726436,89.1973747694695,89.96365079102522,186.71913091267027,187.60906246395948,187.60906246395948,187.6533063890669,,,,,188.62643635209236
897,84.22095465302525,88.84335639328818,89.45777429228745,185.92853954760162,187.22576510568524,187.22576510568524,188.04341927228205,,,,,188.69301838104803
903,84.5354526077046,89.21320252335562,90.33016157833208,187.60906246395948,188.02643576920735,188.02643576920735,188.06856220791767,,,,,188.8314330005136
893,83.89747513924517,88.36080886027172,89.20058487397398,185.89736854887477,186.71913091267027,186.71913091267027,188.424249055766,,,,,189.028809514663
905,84.8963981611346,89.66228735852681,90.46966250930285,187.92508200114196,188.255952640848,188.255952640848,188.63864244318168,,,,,189.21785955874356
892,83.88477008772122,88.29325251464161,88.96116056490496,185.15289860703268,187.92508200114196,187.92508200114196,188.01711504473863,,,,,189.68616139389962
910,85.73307193936633,90.01967885846072,90.61213378430558,188.255952640848,188.8226699051474,188.8226699051474,189.23303315787405,,,,,189.74759358944053
908,85.6428325994778,89.94676987592769,90.96020756234344,188.71064460904248,189.52636675271245,189.52636675271245,189.53932298558016,,,,,190.05647838818732
899,84.32015671790505,88.97531457094716,90.03718689090435,187.22576510568524,188.71064460904248,188.71064460904248,189.12153107448634,,,,,190.07503390639093
904,84.66799220471408,89.45777429228745,90.53063033589892,188.23542980474585,189.98616153508053,189.98616153508053,189.9870068947176,,,,,190.58629815234974
915,86.68262638640576,90.53063033589892,91.04250487532464,189.23993514484422,189.9418389522167,189.9418389522167,190.02782580173033,,,,,190.9420776240967
902,84.46044968809699,89.20058487397398,89.94676987592769,186.51435029152262,186.8529608614395,186.8529608614395,188.85081609263602,,,,,191.03237442411032
913,86.2424492072224,90.46966250930285,91.51711715869867,189.98616153508053,190.0790545360884,190.0790545360884,190.59062838151422,,,,,191.178540387992
909,85.6985982118609,89.96365079102522,90.68958734845032,188.4818890763525,189.23993514484422,189.23993514484422,189.54314640865633,,,,,191.26606994099473
906,85.03954396804563,89.69816625091504,90.63310177966456,188.42198474578237,188.4818890763525,188.4818890763525,189.06291874116354,,,,,191.34516152233007
900,84.4428496788263,89.09894272146634,90.48212880371374,188.02643576920735,188.23542980474585,188.23542980474585,189.0539256074908,,,,,191.40408539315095
911,85.79857455314117,90.03718689090435,91.00389542340157,188.8226699051474,189.1316762495671,189.1316762495671,190.3100573892124,,,,,191.4580816935669
907,85.58361180964712,89.82244303572327,91.01142956099461,189.1316762495671,190.2240447733262,190.2240447733262,190.95631427237663,,,,,191.70753835187278
912,86.21664277911086,90.33016157833208,91.10426827135593,189.52636675271245,189.87269966996848,189.87269966996848,191.28643660085058,,,,,191.8292879274899
898,84.2870762821687,88.96116056490496,90.01967885846072,186.8529608614395,188.42198474578237,188.42198474578237,188.99475795538285,,,,,192.5659060992942
918,86.82374833186358,90.68958734845032,91.40694964027745,189.9418389522167,191.08667412417122,191.08667412417122,192.184314331433,,,,,192.8324031950072
921,87.79017041876556,91.01142956099461,91.98018027640326,191.08667412417122,191.95347525649882,191.95347525649882,192.172460189733,,,,,192.97974243208347
923,87.94806154664182,91.10426827135593,92.25184738784095,191.95347525649882,192.14476883242818,192.14476883242818,192.8868551546073,,,,,193.48664892776284
914,86.50822859059808,90.48212880371374,91.3125713511055,189.87269966996848,191.29449152234739,191.29449152234739,192.85470320090778,,,,,193.65605379679508
928,88.20794449211577,91.87322674235712,92.83938533862248,192.55049454425279,192.90641452989007,192.90641452989007,193.0938487279718,,,,,193.93703363236975
931,88.50976200736434,92.13270412331536,93.19302744363557,193.2712090017305,193.58037464516755,193.58037464516755,193.58078560612728,,,,,194.20905452386216
920,87.42042608443688,91.00389542340157,92.13270412331536,191.52082387768561,191.52888681072508,191.52888681072508,193.10649142918092,,,,,194.36232796700432
889,83.80401272773824,88.1216106833474,89.1973747694695,185.671441831592,192.55049454425279,192.55049454425279,193.77732072305764,,,,,194.59207144553687
917,86.77893433060608,90.63310177966456,91.87322674235712,190.2240447733262,191.52082387768561,191.52082387768561,193.9626428829679,,,,,194.72520798784137
925,88.03526817334838,91.40694964027745,92.32787885674443,192.2858380117984,194.52780673677677,194.52780673677677,194.6760568570962,,,,,195.4267058909662
919,87.121667369275,90.96020756234344,92.1431041071899,191.52888681072508,193.2712090017305,193.2712090017305,195.09372354599316,,,,,195.728750973121
937,88.97788951172973,92.61977975051497,93.48838443990408,194.6940599322416,194.72777544174534,194.72777544174534,195.1473248395017,,,,,195.77408193915264
930,88.4272650360108,92.03141492553563,93.36531084781811,194.52780673677677,194.68299304322912,194.68299304322912,195.10418861405321,,,,,195.91776303656366
939,89.13518216858344,92.89092064953249,93.93538728137936,194.80179395706458,195.05233958949526,195.1473248395017,195.47477337592036,,,,,195.99622561730536
936,88.9766745352937,92.44286452013128,93.51837690157112,194.72777544174534,194.90604536239934,195.09372354599316,195.22607752399216,,,,,196.01242177041127
924,87.96254311134557,91.3125713511055,92.03141492553563,191.29449152234739,192.49552664010335,192.49552664010335,195.21059643447478,,,,,196.0532478210595
941,89.26630780936291,93.2221385389449,94.16597287501706,194.9749208839494,195.0617461803974,195.2026529524143,195.2064551118374,,,,,196.2232597548881
933,88.63647405955693,92.25184738784095,93.3246583739769,193.78801596803424,195.4956528652023,195.4956528652023,195.72257474673836,,,,,196.22625442775652
938,89.11251064843836,92.83938533862248,93.69105102954772,194.75919854289484,194.9749208839494,195.10418861405321,195.42189528086695,,,,,196.38674684379208
932,88.51821080239407,92.1431041071899,92.89092064953249,192.90641452989007,193.78801596803424,193.78801596803424,195.2026529524143,,,,,196.41736966912825
927,88.07092920453002,91.59281848861761,92.61977975051497,192.49552664010335,195.5777763328202,195.5777763328202,195.8933313407322,,,,,196.45032322887585
935,88.70260628806199,92.32787885674443,93.37644270226625,194.58143175421577,194.6940599322416,194.6940599322416,195.02405474282543,,,,,196.54444145602258
922,87.92958301862909,91.04250487532464,92.2742576201855,192.14476883242818,192.29638329362533,192.29638329362533,195.83300512341424,,,,,196.72170324433176
940,89.19977658318169,93.19302744363557,94.11421324773437,194.90604536239934,195.5407195533983,195.5407195533983,196.3264885926525,,,,,196.85111637634856
916,86.71776011516805,90.61213378430558,91.59281848861761,190.0790545360884,192.2858380117984,192.2858380117984,196.41554835890975,,,,,197.08598509632634
945,89.81669065673049,93.45160359654605,94.5461298192962,195.5777763328202,196.2459332955361,196.2459332955361,196.75268744051587,,,,,197.58630881660545
947,90.02452716713248,93.51837690157112,94.53879581228367,195.5407195533983,195.95764498775648,195.95764498775648,196.45895557180145,,,,,197.82011854865638
926,88.04272437238644,91.51711715869867,92.44286452013128,192.29638329362533,194.80179395706458,195.02405474282543,195.21591166617952,,,,,197.97947967931412
934,88.68881289982116,92.2742576201855,93.45160359654605,194.68299304322912,194.75919854289484,194.75919854289484,196.40909083963007,,,,,198.11620146440072
946,89.87064015607977,93.48838443990408,94.49957897674618,195.4956528652023,196.93848319537747,196.93848319537747,197.69072736451602,,,,,198.43705049494727
948,90.35961849599137,93.69105102954772,94.59224581511263,195.95764498775648,196.9392231738809,196.9392231738809,197.0668631562785,,,,,198.64711444232535
942,89.44954265806005,93.3246583739769,94.3185776138846,195.05233958949526,196.6397427935464,196.6397427935464,197.8011695113841,,,,,198.65113434024
943,89.66285707616856,93.36531084781811,94.6432430446128,196.2459332955361,196.6992619604733,196.6992619604733,198.34098279628068,,,,,198.92720905967988
950,90.57771101777944,94.11421324773437,95.2400021367812,196.93848319537747,197.2320390277509,197.2320390277509,198.06388052897628,,,,,199.06693139703572
955,90.93190298650445,94.53879581228367,95.47119811625744,197.14822619853453,198.4067190124262,198.4067190124262,198.54323645094166,,,,,199.09172077164806
952,90.61112580932455,94.3185776138846,95.18824891874219,196.73135195564538,196.96273408409215,196.96273408409215,197.9567450386136,,,,,199.0936301510733
949,90.40230277289845,93.93538728137936,94.93412543919517,196.6992619604733,197.14822619853453,197.14822619853453,198.51474713889144,,,,,199.29511904456652
956,91.17573848979211,94.5461298192962,95.70587577819774,197.61322463004225,198.6003428998709,198.6003428998709,198.9252459856849,,,,,199.45124394023856
960,91.6816776113759,94.93412543919517,95.6186052680597,197.2320390277509,197.58953715656224,197.58953715656224,198.88120161848124,,,,,199.48807222822225
965,91.86774890290408,95.47119811625744,96.57194516476059,198.60544324114915,198.839312912317,198.88120161848124,199.34084257102742,,,,,199.91469475460767
951,90.59966722581771,94.16597287501706,94.80998815363525,196.6397427935464,196.73135195564538,196.73135195564538,197.0740092651366,,,,,200.28281858140767
968,92.52313428724267,95.70587577819774,96.79966304340705,198.839312912317,199.79403975103835,199.79403975103835,199.82340537876217,,,,,200.34722046734447
957,91.28744146859547,94.59224581511263,95.9753494069573,198.4067190124262,198.66883147895726,198.66883147895726,199.173163355481,,,,,200.57603209859928
966,91.88293448278138,95.6186052680597,96.39681918249701,198.5094523515511,199.4970999413904,199.4970999413904,199.92987542705708,,,,,200.67384342571935
944,89.69111846230551,93.37644270226625,94.36822536120812,195.0617461803974,197.97987367547302,197.97987367547302,199.88756466986595,,,,,200.75488728188188
964,91.85949066218511,95.46215079308715,96.50074825146326,198.6005673866585,199.71712806191996,199.71712806191996,200.10817218870122,,,,,200.77189224888025
929,88.31569450895879,91.98018027640326,93.2221385389449,193.58037464516755,194.58143175421577,194.58143175421577,200.53328315710382,,,,,201.07289054388477
967,92.28564465262004,95.6993707383892,96.8641308133217,199.4970999413904,200.28285897680482,200.28285897680482,200.47283729005267,,,,,201.32203081394027
970,92.82480304008966,95.95609866835537,96.98134131916368,199.79403975103835,200.03613619256583,200.03613619256583,200.82114698365595,,,,,201.54795451163903
959,91.56150950128308,94.80998815363525,95.6993707383892,197.58953715656224,198.6005673866585,198.6005673866585,200.90885514216893,,,,,201.68486982529873
954,90.91842653542649,94.49957897674618,95.46215079308715,196.96273408409215,197.61322463004225,197.61322463004225,201.2325652103114,,,,,201.76623596860077
963,91.78378652897055,95.38553026589247,96.62471959860247,198.66883147895726,200.73017518246994,200.73017518246994,201.1195569882598,,,,,201.82692379093302
961,91.72223424291508,95.18824891874219,95.954046475864,197.6500665558576,200.70644508752903,200.70644508752903,201.3588435660321,,,,,202.3629088078812
976,93.19983896132582,96.62471959860247,97.42905171643531,200.48710654959325,201.16288201878487,201.16288201878487,203.15498844919605,,,,,203.78690114380672
974,93.10151973613844,96.50074825146326,97.61742966812169,200.73017518246994,202.18965357086745,202.18965357086745,202.21616767629718,,,,,203.88308322020166
953,90.80565433513753,94.36822536120812,95.38553026589247,196.9392231738809,197.6500665558576,197.6500665558576,198.54754957383287,,,198.54754957383287,203.95254393280447,203.95254393280447
973,93.08382857181539,96.46827924154125,97.74323285696923,202.18965357086745,203.30351152363878,203.30351152363878,203.49043602828354,,,,,204.09131630892645
958,91.33393683109917,94.6432430446128,95.95609866835537,197.97987367547302,198.5094523515511,198.5094523515511,198.75172691954418,,,198.75172691954418,204.18060284451568,204.18060284451568
984,94.09237239406674,97.47506253967258,98.22330210197727,202.93288160004587,203.13684201077706,203.13684201077706,203.84847600918522,,,,,204.4695840741237
972,92.97032806311566,96.39681918249701,97.36445298898794,200.28285897680482,201.7601148430843,201.7601148430843,203.83049892161281,,,,,204.51288313977773
962,91.76397120299909,95.2400021367812,96.46827924154125,198.6003428998709,198.60544324114915,198.60544324114915,199.02114182012943,,,199.02114182012943,204.70968482307757,204.70968482307757
982,93.95120969148135,97.36445298898794,98.37862206301344,203.30351152363878,204.01057696809448,204.01057696809448,204.270196165842,,,,,205.00788131443917
980,93.61710574174687,96.98134131916368,97.73882586963563,201.7601148430843,203.58795080311882,203.58795080311882,204.67629837731243,,,,,205.2252935556044
975,93.1782106102835,96.57194516476059,97.47506253967258,200.70644508752903,204.0983122918543,204.0983122918543,204.27263309533947,,,,,205.28142732537364
969,92.57236579950298,95.954046475864,96.90441280751847,199.71712806191996,200.48710654959325,200.48710654959325,203.61861480129855,,,,,205.2990917977205
989,94.25997047679549,97.7833078957012,98.77935603714302,204.2265990504397,204.51671234111296,204.51671234111296,204.95010873782152,,,,,205.5052900578999
981,93.86662649570408,97.03427813225305,97.7833078957012,202.8826513939952,202.93288160004587,202.93288160004587,205.16797056883965,,,,,205.75343336335493
971,92.94693183320878,95.9753494069573,97.03427813225305,200.03613619256583,202.91695373733245,202.91695373733245,204.78811578154654,,,,,206.05707027272376
995,95.0751880140255,98.53280256205015,99.2259818615235,204.51926111700502,204.61293115458855,204.70968482307757,204.76254793713895,,,,,206.0767421098475
983,94.0902861171044,97.42905171643531,98.71846690582863,204.0983122918543,204.20173358821475,204.20173358821475,205.50549109070303,,,,,206.22533636315595
992,94.45271292993449,98.22929635747704,99.35872860627559,205.0841869802896,205.28032855363736,205.28032855363736,205.75330494128173,,,,,206.3647445526144
994,94.94929931120552,98.52979519061054,99.18813194344021,204.51671234111296,205.80232196385217,205.80232196385217,205.9686553264749,,,,,206.59775450967143
993,94.77757990196382,98.37862206301344,99.5272299696719,205.25578687541343,205.55443354210513,205.55443354210513,205.98848614610264,,,,,206.6831600081017
985,94.13713686358923,97.61742966812169,98.52979519061054,203.58795080311882,204.007874142331,204.007874142331,206.56607708344964,,,,,207.13569003748438
979,93.58378963428588,96.90441280751847,98.05847450662515,202.91695373733245,203.61930625016507,203.61930625016507,205.51152817316392,,,,,207.36580806031867
1005,96.66628918576531,99.35872860627559,100.11050733575534,205.88570160167828,206.0716340970532,206.0716340970532,206.81702848283328,,,,,207.38353909740323
987,94.22955692082587,97.73882586963563,98.55553533207605,204.007874142331,205.8508150988038,205.8508150988038,206.4601986088859,,,,,207.48204450450547
977,93.37586376379824,96.79966304340705,97.70598659088351,201.16288201878487,202.8826513939952,202.8826513939952,206.64200826000095,,,,,207.54901109547046
1001,96.49931156444657,99.18813194344021,100.30167561469875,206.45921792981304,206.69496837295048,206.7115265422805,207.15519323651424,,,,,207.66301608694044
990,94.27295009074534,98.05847450662515,98.72800827673132,204.20173358821475,204.7471976857561,204.76254793713895,206.74657480651686,,,,,207.78559579286286
1006,96.72762735627667,99.5272299696719,100.48432346902013,206.69496837295048,206.78218487298713,206.78218487298713,207.11638773594873,,,,,207.80999021266558
1003,96.59306055464454,99.30937816617158,100.42680000059693,206.55797816756558,206.86928607958302,206.86928607958302,207.449644950568,,,,,208.36439772535573
998,96.15558163699384,98.71846690582863,99.88290809721691,205.8508150988038,206.50528818675178,206.56607708344964,207.52166683776247,,,,,208.54484193970973
1000,96.30719352855418,98.77935603714302,99.87226610994588,205.80232196385217,207.59813405565598,207.59813405565598,208.0573875352355,,,,,208.59909457953572
991,94.42840478006737,98.22330210197727,99.33041327411253,204.7471976857561,206.9335260907479,207.11638773594873,207.78751665379588,,,,,208.5994301420921
1004,96.62340071553976,99.33041327411253,100.24738557287503,206.0716340970532,206.45921792981304,206.4601986088859,206.7115265422805,,,,,208.68466353777555
997,96.11864821842269,98.58855215443961,99.30937816617158,204.61293115458855,205.25578687541343,205.25578687541343,207.57722625209806,,,,,208.8782978587298
1008,96.78610999992604,99.82892299805462,100.8039081605531,206.78218487298713,207.47147837109134,207.47147837109134,208.39656872861778,,,,,209.29845626109022
1007,96.77547829688308,99.72071619043984,101.10642241827946,207.47147837109134,207.89818465994452,207.89818465994452,208.43100181279877,,,,,209.390233722189
1002,96.53702254844471,99.2259818615235,100.31758379751065,206.50528818675178,206.55797816756558,206.64200826000095,207.97050819329826,,,,,209.40837031356367
996,96.0586396599444,98.55553533207605,99.82892299805462,205.55443354210513,208.75428860428704,208.75428860428704,208.7780838722738,,,,,209.6512209507514
978,93.55989453726737,96.8641308133217,98.22929635747704,203.13684201077706,204.2265990504397,204.270196165842,207.84968152414504,,,,,209.6846387430489
1016,97.30729970018011,100.48432346902013,101.51846642172639,208.4844448625342,208.78729820558615,208.78729820558615,209.01195795958404,,,,,209.75234033596016
1015,97.15417767740404,100.42680000059693,101.40088511156122,207.79943091159615,208.4844448625342,208.4844448625342,209.0412071166729,,,,,209.92146217034963
988,94.24504904495856,97.74323285696923,98.53280256205015,203.61930625016507,204.51926111700502,204.67629837731243,204.78133133638744,,,204.78133133638744,210.2977322601142,210.2977322601142
1014,97.08029212762168,100.31758379751065,100.96296611151433,207.37858763673015,208.51715978359323,208.51715978359323,209.41933713271976,,,,,210.3129845351584
986,94.20250710418155,97.70598659088351,98.58855215443961,204.01057696809448,205.0841869802896,205.0841869802896,206.1280808368933,,,206.1280808368933,210.39554379459335,210.39554379459335
1009,96.80425982051204,99.87226610994588,100.87737021345468,206.86928607958302,207.77649586203248,207.77649586203248,210.07308790111773,,,,,210.73940209406481
1011,96.88628163357424,100.11050733575534,101.16571325868267,207.59813405565598,207.79943091159615,207.79943091159615,209.48110165834993,,,,,210.79091426459001
999,96.25552197884996,98.72800827673132,99.72071619043984,205.28032855363736,205.88570160167828,205.9686553264749,208.0407706149469,,,208.0407706149469,211.39676706407565,211.39676706407565
1021,97.97474798786571,101.10642241827946,102.10122733523436,209.3148910308347,210.57947708592894,210.57947708592894,210.96010454983863,,,,,211.55261640011187
1020,97.75962169063334,100.96296611151433,102.10047864556424,208.78729820558615,210.00514542617552,210.00514542617552,211.1089900777688,,,,,211.82417405436777
1022,98.02277160826203,101.16571325868267,102.02237908183702,208.75428860428704,209.3148910308347,209.3148910308347,210.95469149513775,,,,,211.87674714845986
1025,98.41916367074772,101.44137004259217,102.55577309434943,210.4941088362744,210.9436001745293,210.9436001745293,211.44145749530304,,,,,211.9999500770224
1026,98.46337961561159,101.51846642172639,102.59452958833793,210.9436001745293,211.21284103071267,211.21284103071267,211.5289791989176,,,,,212.1648827624309
1023,98.18347537180394,101.22664567827344,102.33922723533044,209.92412968735883,211.064676991374,211.064676991374,211.4486855593998,,,,,212.25460355951486
1017,97.37937880958069,100.8039081605531,101.65794495024541,208.74822789146776,210.4941088362744,210.4941088362744,211.2698725717857,,,,,212.27600489240118
1024,98.19472339270594,101.40088511156122,102.4282423602238,210.00514542617552,211.2153634293685,211.2153634293685,211.7929263725517,,,,,212.6518149858361
1010,96.86222386057949,99.88290809721691,100.94720311770769,206.9335260907479,207.37858763673015,207.37858763673015,207.48776409110442,,,207.48776409110442,212.9318497027144,212.9318497027144
1027,98.48395321655359,101.52232433371414,102.63835667016819,211.064676991374,212.13471882999463,212.13471882999463,212.1851455399695,,,,,213.23463089410177
1028,98.49196460347326,101.65794495024541,102.58402074775489,210.57947708592894,212.17049300302207,212.17049300302207,212.25775210718004,,,,,213.27621226380464
1019,97.70650570783734,100.94720311770769,101.52232433371414,208.51715978359323,208.74822789146776,208.74822789146776,213.41027425624867,,,,,214.02127770186533
1031,98.65130608292006,102.10122733523436,102.97795232041992,211.21284103071267,211.58019963014982,211.58019963014982,213.06257136730846,,,,,214.04640591751667
1030,98.64344065646078,102.10047864556424,103.0566394991579,211.2153634293685,211.85936718490296,211.85936718490296,212.10818377239337,,,,,214.0763973023376
1033,98.72411381560111,102.33922723533044,103.10772277913503,211.58019963014982,211.87229002694383,211.87229002694383,213.5839051331014,,,,,214.21183492358173
1036,98.8136348099933,102.58402074775489,103.38417180908877,212.13471882999463,212.1673254423211,212.1673254423211,213.6285707379944,,,,,214.23500604547056
1012,96.94613262305576,100.24738557287503,101.22664567827344,207.77649586203248,209.92412968735883,209.92412968735883,211.9994798220121,,,,,214.46598927924362
1029,98.50359184644216,102.02237908183702,103.36518612891683,211.87229002694383,213.1925529973069,213.1925529973069,214.0133110167239,,,,,214.51585410625606
1046,99.94869356520893,103.43468859944963,104.07723227284086,213.56876423385003,213.97692257607258,213.97692257607258,214.39158093572956,,,,,215.37129964692895
1032,98.65808777679976,102.10351517401068,103.22353039666436,211.85936718490296,213.0547388777968,213.0547388777968,213.66639406039275,,,,,215.4111924403219
1038,98.99775916755507,102.63835667016819,103.94959444028316,213.1925529973069,213.56876423385003,213.56876423385003,213.60505763663681,,,,,215.44509315645837
1035,98.78923238419472,102.55577309434943,103.4553381911379,213.0547388777968,213.3643119310842,213.3643119310842,214.99791194107408,,,,,215.50144331324637
1013,96.95368327725848,100.30167561469875,101.44137004259217,207.89818465994452,209.5905665862899,209.5905665862899,210.75355401329227,,,210.75355401329227,215.7646908772833,215.7646908772833
1039,99.04047302477953,102.97795232041992,104.07591420789028,213.3643119310842,214.28250225770662,214.28250225770662,215.32849310344648,,,,,216.33102808903172
1034,98.73164244767098,102.4282423602238,103.40840278536687,212.1673254423211,215.39632293585237,215.39632293585237,215.46307944814424,,,,,216.4992198215938
1037,98.90340943072127,102.59452958833793,103.43468859944963,212.17049300302207,215.16009336320752,215.16009336320752,216.23421515226713,,,,,216.9281458022981
1047,100.18830097710128,103.4553381911379,104.4891852990976,215.77149856189573,216.29173601234334,216.29173601234334,216.39682554733437,,,,,216.94296047964252
1042,99.17482074358904,103.22353039666436,104.20251099018043,215.16009336320752,215.86351144396153,215.86351144396153,216.15174468807461,,,,,217.3919205136142
1018,97.49874390078878,100.87737021345468,102.10351517401068,209.5905665862899,215.77149856189573,215.77149856189573,216.49761437001894,,,,,217.44275065528296
1051,100.49938470272303,104.13348957308219,104.97860253347768,216.0763092795528,216.88527432851464,216.88527432851464,217.4967099058342,,,,,218.21027253793025
1052,100.54855200980731,104.15517072611182,105.49267331260653,216.88527432851464,217.57092863901428,217.57092863901428,218.06861379331437,,,,,218.5762770611764
1045,99.92657566606023,103.40840278536687,104.52667453153322,215.86351144396153,216.45457566645072,216.45457566645072,217.3536715656238,,,,,218.59922776281448
1048,100.2103978330673,103.94959444028316,105.04082597226,216.45457566645072,217.22037068823565,217.22037068823565,218.26815570268576,,,,,218.8216152476554
1061,102.2595512890946,105.04082597226,105.92103932513686,217.76798322869612,217.95063987663667,217.95063987663667,217.9819489885909,,,,,218.92702518144475
1043,99.69619594760823,103.36518612891683,104.24862742900925,215.341668240854,216.32584234639074,216.32584234639074,217.05371923393628,,,,,218.94384681956788
1053,100.87537968778248,104.20251099018043,105.18263869070424,216.58389183364034,217.9312898677701,217.9312898677701,218.3269669562051,,,,,218.94578575397867
1050,100.45556812206026,104.07723227284086,104.98694181540684,216.32584234639074,216.71816914383092,216.71816914383092,217.8208730267649,,,,,219.0337782032353
1044,99.92198869310947,103.38417180908877,104.37295757923246,215.39632293585237,216.0763092795528,216.0763092795528,217.98081285953515,,,,,219.11482347656914
1041,99.08309245599487,103.10772277913503,104.15517072611182,214.28250225770662,215.341668240854,215.341668240854,218.77233665749682,,,,,219.36429804536613
1060,102.2060117462663,104.98694181540684,105.77144502694588,217.22037068823565,217.76798322869612,217.76798322869612,218.7166562987971,,,,,219.41993192078695
1049,100.26125744455298,104.07591420789028,104.98183400806681,216.29173601234334,217.14672237007744,217.14672237007744,218.56977454199105,,,,,219.42630759000278
1063,102.68186102593823,105.21677821711413,105.92626808719184,217.9312898677701,218.45718512003083,218.45718512003083,218.99801534486866,,,,,219.5255762643907
1062,102.33974621352058,105.18263869070424,106.06183558942429,218.40175228030768,218.81247851964795,218.81247851964795,219.1676774979783,,,,,219.89858944123569
1066,103.22214928545462,105.53945043407033,106.38441790658162,218.4881756590403,219.0454925693358,219.0454925693358,219.35382420489103,,,,,220.16165999009968
1057,101.29522136383649,104.52667453153322,105.85555159470768,217.57092863901428,218.4881756590403,218.4881756590403,219.7311185650642,,,,,220.49136643643433
1068,103.34384682787265,105.85555159470768,106.78613732383302,219.0454925693358,219.34483322423952,219.34483322423952,220.11799642011428,,,,,220.72547789742933
1058,101.3030964601077,104.97860253347768,106.20931706325318,218.45718512003083,218.8814480019621,218.8814480019621,219.83990586521287,,,,,220.7449139398921
1065,103.01157965580143,105.49267331260653,106.47768974952041,218.81247851964795,219.13289145338737,219.13289145338737,219.2414751143186,,,,,220.79086027568158
1074,103.82632926908794,106.38441790658162,107.29330357410224,220.15556721143216,220.31884551319638,220.31884551319638,220.42494752401933,,,,,220.9938867794135
1040,99.067023479386,103.0566394991579,104.13348957308219,213.97692257607258,216.58389183364034,216.58389183364034,218.5666265100955,,,,,221.24897803157688
1073,103.80097977608187,106.20931706325318,106.93208559494897,219.5949094303567,220.75868624482655,220.75868624482655,220.80684245885945,,,,,221.4259444782363
1071,103.62155262979739,105.9374756994126,107.03333930637525,219.6857728322759,220.27817880776905,220.27817880776905,220.595381922122,,,,,221.42737071864767
1056,101.02843969787305,104.4891852990976,105.46694593616132,216.75479542058517,219.6857728322759,219.6857728322759,220.78374527890185,,,,,221.57974274740167
1064,102.96637740556157,105.46694593616132,106.56948630033808,218.8814480019621,219.5821761272951,219.5821761272951,219.6239954087234,,,,,221.67022686842927
1054,100.91717606610574,104.24862742900925,105.21677821711413,216.71816914383092,216.75479542058517,216.75479542058517,217.02792875696346,,,217.02792875696346,222.0963760361987,222.0963760361987
1078,104.14355588125599,106.80690133613895,107.96277752037173,220.84144793829287,220.9605400323589,220.9605400323589,220.99578870620243,,,,,222.44202482373345
1082,104.38688508354916,106.93208559494897,107.84443599285422,220.7177258694282,221.2208943516311,221.2208943516311,221.38934458916847,,,,,222.4987547148167
1059,101.5777760289254,104.98183400806681,105.9374756994126,217.95063987663667,218.40175228030768,218.40175228030768,221.9981228800186,,,,,222.61944469692398
1069,103.39091397419726,105.92103932513686,106.80690133613895,219.13289145338737,220.15556721143216,220.15556721143216,222.0789846063538,,,,,222.92491194252008
1067,103.23187767894407,105.77144502694588,106.90069384675779,219.4758940935345,221.34744938079362,221.38934458916847,222.2769525217786,,,,,223.03058420867043
1055,100.97689792634748,104.37295757923246,105.53945043407033,217.14672237007744,219.4758940935345,219.4758940935345,222.60475105728784,,,,,223.11413401977927
1087,104.55817775980964,107.79990213102678,108.73719578240436,222.038528665025,222.10629165185117,222.2924516780373,222.59456624298602,,,,,223.17610039273325
1077,104.10572577867055,106.78613732383302,107.5882680960594,220.31884551319638,221.31833410650017,221.31833410650017,222.33093513564444,,,,,223.17908546524473
1070,103.50527720753836,105.92626808719184,106.90994394456112,219.5821761272951,220.5956539998507,220.5956539998507,222.2924516780373,,,,,223.31025777255525
1091,105.08774155735797,107.97907184747021,108.83611495334992,222.10629165185117,222.1845247614028,222.33093513564444,223.23434010002939,,,,,223.74437048391164
1080,104.30850928992726,106.90069384675779,107.79990213102678,220.5956539998507,220.7177258694282,220.7177258694282,222.97624380405597,,,,,223.8613596018226
1083,104.40090056426301,107.03333930637525,108.09643598784935,221.31833410650017,221.46430340325068,221.9981228800186,223.33115128155939,,,,,223.87915186036724
1072,103.66755640371514,106.06183558942429,106.86994965885668,219.34483322423952,219.5949094303567,219.5949094303567,223.27903203275844,,,,,223.89564273358988
1088,104.76129618707355,107.84443599285422,109.01856662560294,222.1845247614028,222.21057300144759,222.59456624298602,222.62864492072256,,,,,223.94386861871803
1084,104.44555264066766,107.29330357410224,108.00702876662268,221.2208943516311,221.65250798403497,222.0789846063538,223.36332374787227,,,,,223.9451603301718
1086,104.50420415436656,107.5882680960594,108.71033455711728,222.03551860091991,222.416086376153,222.60475105728784,223.09470066456555,,,,,223.95268992603692
1081,104.30929409136226,106.90994394456112,108.09842369701146,221.34744938079362,222.03551860091991,222.0963760361987,223.48432240060689,,,,,224.1216457504867
1093,105.37974425631245,108.09643598784935,109.06354272718212,222.416086376153,222.98208536363794,223.23434010002939,223.34382806247197,,,,,224.16909813295476
1076,104.03604734993816,106.56948630033808,107.45764770712168,220.27817880776905,220.84144793829287,220.84144793829287,223.47627329356564,,,,,224.25610563918818
1092,105.16479754952698,108.00702876662268,109.31605375753036,222.6163764499789,223.27814305281711,223.33115128155939,223.74634198148902,,,,,224.33082831363134
1089,104.76156341146752,107.84886652748641,108.63329911659106,221.65250798403497,222.48501873913708,222.62864492072256,223.5409525719041,,,,,224.73937403679957
1079,104.21931228708654,106.86994965885668,107.97907184747021,220.9605400323589,222.6163764499789,222.97624380405597,224.0329057956917,,,,,224.78961744719098
1085,104.4650446430706,107.45764770712168,108.28630976357545,221.46430340325068,222.038528665025,222.2769525217786,224.1601717027192,,,,,224.91886767653523
1090,105.05155424210975,107.96277752037173,109.02076491901954,222.21057300144759,223.3886489827335,223.3886489827335,224.4708839335871,,,,,225.03722300338498
1094,105.43002421875413,108.09842369701146,109.24986513386354,222.48501873913708,223.1864401812677,223.27903203275844,223.4080142433841,,,,,225.2014167413073
1102,106.28352344378028,109.06354272718212,110.1361835142145,224.09517156915703,224.45015746132927,224.45015746132927,224.54340204314843,,,,,225.38990236019137
1095,105.43300432903894,108.28630976357545,109.54010110369333,222.90027628227827,224.09517156915703,224.09517156915703,225.07266483728742,,,,,225.94037807818285
1096,105.55349520012061,108.63329911659106,109.66851780145332,223.1864401812677,225.21804609467307,225.21804609467307,225.39679270989302,,,,,225.95782821328686
1103,106.3475611275606,109.24986513386354,110.42723221125821,224.40975629040267,224.60327344418522,224.60327344418522,225.64480680867118,,,,,226.18404649638143
1100,106.25832623060016,109.01856662560294,110.0908961069279,224.08540116954467,225.18639258116082,225.18639258116082,225.3879767620934,,,,,226.3186952092886
1111,106.97609178608937,110.1361835142145,110.9299154152457,225.18639258116082,225.4502172493415,225.4502172493415,226.04030531467475,,,,,226.57239914501076
1097,105.57023822902035,108.71033455711728,109.69372821872604,223.27814305281711,224.40083895164284,224.40083895164284,225.95688655954513,,,,,226.89314003949687
1104,106.52613685422132,109.31605375753036,110.6411409066777,224.66513172349346,225.55114229235238,225.64480680867118,226.44837468049548,,,,,226.94879639329298
1098,105.57521022360541,108.73719578240436,109.89793516993163,223.3886489827335,224.66513172349346,224.66513172349346,225.87116846600452,,,,,227.04410741262296
1101,106.26697280095192,109.02076491901954,110.5930817071962,224.60327344418522,225.88594639564545,225.88594639564545,226.70939202439425,,,,,227.20939329383694
1107,106.6830226709646,109.66851780145332,110.58652084830483,224.45015746132927,224.73146902391008,224.73146902391008,226.09274715014695,,,,,227.63172103031835
1109,106.8197478183227,109.89793516993163,111.00892373750713,225.21804609467307,225.250147143024,225.3879767620934,227.03373105744367,,,,,227.68207949660393
1114,107.34858447299729,110.58652084830483,111.32039327336025,225.55114229235238,226.17767483662868,226.17767483662868,226.27645553304282,,,,,227.7349476966905
1106,106.59121560373042,109.55778642077678,110.81468965245398,224.73146902391008,225.14923097090013,225.14923097090013,227.04415562344062,,,,,227.95600865708522
1115,107.37400799870848,110.5930817071962,111.58959443039736,225.89992500699668,226.69598569159618,226.69598569159618,227.59327733905374,,,,,228.36156111841734
1113,107.25554048346444,110.42723221125821,111.24779746456012,225.4502172493415,227.74203093863568,227.74203093863568,227.7515559277638,,,,,228.3828601292723
1108,106.80779709032679,109.69372821872604,110.87729151736355,225.14923097090013,227.65956573331633,227.65956573331633,227.76125647309317,,,,,228.4267613138159
1099,105.57577205398617,108.83611495334992,109.55778642077678,222.98208536363794,224.08540116954467,224.08540116954467,224.39507700949716,,,224.39507700949716,228.97331072052114,228.97331072052114
1116,107.5080883312512,110.6411409066777,111.72813178047238,226.17767483662868,227.48790394535263,227.48790394535263,228.1915622644652,,,,,229.67483130722383
1118,107.66490415273691,110.87729151736355,112.2461174319984,227.74203093863568,228.1789610417824,228.1789610417824,228.72637832945077,,,,,229.7734344181127
1121,108.02516460843944,111.01518296283012,112.27452247385997,228.1789610417824,228.54776920253835,228.54776920253835,228.82534190512962,,,,,230.10763675024938
1075,103.92149180686894,106.47768974952041,107.84886652748641,220.75868624482655,222.90027628227827,223.09470066456555,223.52321239999225,,,223.52321239999225,230.2650088939211,230.2650088939211
1117,107.58987537604955,110.81468965245398,111.78713180906685,226.69598569159618,228.21425919517034,228.21425919517034,229.25612998175885,,,,,230.35666342919035
1125,108.46948252673707,111.58959443039736,112.65823796988089,228.54776920253835,229.9113818624781,229.9113818624781,230.25871528030723,,,,,230.83965663636184
1105,106.584203165081,109.54010110369333,110.24701579270646,224.40083895164284,224.40975629040267,224.40975629040267,224.7172216051496,,,224.7172216051496,231.7663196320541,231.7663196320541
1122,108.22559714376436,111.24779746456012,112.3506430451284,228.21425919517034,229.5285670427242,229.5285670427242,230.85936204010517,,,,,231.93295923439118
1126,108.62159644796156,111.72813178047238,112.77104852882125,229.59002780588497,229.81358219841326,229.81358219841326,231.2360951788463,,,,,231.9801396261142
1128,108.80765359566546,111.94769745252336,112.8656130223189,229.70514796046282,230.61211210973266,230.61211210973266,231.39424959658587,,,,,232.07846788393127
1131,109.14580318102706,112.2461174319984,112.9220106711882,229.81358219841326,230.51223750584668,230.51223750584668,231.15200352106015,,,,,232.1089413506974
1112,107.07643586995623,110.24701579270646,111.3648344621381,225.88594639564545,225.89992500699668,225.95688655954513,226.92392161682073,,,226.92392161682073,232.2907432408477,232.2907432408477
1130,109.05414303714068,112.1955122087744,113.42621325434067,230.61211210973266,231.4627031378399,231.4627031378399,231.59038669952287,,,,,232.91814365434794
1119,107.67420067870258,110.9299154152457,111.94769745252336,226.72295011434142,229.04706710512397,229.04706710512397,230.76804261639754,,,,,233.09147932269377
1142,110.50218169663944,113.42621325434067,114.27940916454108,232.54767803760532,232.74763952625926,232.74763952625926,232.7787422739733,,,,,233.67925552399478
1132,109.24106476262277,112.27452247385997,113.31821327205988,229.9113818624781,232.47345840418154,232.47345840418154,232.74556156618343,,,,,233.6955500296474
1129,108.8337389670699,112.16236216255251,113.3575936952896,230.51223750584668,232.39629906235575,232.39629906235575,232.99033925113937,,,,,233.7041125041597
1135,109.54786088202847,112.65939057014322,113.81788465798563,232.38144196460496,232.7748225277123,232.7748225277123,233.0008834692736,,,,,233.7656034757759
1137,109.73548875038762,112.77104852882125,113.99165498863874,232.47345840418154,232.54761126922995,232.54761126922995,232.97026557869492,,,,,233.7705392310286
1120,107.87370583229192,111.00892373750713,112.16236216255251,227.48790394535263,229.70514796046282,229.70514796046282,232.59062673584418,,,,,234.23724826723767
1146,111.10226201395922,113.95310608383944,114.83631868195745,233.01414789162283,233.03870231070653,233.03870231070653,233.2106644592661,,,,,234.4580145739475
1151,111.69531040874595,114.43728517716198,114.9031055430049,233.46886143608387,233.8663399951728,233.8663399951728,233.87273762536225,,,,,234.57919041023783
1133,109.31275800998995,112.3506430451284,113.53565731076547,231.4627031378399,231.9831267485907,231.9831267485907,233.84904027175256,,,,,234.6821244186012
1134,109.43282798768902,112.65823796988089,114.09003307347088,232.54761126922995,232.54767803760532,232.54767803760532,233.82118117441757,,,,,234.69981884222784
1136,109.56609964614411,112.6767748349828,113.72761509841995,231.9831267485907,232.7641433785797,232.7641433785797,232.938843147758,,,,,234.88890617673312
1144,110.93906515360675,113.72761509841995,114.79763907842582,232.87679972617522,233.01414789162283,233.01414789162283,234.01311377612475,,,,,234.96610616244942
1127,108.6815086628622,111.78713180906685,112.65939057014322,229.04706710512397,232.38144196460496,232.38144196460496,234.51095988621412,,,,,235.2919443557449
1143,110.71744440147243,113.53565731076547,114.5851087127724,232.7748225277123,232.83174883903177,232.83174883903177,234.5395192703795,,,,,235.3261619257539
1139,110.15371107743499,112.9220106711882,114.3760081800382,232.74763952625926,233.5960816531527,233.5960816531527,234.71810742703417,,,,,235.36273019526703
1141,110.49376345494899,113.3575936952896,114.59378451163545,232.83174883903177,232.87679972617522,232.938843147758,234.5834582771355,,,,,235.39813558647228
1110,106.91356019930002,110.0908961069279,111.01518296283012,225.250147143024,226.72295011434142,226.72295011434142,229.1737595738544,,,229.1737595738544,235.49426301409676,235.49426301409676
1140,110.39598803319639,113.31821327205988,114.43728517716198,232.7641433785797,233.46886143608387,233.46886143608387,233.66756103552606,,,,,235.53064680709895
1148,111.35116196393092,114.09003307347088,115.32422773535201,233.9339188653111,234.75323203648165,234.75323203648165,235.34464383898947,,,,,236.00676759531012
1124,108.2487230205653,111.3648344621381,112.6767748349828,229.5285670427242,229.59002780588497,229.59002780588497,229.94221220891473,,,229.94221220891473,236.09540779449955,236.09540779449955
1150,111.46930269140152,114.3760081800382,115.51900533088202,234.59329829651563,235.3987350608947,235.3987350608947,235.63588396653344,,,,,236.51175445737485
1149,111.4195072464836,114.27940916454108,115.29343883523838,233.8663399951728,234.59329829651563,234.59329829651563,236.00961676213686,,,,,236.66524711452632
1153,111.75424731517249,114.59378451163545,115.50234748052722,233.93703151780082,235.68168332718813,235.68168332718813,235.88251971138638,,,,,236.7578562723455
1145,110.97971950530507,113.81788465798563,115.00467345452647,233.5960816531527,235.72978338953664,235.72978338953664,235.85716546327336,,,,,237.18212621644912
1156,112.40651773679701,114.84159150109477,115.76739830306732,234.80338286646318,235.4499915498335,235.4499915498335,236.0156051722184,,,,,237.2054156199301
1152,111.73896171245178,114.5851087127724,115.54835647125624,234.75323203648165,236.05801902526434,236.05801902526434,236.59809382382213,,,,,237.21812222697542
1138,109.73880246542797,112.8656130223189,113.95310608383944,232.39629906235575,234.80338286646318,234.80338286646318,235.9585384451889,,,,,237.49048360674428
1123,108.24667796495937,111.32039327336025,112.1955122087744,227.65956573331633,233.9339188653111,233.9339188653111,234.79861325613075,,,234.79861325613075,237.77766346545775,237.77766346545775
1160,113.60339554227232,115.32422773535201,116.25826489516142,236.05801902526434,236.60814859887265,236.60814859887265,237.29157304186555,,,,,237.80004558803338
1147,111.18240171885896,113.99165498863874,114.84159150109477,233.03870231070653,233.93703151780082,233.93703151780082,237.11751971434384,,,,,237.93158652277145
1157,112.64046261154724,114.9031055430049,116.08612978871916,235.72978338953664,236.17206812222602,236.17206812222602,237.37643809603514,,,,,237.95131947911602
1164,113.82103457822089,115.76739830306732,116.5418988375764,236.60814859887265,236.60885226173866,236.60885226173866,236.70080328212993,,,,,237.9656438871583
1154,111.8595174512737,114.79763907842582,115.858860159071,235.3987350608947,237.15744347321024,237.15744347321024,237.57516336268202,,,,,238.35274444024228
1162,113.69773651211794,115.51900533088202,116.35989440645544,236.40761008275032,237.48832967663483,237.48832967663483,237.6981729028918,,,,,238.45167844764092
1155,112.36842987588368,114.83631868195745,116.0103031541102,235.68168332718813,236.40761008275032,236.40761008275032,237.53366564676384,,,,,238.46196980124694
1161,113.63368923998398,115.50234748052722,116.29824739796597,236.17206812222602,236.97334852588065,236.97334852588065,238.12191553104444,,,,,238.68465398635337
1167,114.12464637584584,116.0103031541102,116.89591141460467,237.17816416382567,237.9329590288864,237.9329590288864,238.2351007239371,,,,,238.77626445421117
1168,114.22836773361212,116.08612978871916,116.94363045324054,237.48832967663483,237.53586491245215,237.53586491245215,237.7811981572358,,,,,239.099153551995
1169,114.98653250114486,116.25826489516142,117.28742404891513,237.79929596033892,237.95467507157625,237.95467507157625,238.54065659057682,,,,,239.118090815805
1159,113.11726433177043,115.29343883523838,116.73439684878278,237.15744347321024,237.17816416382567,237.17816416382567,238.90635570085252,,,,,239.52709574925532
1166,113.92460421474547,115.87451089949283,116.60195918696596,236.60885226173866,238.85843273631184,238.85843273631184,239.13814340712952,,,,,239.7470716685412
1170,115.02609848540747,116.29824739796597,117.40341503574675,237.95467507157625,238.17289924020943,238.17289924020943,239.2418077762918,,,,,239.99835291145556
1174,115.20596077981624,116.61543165075258,117.49428873204455,238.17289924020943,238.92785919079233,238.92785919079233,239.76472444328735,,,,,240.30309469260257
1163,113.74855061284121,115.54835647125624,116.61543165075258,236.97334852588065,237.79929596033892,237.79929596033892,238.53643127957235,,,,,240.79226940680363
1177,115.32644608761888,116.94363045324054,117.8027552776007,239.72082811305805,240.21317809661875,240.21317809661875,240.31379962213313,,,,,241.5428445686797
1173,115.10220337311067,116.60195918696596,117.63531862670499,238.85843273631184,240.68665448164938,240.68665448164938,240.91126490832383,,,,,241.60796382727617
1171,115.03290287359455,116.35989440645544,117.31876762833188,237.9329590288864,241.15654319066923,241.15654319066923,241.31581703181925,,,,,241.90694496412058
1185,115.8788030458339,117.74499962131488,118.51056359283974,241.15654319066923,241.22670270124704,241.22670270124704,241.40226975832363,,,,,241.95011631107332
1181,115.78767445734621,117.40341503574675,118.24176864522119,240.5874853253915,241.24965093188302,241.24965093188302,241.36246646311884,,,,,241.99601733630902
1165,113.83124883555251,115.858860159071,116.98091830102418,237.53586491245215,240.5874853253915,240.5874853253915,240.97221618528425,,,,,242.5021430278762
1175,115.21262816910941,116.73439684878278,117.82017156797204,240.21317809661875,240.97729313710562,240.97729313710562,241.97938376455792,,,,,242.8671927858833
1172,115.05308083476002,116.5418988375764,117.65745402777777,238.92785919079233,239.13425495099315,239.13425495099315,241.04285446775438,,,,,243.0885223760339
1188,116.0236419697368,117.96837052358192,118.82896109332984,241.24965093188302,241.84986750865272,241.84986750865272,242.11332385746755,,,,,243.20011740563677
1179,115.5561511288093,117.28742404891513,117.96837052358192,240.29966285263566,240.5048319110364,240.5048319110364,242.44987531161,,,,,243.41172128821927
1180,115.69956820662054,117.31876762833188,118.4189264566419,240.97729313710562,241.28002046208317,241.28002046208317,242.4272897981081,,,,,243.47898614682094
1158,112.73948623266543,115.00467345452647,115.87451089949283,235.4499915498335,239.72082811305805,239.72082811305805,241.43816816143976,,,,,243.6573647613517
1183,115.85502521170288,117.63531862670499,118.4129096994815,240.68665448164938,242.4376420347323,242.4376420347323,243.02175013167684,,,,,243.69720329552553
1191,116.72016130619144,118.4129096994815,119.59150414589917,242.97373782585143,243.3022808127132,243.3022808127132,243.3112764227839,,,,,243.87027245810341
1189,116.19055680124829,118.0562006306777,119.28654690247889,242.6239266518997,243.54856846813593,243.54856846813593,243.6538554179291,,,,,244.1667955835507
1178,115.38452886954568,116.98091830102418,117.74499962131488,239.13425495099315,240.29966285263566,240.29966285263566,243.54344039733877,,,,,244.41556879152495
1192,116.99346687208424,118.4189264566419,119.12691972506352,242.4376420347323,242.5104196583158,242.5104196583158,242.820440823791,,,,,244.47172238516376
1193,117.09614235739659,118.51056359283974,119.37757639678739,242.70302558672486,242.8730478766846,242.8730478766846,244.085546188037,,,,,244.6667433266171
1198,117.55599587434934,119.04479118730282,119.9464156562468,243.3022808127132,243.32782585531038,243.32782585531038,243.69280688403822,,,,,244.8097414280344
1190,116.66900984506226,118.24176864522119,119.1687996929548,242.5104196583158,243.41078839869527,243.41078839869527,244.57597445603065,,,,,245.0806410909714
1195,117.11087702996977,118.82896109332984,119.77990015015365,243.02393256129207,243.5309274352733,243.5309274352733,244.2811580702841,,,,,245.33514504983125
1184,115.8617073824361,117.65745402777777,118.87942025556634,241.28002046208317,242.97373782585143,242.97373782585143,244.1058829296281,,,,,245.36054646179304
1202,118.08027577849342,119.37757639678739,120.4618692312042,244.15829299786876,244.44235199662282,244.44235199662282,244.8880970406575,,,,,245.51784767625762
1211,118.58612353568391,120.36625898645177,120.98828115259546,244.6442618472018,244.75340320179623,244.8880970406575,245.0557439007963,,,,,245.93848507856012
1186,115.88309960929216,117.8027552776007,119.04479118730282,242.2954919647473,243.02393256129207,243.02393256129207,245.60053069713007,,,,,246.29761250798978
1197,117.31046918542434,118.9307535507711,120.06122535612256,243.32782585531038,244.89231646376675,245.0557439007963,245.8532951241058,,,,,246.40516031015744
1199,117.59645378826932,119.12691972506352,120.36625898645177,243.75345943178175,244.6442618472018,244.6442618472018,245.34469312693597,,,,,246.56474942345145
1194,117.10895187730311,118.74663289323152,119.4532653954517,242.8730478766846,244.15829299786876,244.15829299786876,245.9919228961499,,,,,246.57594847248643
1205,118.28069258075098,119.77990015015365,120.47634024105929,244.3010224550226,244.5675042832067,244.5675042832067,245.55489355775498,,,,,246.7667734177437
1204,118.18425784929525,119.59150414589917,120.56932341516504,244.44235199662282,245.18334001476524,245.34469312693597,246.20450478465762,,,,,247.06194934481704
1214,118.84587149072011,120.56932341516504,121.44586026929247,245.68404776749722,246.10736738678085,246.3462490927794,246.398888624181,,,,,247.19529159863188
1215,118.85376656225344,120.94091208818433,122.10143171218445,246.17892075349025,246.61774590357365,246.61774590357365,246.70853974684653,,,,,247.27798236098155
1176,115.29803316630664,116.89591141460467,118.0562006306777,240.5048319110364,242.6239266518997,242.6239266518997,246.52629762247787,,,,,247.36095895155572
1207,118.49615502622822,120.06122535612256,121.00204301164972,244.75340320179623,245.88989921448336,246.20450478465762,246.53730593339785,,,,,247.42610156313418
1182,115.80431813223707,117.49428873204455,118.74663289323152,241.22670270124704,242.70302558672486,242.70302558672486,246.3462490927794,,,,,247.43715211468145
1203,118.12562894676392,119.4532653954517,120.94091208818433,244.5675042832067,246.3804888975816,246.398888624181,246.5772760441189,,,,,247.53908459107586
1196,117.155262845052,118.87942025556634,120.28456172811282,243.54856846813593,245.43936210124676,245.8532951241058,246.97882420224968,,,,,247.57103439827662
1217,118.97382261622082,121.00204301164972,121.89938407161564,246.10736738678085,246.17892075349025,246.37197931973844,246.5031022451751,,,,,247.7043293483284
1210,118.5562477092487,120.28456172811282,121.34449315382015,245.3132864881683,245.3938084068534,245.60053069713007,246.6283023714392,,,,,247.87238638158018
1212,118.64790320836468,120.4618692312042,121.53018741013659,245.88989921448336,246.66855381426976,246.66855381426976,247.56707203592288,,,,,248.2270176435576
1201,117.7687827913464,119.28654690247889,120.25344446124285,243.5309274352733,243.75345943178175,243.75345943178175,246.37197931973844,,,,,248.24014025313065
1187,115.89338366974349,117.82017156797204,118.9307535507711,241.84986750865272,242.2954919647473,242.2954919647473,243.69182468354364,,,243.69182468354364,248.37355793695474,248.37355793695474
1216,118.96508691560967,120.98828115259546,122.28874012679884,246.61774590357365,247.68873164511433,247.68873164511433,247.9903374800782,,,,,248.60389338237843
1213,118.7039837795382,120.47634024105929,121.28222406432627,245.18334001476524,245.3132864881683,245.55489355775498,247.91512127713543,,,,,248.7721411687392
1208,118.50254655676069,120.10680473602349,121.34839895387921,245.3938084068534,245.68404776749722,245.9919228961499,248.28483207725606,,,,,249.0476122162805
1200,117.72105127506111,119.1687996929548,120.10680473602349,243.41078839869527,244.3010224550226,244.3010224550226,247.10772986323542,,,,,249.24563370244718
1221,119.35136160231099,121.34839895387921,122.18366411699911,246.3804888975816,246.4377985250396,246.5031022451751,248.36191331368258,,,,,249.28961869952403
1224,119.9452822623973,121.53018741013659,122.67513345497689,248.44007984117954,248.52698604042257,248.52698604042257,248.72636884216453,,,,,249.38767924071192
1218,119.02903640807456,121.2515888621094,122.23664730671618,246.4377985250396,248.1475543384099,248.1475543384099,248.36974341721682,,,,,249.61266051182295
1206,118.36986988910625,119.9464156562468,121.2515888621094,244.89231646376675,249.1009130526901,249.1009130526901,249.26130094876225,,,,,249.81506140294678
1223,119.73559363771926,121.44586026929247,122.45688173160384,247.7144268208107,248.44007984117954,248.44007984117954,248.89154217029494,,,,,249.93552418027258
1220,119.2850174542053,121.34449315382015,122.39432458757423,246.66855381426976,249.28506390732892,249.28506390732892,249.32886551360122,,,,,249.9381865150168
1227,120.62653142217113,122.18366411699911,123.32401132126681,249.74892979035286,249.8709723291644,249.8709723291644,249.96091915827535,,,,,250.5360984566795
1232,121.50252652787869,122.45688173160384,123.12008182129465,249.1009130526901,249.74892979035286,249.74892979035286,250.057826683065,,,,,250.6976812305514
1225,120.10193818224013,121.89938407161564,123.01611317093308,248.6204601267029,249.80862903250912,249.80862903250912,250.03026721320956,,,,,251.05389618160888
1222,119.60942525219035,121.41554770885678,122.50296988024635,248.1475543384099,248.6204601267029,248.6204601267029,250.4536965312307,,,,,251.1348864146776
1236,121.9625367526629,123.01611317093308,123.95299779315599,250.59257214540975,251.03604205304265,251.03604205304265,251.377974349458,,,,,252.0121418332663
1231,121.4223666500307,122.4136966275541,123.629182825112,249.8709723291644,250.61515563838452,250.61515563838452,251.49474351577769,,,,,252.18291267057356
1226,120.20959378434247,122.10143171218445,123.71278551115002,250.3615368627906,251.36333085454527,251.36333085454527,251.44148026606922,,,,,252.2603177174473
1219,119.09388149279458,121.28222406432627,122.4136966275541,247.68873164511433,250.1302602085016,250.1302602085016,251.43909343290323,,,,,252.26129121867464
1238,122.20208932944776,123.30766576583217,124.51807549511447,251.13686449623057,251.58188953104275,251.58188953104275,251.64213577489676,,,,,252.4707615680134
1237,122.03440499956594,123.12008182129465,124.34114386360837,251.11250989443255,251.7629745588339,251.7629745588339,251.81799289733485,,,,,252.48852414692666
1242,122.50584577755312,123.629182825112,124.23820700139419,251.03604205304265,251.11250989443255,251.11250989443255,251.53750952189796,,,,,252.5359227823707
1234,121.93472196908333,122.67513345497689,123.63911171360809,250.1302602085016,251.13686449623057,251.13686449623057,251.98830000978933,,,,,252.80343209910842
1230,121.34823320439249,122.39432458757423,123.30766576583217,249.28506390732892,252.0612619611682,252.0612619611682,252.30081097198536,,,,,252.8229194456264
1209,118.52937914618911,120.25344446124285,121.41554770885678,245.43936210124676,247.7144268208107,247.7144268208107,249.49947194541568,,,249.49947194541568,253.28558374132555,253.28558374132555
1241,122.24433070013855,123.59767247907533,124.60861055800432,251.58188953104275,251.7908567956292,251.7908567956292,252.02200340246122,,,,,253.29367697726065
1245,122.69272432553348,123.95299779315599,124.78286131840251,251.7908567956292,252.30537442347304,252.30537442347304,252.46643566596404,,,,,253.37627760381545
1239,122.21237999777954,123.32401132126681,124.52532577205221,251.36333085454527,251.56302300951083,251.56302300951083,252.44043507343022,,,,,253.4142742541501
1228,120.87194581594386,122.23664730671618,122.99570914052615,248.52698604042257,250.3615368627906,250.3615368627906,252.8116876547958,,,,,253.6295756551288
1229,120.89901483123082,122.28874012679884,123.59767247907533,249.83519424431063,250.59257214540975,250.59257214540975,252.66656691107406,,,,,255.27685614614316
1240,122.23243507374669,123.46281445697788,124.58167401682024,251.56302300951083,253.16556541670218,253.16556541670218,254.30213686806226,,,,,255.31430830067637
1256,123.63369781041128,125.09383110923754,125.74219856685356,254.38954028196653,254.7118778014145,254.7118778014145,254.73023673484363,,,,,255.3903159135733
1253,123.00233558968569,124.6728829929052,125.97374434472968,254.7118778014145,254.87308666405846,254.87308666405846,255.09106534629328,,,,,255.77391707284448
1233,121.83850504047965,122.50296988024635,123.46281445697788,249.80862903250912,249.83519424431063,249.83519424431063,250.0958113075247,,,250.0958113075247,256.06017843831256,256.06017843831256
1252,122.91915424583196,124.60861055800432,125.90446760728328,254.65516386057308,255.0694123345527,255.0694123345527,255.52525118177869,,,,,256.193224892957
1254,123.1319857819319,124.78286131840251,125.98181337351436,254.87308666405846,255.57843487324038,255.5921053697176,255.69507639487625,,,,,256.32562515860565
1257,123.66593536001591,125.10933212585479,126.17533310077431,255.2825629070349,255.6321102878498,255.91293542009328,256.3395622089195,,,,,256.88794540104345
1259,123.7382317554977,125.3778014276627,126.51347953592581,255.6321102878498,256.333508921559,256.333508921559,256.3402607476273,,,,,256.90625344745547
1255,123.3322388666099,124.88119164019852,125.45280315675386,253.7114312925358,253.74244678016976,253.74244678016976,256.3413599000922,,,,,257.1330486427218
1250,122.7629887286596,124.52532577205221,125.3778014276627,253.6385058570428,254.38954028196653,254.38954028196653,256.6576182230063,,,,,257.26023960901654
1243,122.54260103911538,123.63911171360809,124.6728829929052,251.7629745588339,252.92953483581059,252.92953483581059,255.91293542009328,,,,,257.31240962401324
1258,123.72850247474518,125.23293824903902,126.37838002845861,255.4986707481738,256.3628676544546,256.3628676544546,256.461793388748,,,,,257.36233705462206
1249,122.7601826016321,124.51807549511447,125.588860791657,254.31344683277538,255.2825629070349,255.2825629070349,256.6074471895066,,,,,257.44369675967414
1244,122.63362334269091,123.71278551115002,124.88119164019852,252.0612619611682,254.65516386057308,254.65516386057308,256.3676509300631,,,,,257.61505703534687
1251,122.8387957794891,124.58167401682024,125.58656654992313,253.74244678016976,255.4986707481738,255.52525118177869,257.0331225037467,,,,,257.90168425559676
1246,122.69593689933053,124.03741882750955,125.09383110923754,252.30537442347304,254.31344683277538,254.31344683277538,256.3004625095289,,,,,257.9323858024207
1263,123.86596141331422,125.74219856685356,126.76670147778484,256.333508921559,256.49887489251637,256.49887489251637,256.52429103042203,,,,,257.9784312171122
1248,122.73300998525181,124.34114386360837,125.10933212585479,252.92953483581059,253.6385058570428,253.6385058570428,257.6081290231414,,,,,258.14534610565477
1261,123.81313409349558,125.58656654992313,126.49380496647892,255.57843487324038,256.9525979652891,256.9525979652891,257.43217452784927,,,,,258.2089393526646
1247,122.71253882566927,124.23820700139419,125.23293824903902,253.16556541670218,255.7007267532978,256.06017843831256,257.9726458694772,,,,,258.6235063556886
1260,123.7780039615669,125.45280315675386,126.14625054481408,255.0694123345527,257.72690584420445,257.72690584420445,257.74975547801654,,,,,258.8492256010183
1267,124.2857928132172,126.14625054481408,127.1091810827015,257.72690584420445,258.27103025465624,258.27103025465624,258.3407980508182,,,,,259.10437525385197
1235,121.95478545119074,122.99570914052615,124.03741882750955,250.61515563838452,253.7114312925358,253.7114312925358,255.5921053697176,,,255.69507639487625,259.4512517829318,259.4512517829318
1268,124.47704066451875,126.17533310077431,127.14666837030677,258.02642307655105,258.6788960982632,258.6788960982632,258.8296092385963,,,,,259.4728757100091
1277,125.84365876793528,127.1091810827015,127.69328081000548,258.2897895750814,258.5378636365093,258.5378636365093,259.0601376428089,,,,,259.8977731395239
1262,123.8145364686407,125.588860791657,126.650590400472,255.7007267532978,259.006273673134,259.006273673134,259.2611136908595,,,,,260.08558773072303
1266,124.11884942858053,125.98181337351436,127.01962338365632,256.9525979652891,258.1801783724891,258.1801783724891,259.3769981110653,,,,,260.5885095225698
1269,124.59350267156445,126.37838002845861,127.37604158315112,258.2219108996575,258.86612522547233,258.86612522547233,259.3937345795028,,,,,260.8009433091264
1271,124.67563120626265,126.51347953592581,127.67291728853999,258.27103025465624,258.2897895750814,258.2897895750814,260.2506058588206,,,,,260.91177248178366
1265,124.00921905784973,125.97374434472968,126.90037196163244,256.3628676544546,258.2219108996575,258.2219108996575,258.5129112869826,,,,,261.0985196981194
1272,124.85077149753268,126.650590400472,127.71286504290454,258.5378636365093,259.7623550812895,259.7623550812895,260.45571411757635,,,,,261.1095817905859
1274,125.32910696995108,126.90037196163244,128.0790374907607,259.006273673134,260.55181212819696,260.55181212819696,260.7814281315726,,,,,261.28852534500567
1270,124.65378367422227,126.49380496647892,127.3646891380499,258.1801783724891,258.94905124374145,258.94905124374145,259.9050360897558,,,,,261.64500820255074
1278,125.94629797631085,127.14666837030677,127.76613192259538,258.6788960982632,260.1085397616181,260.1085397616181,261.1982675950604,,,,,261.8120183888415
1273,124.99625349987093,126.76670147778484,127.92433476314584,258.94905124374145,261.7081290496886,261.7081290496886,261.7886955856275,,,,,262.49555249401163
1275,125.57962202603493,126.96083205373714,128.09088296291105,259.7623550812895,262.103365943221,262.103365943221,262.7106493194677,,,,,263.38465750564296
1280,126.19886758168451,127.37604158315112,128.22401136022532,260.1085397616181,262.1149886571736,262.1149886571736,262.678035630296,,,,,263.4410626693686
1283,126.3711693048055,127.71286504290454,128.50368077771387,261.7081290496886,262.2167138935072,262.2167138935072,262.7326164521489,,,,,263.4801321019622
1264,123.88791483481168,125.90446760728328,126.96083205373714,256.49887489251637,258.02642307655105,258.02642307655105,258.4300752235279,,,258.4300752235279,263.5122872550191,263.5122872550191
1276,125.79510166528223,127.01962338365632,127.85830213847453,258.86612522547233,260.5485271778227,260.5485271778227,263.1342683584214,,,,,263.81481671435336
1285,126.53797232960328,127.85830213847453,128.8871230127401,262.1149886571736,262.897014429049,262.897014429049,263.15766848946254,,,,,263.8991126939047
1281,126.24112660054872,127.67291728853999,128.71021839796384,262.103365943221,263.01208938349237,263.01208938349237,263.26834220144946,,,,,264.13757443825244
1279,126.117515292799,127.3646891380499,128.32246048655034,260.55181212819696,263.275316487205,263.275316487205,263.8579592089419,,,,,264.55438342754684
1282,126.25023381312349,127.69328081000548,128.2972474895375,260.5485271778227,261.9399207341586,261.9399207341586,263.5108761918836,,,,,265.16906763558376
1290,127.49954974351766,128.2972474895375,128.9773344919497,262.1447561509738,263.2357170907333,263.2357170907333,263.66229971431125,,,,,265.3905962731658
1286,126.63072469292275,127.92433476314584,129.05332441993596,262.2167138935072,263.7570718621999,263.7570718621999,264.316198852028,,,,,265.43052309802994
1289,127.24681129158692,128.22401136022532,129.28758265083042,263.01208938349237,263.6085204893252,263.6085204893252,264.07158439102125,,,,,265.7421868796019
1294,127.92029403034347,128.71021839796384,129.7814401575056,264.19234825462297,264.61226263312307,264.61226263312307,265.1454412972099,,,,,266.2156559188682
1296,128.05076323852032,128.9773344919497,130.27449730490702,264.61226263312307,265.4516436355733,265.4516436355733,265.9052602435774,,,,,266.41973470921795
1297,128.14811126446747,129.05332441993596,129.8936035769993,264.6084054523537,265.54694975399644,265.54694975399644,266.2513433990218,,,,,266.8505169065929
1302,128.3111022468782,129.43912286876835,130.3785963903383,265.4516436355733,265.6440398258912,265.6440398258912,266.25843784439985,,,,,266.9287266234878
1288,127.24321654485566,128.09088296291105,129.31986860049977,263.2357170907333,263.9302837574209,263.9302837574209,266.3733189613341,,,,,266.97743825172375
1295,127.9846112018701,128.8871230127401,129.72819893890704,263.9302837574209,266.42576175347676,266.4753779686968,266.5052859451904,,,,,267.04534287441294
1293,127.78260603697558,128.63762976518618,129.43912286876835,263.6085204893252,264.6084054523537,264.6084054523537,265.13156991516416,,,,,267.1406843431204
1312,128.7723648591843,130.39511531449105,131.14943441026932,266.3318107611134,266.38638262783826,266.46905444991177,266.4753779686968,,,,,267.19611424490427
1303,128.31951597619477,129.55740512885384,130.39511531449105,265.54694975399644,265.7729095613555,265.7729095613555,266.4776208503262,,,,,267.4548477538928
1300,128.24346030767478,129.31986860049977,130.36303883762713,265.34626487300704,266.3318107611134,266.3733189613341,266.8971889954051,,,,,267.564882561616
1287,126.66487742121157,128.0790374907607,129.43822347849422,263.275316487205,266.06038726399265,266.2513433990218,267.22742270479097,,,,,267.77057075542945
1309,128.65829591801057,130.3049133312424,131.0359216696668,266.1354846613244,266.5451965459632,266.5451965459632,267.0524244328736,,,,,267.7709196901885
1298,128.16066352131656,129.0541242519772,129.81087140542948,264.5092617663084,264.93920108839455,264.93920108839455,265.52173757728485,,,,,267.83844175584954
1311,128.76322843178858,130.3785963903383,131.3959174522072,266.5451965459632,267.0294680303847,267.0294680303847,267.0345950870573,,,,,267.90453381223006
1307,128.56451345452697,129.8936035769993,130.66137439949642,265.88468614129107,266.0108855672239,266.0108855672239,266.74799311925847,,,,,267.94030735956187
1299,128.2209217435896,129.28758265083042,130.3049133312424,264.93920108839455,265.34626487300704,265.34626487300704,266.46905444991177,,,,,268.21262986121224
1318,129.3451084374294,131.0359216696668,131.8104516374857,267.0294680303847,267.22456014537954,267.22456014537954,267.96210988464077,,,,,268.4717796401769
1308,128.62763924980814,130.27449730490702,131.34216933995828,266.42576175347676,266.59361068512646,266.59361068512646,267.8579519829178,,,,,268.7016066536641
1314,128.9322112248295,130.58637557556486,131.82626883829843,267.05772734508577,267.3574963033376,267.3574963033376,267.7742919764739,,,,,268.73056382227503
1292,127.70282545555055,128.50368077771387,129.55740512885384,263.7570718621999,264.19234825462297,264.19234825462297,265.21116709199055,,,265.21116709199055,268.76161668120864,268.76161668120864
1304,128.39518996133614,129.72819893890704,130.74328691690482,266.0108855672239,266.1354846613244,266.25843784439985,266.87418495312284,,,,,269.0396488070947
1306,128.43130430113087,129.81087140542948,130.86121827576994,266.06038726399265,267.39134440236603,267.39134440236603,267.5791284257989,,,,,269.5417004455821
1291,127.6334324281151,128.32246048655034,129.0541242519772,262.897014429049,264.5092617663084,264.5092617663084,268.3428985455661,,,,,270.0073144205534
1301,128.24384405104567,129.43822347849422,130.58637557556486,265.7729095613555,265.88468614129107,265.88468614129107,268.73114953485424,,,,,270.0508017149335
1310,128.74703318674995,130.36303883762713,131.65341070270986,266.59361068512646,267.05772734508577,267.05772734508577,269.41414967082625,,,,,270.17217071197877
1319,129.4981249216925,131.14943441026932,132.22877873341943,267.5758671215255,268.4065045447635,268.4065045447635,268.5889357097322,,,,,270.4134279986856
1313,128.84861673987106,130.5257465700091,131.32137654907183,266.38638262783826,269.81483505573783,269.81483505573783,270.1524997430988,,,,,270.6667998417001
1305,128.40956385218567,129.7814401575056,130.5257465700091,265.6440398258912,269.83103389363,269.83103389363,270.29524007444854,,,,,270.81499393899384
1324,129.83500758181108,131.8104516374857,132.52225806664111,269.181564851702,269.65046946222714,269.65046946222714,270.85083610054716,,,,,271.41920377767303
1321,129.54819023880316,131.34216933995828,132.82161898265377,269.79346804226486,270.5562651351169,270.5562651351169,270.897478798486,,,,,271.5818993734753
1315,129.09161931181498,130.66137439949642,131.95402791445002,267.3574963033376,267.5758671215255,267.5758671215255,267.7819739807269,,,267.7819739807269,271.6452783289004,271.6452783289004
1322,129.7941827661576,131.3959174522072,132.31280974285676,268.6425727052014,269.79346804226486,269.79346804226486,270.62729000561234,,,,,271.8760233132104
1325,129.9488345031782,131.82626883829843,133.03995661729346,269.83103389363,270.63028060193244,270.63028060193244,271.0935854518342,,,,,271.9151536690642
1323,129.82039380250674,131.65341070270986,132.5224380723671,269.65046946222714,270.29008830298227,270.29008830298227,270.9098203042471,,,,,271.9603940127107
1284,126.44008537128607,127.76613192259538,128.63762976518618,261.9399207341586,262.1447561509738,262.1447561509738,266.265453248295,,,266.265453248295,271.9606533494656,271.9606533494656
1330,130.5773563132693,132.23770631312544,133.38559479607102,271.376656387407,271.88970765601596,271.88970765601596,271.8984227552559,,,,,272.76869207732085
1320,129.53107268172272,131.32137654907183,132.23770631312544,268.4065045447635,268.6425727052014,268.6425727052014,269.90789412490835,,,269.90789412490835,272.82558447076997,272.82558447076997
1317,129.17490223903556,130.86121827576994,132.0644039086402,267.39134440236603,271.74268002373253,271.74268002373253,271.83634727654146,,,,,273.17381169477625
1333,130.9668333305782,132.5224380723671,133.54626889210022,271.63371346972195,271.78002918350734,271.78002918350734,272.4984952261058,,,,,273.2843436684704
1327,130.2695304379131,131.95402791445002,132.93537733451174,269.81483505573783,271.63371346972195,271.63371346972195,272.2532912105518,,,,,273.84866930227923
1329,130.35989915774744,132.22877873341943,133.2445714303827,270.5562651351169,272.73025124529784,272.82558447076997,273.2503086204969,,,,,273.8530340573612
1336,131.3477532985367,133.03995661729346,133.74348175505102,271.74268002373253,272.5086829633935,272.5086829633935,272.61139413017014,,,,,274.0038930818782
1338,131.64268593030386,133.2445714303827,133.75765450286366,271.78002918350734,272.65640257611363,272.65640257611363,273.6396406516007,,,,,274.1769298729102
1334,131.07503791001523,132.82161898265377,133.99457875924952,271.88970765601596,271.8964559702765,271.8964559702765,273.0369950927111,,,,,274.19069624018897
1316,129.14197871358192,130.74328691690482,131.94770143425131,267.22456014537954,269.181564851702,269.181564851702,269.48668124276094,,,269.48668124276094,274.6169728957109,274.6169728957109
1328,130.34518908628561,132.0644039086402,133.05754201644535,270.29008830298227,271.37638051875484,271.37638051875484,272.8498555908821,,,,,274.668420045009
1337,131.44894840830605,133.05754201644535,134.25138720453344,272.5086829633935,272.6037160934919,272.6037160934919,274.2180630847027,,,,,274.7202763352734
1346,132.28827783439652,133.99457875924952,134.71483088819795,272.9483677427033,273.1108873443705,273.11713174853014,273.9395122728429,,,,,274.75859646868565
1343,131.9795276436943,133.54626889210022,134.4399751148731,272.67079947727956,272.9483677427033,272.9483677427033,273.11713174853014,,,,,274.77714259598974
1326,130.1953676449742,131.94770143425131,133.35258738391565,271.37638051875484,271.376656387407,271.376656387407,273.7834961497816,,,,,274.9237070923162
1335,131.1667465408886,132.93537733451174,134.25438948531905,272.6037160934919,273.0228144397464,273.0369950927111,273.6217975281928,,,,,274.9588446731501
1342,131.88019389516592,133.40138078926026,134.43956135385253,272.65640257611363,273.8743132991067,273.9395122728429,274.31594299951627,,,,,275.08066677405156
1348,132.69881828866352,134.25138720453344,135.11975779488574,273.768408929197,273.7793799460175,273.7793799460175,274.63718834995836,,,,,275.1473366785006
1341,131.86610853653383,133.38559479607102,134.5905038832843,272.73025124529784,273.16863899105397,273.2503086204969,274.50212230866464,,,,,275.39339350633844
1355,133.74804197498565,134.801413598145,135.57492624727246,274.34299780257834,274.4859123189528,274.5831340822939,275.046671114655,,,,,275.73363190100764
1332,130.80697504802055,132.52225806664111,133.40138078926026,271.4919551661251,272.65551469590673,272.65551469590673,274.9955148457135,,,,,275.75529858844067
1350,132.79704442591157,134.27966042083287,135.55578663449108,273.98410047856805,275.1551598810857,275.1551598810857,275.6798460757793,,,,,276.36183208661186
1339,131.74455613331943,133.26584796357105,134.24708491364777,271.8964559702765,272.67079947727956,272.67079947727956,275.36154460523085,,,,,276.56458204497596
1359,134.2185207123592,135.2764524744481,136.29377789123197,275.1930096640268,275.5387526912417,275.6798460757793,276.0371403520888,,,,,276.56466556411056
1349,132.79293771608351,134.25438948531905,135.2764524744481,273.7793799460175,273.86202619441474,273.86202619441474,275.57673213068443,,,,,276.6904060976892
1356,133.96799420696925,134.81793655122317,135.83388792312942,274.4859123189528,275.0501688968177,275.0501688968177,276.2564747519992,,,,,276.8887715537623
1366,135.49524458900532,135.8568678311902,136.48383076566193,275.41665929177225,275.8517853668674,276.0371403520888,276.1394295261687,,,,,276.9544715981346
1347,132.50852590884384,134.24708491364777,134.81793655122317,273.1108873443705,274.34299780257834,274.381432217486,276.0664981202654,,,,,277.21826289419414
1357,134.05483769512875,134.962687023529,136.04954534168675,275.0501688968177,275.2671832676942,275.36154460523085,276.22609637790663,,,,,277.23566607229975
1360,134.41782436740812,135.45231672302046,136.53562687463037,275.5387526912417,276.02066373819355,276.0664981202654,276.669491336216,,,,,277.2707266494668
1345,132.22631531699895,133.75765450286366,134.962687023529,273.16863899105397,273.9599125097329,274.2180630847027,274.5831340822939,,,,,277.68223979039766
1351,133.21953900595653,134.43956135385253,135.45231672302046,273.86202619441474,274.83932101559645,274.83932101559645,276.11301609177303,,,,,277.7323776152166
1353,133.5264439308228,134.5905038832843,135.5394399091607,273.9599125097329,275.1930096640268,275.1930096640268,277.22884956989844,,,,,277.84098780753095
1340,131.787183715678,133.35258738391565,134.27966042083287,272.65551469590673,276.79198555567825,276.79198555567825,277.30620297178683,,,,,278.03175704526706
1354,133.65449843666016,134.71483088819795,135.8568678311902,274.83932101559645,276.44225461638376,276.44225461638376,276.4903747944423,,,,,278.5546304843124
1367,135.6231325711591,136.04954534168675,137.12145737184574,276.79198555567825,277.1429831689629,277.1429831689629,277.94975564592863,,,,,279.3930655826294
1352,133.41947025954943,134.4399751148731,135.48573867577474,273.8743132991067,273.98410047856805,274.31594299951627,277.8986500892382,,,,,279.39853643461925
1371,135.81137369150213,136.48383076566193,137.50027965169122,278.4876458410084,278.52915718723364,278.52915718723364,278.6306959611034,,,,,279.46565216724514
1361,135.04917635056017,135.48573867577474,136.7772553343262,276.44225461638376,278.1778851089337,278.1778851089337,278.9325387404815,,,,,279.7138081474377
1331,130.65922021228405,132.31280974285676,133.26584796357105,270.63028060193244,271.4919551661251,271.4919551661251,273.4433018144099,,,273.4433018144099,279.82078288133204,279.82078288133204
1365,135.3425656544697,135.83388792312942,137.1996227063483,277.1429831689629,277.8330120744161,277.8330120744161,279.3033371500492,,,,,279.8719363120786
1368,135.67818997662437,136.08458748354528,137.2154483452846,277.8330120744161,278.29599038174734,278.29599038174734,279.0718424698476,,,,,280.0156080197117
1358,134.09245128269956,135.11975779488574,136.08458748354528,275.1551598810857,278.93269786864795,279.0718424698476,279.21099878983614,,,,,280.0475870321038
1378,136.16270718080978,137.2154483452846,137.8390958075958,278.7229198430505,278.9500593360818,279.21099878983614,279.40969275910925,,,,,280.11298341351886
1344,132.0082750009386,133.74348175505102,134.801413598145,273.0228144397464,273.768408929197,273.768408929197,274.381432217486,,,274.50212230866464,280.2304417221685,280.2304417221685
1375,136.02929587383238,136.7772553343262,137.59730762861486,278.52915718723364,279.06964638851946,279.3033371500492,279.7515179406288,,,,,280.3741620894163
1369,135.77119045547187,136.29377789123197,137.32061561331565,278.0895358826903,278.7229198430505,278.7229198430505,279.5711544238821,,,,,280.44124134660393
1370,135.80013157565057,136.44456731295435,137.48041503497632,278.29599038174734,278.5432783172313,278.5432783172313,279.66704517910773,,,,,280.5180522884582
1376,136.0940545628486,137.12145737184574,138.4301310232649,279.1103515134283,279.71185022104646,279.8927257236089,280.06784259094457,,,,,280.67230631090695
1372,135.8695807236656,136.53562687463037,137.63085293074042,278.5432783172313,278.893370205206,278.9325387404815,279.8927257236089,,,,,280.85796340494807
1383,136.69655062398144,137.59730762861486,138.5938800731107,279.21802946943103,279.26450834122124,279.7515179406288,280.0178966621841,,,,,280.8734752062167
1362,135.1668541010614,135.5394399091607,136.71843732954005,275.8517853668674,279.1959286866063,279.5711544238821,280.1656251691503,,,,,280.909225741905
1380,136.3894045776702,137.44272433420844,138.4549196085953,279.1959286866063,279.21802946943103,279.66704517910773,280.5886022035247,,,,,281.23978847481936
1382,136.59812372222638,137.50027965169122,138.40600106425075,278.9500593360818,279.60139516019086,279.82078288133204,280.73208980626015,,,,,281.284890687519
1379,136.2176257973114,137.32061561331565,138.40679610174894,279.06964638851946,279.7751901576287,280.0178966621841,280.83047628293923,,,,,281.55599028880954
1373,135.95958170151752,136.71843732954005,137.88068478596446,278.893370205206,279.90022563131856,280.06784259094457,281.1054302438479,,,,,281.64239898217954
1385,137.1010319144825,137.8390958075958,138.61198986280755,279.26450834122124,280.4482518617559,280.4482518617559,281.01419971440464,,,,,281.7021203020615
1377,136.1032390847424,137.1996227063483,138.2945152781999,278.93269786864795,279.1103515134283,279.40969275910925,280.92229979656906,,,,,281.78055768482955
1364,135.27244727957128,135.57492624727246,136.44456731295435,275.2671832676942,275.41665929177225,275.57673213068443,276.159463133621,,,276.159463133621,281.9052943982084,281.9052943982084
1390,137.30702489111286,138.4301310232649,139.27382968100568,279.90022563131856,280.72445598022017,280.72445598022017,280.96729327028703,,,,,281.96836178965606
1389,137.2286727795315,138.40679610174894,139.41193322242478,280.72445598022017,280.92019877665876,280.92019877665876,280.9232346020383,,,,,282.05111512270247
1392,137.5062906761402,138.5938800731107,139.30827453848383,280.4482518617559,281.117360845677,281.117360845677,281.48664343960303,,,,,282.22322795677013
1384,136.8290250356037,137.63085293074042,138.7798227727101,279.60139516019086,280.05323019416375,280.1656251691503,281.5069814999344,,,,,282.59046172270973
1387,137.20140742397842,138.2945152781999,139.27936278692746,280.05323019416375,281.35715400849205,281.35715400849205,281.7075684447234,,,,,282.75802616398676
1400,138.62263028904414,139.41193322242478,140.22599229992372,281.9675661477546,282.0785811546696,282.0785811546696,282.34200711622896,,,,,283.0609224103547
1374,136.00867807579257,136.7282536467484,137.44272433420844,278.1778851089337,278.4876458410084,278.4876458410084,282.2016901354452,,,,,283.06462102035374
1394,137.9586739756323,138.7798227727101,139.75536030556717,281.35715400849205,281.66948866842307,281.66948866842307,282.5415522923224,,,,,283.27567780974636
1395,138.15318886538265,138.78302219640443,139.7413726632597,281.219612857559,281.9675661477546,281.9675661477546,282.767551604346,,,,,283.3066132540566
1381,136.4348797124801,137.48041503497632,138.92156106635235,279.7751901576287,281.219612857559,281.219612857559,282.1680372155033,,,,,283.39198520163757
1386,137.17520374921276,137.88068478596446,138.78302219640443,279.71185022104646,281.63420872490815,281.63420872490815,282.8559379192953,,,,,283.5447574447128
1363,135.24145991257035,135.55578663449108,136.7282536467484,276.02066373819355,278.0895358826903,278.0895358826903,278.5787977856242,,,278.5787977856242,283.70728906258176,283.70728906258176
1404,138.948547875954,139.7413726632597,140.7888745680625,283.09557617595254,283.257486329252,283.257486329252,283.5966181200295,,,,,284.19750025504055
1401,138.6459635365192,139.58006274422647,140.49967353702414,282.5711408518738,283.09557617595254,283.09557617595254,283.65206198174053,,,,,284.42679643167793
1388,137.20742683095054,138.40600106425075,139.58006274422647,280.92019877665876,283.57842069955535,283.57842069955535,283.839567688296,,,,,284.521719563608
1396,138.2318800832068,138.92156106635235,139.87109875466467,281.63420872490815,282.5711408518738,282.5711408518738,282.7363808752281,,,,,284.57829872602787
1402,138.77576783091507,139.5895879443289,140.40117176956238,282.0785811546696,282.9752091908266,282.9752091908266,283.7568323382568,,,,,284.79071083304905
1391,137.45844193996683,138.4549196085953,139.726559177669,281.14942511955155,281.9208278325483,281.9208278325483,284.0279691596824,,,,,284.9408187257305
1397,138.4176697036559,139.27382968100568,139.9682829666727,281.66948866842307,284.31004606819596,284.31004606819596,284.510654914395,,,,,285.1742160015076
1403,138.83304334564582,139.726559177669,141.01478998474988,283.57842069955535,285.1340293913248,285.1340293913248,285.2312217581667,,,,,286.1682102576591
1408,139.58349498639993,140.15102181191847,141.15403469778795,284.15187114316086,284.38955795053687,284.38955795053687,285.81246032749414,,,,,286.3899686273634
1406,139.47817235638192,139.87109875466467,141.0367493282187,283.6351089374743,284.7616602812005,284.7616602812005,284.9505074867369,,,,,287.03489874942244
1411,140.00887452680635,140.49967353702414,141.53817398942005,284.45686890502924,285.1462578832159,285.1462578832159,285.5541444672853,,,,,287.21699488879443
1419,140.9050537147337,141.4708609636113,142.20951075013713,285.60654170923425,286.0305936403245,286.0305936403245,286.289521680758,,,,,287.5346726816376
1393,137.59965015584785,138.61198986280755,139.5895879443289,281.117360845677,281.14942511955155,281.14942511955155,281.72760355454363,,,281.72760355454363,287.67390014733667,287.67390014733667
1416,140.527636609421,141.0367493282187,141.8365980207646,285.29922029504,286.2739557932385,286.4741578740965,286.84978968931944,,,,,287.85819468427917
1417,140.60448766314792,141.15403469778795,142.32674580291143,285.71615936343613,286.80937927187153,287.14469267457815,287.27133116961323,,,,,288.06337599438285
1413,140.21641841707932,140.7888745680625,141.62454329110898,284.7616602812005,285.29922029504,285.29922029504,286.8155248370376,,,,,288.06780911394594
1407,139.5201411151643,139.9682829666727,141.17198974371726,284.31004606819596,285.43583314299,285.43583314299,287.0821700256987,,,,,288.1075832291565
1415,140.4037173790647,141.01478998474988,142.36808506979307,286.0305936403245,286.2153037574345,286.289521680758,287.5232854007104,,,,,288.1265817036909
1398,138.430568788816,139.27936278692746,140.57547095926088,282.9752091908266,283.6351089374743,283.6351089374743,286.4741578740965,,,,,288.3840899018647
1425,141.27788418547544,141.87939150459746,142.71815159212292,286.46657026688285,286.702256068027,287.0821700256987,287.81236102439857,,,,,288.5267216200672
1420,140.98888448257844,141.53817398942005,142.59856920533213,286.2739557932385,286.4986134148797,286.84978968931944,287.14469267457815,,,,,288.8557776529314
1409,139.70930760378897,140.22599229992372,141.4708609636113,284.38955795053687,287.4121162118829,287.67390014733667,288.4676242333057,,,,,288.96991971238685
1414,140.26078692721399,140.88284833647975,141.9193132411511,285.485968883295,285.71615936343613,285.71615936343613,287.2014551971251,,,,,288.98334835280224
1433,142.19299813586383,142.77929493985292,143.52023774459866,287.88533559838714,287.92958363241036,288.31453378175536,288.32408767169983,,,,,289.22818745837935
1399,138.4434617203807,139.30827453848383,140.15102181191847,281.9208278325483,284.15187114316086,284.15187114316086,288.31453378175536,,,,,289.24034371019974
1410,139.8023926281455,140.40117176956238,141.7285496645733,285.1462578832159,285.485968883295,285.485968883295,288.6540129034618,,,,,289.2570952081115
1423,141.0968571657075,141.7285496645733,143.15596473461403,287.2126085918251,287.3973711491597,287.5232854007104,288.7218942263491,,,,,289.3124519988509
1421,141.0019784221736,141.62454329110898,142.78258218694617,286.702256068027,287.6828339163012,287.71331982267867,288.5197629043294,,,,,289.31557280691544
1426,141.44292770833357,141.9193132411511,143.04574806641793,286.80937927187153,287.2126085918251,287.2126085918251,288.4380814721938,,,,,289.46409134183205
1424,141.24960785847452,141.8365980207646,142.41652814927127,286.2153037574345,286.46657026688285,286.8155248370376,287.71331982267867,,,,,289.635057074512
1432,142.16135451243758,142.71815159212292,143.6225710315051,288.0120483843512,288.1983274490628,288.4380814721938,288.47212732138433,,,,,289.6374426952793
1428,141.64740654698113,142.32674580291143,143.20868189702685,287.3973711491597,288.0120483843512,288.32408767169983,288.9793176706546,,,,,289.78238292031926
1412,140.18971898138096,140.57547095926088,141.72553938648622,285.1340293913248,285.60654170923425,285.60654170923425,288.9283396964001,,,,,289.7878366882119
1430,142.12909167775135,142.41652814927127,143.1858132576057,287.29969418177643,288.8436380863683,288.8436380863683,289.2716928113968,,,,,289.8493906186866
1431,142.13369472320102,142.59856920533213,143.32938646572748,287.4121162118829,287.88533559838714,287.88533559838714,288.86903876523456,,,,,290.11631923411403
1405,138.9723750331298,139.75536030556717,140.88284833647975,283.257486329252,284.45686890502924,284.45686890502924,289.7065774168888,,,,,290.2540929039235
1427,141.62794241071617,142.20951075013713,143.33985098808785,287.6828339163012,289.1997820074094,289.1997820074094,289.6361860727831,,,,,290.4429667266038
1439,142.45511151839094,143.32938646572748,144.25208979752767,288.88198781873643,289.8772220674516,289.8772220674516,289.9166763038173,,,,,290.45832819629595
1418,140.6266699216862,141.17198974371726,141.87939150459746,285.43583314299,289.3537998323567,289.3537998323567,290.1746507957719,,,,,290.78715186960693
1436,142.29498258540096,143.15596473461403,144.00791603332158,288.79265876314594,288.88198781873643,288.88198781873643,290.6852120422885,,,,,291.3420391985094
1435,142.28395313804384,143.04574806641793,144.31663729464793,289.1997820074094,289.5525182719784,289.5525182719784,290.76722202093356,,,,,291.3594419748501
1422,141.01438202887107,141.72553938648622,142.77929493985292,286.4986134148797,287.29969418177643,287.29969418177643,290.4759188907936,,,,,291.75557430764394
1441,142.70765506394628,143.52023774459866,144.60682392347124,291.03359500101425,291.1587434207668,291.1587434207668,291.24955307830317,,,,,291.89056391650524
1440,142.62063633661717,143.33985098808785,144.5984570047622,290.83330196505636,291.03359500101425,291.03359500101425,291.31888666270714,,,,,292.1280619616569
1429,142.12296060140267,142.36808506979307,143.5316326345286,287.92958363241036,291.1055135216995,291.1055135216995,291.2044221238998,,,,,292.4501235266008
1434,142.22279720574122,142.78258218694617,143.90307705821218,288.1983274490628,288.6817692342394,288.6817692342394,290.48861181271553,,,,,292.50805518720443
1444,142.9869598192923,143.90307705821218,144.5120894325582,289.5525182719784,291.2040508971953,291.2040508971953,291.94423021787344,,,,,292.8759208406615
1438,142.4146505470989,143.20868189702685,144.11968310860112,288.8436380863683,291.9560722787074,291.9560722787074,292.14728144563253,,,,,292.98764592418644
1437,142.374491217465,143.1858132576057,143.956873686106,288.6817692342394,288.79265876314594,288.79265876314594,290.47318661174984,,,,,293.0880517130769
1445,143.249385729075,143.956873686106,144.51864336390975,289.8772220674516,290.83330196505636,290.83330196505636,290.98480544940116,,,290.98480544940116,293.98092575553954,293.98092575553954
1446,143.39658368653852,144.00791603332158,144.90036661715473,291.1055135216995,291.6056634260529,291.6056634260529,293.4888923318906,,,,,294.1577046295439
1443,142.8518439733464,143.6225710315051,144.54489744552384,290.022801198343,292.1611562046121,292.1611562046121,292.2301774557463,,,,,294.23116143405883
1455,143.9249616311747,144.60682392347124,145.9125731377158,293.27425185822483,293.61523516903657,293.61523516903657,293.9145385666633,,,,,294.45382168251996
1448,143.55997691682708,144.25208979752767,145.05290356297945,291.1587434207668,291.6428247439583,291.6428247439583,293.77530829714385,,,,,294.51575832378325
1450,143.61838990119966,144.35680709462454,145.10479223112236,291.2040508971953,293.5845609019362,293.5845609019362,294.1437440356554,,,,,294.7559224210143
1447,143.47566328813812,144.11968310860112,145.3185903636383,291.6428247439583,293.27425185822483,293.27425185822483,293.8554624221698,,,,,294.8625153137904
1461,144.30866152650972,145.4304085483336,146.20374856371487,293.61523516903657,294.48217472763025,294.48217472763025,294.63654950696974,,,,,295.3734230742517
1454,143.90748353938892,144.5984570047622,145.49977067679964,291.9560722787074,293.40532573884803,293.40532573884803,293.9698162939397,,,,,295.6343470526327
1463,144.4058521303579,145.49977067679964,146.33508353284898,294.48217472763025,294.89419927797707,294.89419927797707,295.3843019062361,,,,,296.15070812587936
1452,143.7392235640915,144.51864336390975,145.4304085483336,291.66840280210505,291.8469565475978,291.8469565475978,292.4927241087876,,,292.4927241087876,296.47928682028703,296.47928682028703
1464,144.57132081192617,145.57297878679918,146.54136930028093,295.1203413788671,295.55353574808345,295.55353574808345,296.1533331897963,,,,,296.8873127668266
1442,142.79912455031575,143.5316326345286,144.35680709462454,289.3537998323567,290.022801198343,290.022801198343,290.9938005781789,,,290.9938005781789,297.0977979577864,297.0977979577864
1471,145.45684521712852,146.4676303328805,147.3182367413263,297.2885203781965,297.33904903541276,297.34127353794827,297.4144850929673,,,,,297.9393497796321
1460,144.17817860126624,145.3185903636383,146.52214795320592,295.11320505153,295.3794650431134,295.3794650431134,297.6771221938196,,,,,298.29563693436353
1465,144.67688125862793,145.9125731377158,147.212293925782,296.8519040523558,297.2885203781965,297.2885203781965,297.50683605081645,,,,,298.30261310703946
1449,143.61023418764205,144.31663729464793,145.29401671997468,291.6056634260529,291.66840280210505,291.66840280210505,292.124965977108,,,292.124965977108,298.4572381232427,298.4572381232427
1459,144.12870435697963,145.29401671997468,146.2593001266074,294.2206489414639,295.6094217163229,295.6094217163229,297.2673758716469,,,,,298.4726555786071
1451,143.68568391251796,144.5120894325582,145.4958241049332,291.8469565475978,295.81563935555766,296.1533331897963,296.8397741836534,,,,,298.56962537978757
1458,144.12672025703364,145.10479223112236,146.0406401139363,293.5845609019362,295.11320505153,295.11320505153,297.2749773120027,,,,,298.83402738228045
1467,144.7843697836209,146.0406401139363,146.80955222517736,295.55353574808345,296.4542859186403,296.47928682028703,297.34127353794827,,,,,298.9355597835685
1468,144.80421643831878,146.20374856371487,147.18266251146898,295.81563935555766,296.8519040523558,296.8519040523558,298.1016398042064,,,,,299.10687867145185
1473,145.76822320222215,146.54136930028093,147.29092695698495,297.13885561049733,297.40585349398015,297.50683605081645,298.5036725798386,,,,,299.1790667607439
1477,146.04727860377542,147.03734061559712,148.02887468782103,297.40585349398015,297.7160612541351,297.7160612541351,297.85796224758246,,,,,299.52815059189817
1466,144.76592155580255,145.94474155357545,146.75610587784095,295.4324376450141,297.13885561049733,297.13885561049733,298.37709105650754,,,,,299.5929027784977
1470,145.34413091657615,146.33508353284898,147.03734061559712,295.6094217163229,297.3339650715938,297.3339650715938,299.23247024855726,,,,,299.75347765572707
1453,143.88897602462367,144.54489744552384,145.57297878679918,292.1611562046121,294.2206489414639,294.2206489414639,298.4144130537879,,,,,300.0074961930388
1480,146.2718988459434,147.212293925782,148.04169153815022,297.7160612541351,299.18990605776946,299.18990605776946,299.2818414710421,,,,,300.19883780687053
1479,146.2510619819613,147.21156550188388,148.0828032648273,298.8369626752517,299.41232278339083,299.41232278339083,299.7812528662858,,,,,300.4770284928335
1472,145.47987079365114,146.52214795320592,147.21156550188388,296.4542859186403,299.425648370799,299.425648370799,299.77701164815255,,,,,300.5509733369086
1474,145.84540842898858,146.57479650815472,147.6154174452998,297.33904903541276,297.93066898038546,297.93066898038546,299.5071805815493,,,,,300.75406776071964
1462,144.3878818955013,145.4958241049332,146.57479650815472,295.3794650431134,298.8369626752517,298.8369626752517,300.179783073367,,,,,300.81165736264654
1476,146.02029714297578,146.80955222517736,148.05719724924646,298.53110063724034,298.93576931677484,298.93576931677484,300.3190150927027,,,,,300.8701954022212
1488,147.12156105533504,148.05343192529975,149.13651533955846,299.60317145052255,300.03685337421393,300.03685337421393,300.14321572148486,,,,,300.8849469141512
1456,144.04945933545784,144.90036661715473,145.94474155357545,293.40532573884803,295.4324376450141,295.4324376450141,295.68113462556835,,,295.68113462556835,301.12800231337224,301.12800231337224
1457,144.07485978633764,145.05290356297945,146.4676303328805,294.89419927797707,295.1203413788671,295.1203413788671,298.6736532956385,,,,,301.29841169460116
1489,147.26567093398185,148.05719724924646,149.0005233649048,299.48842916439196,299.59324932787456,299.59324932787456,300.7739259187072,,,,,301.3373118980586
1482,146.39638184970613,147.3182367413263,148.42956422638153,299.18990605776946,299.60317145052255,299.60317145052255,300.9158899009573,,,,,301.44585897007494
1475,145.8592399559438,146.75610587784095,147.9972026860663,297.3522278149339,298.53110063724034,298.53110063724034,300.68363088667746,,,,,301.45535121203943
1492,147.62043577817295,148.42956422638153,149.28327411462027,300.21744119330447,300.2636305909632,300.2636305909632,300.6182014689108,,,,,301.49953146309934
1483,146.4447197670797,147.45310376700832,148.80370141753428,299.425648370799,300.60453099713055,300.60453099713055,300.74431667234705,,,,,301.6750720213575
1486,146.96428408159954,148.02887468782103,149.31248546186023,300.2636305909632,300.7684545599065,300.7684545599065,300.9517489908721,,,,,302.02802558885185
1484,146.6082091194129,147.6154174452998,148.44193502222623,299.41232278339083,300.21744119330447,300.21744119330447,300.95199875620744,,,,,302.1506034536187
1490,147.41387872112625,148.0828032648273,149.51302788187274,300.81983830607504,300.9609063096099,300.9609063096099,302.00254690225154,,,,,302.5027710694865
1485,146.68394441305108,147.9972026860663,149.1137614017206,299.59324932787456,300.81983830607504,300.81983830607504,301.3243472463997,,,,,302.5395828790267
1487,147.00719748411385,148.04169153815022,149.3766665191672,300.2844688453023,301.4341383120707,301.4341383120707,301.95403490421273,,,,,302.6758821956995
1478,146.20010078485691,147.18266251146898,148.05343192529975,297.93066898038546,299.48842916439196,299.48842916439196,299.65250431335346,,,299.65250431335346,302.7498525388115,302.7498525388115
1481,146.29002691883596,147.29092695698495,148.2112972758689,298.93576931677484,300.2844688453023,300.2844688453023,301.6187241197256,,,,,302.99736349430754
1499,147.72409386547653,149.28327411462027,149.80649049824876,301.36252671333244,302.19012584621584,302.19012584621584,302.3685816954325,,,,,303.10362105438605
1494,147.66432483978355,148.80370141753428,149.65270217355902,300.9609063096099,302.06472771777914,302.06472771777914,302.9547687428853,,,,,303.4934168235984
1503,148.1533851896779,149.50306576322785,150.25665218984187,302.19012584621584,302.5614103843858,302.5614103843858,302.85824486109675,,,,,303.526097244035
1469,144.91145502082645,146.2593001266074,147.45310376700832,297.3339650715938,297.3522278149339,297.4144850929673,298.3849388708898,,,298.3849388708898,303.6166614925351,303.6166614925351
1493,147.65194042619365,148.44193502222623,149.44694291175142,300.60453099713055,302.10025791770323,302.10025791770323,302.1766300640529,,,,,303.67333135645265
1496,147.68346212607904,149.1137614017206,150.43540807601923,302.825823245132,302.993793848002,302.993793848002,303.07107158933843,,,,,303.7304281542052
1491,147.4763206887952,148.2112972758689,149.17932274948868,300.03685337421393,302.83243607030624,302.83243607030624,303.4580362083357,,,,,304.0553890318844
1495,147.68018731445915,149.0005233649048,149.50306576322785,300.7684545599065,301.36252671333244,301.36252671333244,303.50726821280614,,,,,304.19289580470274
1504,148.2224125220257,149.51302788187274,150.35301477636963,302.2033690862373,302.9526897285822,302.9526897285822,303.401798641163,,,,,304.3254246822667
1501,147.85387069273824,149.3766665191672,150.0978782591779,302.06472771777914,302.825823245132,302.825823245132,304.1100272134765,,,,,304.7920775826222
1505,148.43878966794526,149.65270217355902,150.46453608199354,302.83243607030624,303.2098913132205,303.2098913132205,303.3178307115201,,,,,304.8444452800998
1507,148.56452306740655,150.08082903056598,150.75029423196534,303.2098913132205,303.6968976235163,303.6968976235163,304.3398785210614,,,,,304.8646799884164
1508,148.60074199627385,150.0978782591779,151.11929253644684,303.5974987057527,304.01609747121176,304.01609747121176,304.14849423717254,,,,,305.1627629281614
1500,147.8030742524359,149.31248546186023,150.08082903056598,301.4341383120707,303.5974987057527,303.5974987057527,304.64281732316596,,,,,305.45723574682216
1502,147.98530550054892,149.44694291175142,150.47547221814682,302.9526897285822,304.24356459555105,304.24356459555105,304.38875128748924,,,,,305.7300617813294
1514,149.28317408231638,150.46453608199354,151.3075814025391,304.01609747121176,304.3961034609274,304.3961034609274,304.94430923815753,,,,,305.7908748549497
1509,148.60238183557374,150.21839871367018,151.1322566259888,303.6968976235163,303.9498224641408,303.9498224641408,305.2179247406283,,,,,306.24021746828174
1513,149.1167476958603,150.43540807601923,151.15546284726764,303.9498224641408,305.6072580922577,305.6072580922577,306.3690867532537,,,,,307.1005076019943
1516,149.50781462358202,150.6913558654658,151.7543006287163,304.9764507255698,306.4402051777055,306.4402051777055,306.68380236639643,,,,,307.3942147599211
1511,148.90374396095066,150.35301477636963,151.51727426607397,304.3961034609274,304.674421597017,304.674421597017,306.9612215749312,,,,,307.5651736671717
1506,148.541928236899,149.80649049824876,150.6913558654658,302.993793848002,306.54845321206216,306.54845321206216,306.8222685912471,,,,,307.83139559173964
1512,148.95079749985408,150.41193818580018,151.75178439791873,304.9239484021869,304.9764507255698,304.9764507255698,305.546284059794,,,,,307.9269903353548
1517,149.5635205078591,150.75029423196534,151.7635857187386,305.52823057682537,306.8027542198125,306.8027542198125,307.44971795397527,,,,,307.9894486405172
1498,147.72395176480842,149.17932274948868,150.41193818580018,302.5614103843858,305.52823057682537,305.52823057682537,306.323920604812,,,,,308.0535535737656
1515,149.335045969828,150.47547221814682,151.53792284298015,304.674421597017,304.9239484021869,304.9239484021869,305.05377443473765,,,305.05377443473765,308.09775429606685,308.09775429606685
1531,151.37539696779353,152.12480467425797,152.86245603880081,307.1536174708331,307.49519967215804,307.49519967215804,307.6376100358977,,,,,308.1773977573254
1510,148.7925499284287,150.25665218984187,151.32430016861278,304.24356459555105,306.37019851963237,306.37019851963237,307.615837728013,,,,,308.48806426677794
1529,150.93489289500246,152.04053550676082,152.7251121995785,306.9692931873118,306.99756726488664,306.99756726488664,307.50691031061035,,,,,308.62736371622543
1518,149.70613500909496,151.11929253644684,152.24614821119295,306.8027542198125,306.9692931873118,306.9692931873118,307.551943230557,,,,,308.6724119211751
1521,150.13127288013774,151.3075814025391,152.1120321707389,306.4402051777055,307.3252629618427,307.3252629618427,308.02548324714473,,,,,308.89250968580114
1520,150.1035541116445,151.15546284726764,152.04053550676082,306.37019851963237,307.1536174708331,307.1536174708331,308.514360038791,,,,,309.0782216240083
1497,147.68470848139003,149.13651533955846,150.21839871367018,302.10025791770323,302.2033690862373,302.2033690862373,303.35921997355877,,,303.35921997355877,309.50560438137455,309.50560438137455
1532,151.46338309972234,152.24614821119295,153.107789961758,308.48458220470843,308.64350465967925,308.64350465967925,308.98590216733356,,,,,309.699648327378
1527,150.62246274355985,151.7635857187386,152.91157348825848,307.3252629618427,308.82404492367505,308.82404492367505,308.92028342870975,,,,,309.899544805012
1523,150.2521647645265,151.51727426607397,153.01325607800564,307.49519967215804,307.78686964553395,307.78686964553395,309.5352990562984,,,,,310.0723469890834
1522,150.19320395217088,151.32430016861278,151.93820283554038,305.6072580922577,307.51818682989375,307.51818682989375,309.8823399725178,,,,,310.6761875015064
1526,150.52769955035413,151.7543006287163,152.84454621175706,306.99756726488664,308.48458220470843,308.48458220470843,310.4197438952841,,,,,310.948854385089
1538,152.03070290139618,152.93433234472647,153.70078227812274,308.83224543892413,310.4539317742529,310.4539317742529,310.770118141146,,,,,311.2886300405367
1536,151.85061963663952,152.86245603880081,153.8195492987884,309.8597245925679,310.1708974615357,310.1708974615357,310.68645696445725,,,,,311.51573264802107
1534,151.65339197907767,152.7251121995785,153.8110938137127,309.41123624059094,309.93137895370944,309.93137895370944,310.0333518586062,,,,,311.6363961884527
1530,150.9947406125006,152.1120321707389,152.93433234472647,307.35491833652213,309.41123624059094,309.41123624059094,311.3698772732334,,,,,311.9407600244344
1537,151.85079885319644,152.91157348825848,153.83691630803472,309.93137895370944,311.1455829982883,311.1455829982883,311.2835031399779,,,,,311.9576540471902
1525,150.39315893358764,151.75178439791873,153.03418891558522,307.51818682989375,309.8597245925679,309.8597245925679,310.38837364227703,,,,,312.0207414334708
1550,153.83021819651205,153.9133382689957,154.64474751922464,311.7277050824824,311.90483196408906,311.90483196408906,311.9714800832952,,,,,312.57564594214784
1545,153.07463659689222,153.70078227812274,154.4214961465771,310.9268101789387,311.7277050824824,311.7277050824824,312.0185686388034,,,,,312.58104945606897
1519,149.8172923473061,151.1322566259888,152.12480467425797,306.54845321206216,306.85138078883165,306.85138078883165,307.01553734569814,,,307.01553734569814,312.73289695080103,312.73289695080103
1541,152.38902485289114,153.0757045972045,154.05681307005293,310.4894994555529,310.58998832880286,310.58998832880286,311.67570413754333,,,,,312.77887636078674
1539,152.27661483881988,153.01325607800564,153.9133382689957,310.4539317742529,311.48589456363305,311.48589456363305,312.15678526473,,,,,312.78657544071234
1533,151.47762517760142,152.30241028091845,153.60572811594122,308.64350465967925,308.83224543892413,308.83224543892413,310.6217629602098,,,,,312.8509175660696
1524,150.2797491401979,151.53792284298015,152.30241028091845,306.85138078883165,307.35491833652213,307.35491833652213,307.4577836004121,,,307.4577836004121,312.925801113315,312.925801113315
1548,153.61520807789313,153.83691630803472,154.57694105185257,311.48589456363305,311.8332966324285,311.8332966324285,312.4975979486283,,,,,313.18477518043244
1540,152.32205435164633,153.03418891558522,153.86917548334944,310.1708974615357,310.4894994555529,310.4894994555529,312.5891950934068,,,,,313.2932742000079
1542,152.4514736139486,153.107789961758,154.19383945464205,310.58998832880286,311.8982009978749,311.8982009978749,311.955922105191,,,,,313.6399321754437
1544,152.63334765107084,153.68128760775946,154.8383236095378,311.8982009978749,312.8252862541026,312.8252862541026,312.8270031619284,,,,,313.67387969748245
1547,153.25356932202115,153.8195492987884,154.8223215014146,311.8332966324285,312.88500590626876,312.88500590626876,313.3413281322423,,,,,313.96738054281604
1554,154.12686972885166,154.53559615765488,155.37664902611976,313.11034634457843,313.12125660484145,313.12125660484145,313.6363443408953,,,,,314.38936245503
1553,154.08988547360713,154.4214961465771,155.54189625874787,313.12125660484145,314.1869364517458,314.1869364517458,314.30687283608864,,,,,315.1586987025069
1555,154.2060199134319,154.57694105185257,155.62502956891908,313.70427920154964,314.0131178023373,314.0131178023373,314.387044784658,,,,,315.30108309262886
1549,153.81471451132185,153.86917548334944,154.8959754840737,312.8252862541026,314.2718191087985,314.2718191087985,315.1514190687679,,,,,316.1936962250296
1556,154.29050674808872,154.64474751922464,155.78106323963036,314.0131178023373,314.6781683963694,314.6781683963694,315.48167240172813,,,,,316.24568466402224
1535,151.80681488676018,152.84454621175706,153.68128760775946,308.82404492367505,310.9268101789387,310.9268101789387,313.22251977366165,,,,,316.49198439941273
1559,154.61363711588245,154.85770019400874,155.99830496144503,314.2718191087985,315.67964583597393,315.67964583597393,316.2972467198429,,,,,317.0272366290934
1551,153.83489278714373,154.05681307005293,155.00616559838704,312.88500590626876,313.70427920154964,313.70427920154964,316.76281396363055,,,,,317.31332646315724
1552,153.9732197085309,154.19383945464205,155.3362680190112,312.89799053030424,315.05064089597886,315.05064089597886,316.68454737467965,,,,,317.386164818323
1562,154.7275573099746,155.3362680190112,156.51753371778946,316.0219141429079,316.72167669553767,316.72167669553767,316.7974855624928,,,,,317.4468732609666
1565,155.02576313533044,155.62502956891908,156.7648722542151,316.6452215845761,316.97677637272966,316.97677637272966,317.54527729705086,,,,,318.0550186503328
1564,154.87305586496944,155.54189625874787,156.52960033377502,316.09281829834777,316.9099232172898,316.9099232172898,317.19093671132464,,,,,318.14743449388277
1543,152.46499846296976,153.60572811594122,154.53559615765488,311.1455829982883,316.09281829834777,316.09281829834777,317.31918574762733,,,,,318.1572120511641
1572,156.153949951391,156.17742570477625,156.91667990785265,316.8572799723764,317.6499259541309,317.6499259541309,317.69213258259833,,,,,318.2400924727287
1563,154.8689523093932,155.37664902611976,156.17742570477625,315.67964583597393,317.0199270584242,317.19093671132464,317.2713675294441,,,,,318.4593495863727
1561,154.661034848521,155.00616559838704,156.11382024043388,315.5659046481661,316.0219141429079,316.0219141429079,317.57141038788626,,,,,318.77945897936956
1575,156.6011821077451,156.7448304820349,157.64978008250677,317.3633334678081,317.41420967872176,317.4674073157488,317.95201566498736,,,,,318.83221516282237
1573,156.1968444703921,156.51753371778946,157.6911534614703,317.41420967872176,317.55928890268984,317.57141038788626,317.6212731424365,,,,,318.8421845000414
1569,155.53357716396835,156.0076528915369,156.9295161002737,316.9099232172898,317.21799647287526,317.2713675294441,317.88892425226925,,,,,318.9124300860005
1546,153.16950317680863,153.8110938137127,154.85770019400874,311.90483196408906,313.11034634457843,313.11034634457843,314.371298683901,,,314.371298683901,318.9808645684202,318.9808645684202
1528,150.86560543989597,151.93820283554038,153.0757045972045,307.78686964553395,312.89799053030424,312.89799053030424,317.4674073157488,,,,,319.0008072901603
1558,154.5360181241361,154.8383236095378,155.89329256489776,314.1869364517458,315.5659046481661,315.5659046481661,318.6016483199532,,,,,319.1357905689993
1567,155.2870642058301,155.89329256489776,157.0082729750717,316.97677637272966,317.7880992437014,317.7880992437014,318.0336509538805,,,,,319.19257917049663
1574,156.3552728126232,156.52960033377502,157.69575549496858,317.5155015406844,318.3021625068243,318.3021625068243,318.42336133595126,,,,,319.3577185790634
1576,156.76181249228603,156.7648722542151,158.09686528850443,317.7880992437014,317.8176433819422,317.88892425226925,318.7090679892841,,,,,319.52312856468757
1557,154.3688960913823,154.8223215014146,156.0181968598837,315.05064089597886,316.8572799723764,316.8572799723764,318.087683927745,,,,,319.52564499330373
1560,154.65392268860487,154.8959754840737,156.0076528915369,314.6781683963694,316.4850080605846,316.4850080605846,318.7866445497707,,,,,319.6457790947328
1568,155.4067763578382,155.99830496144503,157.11769678477972,317.0199270584242,317.5155015406844,317.54527729705086,318.4578391957361,,,,,319.9672804943882
1571,156.09726224576005,156.11382024043388,157.3675629283053,317.21799647287526,317.3633334678081,317.3633334678081,319.3891260730153,,,,,320.05582037292396
1566,155.22539159976213,155.78106323963036,156.7448304820349,316.4850080605846,316.6452215845761,316.6452215845761,319.35442403879824,,,,,320.180746634544
1581,157.33361968099945,157.33361968099945,158.29543512659689,318.3021625068243,318.70188131302257,318.70188131302257,319.40170132198455,,,,,320.20423431313793
1577,157.04790659926354,157.04790659926354,157.9376530611102,317.6499259541309,317.91008241181083,317.95201566498736,320.0730242053267,,,,,320.7402888610978
1579,157.27649467703912,157.27649467703912,158.29157239089676,317.91008241181083,318.64334758330386,318.64334758330386,320.3580734950348,,,,,320.86802347620954
1578,157.18784852879574,157.18784852879574,157.9051297916306,317.55928890268984,318.5297297978213,318.5297297978213,319.91081699392305,,,,,321.2995482101183
1583,157.4153777282557,157.64978008250677,158.4132719227595,318.5297297978213,320.0306969652155,320.0306969652155,320.7482287075297,,,,,321.30874806646665
1585,157.69281687886385,157.69575549496858,158.4987718648762,318.5442786017723,319.5397055604297,319.5397055604297,319.8531962030276,,,,,321.547459956899
1582,157.34080449968204,157.3675629283053,158.52999836240883,318.64334758330386,319.66784495524473,319.66784495524473,319.97606878807477,,,,,321.82067633643186
1588,157.8745494838587,158.09686528850443,159.41449501402894,320.10938260077444,320.60556612003955,320.60556612003955,321.04671677654704,,,,,321.86171691572423
1580,157.3201580716909,157.3201580716909,158.25860448702906,317.8176433819422,320.4340848030823,320.4340848030823,321.1776834292365,,,,,321.88540260617305
1586,157.6941029123453,157.9051297916306,158.85963390839635,319.5397055604297,320.10938260077444,320.10938260077444,321.70739130708137,,,,,322.2389075591668
1584,157.62672563324878,157.6911534614703,158.69420585863836,318.70188131302257,319.3278053400843,319.3278053400843,321.2502150431905,,,,,322.29203332454347
1591,158.24562862388586,158.29543512659689,159.32037675491662,319.66784495524473,321.5214621564811,321.5214621564811,321.68017522592777,,,,,322.4026381657116
1594,158.55020021815375,158.55020021815375,159.778517328644,320.73620324816744,321.29167132851353,321.29167132851353,321.43773782281806,,,,,322.51863373789405
1590,158.23036923162098,158.29157239089676,159.43011570929283,320.181570733149,320.4556096085151,320.4556096085151,321.2945897853506,,,,,322.75761286858744
1605,159.7168668335693,159.778517328644,160.67591048484994,321.9158058728539,322.00813991931756,322.00813991931756,322.2298307055569,,,,,322.93553099766626
1593,158.45244912510066,158.4987718648762,159.70074336957424,320.60556612003955,320.7826786212219,320.7826786212219,321.84191945173944,,,,,322.93847607817867
1570,155.85076437167675,156.0181968598837,156.8522100923297,316.72167669553767,318.5442786017723,318.5442786017723,321.8477382178379,,,,,323.2054120919462
1597,158.61097678156537,158.85963390839635,159.78097253417656,320.7826786212219,321.9946421830677,321.9946421830677,322.07340309487574,,,,,323.30945326113584
1595,158.58395091861018,158.69420585863836,159.78495348865053,321.29167132851353,321.5109285871798,321.5109285871798,321.8602426426086,,,,,323.49142413813604
1596,158.60470838601918,158.76145043342356,159.632921891666,320.4340848030823,321.2999166799739,321.2999166799739,321.7234931097424,,,,,323.50169866308306
1592,158.3581151703853,158.4132719227595,159.63687222582703,320.4556096085151,320.73620324816744,320.73620324816744,322.8844601060775,,,,,323.51084393637126
1601,159.25501512090358,159.43011570929283,160.31631255918617,321.5109285871798,322.1371569046847,322.1371569046847,322.8234266465384,,,,,323.71435738372435
1600,159.0405669790795,159.41449501402894,160.42481318235147,321.7769357525149,321.85270540559287,321.85270540559287,323.14066152272585,,,,,323.7306607361952
1599,158.96421919721263,159.3911923466397,160.31934540050258,321.5214621564811,321.9158058728539,321.9158058728539,322.96004211238966,,,,,323.7328583688905
1598,158.65178847616355,159.32037675491662,160.07411531622657,321.2999166799739,322.61850549262203,322.61850549262203,323.02683058590503,,,,,323.8326519467352
1606,159.8922031961073,159.8922031961073,160.9070075023267,322.00813991931756,322.2136392317019,322.2136392317019,322.43994117891464,,,,,323.85862264925504
1613,160.50784482369022,160.67591048484994,161.73754236096545,322.76586449514986,322.86899353220787,322.96004211238966,323.4248594128882,,,,,324.01843420831807
1621,161.03945979279976,161.44497997223982,162.37980444119538,323.1983959364089,323.21034863286707,323.45946414920087,323.59519410853585,,,,,324.2123019932238
1614,160.6042011637676,160.7329665933235,161.61810942183095,322.61850549262203,323.11382579921485,323.24425440283613,323.52220949716906,,,,,324.2851054080457
1589,158.1228123500853,158.25860448702906,159.3911923466397,320.0306969652155,320.181570733149,320.181570733149,321.86491438359224,,,,,324.30203258293363
1603,159.51506876282053,159.63687222582703,160.97040999500567,322.1371569046847,322.5002463174817,322.5002463174817,322.7432368076176,,,,,324.38165634969084
1611,160.45238095639291,160.45238095639291,161.1993214321688,322.30632509889233,322.8565775483996,322.8844601060775,323.24425440283613,,,,,324.3901468675175
1587,157.81614654137758,157.9376530611102,158.76145043342356,319.3278053400843,321.7769357525149,321.7769357525149,323.7850004845885,,,,,324.4114294921226
1609,160.3194877033891,160.3194877033891,161.4017945283293,322.42598655485085,322.93061273569595,323.02683058590503,323.73357634763414,,,,,324.7726309471728
1617,160.87922603125443,161.12246435376818,162.13214902115763,322.93061273569595,323.07182782446404,323.14066152272585,323.45946414920087,,,,,324.8907429778702
1604,159.68802223717398,159.70074336957424,161.14824800663635,322.26029605285345,322.76586449514986,322.8234266465384,323.5096681837638,,,,,324.93786332633954
1622,161.04293990922136,161.61810942183095,162.44119873699017,323.21034863286707,323.415323810349,323.5096681837638,324.24173955688076,,,,,324.9990533121746
1625,161.29638557394168,161.80682085179888,162.57641146174396,323.71151253640386,323.8185580423358,323.8185580423358,324.23368683684515,,,,,325.12491123062114
1618,160.9159589176267,161.14824800663635,162.203002852553,323.07182782446404,323.1983959364089,323.4248594128882,323.6010438494272,,,,,325.3466481975026
1619,160.9465043031947,161.1993214321688,162.35837250340953,323.11382579921485,323.71151253640386,323.71151253640386,323.92399093256773,,,,,325.3564002754499
1608,160.07342770906834,160.07411531622657,161.44497997223982,322.5002463174817,322.71395543747633,322.7432368076176,324.6163960676639,,,,,325.40489250958115
1610,160.3579603203214,160.3579603203214,161.12246435376818,322.2136392317019,322.26029605285345,322.26029605285345,323.53213203042117,,,,,325.5562818619726
1629,162.0605160494819,162.35837250340953,163.18587751117914,324.20494126786707,324.57768552645194,324.57768552645194,324.73937150620117,,,,,325.68470876802996
1623,161.23521188623977,161.7014307392925,162.96671937210778,324.00320699937635,324.20494126786707,324.20494126786707,325.31519093180236,,,,,325.9912052148165
1607,159.9028371922259,159.9028371922259,160.64993637492833,321.85270540559287,322.42598655485085,322.42598655485085,324.004455981132,,,,,326.20782135774004
1626,161.73898159728103,162.0073127880117,162.8162614123827,323.8185580423358,323.9069306688096,323.9069306688096,326.0795579105618,,,,,326.6891037001878
1615,160.64133684303957,160.9070075023267,161.80682085179888,322.8565775483996,324.00320699937635,324.00320699937635,325.3782888446248,,,,,326.8982361459108
1624,161.2879913872889,161.73754236096545,162.8699341980722,323.85545879838736,325.70143725123035,325.70143725123035,326.3255369753292,,,,,326.9923359494054
1631,162.328270956729,162.44119873699017,163.63801633212526,325.1663955598626,325.5424313542645,325.5424313542645,326.5457141136407,,,,,327.124431431982
1620,161.00520623426485,161.4017945283293,162.51812744404924,323.415323810349,325.00917450056284,325.00917450056284,326.2398940089032,,,,,327.2954738774972
1616,160.76984525599678,160.97040999500567,162.0073127880117,322.86899353220787,324.70460729928914,324.70460729928914,326.29313431344667,,,,,327.41752953508797
1633,162.67197452763955,162.67197452763955,163.85892628092947,325.5424313542645,326.7251513526805,326.7251513526805,326.82147987159345,,,,,327.62356190295503
1638,162.96031605545704,163.18587751117914,164.17730891468025,326.6571264547924,326.6743163009657,326.6743163009657,327.079416073336,,,,,327.7284232642566
1637,162.91689361645362,162.96671937210778,164.0182687366141,326.4643122575979,326.8220827861934,326.8220827861934,327.0121834120504,,,,,327.8380487370403
1632,162.56443711247044,162.56443711247044,163.53688485360163,325.00917450056284,327.1721637342471,327.1721637342471,327.25076308390555,,,,,327.92511169567524
1640,163.1382011063091,163.49676876344458,164.4809963212228,326.7251513526805,326.8813573676162,326.8813573676162,327.20087091924154,,,,,327.9815813941598
1644,163.35561355618208,163.88897526284998,164.6135951573961,326.8813573676162,326.89308094349815,326.89308094349815,327.5205849226209,,,,,328.0217085566084
1627,161.9620674983957,162.13214902115763,163.49676876344458,324.70460729928914,325.1663955598626,325.1663955598626,326.68056488844826,,,,,328.26046731272226
1648,163.46998644965765,164.17730891468025,164.99609397931508,327.505649059437,327.6377484993854,327.6377484993854,327.71494139595563,,,,,328.53229249409014
1630,162.10116531309677,162.37980444119538,163.47467049810552,324.57768552645194,326.4643122575979,326.4643122575979,327.71108539049237,,,,,328.5716664742255
1602,159.36694645545944,159.632921891666,160.7329665933235,321.9946421830677,322.30632509889233,322.30632509889233,322.44181443972866,,,322.44181443972866,328.6518673337442,328.6518673337442
1639,163.0881028752298,163.47467049810552,164.916338650826,327.1721637342471,327.867006807411,327.867006807411,327.8897712285922,,,,,328.87760652939534
1643,163.34497483952674,163.85892628092947,164.93244825042186,327.49831123441743,327.505649059437,327.505649059437,328.05547859302317,,,,,329.10545682353836
1656,165.04903617572765,165.04903617572765,166.0353817464236,328.18563947490446,328.20599998449535,328.6518673337442,328.6839822502814,,,,,329.2096095477701
1646,163.45136731407604,163.974845323683,164.8312651746408,326.91191032032344,327.2881399451287,327.2881399451287,328.2740338952712,,,,,329.2230114786009
1612,160.50485908190421,160.64993637492833,161.7014307392925,322.71395543747633,323.85545879838736,323.85545879838736,327.28616715465955,,,,,329.3364005660875
1641,163.2457019347115,163.53688485360163,164.2757830641495,326.6743163009657,328.12635577423276,328.12635577423276,328.6149043112762,,,,,329.6576554615567
1647,163.4696346532346,164.0182687366141,164.7828795199847,326.89308094349815,326.91191032032344,327.0121834120504,328.7387117409047,,,,,329.66906061992415
1654,164.96306017327666,164.96306017327666,166.15734714033633,328.2163199687788,328.96245027704674,328.96245027704674,329.11896012453707,,,,,329.73741501844063
1652,164.10421993895267,164.6135951573961,165.41622255549774,327.88884975443665,328.1348116562623,328.2740338952712,328.9125064312738,,,,,329.94007778364386
1655,165.04005703154124,165.04005703154124,165.9493896185749,328.1348116562623,328.8213403859369,328.8213403859369,329.32995947337196,,,,,330.2073118400917
1651,163.83664490354965,164.58917680222552,165.38962537080985,327.867006807411,328.18563947490446,328.6149043112762,328.9418820298454,,,,,330.26411811606647
1659,165.53184052782953,165.53184052782953,166.12283145211555,328.20599998449535,329.1578724207887,329.1578724207887,329.7255050618293,,,,,330.4230252724029
1645,163.4420215741929,163.92273136262432,164.91649905321285,327.2881399451287,327.88884975443665,327.88884975443665,330.0001149641753,,,,,330.5233049531351
1635,162.77424866828454,162.8699341980722,163.974845323683,326.37913195694165,326.6571264547924,326.6571264547924,330.0003804515396,,,,,330.9372455865308
1636,162.80467394093597,162.8953585588225,163.88897526284998,325.70143725123035,326.1639124231604,326.1639124231604,328.80910562110233,,,,,331.04432826829066
1660,165.5645907110064,165.5645907110064,166.31682703058232,328.8784493553478,330.2518904625163,330.2518904625163,330.5971579452412,,,,,331.1524640914838
1634,162.6865812295033,162.8162614123827,163.92273136262432,326.1639124231604,328.0112798132232,328.0112798132232,330.36908970117855,,,,,331.1540167127567
1649,163.6391617981718,164.2757830641495,165.0526448663,327.6377484993854,328.2163199687788,328.6839822502814,329.123925726876,,,,,331.2730070044363
1653,164.79973107493623,164.79973107493623,165.6381589458184,328.12635577423276,330.57645439309636,330.57645439309636,330.7986393334318,,,,,331.3369217922506
1666,166.04483425177557,166.12283145211555,166.87921888116196,330.2978927757973,330.9114838037839,330.9114838037839,330.9130314935427,,,,,331.48138391007785
1657,165.1439334045097,165.1439334045097,166.1787081742831,328.8213403859369,330.1367849022388,330.1367849022388,330.18493390962703,,,,,331.85842600572386
1642,163.30610460399114,163.63801633212526,164.58917680222552,326.8220827861934,327.49831123441743,327.49831123441743,331.10272989010207,,,,,331.87684015678764
1650,163.76926099215916,164.4809963212228,165.48932115388934,328.0112798132232,328.8784493553478,328.8784493553478,331.1570375546599,,,,,331.9426245582113
1628,162.01111835919943,162.203002852553,162.8953585588225,323.9069306688096,326.37913195694165,326.37913195694165,331.5604662979736,,,,,332.40420782494675
1670,166.2285555325328,166.5094853066834,167.60768783672648,331.4512253339523,331.5532798504572,331.5532798504572,331.56562961900937,,,,,332.5575871274128
1667,166.05960286805086,166.15734714033633,166.9925876665695,330.57645439309636,331.2673714172469,331.2673714172469,332.13448104644385,,,,,332.8371958614224
1674,166.61438256030073,166.87921888116196,167.9227208912277,331.6594213085608,331.90608711282067,331.90608711282067,332.1419890475422,,,,,333.377491992571
1668,166.06139516646266,166.1787081742831,166.8053222313997,330.1367849022388,330.2978927757973,330.2978927757973,332.19785842873216,,,,,333.4238738285437
1658,165.20620605339758,165.20620605339758,166.5094853066834,328.96245027704674,331.2328438670774,331.2328438670774,332.921554435294,,,,,333.5864581151584
1663,165.83217410460426,165.83217410460426,166.76407350482745,329.1578724207887,330.883731349034,330.883731349034,332.4773265536718,,,,,333.60089213662417
1672,166.3925458105513,166.8053222313997,167.44837779541564,331.2673714172469,331.4512253339523,331.4512253339523,333.0112231859669,,,,,333.7367935943511
1664,165.88142802877837,165.9493896185749,166.877462095473,330.2518904625163,330.64452390933775,330.64452390933775,333.03631621460295,,,,,333.93459227705057
1676,166.71566702405417,167.0053274674836,168.1461697267968,331.9848268044921,332.8728891972017,332.8728891972017,333.17304799018723,,,,,333.9451252629246
1680,166.949459642392,167.44837779541564,168.49896939067892,332.9116174631857,333.48485853907073,333.48485853907073,333.93605748719796,,,,,334.5575920619198
1684,167.12621436588884,167.9227208912277,169.04228655666023,333.6116806451392,333.7219774825024,333.7219774825024,333.7719822035524,,,,,334.6203322577047
1661,165.7387497324107,165.7387497324107,167.19149274256296,330.9114838037839,331.6594213085608,331.6594213085608,332.6961273666884,,,,,334.6748348375214
1681,166.97423137228594,167.60768783672648,168.59235356586336,333.1594832435465,333.6995017197357,333.6995017197357,334.2054009380602,,,,,334.7174601501767
1686,167.14391012334292,168.1461697267968,168.93862250704453,333.48485853907073,334.3269132696028,334.3269132696028,334.46239542636334,,,,,335.09972830941365
1662,165.76391439905476,165.76391439905476,167.0053274674836,330.64452390933775,331.5851503736264,331.5851503736264,334.4996737273118,,,,,335.1892524318098
1675,166.6417349403048,166.9925876665695,167.91040267266195,331.5851503736264,332.9572779295193,332.9572779295193,334.58515621633006,,,,,335.2252840920365
1673,166.60933904810554,166.877462095473,167.78083945535147,331.5532798504572,332.46670317460183,332.46670317460183,333.3913661153707,,,,,335.34284598341236
1685,167.13959110475838,168.0471214856685,169.11862844562862,333.7219774825024,334.24907198714897,334.24907198714897,334.40683708563444,,,,,335.81059980537395
1682,166.99165301293516,167.78083945535147,168.66640223246606,333.4150281401011,333.6116806451392,333.6116806451392,334.8378005740105,,,,,335.9182777206123
1671,166.31069620115468,166.76407350482745,168.0471214856685,331.90608711282067,334.56199968446157,334.56199968446157,335.24208194736354,,,,,336.07885606119606
1665,165.9152728585634,166.0353817464236,167.08979107812488,330.883731349034,331.9848268044921,331.9848268044921,332.2384718406276,,,332.2384718406276,336.2769139020047,336.2769139020047
1697,167.74447988580408,169.1191287901431,169.93880114546812,335.6272781416999,335.6533000266576,335.6533000266576,335.72113085089813,,,,,336.491926041915
1695,167.67976440793404,169.08434240782555,169.87769269292076,335.4358513224167,335.6272781416999,335.6272781416999,336.42723304922663,,,,,337.0305924768355
1677,166.7494201525297,167.08979107812488,168.30304130529709,332.46670317460183,336.17235619123295,336.17235619123295,336.9381304619683,,,,,337.44282172527164
1700,168.02878718133496,169.2539361363839,170.05643311631263,336.3683738413619,336.6965956354886,336.75849089742405,337.0287623359298,,,,,337.5453586367611
1679,166.8182891196667,167.3033143838533,168.5031027997567,332.9572779295193,333.1594832435465,333.1594832435465,337.0669245075978,,,,,337.955757131902
1683,167.04135977781482,167.91040267266195,169.08434240782555,333.6995017197357,334.6478157094278,334.6478157094278,335.43817788028696,,,335.43817788028696,338.0590321624512,338.0590321624512
1690,167.2703555364284,168.5031027997567,169.24072990433098,334.56199968446157,335.36497434047527,335.36497434047527,337.4362368728995,,,,,338.07706605886125
1689,167.2413593867922,168.49896939067892,169.2539361363839,334.6478157094278,336.8041700895545,337.0287623359298,337.56999001412765,,,,,338.1050962635614
1691,167.3067653383317,168.59235356586336,169.5665637598084,335.36497434047527,336.4895782684317,336.4895782684317,336.75849089742405,,,,,338.2659654842245
1678,166.77289937745397,167.19149274256296,168.32662722299713,332.8728891972017,332.9116174631857,332.9116174631857,333.458356518177,,,333.458356518177,338.28864578365057,338.28864578365057
1687,167.1601566963991,168.30304130529709,169.1191287901431,334.24907198714897,335.34328009071874,335.34328009071874,337.358502193842,,,,,338.53208664921345
1696,167.7305944477946,169.11862844562862,169.97777285352615,336.17235619123295,336.3683738413619,336.3683738413619,336.7388139381651,,,,,338.9455692932685
1701,168.07860902052101,169.50017685099496,170.38665327623028,336.6965956354886,337.96421872651365,337.96421872651365,338.49410932392175,,,,,339.0212095237197
1688,167.2304189491391,168.32662722299713,169.50017685099496,335.34328009071874,336.73277513898864,336.9381304619683,338.20151326269234,,,,,339.1400966516596
1699,167.93872297073364,169.24072990433098,170.44429663649572,336.73277513898864,337.0175191618399,337.358502193842,337.90699590608136,,,,,339.218805209986
1694,167.62894708093862,169.04228655666023,170.15542987842153,336.4895782684317,336.6098680494995,336.7388139381651,337.951350055022,,,,,339.2547435171851
1669,166.11504109246548,166.31682703058232,167.3033143838533,331.2328438670774,333.4150281401011,333.4150281401011,339.028915031564,,,,,339.53825028298655
1702,168.1425370186786,169.5665637598084,170.49024788923901,336.8041700895545,337.43702116892547,337.43702116892547,337.86629171258323,,,,,339.54327977014924
1708,168.70127292425343,170.15542987842153,170.90964493921942,337.43702116892547,338.9968726864804,338.9968726864804,339.1282270598315,,,,,339.8412946589385
1705,168.4749591850585,169.95958406538213,170.97631276113134,337.85394491010845,338.3060864099601,338.3060864099601,338.81957299452523,,,,,340.38996682779725
1703,168.2830193253692,169.87769269292076,170.77521590527328,336.83694619506036,337.85394491010845,337.85394491010845,337.91908462025066,,,,,340.79535346407476
1693,167.58520307873573,168.93862250704453,169.95958406538213,335.6533000266576,339.63165042852864,339.63165042852864,340.1957469465027,,,,,340.91067482763634
1711,168.8206651939057,170.44429663649572,171.2781485267806,338.3060864099601,339.874296699907,339.874296699907,341.0125219535078,,,,,342.0642355463721
1707,168.5755089082033,170.05643311631263,170.8672150786152,337.0175191618399,340.1270294830778,340.1270294830778,340.85700977218806,,,,,342.14029616545736
1704,168.34610243905965,169.93880114546812,171.2870579165318,338.9968726864804,339.31221726096805,339.31221726096805,341.61457081962124,,,,,342.1563203546609
1710,168.7922496262851,170.38665327623028,171.4828504573298,339.874296699907,340.3952491794464,340.3952491794464,341.75982429399187,,,,,342.3949605339666
1698,167.7520151414521,169.1817355309946,170.2856501427061,336.6098680494995,336.83694619506036,337.0669245075978,342.2801696071678,,,,,342.8464615604493
1717,169.38257804260323,171.16796675180998,171.83417145487385,340.9523649087091,341.44693837041007,341.61457081962124,342.1352421308825,,,,,343.1813088287888
1719,169.64143040563712,171.2870579165318,171.9431092009573,341.13789049013764,341.28320686937644,341.28320686937644,342.55204717453614,,,,,343.1875125234958
1713,168.88535315588607,170.77521590527328,171.36193082184414,339.63165042852864,340.62243458657224,340.62243458657224,342.3525040418279,,,,,343.21842628267376
1709,168.75018485241,170.2856501427061,171.69040391287632,340.3952491794464,341.13789049013764,341.13789049013764,341.6626446237352,,,,,343.4590424714599
1706,168.54970254302714,169.97777285352615,171.16796675180998,337.96421872651365,341.18733745103964,341.18733745103964,342.7687769066207,,,,,343.60620695868266
1692,167.51214858254878,168.66640223246606,169.1817355309946,334.3269132696028,335.4358513224167,335.4358513224167,338.29917386996334,,,338.29917386996334,343.8178455983997,343.8178455983997
1722,170.0509357969267,171.4828504573298,172.5363061731058,341.85217731972364,342.4287206549924,342.4287206549924,343.2385384151061,,,,,343.88799339823123
1715,169.07509603138803,170.90964493921942,171.6510232845631,340.1270294830778,341.2096330520701,341.2096330520701,343.43400618512317,,,,,343.9968557663697
1726,170.2585034547672,171.83417145487385,172.46942455744005,341.28320686937644,341.85217731972364,341.85217731972364,343.2895206208057,,,,,344.3199591901908
1725,170.17646841432816,171.710734019674,172.9757562805511,343.22282426752764,343.5226005924707,343.7567109845861,343.7701517239405,,,,,344.3457456510977
1720,169.6984905736934,171.34248805974596,172.59703801354755,342.4287206549924,342.68482928016704,342.68482928016704,343.7567109845861,,,,,344.4909736253886
1724,170.1529680171401,171.69040391287632,172.47604354709088,341.79365171016065,343.39188668140184,343.39188668140184,344.01689892233657,,,,,344.78526242108467
1718,169.54220265812995,171.2781485267806,172.4256745284191,341.2096330520701,342.9290300929777,342.9290300929777,344.17862375164697,,,,,345.04560956638187
1728,170.3476907435023,171.96444283003376,172.90792891102453,342.68482928016704,343.22282426752764,343.22282426752764,344.3937905141057,,,,,345.05346205652086
1730,170.48244538811838,172.46942455744005,173.24203140875034,343.4409694066885,343.4738078618076,343.4738078618076,344.08429329804744,,,,,345.09362472602106
1723,170.0663277044953,171.6510232845631,172.59220318311188,342.4051195019517,344.0669038533212,344.17862375164697,344.64154353577294,,,,,345.2876932372657
1732,170.62275599705305,172.47604354709088,173.65430411459508,343.66014853163716,343.84533294019366,344.08429329804744,344.97519489776073,,,,,345.5228694139544
1733,170.7486044290192,172.5363061731058,173.36984719975777,343.4738078618076,344.9862307105779,344.9862307105779,345.10829080484734,,,,,345.8080738738234
1712,168.86331495646883,170.49024788923901,171.34248805974596,339.31221726096805,343.4409694066885,343.4409694066885,344.44343524100975,,,,,346.21623322778566
1736,171.1107870963232,172.90792891102453,173.83523011877213,344.0669038533212,344.7855521659264,344.7855521659264,345.6801459720412,,,,,346.65947324106776
1731,170.50729072413216,172.47562052498208,173.19523113411952,343.39188668140184,343.65508239485405,343.7701517239405,345.8483530481491,,,,,346.6605020601359
1721,169.80582104530373,171.36193082184414,172.47562052498208,341.44693837041007,341.79365171016065,341.79365171016065,341.9989389783833,,,341.9989389783833,346.86365895737435,346.86365895737435
1737,171.1694134770628,172.9654044175165,173.98041581595044,345.09909892671544,345.24647639568445,345.24647639568445,345.8904301208521,,,,,346.92568756621273
1734,170.89871781252296,172.59220318311188,173.76423576199463,343.84533294019366,345.09909892671544,345.09909892671544,345.802845668906,,,,,347.0597134320032
1742,172.13406956387868,173.4112491917183,174.39020755486828,345.8727683860475,346.5060254514802,346.5060254514802,346.5601944467226,,,,,347.06437022190113
1716,169.0865922864102,170.97631276113134,171.710734019674,340.62243458657224,340.9523649087091,340.9523649087091,342.55331360524525,,,342.55331360524525,347.429887540198,347.429887540198
1727,170.2969982308639,171.9431092009573,172.9654044175165,342.9290300929777,343.7440888340783,344.01689892233657,345.4257718916519,,,,,347.58086483946255
1741,171.57020157626044,173.36984719975777,174.35461163103193,345.24647639568445,346.49390674651795,346.49390674651795,347.17357608167544,,,,,348.017831733877
1714,169.0292411130626,170.8672150786152,171.96444283003376,341.18733745103964,342.4051195019517,342.4051195019517,346.97144573344553,,,,,348.18851355471264
1744,172.3198812382215,173.65430411459508,174.56338281510799,346.26680963167865,347.6769993082536,347.6769993082536,347.8325196884008,,,,,348.39065127079914
1749,172.7972025321151,173.96721215015558,174.98008092684262,347.3633080566211,347.834577895378,347.834577895378,347.86597781334154,,,,,348.41560744728844
1729,170.36272228454803,172.4256745284191,173.4112491917183,343.5226005924707,343.66014853163716,343.8178455983997,347.70223382523454,,,,,348.6251860479824
1748,172.72649887472429,173.88112298467823,174.64859540998262,346.5060254514802,347.0089876984745,347.0089876984745,347.46519423305904,,,,,348.76552617114777
1740,171.43061278314184,173.24203140875034,173.88112298467823,344.7855521659264,346.26680963167865,346.26680963167865,348.22874138570944,,,,,348.77545509669363
1739,171.3783492890746,173.19523113411952,173.96721215015558,344.9862307105779,345.8727683860475,345.8727683860475,347.57035137990744,,,,,348.9508271377732
1755,173.39209833195972,174.64859540998262,175.53161748058886,347.6769993082536,348.04792761274587,348.04792761274587,348.32204657741084,,,,,349.02608944270423
1752,172.8987660919701,174.39020755486828,175.47502076136766,347.4213338646577,347.56129671458956,347.56129671458956,348.7773266646714,,,,,349.44257359885506
1745,172.53827692604537,173.65743398025757,174.57510478186583,346.49390674651795,347.01686758495424,347.01686758495424,347.24848281779697,,,,,349.5556481738776
1756,173.50976607028736,174.66751557681135,175.79719837167335,348.04792761274587,348.60678626032734,348.60678626032734,348.6989424506941,,,,,349.7202760628729
1746,172.6622038551815,173.76423576199463,174.83979983906065,347.01686758495424,348.6261531888696,348.6261531888696,348.89151732440564,,,,,349.777401401418
1738,171.25605989103246,172.9757562805511,173.65743398025757,343.7440888340783,347.3633080566211,347.3633080566211,349.3798089163516,,,,,350.04090761205424
1758,173.65814663886877,174.83979983906065,176.06191620672624,348.6261531888696,349.5541899541712,349.5541899541712,349.7932658711068,,,,,350.78187870567405
1757,173.59316851072697,174.715701073635,175.80058754819538,348.5819071293614,350.0450440623475,350.0450440623475,350.8295445399827,,,,,351.58342807747704
1751,172.84731354370115,174.35461163103193,175.4767306033625,347.56129671458956,348.9710222673032,348.9710222673032,350.1556855742175,,,,,351.8043508914031
1735,170.96756778018485,172.59703801354755,173.52808007311415,343.65508239485405,346.5293525613109,346.5293525613109,347.0555024764039,,,347.0555024764039,352.10097617597916,352.10097617597916
1760,173.90553167371215,175.0802294021818,176.37485249230585,349.68544255697145,350.87843983402666,350.87843983402666,351.5380248721967,,,,,352.2691230432646
1763,174.01639425481184,175.53161748058886,176.85615022530578,350.8890031451114,351.14861554901745,351.14861554901745,351.7801040536795,,,,,352.36375658659125
1743,172.14123166573123,173.52808007311415,174.715701073635,347.0089876984745,348.5819071293614,348.5819071293614,351.7813145764709,,,,,352.4145377794522
1753,172.99752864562183,174.56338281510799,175.87043169734378,348.60678626032734,351.47487417927783,351.47487417927783,352.25443752835446,,,,,352.88334183762163
1762,173.96279107666996,175.4767306033625,176.32669756907404,349.5541899541712,349.68544255697145,349.68544255697145,351.5809622220257,,,,,352.9348589659036
1747,172.70389922017625,173.83523011877213,174.66751557681135,346.5293525613109,347.41346901130663,347.41346901130663,348.87626929086514,,,348.87626929086514,352.99427324656045,352.99427324656045
1750,172.83055952607006,173.98041581595044,175.0802294021818,347.41346901130663,347.4213338646577,347.4213338646577,352.224785246749,,,,,353.2383046752991
1761,173.94395032120187,175.47502076136766,176.71663747176876,349.8774067653986,350.8890031451114,350.8890031451114,352.72185723976196,,,,,353.38515991250534
1764,174.02211955177916,175.63707044448847,176.87723926022196,351.14861554901745,352.3800397961972,352.3800397961972,353.0006175368807,,,,,353.79010876962195
1769,174.76527959081687,176.17831418626764,177.44194887203236,352.4316385819297,352.788453627733,352.788453627733,353.081789617675,,,,,353.9625529870857
1770,174.87839488257342,176.32669756907404,177.0801171761225,351.47487417927783,352.1542968527617,352.1542968527617,353.4286945738286,,,,,354.13604602606176
1766,174.3377244962893,175.80058754819538,176.8553436654268,350.87843983402666,352.13065372223326,352.13065372223326,353.3871532107877,,,,,354.4471539184251
1768,174.4072221359205,176.06191620672624,177.219492284523,352.1542968527617,352.4316385819297,352.4316385819297,352.62901015887894,,,,,354.5139843868351
1759,173.83322307028712,174.98008092684262,176.17831418626764,348.9710222673032,349.8774067653986,349.8774067653986,350.5016395179753,,,350.5016395179753,354.8491871147191,354.8491871147191
1765,174.26356945653046,175.79719837167335,177.1366314627268,352.13065372223326,353.77935604719033,353.77935604719033,354.6601583888512,,,,,355.3476657026928
1778,175.4056669603043,177.1366314627268,178.01815046396703,354.0596803935478,354.5153463784148,354.5153463784148,354.9338161915143,,,,,355.54842388403523
1774,174.9931613387778,176.8553436654268,177.71852178472608,352.788453627733,354.35060456616003,354.35060456616003,354.4930520468611,,,,,355.7810733169283
1781,175.599401830518,177.44194887203236,178.46434227421446,354.5153463784148,355.2874979853435,355.2874979853435,355.435605805422,,,,,355.99223863328194
1771,174.89215347495232,176.37485249230585,177.440179523881,352.3800397961972,355.22745635826044,355.22745635826044,355.3397771213551,,,,,356.0501012205489
1777,175.2878568285433,177.0801171761225,178.01758915382723,353.77935604719033,354.0596803935478,354.0596803935478,354.115372650143,,,,,356.3775742392766
1772,174.93486564507847,176.71663747176876,177.79768611175123,353.02469246234904,355.6571934435863,355.6571934435863,355.72784383989494,,,,,356.393127900157
1779,175.44849442452227,177.219492284523,178.1249413322508,354.50152150240575,355.7454655914828,355.7454655914828,355.84185374104504,,,,,356.41317439243466
1773,174.98926948064948,176.7764593725892,178.11051706070435,354.35060456616003,354.50152150240575,354.50152150240575,355.2889022505492,,,,,356.63279263305037
1782,175.63736932708463,177.71852178472608,178.8131411408446,355.2874979853435,355.5779356393963,355.5779356393963,356.33525901707566,,,,,356.84698496890417
1767,174.38895473071398,175.87043169734378,176.7764593725892,350.0450440623475,353.02469246234904,353.02469246234904,353.913664846494,,,353.913664846494,357.5234910696601,357.5234910696601
1789,176.31694638180818,178.1249413322508,178.9332678822977,355.5779356393963,356.5687350520927,356.5687350520927,357.09864340689023,,,,,357.6338100495079
1780,175.478839453362,177.440179523881,178.4932177772894,355.2087994131433,356.18412177514955,356.18412177514955,357.02633458724904,,,,,357.69892910986476
1754,173.0977179198842,174.57510478186583,175.63707044448847,347.834577895378,353.25685832546725,353.25685832546725,356.2050480277276,,,,,358.0355568902692
1775,175.1571869134444,176.85615022530578,177.98708003770093,353.4313120020922,355.2087994131433,355.2087994131433,357.83025110800105,,,,,358.38890392753007
1784,175.82942783480755,177.81864286172967,178.95276243922922,355.7454655914828,355.8485191091912,355.8485191091912,356.72854577659155,,,,,358.4661314641166
1792,176.38023327656788,178.8128306099773,179.79741950206883,357.30500975154996,357.37943884010383,357.37943884010383,357.58412673653555,,,,,358.6341802209327
1791,176.37155635109784,178.4932177772894,179.6238569651797,356.4598043390373,356.6131106177475,356.6131106177475,357.7462725547834,,,,,359.52254544997714
1787,176.16467298642885,178.01815046396703,178.9397965745444,355.6571934435863,356.21043481919975,356.21043481919975,357.9134374475344,,,,,359.8795014186795
1783,175.64666369940815,177.79768611175123,179.07020515989748,356.21043481919975,356.4598043390373,356.4598043390373,357.302026015562,,,,,359.902152222515
1793,176.5622264067301,178.8131411408446,179.74334513477976,356.6748540573804,357.8781150462513,357.8781150462513,358.77206275064236,,,,,360.0468907724557
1796,176.7371818376706,178.95276243922922,179.97979107003272,358.45134545374077,358.49901164495316,358.49901164495316,359.5447868138297,,,,,360.0549106319127
1776,175.26346721529274,176.87723926022196,177.81864286172967,353.25685832546725,353.4313120020922,353.4313120020922,359.3072382390531,,,,,360.1283672122459
1795,176.5863632825011,178.9397965745444,179.73284961272793,356.6131106177475,356.6748540573804,356.6748540573804,359.44841975269475,,,,,360.34662108106085
1785,175.98530339340687,177.98708003770093,178.8128306099773,355.22745635826044,358.8717167267861,358.8717167267861,359.1188475250658,,,,,360.48222676453423
1807,177.89782347856345,179.97979107003272,180.47729492973164,359.2573405258994,359.3221069289388,359.3221069289388,359.5740757784824,,,,,360.5894638239762
1790,176.3712469436977,178.46434227421446,179.68449863621734,356.5687350520927,357.30500975154996,357.30500975154996,358.9194360896061,,,,,360.63775405656327
1786,176.03025277201968,178.01758915382723,179.0482368615745,356.18412177514955,358.45134545374077,358.45134545374077,359.6141008854642,,,,,360.72642012876724
1797,176.91359051208036,178.9757621669449,179.90265491236238,357.8781150462513,359.56725686637503,359.56725686637503,361.2262077232564,,,,,361.8540653394903
1806,177.77001062939854,179.90265491236238,180.83335359219055,360.14002950950214,360.65990477214064,360.65990477214064,360.7931200153936,,,,,361.8556323071254
1803,177.6889109975402,179.74334513477976,180.62883903664377,359.56725686637503,360.14002950950214,360.14002950950214,361.582584806234,,,,,362.1895332079339
1799,176.99064638431005,179.07020515989748,180.35390929050345,358.8717167267861,359.2573405258994,359.2573405258994,361.10118035587163,,,,,362.2725072606398
1798,176.96407879203167,179.0482368615745,180.29775085352426,358.49901164495316,359.2646843484222,359.2646843484222,361.417649211461,,,,,362.29454329535747
1788,176.22980930653674,178.11051706070435,178.9757621669449,355.8485191091912,360.70712389309693,360.70712389309693,361.01269251370405,,,,,362.3234385311465
1794,176.57071146784318,178.9332678822977,179.8729936263035,357.37943884010383,361.2457536508291,361.2457536508291,361.79142475587884,,,,,362.3409701311392
1812,178.39745239832308,180.56289191273672,181.31759228155636,361.2457536508291,361.652059992761,361.652059992761,361.8175329418318,,,,,362.4452584738114
1801,177.25671868392936,179.68449863621734,180.56289191273672,359.3221069289388,360.232402713624,360.232402713624,360.97445457408963,,,,,362.4789874730491
1813,178.56774332914983,180.62883903664377,181.12213516085382,360.65990477214064,360.6637752233162,360.6637752233162,361.53457493913885,,,,,362.5348581447512
1810,178.29906197742696,180.47729492973164,181.40108982384535,361.4216555056321,361.6462234913837,361.6462234913837,362.03473543297036,,,,,362.8160727791166
1805,177.76554941186674,179.8729936263035,181.19463982809148,360.6637752233162,361.48903854885646,361.48903854885646,361.9244539966136,,,,,362.88327484889373
1808,178.10022039065734,180.29775085352426,181.07994129687174,360.36621235808724,361.2507608921789,361.2507608921789,363.14391872516893,,,,,363.84220756084005
1817,178.90380036019846,181.07994129687174,182.0611790496745,362.1692475037366,363.2467967851121,363.2467967851121,363.300530967771,,,,,364.0947050682057
1809,178.13160607891547,180.35390929050345,181.37588148512458,361.2507608921789,362.1798785602431,362.1798785602431,363.7591865691926,,,,,364.3743638202865
1819,179.36626796291668,181.19463982809148,181.95245241635268,361.652059992761,362.1692475037366,362.1692475037366,363.4209419339477,,,,,364.52757566115946
1800,177.0653482519408,179.6238569651797,180.8427544007619,360.232402713624,363.23161767310575,363.23161767310575,363.27460713893987,,,,,364.6444529213556
1822,179.39653480481113,181.37588148512458,182.2515614294778,363.4452325137588,363.6159720626783,363.6159720626783,363.82130355963733,,,,,364.7256593412945
1811,178.31688150727777,180.52984842933438,181.291526374055,360.70712389309693,361.4216555056321,361.4216555056321,362.64493647929703,,,,,365.09733510688875
1818,179.1696382549205,181.12213516085382,182.18820843724995,363.2467967851121,364.01520549900175,364.01520549900175,364.7251858116241,,,,,365.2539055716781
1826,179.76397738465582,181.95245241635268,183.17350042807982,364.2638911701814,364.27365506415833,364.3225707420478,364.4338785102839,,,,,365.4604889270998
1821,179.39227066825768,181.31759228155636,182.2887075560295,363.4621963170244,364.04437580729285,364.04437580729285,364.6722065803895,,,,,365.50367660971506
1829,180.3068974200023,182.07468999688228,182.94524661175177,364.01520549900175,365.01933084282416,365.01933084282416,365.217331099807,,,,,366.4396327597987
1815,178.83711811296544,180.8427544007619,181.64170644932992,361.48903854885646,363.4621963170244,363.4621963170244,365.35086756489534,,,,,366.4523347309026
1802,177.50540414516405,179.73284961272793,180.8902555534526,360.31122111267274,360.36621235808724,360.36621235808724,365.9543207339008,,,,,366.4564593162907
1814,178.71339666445166,180.83335359219055,181.81597055746064,361.6462234913837,363.6806794609305,363.6806794609305,365.3270488084967,,,,,366.4993244443414
1804,177.74342539444703,179.79741950206883,180.52984842933438,359.2646843484222,360.31122111267274,360.31122111267274,361.6493453643579,,,361.6493453643579,366.61328692467947,366.61328692467947
1824,179.6041694431666,181.64170644932992,182.91105843612488,363.6806794609305,364.2638911701814,364.2638911701814,364.3225707420478,,,,,366.6376361074558
1820,179.37466946782436,181.291526374055,182.37457541966822,363.5169214106321,364.43600116594047,364.43600116594047,365.8580781939456,,,,,367.072046326343
1816,178.87352320406583,180.8902555534526,182.06869217918793,362.1798785602431,363.4452325137588,363.4452325137588,364.82324877625246,,,,,367.0729862740389
1830,180.30801035146325,182.18820843724995,183.48519679343568,364.68183746141597,365.3512476495649,365.3512476495649,366.4777321855956,,,,,367.1024926570743
1825,179.72371977388707,181.81597055746064,182.9737502911141,364.04437580729285,364.22471110187763,364.22471110187763,365.32859949553927,,,,,367.26727325409126
1839,181.58642884553888,183.17350042807982,184.28326530836364,366.2322998260445,366.7509704757698,366.7509704757698,367.2352720771004,,,,,367.89836400836765
1827,179.81152096080288,182.0611790496745,182.72344345838684,363.6159720626783,365.2161258447889,365.2161258447889,366.31580026502706,,,,,367.94413405583646
1834,181.178951524296,182.72344345838684,183.5268296219914,365.01933084282416,366.88460310971954,367.2352720771004,367.5332043820366,,,,,368.0806530218738
1840,181.73682732255804,183.2171124130749,184.17389127421475,366.11818940945926,366.8154769804022,366.8154769804022,367.60356281273596,,,,,368.12323759752184
1846,182.3013271621124,184.01404428203554,184.9785885496349,367.0934702677181,367.62003946701736,367.62003946701736,367.68791214513556,,,,,368.37194126285283
1847,182.3648051058898,184.07445204184836,184.8385821211701,366.88460310971954,367.0934702677181,367.44352012985115,367.623730536925,,,,,368.6346633197154
1831,180.3391740244914,182.2515614294778,183.53701621121462,365.2161258447889,366.88454527585924,367.19286406491017,367.44352012985115,,,,,368.7097882858609
1832,180.37236856272054,182.2887075560295,183.46970155001483,364.43600116594047,364.68183746141597,364.68183746141597,365.19877903024536,,,365.19877903024536,368.74140102924133,368.74140102924133
1844,182.24064432733206,183.53701621121462,184.29384320800062,366.7509704757698,366.8726045975636,366.8918362905613,368.30058443141843,,,,,368.86492871140405
1836,181.27754137442906,182.94524661175177,184.07445204184836,365.7070269614549,366.11818940945926,366.11818940945926,367.82867975380856,,,,,368.88099571711575
1852,182.92577572045303,184.41828167226157,185.27242553815844,367.9233498835831,368.09232808850174,368.09232808850174,368.31524673903283,,,,,368.9181407269653
1845,182.2652079809315,183.82645381485494,184.79109021100285,366.88454527585924,368.29568085670286,368.30058443141843,368.48322243437417,,,,,369.12413299329967
1850,182.7264345923526,184.28326530836364,185.37628350642441,368.05225313467196,368.9446314253605,368.9446314253605,368.9564194912622,,,,,369.54292396798064
1837,181.4649871558852,182.9737502911141,184.55647246366254,366.8726045975636,367.8647296318303,367.8647296318303,368.9431589446962,,,,,369.60059481835907
1835,181.26053683814578,182.91105843612488,184.01404428203554,365.3512476495649,366.12922111895,366.12922111895,366.8918362905613,,,,,369.61914485708405
1823,179.5324176186137,181.40108982384535,182.07468999688228,363.23161767310575,363.5169214106321,363.5169214106321,366.1589418450689,,,366.1589418450689,369.71758422188793,369.71758422188793
1828,180.01106720232337,182.06869217918793,182.99351196392212,364.22471110187763,365.309621849123,365.309621849123,365.99520224557085,,,365.99520224557085,370.0480485630013,370.0480485630013
1842,182.10721729489566,183.48519679343568,184.41828167226157,366.80062076480954,368.4160928854836,368.4160928854836,368.8575423876094,,,,,370.0780809969312
1849,182.64047731467522,184.25228250231862,185.21721118974793,367.62003946701736,367.9233498835831,367.9233498835831,369.06191849103556,,,,,370.21249833691786
1856,183.4852084573125,184.8385821211701,185.8701932033117,369.64040877503567,370.8674197295008,370.8674197295008,370.90810333891704,,,,,371.41149263196723
1858,183.5195973442823,185.21721118974793,186.00124245645546,370.2167291663075,370.34726070965326,370.34726070965326,371.0695869761525,,,,,371.5756176416293
1841,181.78940849478408,183.46970155001483,184.25228250231862,366.12922111895,366.80062076480954,366.80062076480954,367.19286406491017,,,367.5332043820366,371.6487849067007,371.6487849067007
1857,183.5012008766688,184.9785885496349,185.65366245989182,368.9446314253605,369.64040877503567,369.64040877503567,370.6897628089104,,,,,371.81985167981037
1848,182.42115199040933,184.17389127421475,185.4104483701704,368.09232808850174,370.6308294027306,370.6308294027306,371.24949433891675,,,,,371.9058344578861
1838,181.49866724901142,182.99351196392212,183.82645381485494,365.309621849123,365.7070269614549,365.7070269614549,367.70114293136703,,,,,371.94431915944176
1860,183.78323354034106,185.27242553815844,186.14286855024886,370.6308294027306,370.9794211293038,370.9794211293038,371.51142266592615,,,,,372.0968358801922
1853,183.06103053467262,184.50091925204268,185.26002212437328,367.8647296318303,368.05225313467196,368.05225313467196,368.89749447824744,,,,,372.2476274958796
1833,180.4775434777351,182.37457541966822,183.2171124130749,364.27365506415833,366.2322998260445,366.2322998260445,367.80731069589416,,,367.80731069589416,372.373720864952,372.373720864952
1855,183.43608495970824,184.79109021100285,185.63881108348792,368.4160928854836,369.8981284054418,369.8981284054418,371.5365319111093,,,,,372.445242587355
1859,183.72865211541117,185.26002212437328,185.98933291477846,369.8981284054418,371.093312858112,371.093312858112,371.64298630386577,,,,,372.6183467962217
1843,182.22128044331942,183.5268296219914,184.50091925204268,366.8154769804022,370.2167291663075,370.2167291663075,371.27311764244234,,,,,372.6353600946949
1869,184.85669466499277,186.1137380510281,186.88029071173335,371.1504146957519,372.0430337615304,372.0430337615304,372.14432998702097,,,,,373.52429821595774
1864,184.0303521396658,185.63881108348792,187.19521199369748,372.34798392111134,372.7853011745037,372.7853011745037,372.8209967068613,,,,,373.7614972295194
1854,183.17578599037378,184.55647246366254,186.1137380510281,370.34726070965326,371.07879005869796,371.07879005869796,372.8188356984398,,,,,374.0879759534794
1867,184.2823904608132,185.98933291477846,187.11221921927142,372.0430337615304,372.82468755920166,372.82468755920166,373.57902934872675,,,,,374.1204473342251
1866,184.1850947935212,185.8701932033117,187.0152914443515,371.2788314872459,372.23159870142496,372.23159870142496,373.5933480778815,,,,,374.14298141172986
1875,185.24136673112508,186.88029071173335,187.9221526048214,372.85383753280814,373.42429149928415,373.5933480778815,373.6391179374056,,,,,374.46133050543176
1851,182.73195619169778,184.29384320800062,185.4111301578595,368.29568085670286,371.1504146957519,371.1504146957519,373.23799615239903,,,,,374.50700239378557
1874,185.10259956600783,186.5158737388055,187.44962655436487,372.7853011745037,373.14966370802927,373.57902934872675,374.0216856706777,,,,,374.64795657597216
1868,184.68371644864715,186.00124245645546,187.16424412646185,372.23159870142496,372.34798392111134,372.34798392111134,374.26335475595755,,,,,374.9057868052655
1871,184.91376823332536,186.28354854608074,187.2395241772123,372.44163584597624,372.79169179041634,372.79169179041634,373.9523547314994,,,,,375.1160678189142
1870,184.89831038547638,186.14286855024886,187.34779643566716,372.48088522034243,372.5350128984883,372.5350128984883,374.58457775275815,,,,,375.15773217484724
1865,184.11879027112823,185.65366245989182,186.5158737388055,371.093312858112,371.2788314872459,371.2788314872459,374.4527647666184,,,,,375.33341339771823
1879,185.5046302872303,187.19521199369748,188.06795280603723,373.14966370802927,373.6128761118882,373.6391179374056,374.22753376599746,,,,,375.35916597156523
1862,184.01672454302147,185.4104483701704,186.28354854608074,370.8674197295008,372.44163584597624,372.44163584597624,374.8228938948776,,,,,375.3898656613899
1872,184.95449784639476,186.31171091900273,187.50136681108953,372.79169179041634,374.4178166654084,374.4178166654084,374.7009088805383,,,,,375.45637224553377
1876,185.3326102870471,187.0152914443515,187.861673225435,372.82468755920166,373.71932013795356,373.9523547314994,374.4799349687145,,,,,375.52278958687464
1873,185.0800824056855,186.39464798404757,187.3700929514231,372.5350128984883,372.85383753280814,372.85383753280814,374.1308885357201,,,,,375.70512408753274
1861,183.8759541563165,185.37628350642441,186.39464798404757,371.07879005869796,373.01830192864145,373.02646541441743,374.58445605914983,,,,,375.8810838739241
1882,185.6297104091025,187.3700929514231,188.37431983764978,373.6128761118882,375.3339096967203,375.3339096967203,375.41417321525796,,,,,375.95214964714495
1883,185.63984460920707,187.44962655436487,188.44824917004686,374.4178166654084,374.6370516371556,374.6370516371556,375.30796038430435,,,,,376.030839110384
1884,185.74364612252648,187.50136681108953,188.65139390194244,374.48998761331865,374.92998535543677,374.92998535543677,375.09905065828804,,,,,376.8126893209295
1878,185.45061167996138,187.16424412646185,188.17592475056406,373.42429149928415,374.48998761331865,374.48998761331865,376.3893041599779,,,,,377.0357090771038
1886,185.87090087584565,187.9221526048214,188.86907764245797,374.72935578473863,375.0334493691293,375.0334493691293,375.2709215055739,,,,,377.0660752839985
1891,186.2818115682905,188.38095862705873,189.66078282667038,375.7433296559481,376.19113314168715,376.19113314168715,376.6718800761942,,,,,377.2714686927574
1887,185.9649115402611,188.05857651491866,189.01013283855886,374.92998535543677,375.56861719862326,375.56861719862326,376.5748162526766,,,,,377.2971242159656
1885,185.86158574785276,187.861673225435,189.05346205870595,375.0334493691293,375.82985969683506,375.82985969683506,375.87242452270306,,,,,377.34704818153557
1877,185.35908406222907,187.11221921927142,188.05857651491866,373.01830192864145,375.5086796995496,375.5086796995496,376.4588754381205,,,,,377.6376358804817
1893,186.32853334396978,188.65139390194244,189.45033889556004,375.68799755969906,375.7433296559481,375.7433296559481,377.0105699437356,,,,,377.6945784400257
1894,186.34131226404762,188.71633169131707,189.70479598997355,375.82985969683506,376.70677867764175,376.70677867764175,377.01312310893593,,,,,377.8122745906457
1890,186.10329454696517,188.37431983764978,189.41282119198507,375.56861719862326,376.75936652688813,376.75936652688813,376.8361385076001,,,,,377.86966405794874
1889,186.0940007113894,188.17592475056406,189.23194099787582,375.3339096967203,375.50264754930913,375.50264754930913,377.2117837095251,,,,,377.89067482002076
1888,185.98909965904173,188.06795280603723,189.2608487692727,375.5086796995496,376.582752058901,376.582752058901,377.45707589467764,,,,,378.20751383798415
1892,186.29509377313127,188.44824917004686,189.2472457740029,375.50264754930913,375.68799755969906,375.68799755969906,377.6315985485851,,,,,378.3508252835922
1880,185.57502440782375,187.2395241772123,188.38095862705873,373.71932013795356,374.72935578473863,374.72935578473863,376.99012154047546,,,,,378.4384753872659
1863,184.02515415742113,185.4111301578595,186.31171091900273,370.9794211293038,372.48088522034243,372.48088522034243,373.02646541441743,,,373.23799615239903,378.6972455010761,378.6972455010761
1898,186.51493655713784,189.23194099787582,190.07830413128693,376.75936652688813,378.37070268078946,378.37070268078946,378.5027211288939,,,,,379.10901181252325
1901,186.74329661760018,189.41282119198507,190.6443144522912,378.37070268078946,378.6109587616839,378.6109587616839,378.6667360855416,,,,,379.31598173349073
1896,186.4237320564944,189.01013283855886,189.8476838923606,376.70677867764175,378.0438013720031,378.0438013720031,379.4550684901609,,,,,380.0349384336632
1906,187.1561560327275,189.83683332386926,190.96259589389695,378.8841514397954,379.08183002655824,379.08183002655824,379.5354817248109,,,,,380.3114994317315
1899,186.59654167601914,189.2472457740029,190.28642394159263,378.0725763937295,378.44609862397454,378.44609862397454,378.4883032256803,,,,,380.3315102605604
1902,186.81587200811754,189.45033889556004,190.58192634081192,378.26057748337695,378.5531412992593,378.5531412992593,379.20159771431764,,,,,380.67677465924805
1904,186.92586181835725,189.70479598997355,190.50359443343666,378.1270806153329,378.26057748337695,378.26057748337695,380.2126773511987,,,,,380.776318162267
1881,185.585313178595,187.34779643566716,188.71633169131707,374.6370516371556,378.1270806153329,378.1270806153329,379.8025406750655,,,,,380.88219893350856
1909,187.37665429390626,190.20037007793124,191.3575152938767,378.9934184790442,379.7829069551066,379.7829069551066,379.99221738999336,,,,,380.9391151159644
1900,186.67303980301247,189.2608487692727,190.20037007793124,378.0438013720031,378.0725763937295,378.0725763937295,379.68243366384496,,,,,380.990925630463
1895,186.35231779594577,188.86907764245797,189.83683332386926,376.582752058901,380.35473332712286,380.35473332712286,380.43230739212976,,,,,381.08974320372715
1910,187.46375924516596,190.28642394159263,191.4787189295601,379.7829069551066,380.035748296037,380.035748296037,380.25911539969616,,,,,381.45971945972616
1897,186.472146630754,189.05346205870595,189.82512841985212,376.19113314168715,378.8841514397954,378.8841514397954,380.9709731586314,,,,,381.6843284235783
1905,187.03971439991673,189.82512841985212,190.88487223875538,378.5531412992593,380.75178943315416,380.75178943315416,381.10033740837235,,,,,381.76728975248636
1920,188.56692385889542,191.4602154567205,192.23090238482726,380.86172089332297,381.1966917920483,381.1966917920483,381.36158029176113,,,,,381.8959273737638
1908,187.1860046113737,190.07830413128693,191.37715425683416,379.08183002655824,381.10253839558027,381.10253839558027,381.37189971197563,,,,,381.9454105940481
1916,187.92078184494264,190.9347605771689,192.17041418211025,380.75178943315416,380.86172089332297,380.86172089332297,380.8790056458211,,,,,382.00871266704684
1911,187.5653899278357,190.50359443343666,191.4602154567205,379.7110853500288,380.40489004053467,380.40489004053467,381.49417898897826,,,,,382.343871329948
1918,188.1415497626091,191.3575152938767,192.46137508235194,381.1966917920483,381.695137607621,381.695137607621,382.12106223043213,,,,,382.82373460421513
1903,186.87388419313803,189.66078282667038,190.84320788003808,378.44609862397454,379.7110853500288,379.7110853500288,382.14744476848807,,,,,382.98291525190467
1914,187.7528698729188,190.84320788003808,192.25287284562452,381.09659027957804,381.2063771053583,381.2063771053583,382.2432158544217,,,,,383.2744811192282
1928,188.98397721212535,192.25287284562452,193.23161566511848,382.51594193600806,382.57009796713703,382.57009796713703,382.7085274130787,,,,,383.3073032628576
1917,187.98347195162654,190.96259589389695,191.99456614869837,380.35473332712286,381.69534065626084,381.69534065626084,382.1847295707478,,,,,383.3203446680427
1927,188.97582222846617,192.23090238482726,193.05148412164436,381.99868058290485,382.309610849515,382.309610849515,383.00370428543596,,,,,383.6309036279556
1921,188.8320908335091,191.4787189295601,192.9290138541425,381.69534065626084,381.99868058290485,381.99868058290485,382.9412460619118,,,,,383.6637871501244
1924,188.89907693762086,192.07963562206436,192.5872912059588,381.2063771053583,382.81244209212855,382.81244209212855,383.04876379142684,,,,,383.87200320154864
1907,187.1737356817277,189.8476838923606,190.9347605771689,378.6109587616839,378.9934184790442,378.9934184790442,379.6139615739255,,,379.6139615739255,384.35071116804767,384.35071116804767
1933,189.6533948492601,192.72426220219688,193.27785934114002,382.57009796713703,383.67465131623936,383.67465131623936,383.9198153348532,,,,,384.5156969154427
1922,188.8589883723258,191.74174788703772,192.72426220219688,381.695137607621,383.6435917039295,383.6435917039295,383.92694580553854,,,,,384.6512048168459
1919,188.1772052324715,191.37715425683416,192.32838432147494,381.10253839558027,381.623048178054,381.623048178054,384.5562533552738,,,,,385.1182747571613
1926,188.94075785224996,192.17041418211025,193.2883693049908,382.81244209212855,382.9325138525269,382.9325138525269,384.4314537547653,,,,,385.1333121882905
1912,187.65734677080968,190.58192634081192,191.74174788703772,380.035748296037,381.09659027957804,381.09659027957804,384.263481643055,,,,,385.2765712029188
1930,189.22804367854474,192.46137508235194,193.34443806058215,383.6435917039295,384.0503648715406,384.0503648715406,384.541694776812,,,,,385.4708611822545
1929,189.13931100703684,192.32838432147494,193.327479811095,382.9325138525269,384.2425849840897,384.2425849840897,384.53672934428346,,,,,385.5188779236646
1931,189.5339127803742,192.5872912059588,193.58827233195754,383.67465131623936,384.7761139532953,384.7761139532953,385.34052761520064,,,,,386.0991456778498
1925,188.93298450873442,192.0815932112672,193.10957212531693,382.309610849515,384.4954807183524,384.4954807183524,385.50447841051925,,,,,386.22514813212536
1915,187.83658786230384,190.88487223875538,192.0815932112672,380.5749457530302,382.51594193600806,382.51594193600806,385.86685578739394,,,,,386.4202092676619
1940,191.0257567690029,193.327479811095,194.1231658638794,384.4954807183524,385.8467082708385,385.8467082708385,386.1315203690244,,,,,387.08826412023154
1932,189.55241630695917,192.70776383633913,193.71261618042877,384.0503648715406,384.23972589642017,384.23972589642017,385.58753092150664,,,,,387.4215989230185
1934,189.97106645013997,192.9290138541425,193.94947580151262,384.23972589642017,384.99107701517914,384.99107701517914,387.00223732485335,,,,,387.67654890351395
1935,190.01870481089867,193.05148412164436,194.16788956121545,384.7761139532953,385.1958951304804,385.1958951304804,386.06700166746947,,,,,387.7084477749785
1948,191.79075861377083,194.1956621913379,194.98795111557817,386.5486718820534,387.16569178750973,387.16569178750973,387.42951323131206,,,,,388.1189932318716
1913,187.67767385095058,190.6443144522912,192.07963562206436,380.40489004053467,380.5749457530302,380.5749457530302,382.45290430191835,,,382.45290430191835,388.4040891274267,388.4040891274267
1941,191.30908288299617,193.34443806058215,194.2041740961177,385.1958951304804,387.1134082366668,387.1134082366668,387.385369443314,,,,,388.57723980055687
1942,191.3239062651709,193.58827233195754,194.69578101118344,385.91620469954506,387.62255074506203,387.62255074506203,388.24312108995895,,,,,388.7894612352775
1937,190.32205870602417,193.23161566511848,194.22581265500185,385.65728898790644,386.5486718820534,386.5486718820534,387.21176612971163,,,,,388.8280017521424
1923,188.86730412763626,191.99456614869837,192.70776383633913,381.623048178054,385.65728898790644,385.65728898790644,387.3732355462947,,,,,389.3283586526012
1936,190.0798038167279,193.10957212531693,193.96622836032824,384.2425849840897,386.25726022404996,386.25726022404996,388.5254820296221,,,,,389.38388479392637
1945,191.6166233705376,193.96622836032824,195.13633264080445,387.62255074506203,387.9294348107703,387.9294348107703,388.02579640226037,,,,,390.1857154499883
1939,190.6623167404572,193.2883693049908,194.1956621913379,384.99107701517914,385.7221153957401,385.7221153957401,388.6307159985968,,,,,390.24507658056297
1951,192.04918254210202,194.33674199036938,195.13171447731392,387.16569178750973,387.95566800451786,387.95566800451786,389.2195229088721,,,,,390.28834754591816
1950,191.94955729863779,194.22581265500185,195.14288016485403,387.9294348107703,387.9602118010411,387.9602118010411,389.00633738566154,,,,,390.3392888993317
1961,192.88072758369927,195.24185223128072,195.8263072861137,388.5950192646535,388.7748608499825,388.7748608499825,389.41490562074466,,,,,390.517998738776
1957,192.44847149989988,195.13171447731392,195.8819214551583,388.7152874428381,389.6125781471538,389.6125781471538,389.89319488178757,,,,,390.8164166838527
1949,191.80338147330383,194.2041740961177,195.06724089306826,387.1134082366668,388.01034439384915,388.01034439384915,389.58805728854134,,,,,391.1837526777445
1953,192.19506209856536,194.69578101118344,195.43435086357871,388.1213145325263,390.47571286586987,390.47571286586987,390.8273624939001,,,,,391.40747789292425
1958,192.47623954411884,195.13633264080445,196.0308270742148,389.5986177319081,390.06987815523433,390.06987815523433,391.0774064237061,,,,,391.60202971685516
1938,190.45478003852452,193.27785934114002,194.33674199036938,385.7221153957401,385.91620469954506,385.91620469954506,386.0719003918786,,,386.0719003918786,391.7294427034523,391.7294427034523
1943,191.34049093977046,193.71261618042877,194.58893258893724,385.8467082708385,388.99337006759805,388.99337006759805,389.7469113000311,,,,,391.757566005478
1944,191.50499557251433,193.94947580151262,194.93818794190778,386.25726022404996,388.7152874428381,388.7152874428381,390.3027941345763,,,,,391.8034768962464
1963,192.98043649407938,195.43435086357871,196.33001794641243,390.47571286586987,390.7189420475807,390.8273624939001,391.21875728345606,,,,,392.118748446823
1970,194.29776499828478,196.05308445662342,196.99287847473445,391.3049237823144,391.35992121953626,391.515044586617,391.7414629150555,,,,,392.50674269107594
1971,194.4568886565602,196.15401617123902,197.0195304375569,391.35992121953626,391.58525211930703,391.7414629150555,391.9131076248645,,,,,392.62137685551755
1954,192.2392073638507,194.93818794190778,195.9528947630293,388.7748608499825,391.17662231196823,391.17662231196823,391.90091613024873,,,,,392.95037125371346
1960,192.84487604845876,195.21678667167882,196.24029765277925,390.06987815523433,390.50310277441787,390.50310277441787,392.3990959954594,,,,,393.0011526015615
1973,194.54688590768546,196.33001794641243,197.18901181257755,391.58525211930703,392.09712632452647,392.09712632452647,392.8036231842731,,,,,393.37364067606273
1952,192.0894690464295,194.58893258893724,195.3586088330596,388.01034439384915,388.1213145325263,388.1213145325263,391.515044586617,,,,,393.3872677980272
1965,193.5896334974162,195.8819214551583,196.61508277473365,390.50310277441787,391.3049237823144,391.3049237823144,392.96207956794507,,,,,393.48895612386144
1966,193.6247438375247,195.9528947630293,196.83811456448808,390.703396964191,391.47080356935413,391.7294427034523,391.8264371936752,,,,,393.51923336270886
1982,195.8359245278263,197.33624637832114,197.92310669222198,392.2558438551968,392.3484317004402,392.8036231842731,393.03175836834276,,,,,393.576006348595
1947,191.78079209839072,194.16788956121545,195.24185223128072,387.9602118010411,388.5950192646535,388.5950192646535,392.80626465740403,,,,,393.6867809193824
1956,192.3966616703454,195.06724089306826,196.15401617123902,389.9717767184281,391.9093884541473,391.9093884541473,393.09385187195545,,,,,393.7305596338365
1976,194.72117155701872,196.88060356129586,197.9555662993932,392.31273065552483,392.85986078083,393.03175836834276,393.15926304317895,,,,,393.75902033633713
1968,193.75935387156377,196.0308270742148,196.93804954977344,391.17662231196823,392.31273065552483,392.78474563336323,393.02595974499513,,,,,393.9622992674131
1972,194.50640112798214,196.24029765277925,197.50977763301805,392.09712632452647,392.4041196235379,392.80626465740403,393.1810081478005,,,,,394.21385287886227
1955,192.35569777328158,194.98795111557817,196.05308445662342,389.94853099330385,389.9717767184281,389.9717767184281,393.00068093319106,,,,,394.21685128205075
1969,194.1176326103629,196.04789377639264,197.09460790918047,391.47080356935413,392.66677673687803,393.02595974499513,393.5352748321362,,,,,394.2421047827245
1977,194.93863325788783,196.93804954977344,198.2015389197817,392.51352575714117,393.0994355806189,393.0994355806189,393.6431474837092,,,,,394.33805875038433
1959,192.66628661055273,195.14288016485403,196.04789377639264,389.6125781471538,389.94853099330385,389.94853099330385,393.5340896373084,,,,,394.4085897972387
1964,193.14930557725566,195.8263072861137,196.88060356129586,390.7189420475807,391.78224888594997,391.8192327505003,393.64335161230525,,,,,394.4257343820367
1974,194.59544480543656,196.61508277473365,197.50886866256408,391.9093884541473,392.2558438551968,392.3990959954594,392.78474563336323,,,,,394.58487488443456
1946,191.65570848912657,194.1231658638794,195.21678667167882,387.95566800451786,390.703396964191,390.703396964191,393.5044415669575,,,,,394.6332791555533
1975,194.63289740071903,196.83811456448808,198.24640615700707,392.66677673687803,393.814712641135,393.814712641135,393.89374945382815,,,,,394.9187145244529
1980,195.50199761702137,197.09460790918047,197.99088797686693,392.3484317004402,394.4155401397093,394.4155401397093,394.5899610093134,,,,,395.13509083522763
1985,196.28065040755556,197.92310669222198,198.5627664176664,393.179735646553,393.6296569662168,393.6296569662168,394.50769395174495,,,,,395.2614182343905
1984,196.21609524423957,197.50977763301805,198.69418527007454,393.6296569662168,394.1537185314878,394.1537185314878,394.56071160615477,,,,,395.2755898321939
1986,196.33398768713002,197.9555662993932,198.86531298225356,393.814712641135,393.99381965904917,393.99381965904917,394.02527943466066,,,,,395.33636066079856
1967,193.6739326633724,196.0293802853854,197.33624637832114,391.78224888594997,393.179735646553,393.179735646553,393.3064607366745,,,,,395.4085987000062
1989,197.00696309869147,198.16780703419778,199.1938563136093,394.4155401397093,394.68992129659836,394.68992129659836,395.19271730252245,,,,,395.8223637881203
1979,195.31033639413943,197.0195304375569,198.10245376158736,392.4041196235379,392.4247357031095,392.96207956794507,394.6997694947305,,,,,395.8468802922185
1987,196.8470769619904,197.99088797686693,198.8219796130521,393.7965038532554,395.20047136984675,395.20047136984675,395.3697211512463,,,,,396.2816277892668
1991,197.1433236013234,198.24640615700707,198.9252073438538,393.99381965904917,394.92492475717705,394.92492475717705,395.55391764053013,,,,,396.43758858091405
1981,195.5927756722813,197.18901181257755,198.37466772417173,393.0994355806189,394.7272771485658,394.7272771485658,395.76249884457275,,,,,396.6108338780309
1978,195.06864345009114,196.99287847473445,198.16780703419778,392.4247357031095,392.51352575714117,393.00068093319106,394.9091070517074,,,,,396.7289485457378
1983,196.05927681034822,197.50886866256408,198.3103451306982,392.85986078083,393.7965038532554,393.7965038532554,395.8446444370485,,,,,397.0761972957105
1995,197.40178495344946,198.69418527007454,199.4274054659047,394.7272771485658,396.7533441767779,396.7533441767779,397.030496182914,,,,,397.5581819036067
1997,197.7845744496998,198.86531298225356,199.82440371931298,396.34080004535855,396.6338612600641,396.6338612600641,396.70879953887635,,,,,397.63230832561544
1996,197.5498039570963,198.8219796130521,199.83952532139193,396.79749236284414,397.09964112793864,397.09964112793864,397.14928935073664,,,,,397.7856752631278
1988,196.92962199417923,198.10245376158736,199.15780147892426,394.1537185314878,396.8666830487986,396.8666830487986,397.44681842928776,,,,,398.05941398290463
1999,198.39436894411003,199.15780147892426,199.83479169279187,396.6338612600641,396.79749236284414,396.79749236284414,397.4875762358917,,,,,398.39712178769264
1962,192.9241324046213,195.3586088330596,196.0293802853854,388.99337006759805,389.5986177319081,389.5986177319081,391.8192327505003,,,391.8264371936752,398.40878558709113,398.40878558709113
1990,197.11847197650675,198.2015389197817,199.43466739717505,394.92492475717705,395.98550371622,395.98550371622,396.5520980888847,,,,,398.4702689318656
2009,199.24657317853686,199.83952532139193,200.55160057541906,397.8085598663389,398.32006426511504,398.32006426511504,398.38938227955765,,,,,399.1816122313477
2003,198.96830833676339,199.43466739717505,200.13505584082202,396.8666830487986,397.8333460841722,397.8333460841722,398.5332620056001,,,,,399.19932361482046
2005,199.0485605330821,199.4560411204618,200.4320225315479,397.7880049655358,397.8085598663389,397.8085598663389,398.65091608308353,,,,,399.2879091361098
1992,197.19103680640353,198.3103451306982,199.4538024674346,395.20047136984675,396.34080004535855,396.34080004535855,399.0461988605693,,,,,399.7499502757582
1994,197.318370030779,198.5627664176664,199.4560411204618,395.98550371622,398.21235068684973,398.21235068684973,398.8949235546236,,,,,399.8166711624093
2001,198.80789479585994,199.32226347743062,200.15532877038325,397.09964112793864,398.412866461983,398.412866461983,399.01659930283836,,,,,399.8222573739315
2000,198.69969192864897,199.1938563136093,200.16137307038687,397.3774663190108,397.7880049655358,397.7880049655358,399.2845963132436,,,,,399.9422761400775
1993,197.24899693089128,198.37466772417173,199.32226347743062,394.68992129659836,398.1432566260365,398.1432566260365,399.12346344286277,,,,,400.2696935529763
2006,199.10406228501503,199.82440371931298,200.8087530955872,398.2450704200165,398.8307613668733,398.8307613668733,399.4100775669964,,,,,400.2878989043636
2004,199.01198633579645,199.4538024674346,200.80163205573623,398.21235068684973,399.1357384469092,399.1357384469092,399.24176077657484,,,,,400.42574619527505
2011,199.6139825806823,200.15532877038325,201.4294082765046,398.7501458021982,399.15513547682787,399.15513547682787,399.46792918494936,,,,,400.5269045246569
2017,200.3688624422009,200.80163205573623,201.87423313343385,399.3063540369491,399.48114778768274,399.48114778768274,399.528900230452,,,,,400.56912962227665
2019,200.43300174551433,200.82768673749925,201.69547494783149,399.1357384469092,399.8583431623113,399.8583431623113,399.87597424885536,,,,,400.743682256904
2007,199.12020919515035,199.83479169279187,200.7759356959108,398.1432566260365,398.2450704200165,398.2450704200165,400.4276338193721,,,,,401.0219989055856
2014,199.81488202898691,200.55160057541906,201.61512789834512,398.91881448822477,399.3063540369491,399.3063540369491,400.40627895731615,,,,,401.0953570420582
2018,200.39628343361687,200.8087530955872,201.56351343721218,398.8307613668733,400.1668180418733,400.1668180418733,400.27633971046123,,,,,401.25066449854097
2002,198.91524756593384,199.4274054659047,200.5835489686784,397.8333460841722,398.91881448822477,398.91881448822477,400.69519399240136,,,,,401.4784355600874
2010,199.3142297639596,200.13505584082202,201.18744840629302,398.412866461983,398.7501458021982,398.7501458021982,400.91155675750935,,,,,401.75673279775964
2012,199.7342314573746,200.16137307038687,201.42836240473767,398.59776949853295,399.389684941206,399.389684941206,399.9063577683248,,,,,401.9874348456629
2015,199.9744774602696,200.5835489686784,202.02838104771737,399.48114778768274,400.4916715131128,400.4916715131128,401.1138132915608,,,,,402.3570805399794
2021,200.71188678404175,201.42836240473767,202.588519442419,400.4916715131128,400.53737161813194,400.53737161813194,401.943490321373,,,,,402.57077864719867
2024,201.52830071514938,201.61512789834512,202.24769202664908,399.53987969351334,400.71156851315055,400.71156851315055,401.0822657180585,,,,,402.6849493595585
2008,199.1293431088242,199.83635936388,200.82768673749925,398.32006426511504,398.59776949853295,398.59776949853295,399.0480167154943,,,399.0480167154943,402.7155870787774,402.7155870787774
2013,199.7482185599012,200.4320225315479,201.74269769796842,399.15513547682787,400.58749041039374,400.58749041039374,402.08630499961475,,,,,402.7742553050193
2016,200.10156676799895,200.7759356959108,201.95409271199858,399.389684941206,399.53987969351334,399.53987969351334,401.4334587412316,,,,,402.861996711658
2026,201.72702218861335,201.74269769796842,202.8064550740214,400.58749041039374,400.7441096523903,400.91155675750935,401.1844990433605,,,,,403.0075584573665
2027,201.88175105284864,201.88175105284864,203.04820299317137,400.71156851315055,400.92889723731344,401.1138132915608,402.4118034433458,,,,,403.1432973556327
2023,201.47881056898905,201.56351343721218,202.52828631079947,399.8583431623113,400.1979770427628,400.1979770427628,402.42110411785103,,,,,403.15910197202794
2032,202.24246533809497,202.5378364988991,203.78572109560932,402.34692414857363,402.3494258812677,402.4118034433458,402.52691207312176,,,,,403.4574150252949
2025,201.61126043933723,201.69547494783149,202.68290636055403,400.53737161813194,401.3930928763636,401.3930928763636,402.8259667978916,,,,,403.52599421990664
2028,201.8923645564985,201.95409271199858,202.9686435303833,400.68064373035656,400.8953966281237,401.0822657180585,401.53353031878567,,,,,403.5477333876582
2030,202.1729472860451,202.24769202664908,203.4061892862302,400.92889723731344,402.5662133538411,402.5662133538411,402.9702595782324,,,,,403.82257635821026
2020,200.68865036005064,201.18744840629302,202.53803223687447,400.1979770427628,400.68064373035656,400.68064373035656,403.2892317797751,,,,,403.8488517358174
2022,201.17138077071914,201.4294082765046,202.5378364988991,400.1668180418733,402.0190527749449,402.0190527749449,402.95909302585454,,,,,404.0899653100334
2036,202.85044261881364,202.85044261881364,203.63941412267766,402.0566458947206,402.34692414857363,402.34692414857363,402.9376169731256,,,,,404.12527500245125
2031,202.1797460828431,202.52828631079947,203.64561471144953,402.0620019166032,403.0982256379604,403.0982256379604,403.54321779032546,,,,,404.5002462637436
1998,197.95599608247875,198.9252073438538,199.83635936388,396.7533441767779,397.3774663190108,397.3774663190108,397.6113459184224,,,397.6113459184224,405.08788742317097,405.08788742317097
2035,202.57781554680366,202.68290636055403,203.61996983735045,402.0190527749449,402.0566458947206,402.0566458947206,404.66643898129115,,,,,405.25282893190536
2044,204.13344244377015,204.13344244377015,204.95056684586768,404.10206461627104,404.1778388699846,404.1778388699846,405.0189113291347,,,,,405.56606709125595
2033,202.40213433770123,202.53803223687447,203.25056979326925,400.8953966281237,403.07347995245743,403.07347995245743,405.66186398489026,,,,,406.1815511343734
2029,202.12108552745366,202.12108552745366,203.13740070126667,400.7441096523903,402.0620019166032,402.0620019166032,403.77168597086956,,,,,406.33415387908764
2034,202.44093580485725,202.588519442419,203.51349701741015,401.3930928763636,405.78868554403596,405.78868554403596,406.08577438044387,,,,,406.80689681492686
2042,204.01656537953704,204.01656537953704,205.0273872182395,404.1778388699846,405.31777706955904,405.31777706955904,406.4281805312877,,,,,407.33403590997284
2040,203.64454322943098,203.64454322943098,204.5914033547476,403.07347995245743,405.60806226089153,405.60806226089153,406.36726221113236,,,,,407.70672106697054
2037,203.04749781687727,203.04749781687727,204.19103248242905,402.3494258812677,407.1641890219085,407.1641890219085,407.3367680004576,,,,,408.02757504485277
2041,203.89347373965495,203.89347373965495,205.0380603532237,405.31777706955904,406.020658959048,406.020658959048,407.75233851906535,,,,,408.5615925784265
2054,205.11272050086157,205.18369252702195,206.19531751523073,407.99729442549426,408.28671700599693,408.28671700599693,408.4707488986235,,,,,409.06018056291987
2052,205.03633618010252,205.03633618010252,205.77575801289726,407.1641890219085,407.3273810863405,407.3273810863405,407.3475602008136,,,,,409.1930974031821
2039,203.55652201842395,203.55652201842395,204.48130644655038,402.5662133538411,406.3956383287231,406.3956383287231,407.62294870576363,,,,,409.27431437632384
2046,204.4369447866106,204.4369447866106,205.2726686113157,406.020658959048,407.6822557993404,407.6822557993404,408.68587495921554,,,,,409.4709916357532
2055,205.30513254993414,205.30513254993414,206.50228902591633,408.28671700599693,408.4839459149177,408.4839459149177,409.07036958344537,,,,,409.6118132954383
2043,204.12184126831843,204.12184126831843,205.18369252702195,405.60806226089153,406.60966325331856,406.60966325331856,408.3296534438144,,,,,409.8417426626584
2057,205.46187361263546,205.46187361263546,205.97283149282686,407.64598372561727,408.11552758033923,408.11552758033923,409.24973709956834,,,,,409.862967394995
2050,204.84226592236453,204.84226592236453,205.69222908480646,406.5133623719858,408.71095570177465,408.71095570177465,409.1373793014305,,,,,409.87765991573644
2048,204.69581709520372,204.69581709520372,205.82929009286502,407.3273810863405,407.64598372561727,407.64598372561727,408.1459465104318,,,,,409.96848949079174
2045,204.24998674400214,204.24998674400214,205.20514432511763,405.78868554403596,406.5133623719858,406.5133623719858,407.6038796938859,,,,,410.0746629502004
2053,205.07264950866622,205.07264950866622,206.14957211840346,407.6822557993404,409.06289804909267,409.06289804909267,409.1043836895682,,,,,410.125706515438
2047,204.65148061214106,204.65148061214106,205.38169307032038,406.3956383287231,408.27589715650595,408.27589715650595,409.5223505941888,,,,,410.20347752502954
2061,205.80884407534336,205.82929009286502,206.75451093413116,408.83197213051574,409.48975062523795,409.48975062523795,409.68296466697547,,,,,410.2371908407831
2063,205.86387455835285,206.14957211840346,206.98529718022922,409.48975062523795,409.9685144929834,409.9685144929834,409.99110339309243,,,,,410.54971020352053
2038,203.5081234446199,203.5081234446199,204.60624920808405,403.0982256379604,404.10206461627104,404.10206461627104,404.3783916650856,,,404.3783916650856,411.2733216488694,411.2733216488694
2064,205.9223126953112,206.19531751523073,207.03770225161077,409.67158425423526,410.1479754972101,410.1479754972101,411.08766200000815,,,,,411.6048098904773
2059,205.73097116946778,205.73097116946778,206.6638411510983,408.71095570177465,409.67158425423526,409.67158425423526,410.8358200426346,,,,,411.74445466036514
2056,205.39074839952713,205.39074839952713,206.3168655641372,408.27589715650595,408.83197213051574,408.83197213051574,409.9444223662935,,,,,411.83650333277103
2070,206.7346323433287,206.75451093413116,207.52010337832675,410.88003007838057,410.9708760431729,410.9708760431729,411.15629133674406,,,,,411.9518564892343
2058,205.63317225863202,205.69222908480646,206.6280579987942,408.4839459149177,409.9688984241587,409.9688984241587,411.2196998103824,,,,,412.12866946781
2074,206.95119128333405,207.14276237437252,207.8373555777515,411.0141911727125,411.06723188191756,411.06723188191756,411.0900232042019,,,,,412.2116625378099
2051,204.95482025108723,204.95482025108723,206.2490669754821,408.11552758033923,410.88003007838057,410.88003007838057,411.420908587147,,,,,412.33433052676526
2049,204.72648741361652,204.72648741361652,205.7153742862432,406.60966325331856,407.99729442549426,407.99729442549426,411.72672853479725,,,,,412.7242593949317
2065,206.33580816429287,206.33580816429287,207.17177168560312,409.9688984241587,410.6473527310364,410.6473527310364,411.54945094716453,,,,,412.8362740231462
2060,205.74807364636547,205.77575801289726,206.9442776668591,409.06289804909267,410.74487606131134,410.74487606131134,411.46814333608535,,,,,412.89753393442777
2062,205.82750457023428,205.97283149282686,207.14276237437252,409.9685144929834,411.0141911727125,411.0141911727125,412.6302872662765,,,,,413.17494887231175
2068,206.66281570132801,206.66281570132801,207.62633491971968,410.9708760431729,411.3061922614021,411.3061922614021,412.1464153967329,,,,,413.2913374956215
2072,206.7924977409948,206.98529718022922,208.29569018340075,411.91060150397044,412.2589585317314,412.2589585317314,412.46680459636985,,,,,413.436970573045
2067,206.54202204509346,206.54202204509346,207.3366587590372,410.1479754972101,411.91060150397044,411.91060150397044,413.2113734292667,,,,,413.9089647077587
2080,207.3673330778896,207.62633491971968,208.33821908183918,412.2589585317314,412.57383931501477,412.57383931501477,413.1554918642075,,,,,414.06585745271053
2076,207.00270484192302,207.3366587590372,207.97118928219703,411.06723188191756,411.8464822058252,411.8464822058252,413.31748581775884,,,,,414.20008307662033
2078,207.05493153519433,207.46279186062603,208.1098405779823,411.8464822058252,412.62234753327726,412.62234753327726,412.6384908965069,,,,,414.28831884614607
2069,206.72341682977552,206.72341682977552,207.46279186062603,410.74487606131134,411.1661151298628,411.1661151298628,413.5007914386923,,,,,414.36197578614593
2077,207.0520981927122,207.3376947787241,208.41996107391458,412.62234753327726,413.2571838261344,413.2571838261344,414.0850005404219,,,,,414.66769263339876
2071,206.76875024825176,206.9442776668591,208.0380352161107,411.1661151298628,412.7628317296562,412.7628317296562,413.3014196316748,,,,,414.9103954523133
2084,207.63371524631168,208.03973318309804,208.75262161512435,413.02563384035403,413.93908888278565,413.93908888278565,414.0484026787939,,,,,415.2851689234788
2073,206.90330746399553,207.03770225161077,208.03973318309804,411.3061922614021,413.42943935511505,413.42943935511505,415.2150651604916,,,,,415.7549835823774
2086,208.09447816641233,208.29569018340075,209.50054428261512,414.3865175935096,414.38738368464595,414.38738368464595,414.3918701732912,,,,,415.9851002607458
2066,206.42223301374992,206.42223301374992,207.3376947787241,410.6473527310364,414.3391642205706,414.3391642205706,415.35240514479034,,,,,416.50487803865775
2083,207.44464327775577,208.0380352161107,209.42883788062255,414.3391642205706,415.5077258379313,415.5077258379313,415.6486223744667,,,,,416.6236043647968
2075,206.9746617034009,207.17177168560312,208.36828901824902,412.57383931501477,413.02563384035403,413.02563384035403,415.6038052283464,,,,,416.6255936061688
2089,208.17231148876337,208.41996107391458,209.5116152208961,414.38738368464595,414.5634563034253,414.5634563034253,415.67251341853125,,,,,416.64051367661256
2090,208.2225623573185,208.67525448105107,209.5156803050296,414.5634563034253,415.153524650404,415.153524650404,415.3711165546511,,,,,416.68077097262
2081,207.3903766040651,207.8373555777515,208.92004837865892,413.42943935511505,415.4733042845617,415.4733042845617,416.1372612789922,,,,,416.92070004513545
2091,208.27913895856403,208.75262161512435,209.91515526596697,415.5077258379313,416.0575102806586,416.0575102806586,416.1447810019108,,,,,416.9899778794135
2099,208.5618791583693,209.5156803050296,210.2859430987551,416.0575102806586,416.23768737981754,416.23768737981754,416.6598357889366,,,,,417.1682601909487
2098,208.47087761500447,209.5116152208961,210.5931051906945,416.23768737981754,416.42066858167203,416.42066858167203,416.6746092177416,,,,,417.40294818398047
2079,207.16391372557618,207.52010337832675,208.78848462995794,413.2571838261344,415.61398732646757,415.61398732646757,416.7370101015215,,,,,417.4592846125772
2094,208.35442386274488,209.12557279633518,210.08501731754532,415.7897296065607,416.00710036773927,416.00710036773927,416.89712291671344,,,,,417.8133162176416
2088,208.13970026106816,208.36828901824902,209.1338042987748,413.93908888278565,416.48887401167167,416.48887401167167,417.2708848435984,,,,,418.2333619478906
2103,208.76742266148423,209.9545070624474,210.88798140786213,417.173094975402,417.29417144390106,417.29417144390106,417.508507801859,,,,,418.24450964381106
2087,208.12107904200022,208.33821908183918,209.69091197474035,415.153524650404,415.7897296065607,415.7897296065607,416.82345187602226,,,,,418.45754445247013
2082,207.4232087904365,207.97118928219703,208.67525448105107,412.7628317296562,413.65581074518104,413.65581074518104,413.87482378013664,,,413.87482378013664,418.4878994656509,418.4878994656509
2107,209.34587931063092,210.5931051906945,211.18399726073832,418.48176884759454,418.6196865457221,418.6196865457221,418.8492855030411,,,,,419.6045265105565
2097,208.46818195232916,209.50054428261512,210.60801768926825,416.42066858167203,418.39817676160254,418.39817676160254,418.8517553586528,,,,,419.8579844882374
2085,207.9131060614396,208.1098405779823,209.12557279633518,413.65581074518104,414.3865175935096,414.3865175935096,414.6319671432615,,,414.6319671432615,419.963780184114,419.963780184114
2092,208.32375944659034,208.78848462995794,209.82477413901296,415.4733042845617,418.9426056417492,418.9426056417492,419.4331306146615,,,,,420.0005759092564
2101,208.74577104980776,209.82477413901296,210.94319432796016,417.29417144390106,417.3920891859639,417.3920891859639,419.49038861615077,,,,,420.0201672147301
2105,208.907585782773,210.2556259168313,211.05249972287498,418.39817676160254,418.48176884759454,418.48176884759454,419.33340986480266,,,,,420.2327388943377
2096,208.42491138002134,209.42883788062255,210.59961377260638,416.2836454470623,418.63891129374207,418.63891129374207,419.43860044450844,,,,,420.414932713269
2111,209.7902819945592,210.88798140786213,211.61299448229744,418.7208930013086,418.7401257268901,418.7401257268901,419.0090628012493,,,,,420.4928666662921
2104,208.8605413302826,210.08501731754532,210.94652828368888,417.3920891859639,417.3943316512945,417.3943316512945,417.9775001952441,,,,,420.57682185890235
2095,208.39950659167306,209.1338042987748,210.2556259168313,416.00710036773927,416.2836454470623,416.2836454470623,418.81915404915924,,,,,420.7609095833879
2106,209.011605410756,210.2859430987551,211.44680849880493,418.6196865457221,418.87635328115687,418.87635328115687,419.6578286823659,,,,,420.81163690002757
2110,209.6984090664632,210.71651994520593,211.85220916024258,418.9426056417492,419.09887931338636,419.09887931338636,419.5396395068071,,,,,420.8122315012687
2115,209.91030256789517,211.05249972287498,212.00050860526875,419.95162714369667,420.3378795055394,420.3378795055394,420.40230817882866,,,,,421.14650475192104
2112,209.7976075576729,210.94319432796016,211.85030491605988,418.87635328115687,420.39800858522267,420.39800858522267,420.4342780247135,,,,,421.3905281524802
2108,209.34869980385318,210.59961377260638,211.70898793345773,418.7401257268901,420.04953119911266,420.04953119911266,420.300500062005,,,,,421.4060735553173
2113,209.84936314057074,210.94652828368888,211.9069890773138,419.3009194091216,421.4408075836039,421.4408075836039,421.61989138603366,,,,,422.140322916674
2102,208.7613855817897,209.91515526596697,210.99789356949626,417.3943316512945,419.3009194091216,419.3009194091216,421.06208016754897,,,,,422.28962935118517
2093,208.33718375431755,208.92004837865892,209.9545070624474,415.61398732646757,417.173094975402,417.173094975402,420.72041319564556,,,,,422.5143760413907
2119,210.36846578150937,211.61299448229744,212.56233753899417,420.5015419873479,420.70223335547075,420.70223335547075,422.2892184411942,,,,,422.79530700748853
2117,210.3041332690896,211.44680849880493,212.33205373753896,420.39800858522267,421.44973968223394,421.61989138603366,422.12081269957764,,,,,422.88471046602234
2100,208.59862532919735,209.69091197474035,210.71651994520593,416.48887401167167,419.95162714369667,419.95162714369667,422.37933102951934,,,,,422.95381796167925
2120,210.38334255403743,211.70898793345773,212.67623320754424,420.8747946737084,420.9989222216439,420.9989222216439,421.73103850980084,,,,,423.1349073982252
2125,210.75232108791346,212.00050860526875,212.5273011887542,420.4508323085114,420.8747946737084,420.8747946737084,422.5001497194046,,,,,423.24696266624875
2121,210.50109519305832,211.85030491605988,212.80723459148655,421.29053872958747,421.35894426375677,421.35894426375677,422.8784038109279,,,,,423.6503355386811
2128,211.06216193448796,212.33205373753896,213.1783673704919,421.44973968223394,422.67400565427624,422.67400565427624,422.96024399699445,,,,,423.88546262964024
2118,210.36176066223655,211.50831382947683,212.3052021234466,420.3378795055394,421.6067991260673,422.12081269957764,422.4686729696722,,,,,423.8886606937852
2123,210.5318680563366,211.8570772046645,212.66098225078622,420.70223335547075,421.29053872958747,421.29053872958747,423.0687420041369,,,,,423.8958100872705
2109,209.4474993176744,210.60801768926825,211.50831382947683,418.63891129374207,418.7208930013086,418.7208930013086,419.1558599222918,,,419.1558599222918,423.9356143418265,423.9356143418265
2126,210.8127565331474,212.17779530220818,213.07136366936314,421.4408075836039,421.48233775935984,421.73103850980084,423.5763076397586,,,,,424.11896044755787
2130,211.64750604153997,212.56233753899417,213.24918387516414,421.48233775935984,421.7697043225514,422.2892184411942,423.2539446058262,,,,,424.2639391619883
2136,212.36550019004187,213.07136366936314,214.0664335246054,422.8149573346027,423.20919299305586,423.2539446058262,423.63594254082454,,,,,424.27023320598914
2116,209.94604711765228,211.18399726073832,212.17779530220818,420.04953119911266,420.4508323085114,420.4508323085114,423.1891133758445,,,,,424.28921938251256
2114,209.90845357594688,210.99789356949626,211.8570772046645,419.09887931338636,420.5015419873479,420.5015419873479,420.84642964766545,,,420.84642964766545,424.3571340538354,424.3571340538354
2132,211.7954118448391,212.67623320754424,213.77198647059257,422.63635771267104,423.3565243106781,423.5763076397586,423.5962446597927,,,,,424.364107718936
2129,211.19086574741965,212.5273011887542,213.3274287148298,421.6067991260673,422.1703352638035,422.37933102951934,423.7325851943557,,,,,424.41077540558723
2133,211.8886216627412,212.71692191552387,213.91336659085889,422.7532185797065,422.8966098280489,423.0687420041369,424.0921300648225,,,,,425.3423670603231
2131,211.71508283544455,212.66098225078622,213.79357833850506,422.67400565427624,422.7532185797065,422.8784038109279,424.69676229226536,,,,,425.4125883581342
2141,212.98729278365172,213.62195133223724,214.62809128495715,423.9697314966721,424.0087967259167,424.0087967259167,424.6987668323163,,,,,425.4159555070318
2140,212.80313970011557,213.5441203072516,214.4149843732459,423.3565243106781,424.2844651348066,424.2844651348066,425.06878859990525,,,,,425.8633573496079
2139,212.72488764945822,213.3274287148298,214.51781004698037,423.93523096049427,424.85220605261793,424.85220605261793,425.001206718091,,,,,426.0230146671738
2142,213.02419724312904,213.77198647059257,214.92077819940528,424.54331989173545,425.1196636518046,425.1196636518046,425.5271018239518,,,,,426.260147392369
2146,213.25876973427341,214.15452983499,215.2141419156561,425.4917369026981,425.9093749943176,425.9093749943176,426.1737775769872,,,,,426.84807880538546
2124,210.64813796490117,211.9069890773138,212.71692191552387,420.9989222216439,423.9697314966721,423.9697314966721,426.2154953094034,,,,,427.2998917842642
2135,212.36495926281,212.84919276177422,213.62195133223724,422.1703352638035,422.8149573346027,422.96024399699445,426.44117672190004,,,,,427.3308303648471
2138,212.56615500401287,213.24918387516414,214.31603370703723,423.20919299305586,424.54331989173545,424.54331989173545,425.9444550945772,,,,,427.48772012588825
2144,213.23978746851745,213.91336659085889,214.7995941557364,424.0087967259167,425.9048517775627,425.9048517775627,427.31574248636895,,,,,428.17435578671103
2122,210.50351576143933,211.85220916024258,212.84919276177422,421.35894426375677,423.93523096049427,423.93523096049427,427.63570389307193,,,,,428.35611579518877
2148,213.5408424799159,214.31603370703723,215.3227989853002,425.9048517775627,427.44638820338,427.44638820338,427.5398455884403,,,,,428.4297221215114
2154,213.87150044161604,214.92077819940528,215.8397795126051,427.34899650463154,427.74517815200346,427.74517815200346,427.8585883166599,,,,,428.46292969327044
2149,213.57856756758568,214.4149843732459,215.5283682393239,425.9297240589879,426.214370043785,426.214370043785,426.4870482848405,,,,,428.50121247548935
2153,213.8375061580346,214.82470695573198,216.00304122866294,427.72374797730544,427.98243292182286,427.98243292182286,428.17058225919357,,,,,428.7006750170664
2151,213.63561846134004,214.62809128495715,215.51088126517027,425.9093749943176,425.9297240589879,425.9297240589879,428.51232591894853,,,,,429.0500147135505
2137,212.55554500587795,213.1783673704919,214.15452983499,422.8966098280489,423.0528036379019,423.1891133758445,425.0476182434175,,,425.0476182434175,429.07659638769644,429.07659638769644
2147,213.45602191154524,214.15624747385942,215.19741688025547,425.1196636518046,425.4917369026981,425.4917369026981,428.1557687425148,,,,,429.07790195496915
2150,213.5790583994614,214.51781004698037,215.74049947324457,426.214370043785,428.3033571456523,428.3033571456523,428.6196510092915,,,,,429.34293651715734
2158,214.15619940046,215.3227989853002,216.25043350530086,427.98243292182286,428.2345906844723,428.2345906844723,428.65870609558436,,,,,429.3916953299717
2145,213.24991428167291,214.0664335246054,215.05872605707376,424.85220605261793,427.34899650463154,427.34899650463154,428.68022709440737,,,,,429.979724031847
2134,212.0837539219378,212.80723459148655,214.15624747385942,423.0528036379019,427.74339426174447,427.74339426174447,429.2845123224029,,,,,430.2329046089677
2162,214.3273858833814,215.8397795126051,216.64550719428348,428.45563069606396,429.4493207572467,429.4493207572467,429.47431920777154,,,,,430.306726340128
2157,214.11434255999333,215.2141419156561,216.04646226360734,427.74339426174447,428.63590790082935,428.63590790082935,429.55001032258974,,,,,430.3889037794778
2127,210.82798629446765,212.3052021234466,213.5441203072516,421.7697043225514,422.63635771267104,422.63635771267104,424.76722098849643,,,424.76722098849643,430.4215989611733,430.4215989611733
2155,214.02140575240793,215.05872605707376,216.1487501637268,427.74517815200346,428.39192988404096,428.39192988404096,429.7384367350046,,,,,430.4616803024593
2166,214.81501078176737,216.1487501637268,216.85136872490082,428.63590790082935,428.71543551702945,428.71543551702945,429.8088261990577,,,,,430.5254578112609
2164,214.63453624763133,216.00304122866294,216.8993834784639,428.71543551702945,428.7505910082588,428.7505910082588,430.26564023899505,,,,,430.86601831922576
2143,213.05463783620135,213.79357833850506,214.82470695573198,424.2844651348066,427.72374797730544,427.72374797730544,429.559538284905,,,,,431.15044943451846
2152,213.72831596448398,214.7995941557364,215.96007507645032,427.44638820338,429.8231587193212,429.8231587193212,430.2873359410042,,,,,431.22069566830277
2161,214.23004838661745,215.74049947324457,216.50608737375904,428.3033571456523,428.60805547254097,428.60805547254097,429.66720888685313,,,,,431.5007764195024
2163,214.3592393968197,215.96007507645032,216.90862031618175,428.7505910082588,429.9559900084245,429.9559900084245,430.7817287910002,,,,,431.693707794035
2170,215.03877423535425,216.59570338794396,217.46272748452174,429.8231587193212,430.84408103901796,430.84408103901796,431.07735831004635,,,,,431.8503664527427
2160,214.22194852508093,215.5283682393239,216.59570338794396,428.39192988404096,428.45563069606396,428.45563069606396,429.83836841070314,,,,,431.9255479250686
2156,214.03878711432904,215.19741688025547,216.3099039922496,428.2345906844723,429.47363701302476,429.47363701302476,431.74569811104607,,,,,432.2557762656566
2171,215.20934805882595,216.64550719428348,217.71201207795733,430.70391993484645,430.906807264194,430.906807264194,431.53701759331017,,,,,432.2686062269592
2175,215.6369377563579,216.90862031618175,218.1361305147868,431.2319395638914,431.23682161179306,431.23682161179306,431.4920085401628,,,,,432.4035372185047
2168,214.89928121441102,216.3099039922496,217.26743456270634,429.47363701302476,430.70391993484645,430.70391993484645,431.1996626655084,,,,,432.5151503087334
2165,214.80804011077328,216.04646226360734,217.24662531090976,429.4493207572467,429.79243469405935,429.79243469405935,431.2653694782969,,,,,432.71548043648784
2169,214.97577778960704,216.50608737375904,217.5767736096701,429.9559900084245,429.98391519119355,429.98391519119355,429.99231861313166,,,429.99231861313166,432.8654843063406,432.8654843063406
2159,214.1940849098466,215.51088126517027,216.66752567476536,428.60805547254097,431.2319395638914,431.2319395638914,431.81780761379207,,,,,432.94373641742453
2178,215.96540259854805,217.28256596691023,218.50393140634623,432.13766025430624,432.15946545765746,432.15946545765746,432.41924149353406,,,,,433.3008450398697
2173,215.4927628367205,216.85136872490082,217.84976120959507,430.906807264194,431.66317324044195,431.66317324044195,433.03965164979877,,,,,433.75521676424546
2174,215.5279142222207,216.8993834784639,218.15371041800952,431.23682161179306,431.8856063194571,431.8856063194571,433.23377841399076,,,,,434.18741218716735
2184,216.54647292910676,217.84976120959507,218.81030043765068,432.84731221056063,432.9167657053044,432.9167657053044,433.8954696944864,,,,,434.67410640163047
2176,215.73133102761744,217.24662531090976,217.76925780352423,430.84408103901796,432.05308224591204,432.05308224591204,433.508691331193,,,,,434.70540276479755
2180,216.04940365087663,217.5767736096701,218.24328378706736,431.66317324044195,432.13766025430624,432.13766025430624,434.26097298581635,,,,,435.69992961959446
2187,217.13846098398022,218.24328378706736,219.1100066645737,434.51908916551326,435.0088391334365,435.0088391334365,435.073914119847,,,,,435.81835718782344
2172,215.4170081593307,216.66752567476536,217.64325334746874,429.98391519119355,432.84731221056063,432.84731221056063,435.53157782177936,,,,,436.03199360342865
2177,215.90963402126596,217.26743456270634,218.27612091230205,431.8856063194571,433.88925134074907,433.88925134074907,434.2154503982001,,,,,436.20527413263244
2181,216.0781156585372,217.64325334746874,218.60125625494098,432.15946545765746,434.734852683494,434.734852683494,435.08742235071907,,,,,436.2506891402399
2185,216.71030053164677,218.1361305147868,219.25621379492375,434.57598188687143,434.6584170240488,434.6584170240488,435.5026179050917,,,,,436.3530208196581
2167,214.85397915098318,216.25043350530086,217.28256596691023,429.79243469405935,434.6207801622749,434.6207801622749,435.2437794650877,,,,,436.3654903492557
2182,216.18067252503326,217.71201207795733,218.86090232427495,433.88925134074907,433.9487240062284,433.9487240062284,434.35839204952987,,,,,436.5251687175923
2183,216.51018361268984,217.76925780352423,219.103409019662,434.37962318274384,434.51908916551326,434.51908916551326,435.3101036271722,,,,,436.57414637315486
2193,217.90458512572002,218.82924190211406,219.70598811795912,435.0088391334365,435.19732319121704,435.19732319121704,435.6936626136153,,,,,436.5887743672735
2196,218.17225114138262,219.103409019662,220.16724427747192,435.5352848921946,435.9872703830039,435.9872703830039,436.35039311487566,,,,,437.66526517536033
2192,217.73316804055594,218.81030043765068,220.27721730866136,435.9872703830039,436.2209386493251,436.2209386493251,436.6910425101585,,,,,438.2056585695058
2179,216.04737940317054,217.46272748452174,218.46518772961423,432.05308224591204,436.15425162975833,436.15425162975833,436.3422201047704,,,,,438.2259658375322
2191,217.61986555980295,218.60125625494098,219.5984989157054,434.734852683494,435.28671463292096,435.28671463292096,436.7704486448937,,,,,438.2530625250812
2190,217.57233272192764,218.50393140634623,218.82924190211406,432.9167657053044,434.37962318274384,434.37962318274384,437.49500558360813,,,,,438.3359045094065
2198,218.3037502604704,219.25621379492375,220.3025537663587,436.2209386493251,437.22624943007696,437.22624943007696,437.47331899960994,,,,,438.37337187139116
2189,217.346427888207,218.46518772961423,219.31438710590615,434.6584170240488,435.77627123432393,435.77627123432393,438.065037147815,,,,,438.5868261082797
2194,217.9487156610671,218.86090232427495,220.07921690519873,435.19732319121704,436.6946090565195,436.6946090565195,437.6009359087231,,,,,438.65966820753573
2195,218.04150649000502,219.01786179647175,220.10468759551023,435.28671463292096,435.5352848921946,435.5352848921946,436.61440365857567,,,,,438.74824616653757
2206,219.30106558509834,220.16764272103748,220.6624478949007,437.22624943007696,437.7554694306707,437.7554694306707,438.3212909868619,,,,,438.99503871880523
2186,216.9784729820538,218.15371041800952,219.01786179647175,433.9487240062284,434.57598188687143,434.57598188687143,437.6954983731034,,,,,438.9982161615271
2200,218.4767882066227,219.31438710590615,220.2772576713419,436.15425162975833,436.27765085174235,436.27765085174235,438.5412880411216,,,,,439.10457734298893
2203,219.0854739033944,220.07921690519873,220.99999614055724,437.7554694306707,437.9607713603361,437.9607713603361,438.27678654655494,,,,,439.11291520481615
2205,219.21315215914782,220.16724427747192,221.102789635503,437.9607713603361,438.0292519456319,438.0292519456319,438.71797007049395,,,,,439.4827231280055
2202,218.92614112773995,219.70598811795912,220.43219445277106,436.6946090565195,438.18690934219853,438.18690934219853,438.4706472810417,,,,,440.12604276367404
2208,219.3796446142653,220.2772576713419,221.25101881226954,438.8687215500216,438.880337934614,438.880337934614,439.0811200119612,,,,,440.32204695931085
2199,218.42757674590413,219.3117699406111,220.64108851449592,437.17029659146925,438.8687215500216,438.8687215500216,440.07638097810207,,,,,440.59907676238277
2213,219.7437677898527,220.6624478949007,221.33582709846618,438.880337934614,438.9112796156944,438.9112796156944,440.4402725343436,,,,,441.167171362297
2204,219.20804863873613,220.10468759551023,221.10494057112848,438.0292519456319,440.15428458711824,440.15428458711824,440.6987957265648,,,,,441.5849926484688
2210,219.41415032979722,220.40874583745244,221.22370315108898,438.18690934219853,440.27253824921326,440.27253824921326,440.39270288170627,,,,,441.880434653676
2201,218.83987883295433,219.5984989157054,220.40874583745244,436.27765085174235,440.0077905329567,440.0077905329567,441.51395948043177,,,,,442.44025500703077
2218,220.71998120824117,221.25101881226954,222.30103468710763,441.3206283981809,441.34828777512377,441.34828777512377,441.60814487560015,,,,,442.5043060476233
2222,220.86250957642994,221.57359318026232,222.56237005960597,441.5339427745277,441.90437834851764,441.90437834851764,442.1394863235188,,,,,442.7461575016332
2211,219.41634161317754,220.43219445277106,221.61584761536204,439.6216333450184,441.5339427745277,441.5339427745277,442.5366193922873,,,,,443.1865261291546
2188,217.27118871251113,218.27612091230205,219.3117699406111,434.6207801622749,437.17029659146925,437.17029659146925,441.930496161041,,,,,443.231577771965
2197,218.2001245912575,219.1100066645737,220.16764272103748,435.77627123432393,439.0158621182598,439.0158621182598,443.1608869162993,,,,,443.6705215156686
2216,220.63571666606074,221.10494057112848,222.57471870899957,441.90437834851764,443.0122976649897,443.0122976649897,443.25778271755007,,,,,443.9756562727778
2221,220.8291773452761,221.53017804067474,222.5409079524647,441.34828777512377,442.5498372850409,442.5498372850409,443.0543245296894,,,,,444.0163863531844
2207,219.3299012790981,220.27721730866136,221.35819313957384,438.9112796156944,439.50878811080395,439.50878811080395,439.74107530989835,,,439.74107530989835,444.3529920682807,444.3529920682807
2219,220.77453502153327,221.33582709846618,222.23786622176587,440.76179529756206,443.0758776100484,443.0758776100484,443.46596646298616,,,,,444.572823739033
2223,221.0718122798856,221.61584761536204,222.5821200832126,442.5498372850409,443.04769708839916,443.04769708839916,444.3697990183977,,,,,444.91113590547997
2215,220.4434491520572,221.102789635503,221.98254807004278,440.0077905329567,441.3206283981809,441.3206283981809,442.5742586217891,,,,,445.3015280283325
2228,221.58922633165022,222.30103468710763,222.95429566646544,443.04769708839916,443.28164540246155,443.28164540246155,444.57077384357274,,,,,445.37454501804905
2224,221.10531035928415,221.98254807004278,223.24219796356863,443.28164540246155,443.67789565987766,443.67789565987766,444.8217660499004,,,,,445.62849754686
2225,221.23060462922672,222.0260397944288,222.76278837533542,443.0122976649897,443.3819256957325,443.3819256957325,443.8224952823581,,,,,445.63879482008576
2220,220.81852150385964,221.35819313957384,222.62347396522884,442.961309082062,443.6038882058369,443.6038882058369,444.54724195563097,,,,,445.64213851053483
2229,221.63891997921698,222.5409079524647,222.99965549063523,443.13742932211863,443.9153499754382,443.9153499754382,444.1525075061011,,,,,445.67887911865984
2226,221.373278626643,222.19800171265499,222.95786646885833,443.0758776100484,443.8893759347136,443.8893759347136,445.1395522676991,,,,,445.6810831276894
2214,220.30446059601297,220.99999614055724,222.0260397944288,440.15428458711824,440.76179529756206,440.76179529756206,443.8683575930258,,,,,445.7751800844136
2212,219.69086603071452,220.64108851449592,221.57359318026232,439.50878811080395,443.13742932211863,443.13742932211863,443.1612420427979,,,,,446.04652649202325
2231,221.81518312341618,222.57471870899957,223.3928430580853,443.3819256957325,444.54290143784556,444.54290143784556,444.5837205056119,,,,,446.1196990451931
2230,221.76990543881047,222.56237005960597,223.43290930420417,443.6038882058369,445.3581737107498,445.3581737107498,445.55393969213617,,,,,446.26906103346005
2239,222.17323966247386,223.3928430580853,224.3509940586113,445.14935321285486,445.2193631690776,445.2193631690776,445.8904193097039,,,,,446.45381403691584
2236,222.06361954698505,222.95786646885833,223.7851412960606,444.51448021467854,444.83298356767915,444.83298356767915,445.84035565952905,,,,,446.7037042592922
2235,221.96205369041473,222.95429566646544,224.42584144321526,445.2193631690776,446.0838736613459,446.0838736613459,446.10338535885165,,,,,446.7667264852203
2227,221.47959437963485,222.23786622176587,223.5055530545691,443.67789565987766,444.51448021467854,444.51448021467854,446.2401554069152,,,,,446.83959706320326
2209,219.40132289702996,220.3025537663587,221.53017804067474,439.0158621182598,439.6216333450184,439.6216333450184,440.2524229263847,,,440.2524229263847,446.845703013524,446.845703013524
2234,221.95941005660336,222.76278837533542,223.8855547968107,444.54290143784556,445.1456495986588,445.1456495986588,446.38621241001647,,,,,447.00624209521453
2217,220.66552709785873,221.22370315108898,222.19800171265499,440.27253824921326,442.961309082062,442.961309082062,446.1229067892727,,,,,447.10880684066797
2232,221.89138091009391,222.5821200832126,223.60435237596604,443.9153499754382,444.56983665258866,444.56983665258866,446.74481756975456,,,,,447.6585290419724
2243,223.2676408667827,223.60435237596604,224.24888095972426,445.1456495986588,445.14935321285486,445.14935321285486,446.4760116250097,,,,,447.985469197401
2240,222.8137034691415,223.43290930420417,224.57799010356206,446.0838736613459,446.4368295279818,446.4368295279818,446.7002899652326,,,,,448.16736487096614
2237,222.08820361616915,222.99965549063523,224.1252986926726,444.83298356767915,446.60748409209486,446.60748409209486,448.62725598127844,,,,,449.4096415229296
2245,223.37819364358643,223.8855547968107,224.77889860180343,446.7462373597418,447.05258218508294,447.05258218508294,447.6272784016351,,,,,449.4257751780114
2238,222.14005404795242,223.24219796356863,223.90156896875448,444.56983665258866,447.43759744619524,447.43759744619524,448.56704529860497,,,,,449.7116680952234
2253,224.4397542965974,224.58997579902157,225.0582672697977,447.05258218508294,447.3125949175238,447.3125949175238,449.24878993163486,,,,,449.76566031119586
2254,224.48000556150137,224.7507754810275,225.62900306905794,448.71548686483544,448.7840332486843,448.7840332486843,449.10811020036897,,,,,450.02652607808307
2241,222.9959935776978,223.5055530545691,224.55505477908847,445.3581737107498,449.54072833435407,449.54072833435407,449.7976295628447,,,,,450.30462228576687
2251,224.13208656041502,224.55505477908847,225.4997692966577,448.6758206506892,448.9734756562614,448.9734756562614,449.6839478820152,,,,,450.3162285554434
2244,223.3455294934502,223.7851412960606,224.7507754810275,446.60748409209486,447.2228924354041,447.2228924354041,449.1435931464286,,,,,450.37119052103685
2250,223.9661662137951,224.42584144321526,225.2346717165526,447.3125949175238,448.95633297021027,448.95633297021027,449.2663412486472,,,,,450.40687381940074
2242,223.2189596273012,223.5564930297609,224.58997579902157,446.4368295279818,447.7091839254867,447.7091839254867,449.8854643897801,,,,,450.8418080045191
2248,223.5756046228839,224.24888095972426,225.43984810573008,448.64653847293556,448.9797670315373,448.9797670315373,450.15714985179244,,,,,450.8494036870162
2261,225.28105201019935,225.43984810573008,226.37514208410866,449.5466465008362,450.0319838808996,450.0319838808996,450.30778191422064,,,,,450.8764179304357
2246,223.456067177922,223.90156896875448,225.12423541287984,447.2228924354041,448.71548686483544,448.71548686483544,449.9648542621146,,,,,451.24628106783797
2255,224.547337228633,224.77889860180343,225.63505436167833,448.7840332486843,449.5466465008362,449.5466465008362,450.4417493357042,,,,,451.3666780352523
2233,221.94814740321362,222.62347396522884,223.5564930297609,443.8893759347136,446.7462373597418,446.7462373597418,450.43550267680035,,,,,451.4004836530952
2260,225.25911691268965,225.3772042187939,226.31486235618755,448.9797670315373,450.6210405753351,450.6210405753351,450.7738196564402,,,,,451.63576793413847
2258,224.89275353200958,225.2346717165526,226.43317587393435,450.2755144917432,450.3940304144881,450.3940304144881,451.06969437436317,,,,,451.69920139069626
2247,223.5011050501841,224.1252986926726,225.236668126241,447.43759744619524,448.64653847293556,448.64653847293556,451.2803760710291,,,,,451.91557505961873
2257,224.80119111173565,225.12423541287984,226.3189035546112,449.54072833435407,450.18930601067046,450.18930601067046,451.31494103713493,,,,,452.0777787595474
2256,224.59931093233646,225.0582672697977,226.43161624338987,450.18930601067046,450.62288391928246,450.62288391928246,451.1681498867841,,,,,452.2458946651708
2252,224.23021796455785,224.57799010356206,225.72060730131798,448.95633297021027,451.12208542632146,451.12208542632146,451.3139750781218,,,,,452.32019964176766
2272,226.18848306030216,226.43317587393435,227.00918592576508,451.12208542632146,451.84024720874277,451.84024720874277,452.0230156816064,,,,,452.57970051628644
2249,223.6977774716809,224.3509940586113,225.3772042187939,447.7091839254867,448.6758206506892,448.6758206506892,448.7235942585464,,,,,452.76406166840553
2263,225.41800371158277,225.62900306905794,226.43044433360134,450.0319838808996,450.2755144917432,450.2755144917432,452.6622778208259,,,,,453.4532208085958
2262,225.3794647152042,225.4997692966577,226.47201565884808,450.62288391928246,452.4233393385715,452.4233393385715,453.303362084445,,,,,453.85974326339414
2264,225.4646468578443,225.63505436167833,226.44402885409244,450.3940304144881,451.5800819307577,451.5800819307577,453.321804998542,,,,,454.06291065052176
2275,226.4558776940467,226.47201565884808,227.3063978417563,452.4233393385715,452.97020113267916,452.97020113267916,453.5268738187287,,,,,454.6613446002221
2270,226.11731058723103,226.43044433360134,227.50519743803966,452.99177413363515,453.57856159132007,453.57856159132007,453.59159183923947,,,,,454.99382760719965
2269,226.0463222559465,226.37514208410866,227.31190495084786,452.49830606966793,452.99177413363515,452.99177413363515,453.5335978757276,,,,,455.17755304979966
2266,225.72512772341426,226.0327609675056,226.98187184053594,451.119422220472,454.3824268983504,454.3824268983504,454.7170264145349,,,,,455.2281890493013
2277,226.52000786302418,227.00918592576508,227.74458186257735,453.57856159132007,454.17839461196456,454.17839461196456,454.5083633082388,,,,,455.2746873590737
2268,225.94244692932787,226.3189035546112,227.11050976189628,451.5800819307577,452.77187207312454,452.77187207312454,454.6571622452251,,,,,455.3369367123274
2274,226.41212470289582,226.47145732332527,227.77152779087433,453.5848888763482,453.76005264099416,453.76005264099416,454.7420954125202,,,,,455.6756989566461
2282,227.12186966336364,227.3601732105198,228.0183758892806,454.17839461196456,454.4494327545028,454.4494327545028,454.83023734763714,,,,,455.7346145895544
2278,226.57572029026278,227.11050976189628,228.01321210627603,454.0171995725628,454.40998870565926,454.40998870565926,455.17378295883947,,,,,455.7409301513365
2271,226.15560100854864,226.43161624338987,227.3601732105198,452.77187207312454,453.5848888763482,453.5848888763482,454.4418198414838,,,,,455.77386355834534
2267,225.74759224226926,226.31486235618755,227.48630174892878,452.97020113267916,455.6782813971769,455.6782813971769,455.76726056711004,,,,,456.37777382864977
2273,226.24904622997852,226.44402885409244,227.20963956785167,451.84024720874277,456.23373121493296,456.23373121493296,456.592197429912,,,,,457.24755241835055
2288,227.46665489601682,228.01321210627603,228.76955979960897,456.27782868572825,456.51673025119874,456.51673025119874,456.70367812714056,,,,,457.4315468645544
2259,225.09269874967887,225.236668126241,226.0327609675056,448.9734756562614,452.49830606966793,452.49830606966793,456.93224244035173,,,,,457.4375474658015
2283,227.1487755771386,227.48630174892878,228.65103364856196,456.07584841711775,457.5561869886869,457.5561869886869,457.8589675507599,,,,,458.4322497217488
2285,227.34180560600095,227.74458186257735,228.29461388078124,454.4494327545028,456.07584841711775,456.07584841711775,457.2747122086981,,,,,458.4689359748793
2280,226.688548062249,227.3063978417563,228.1639614426376,454.40998870565926,456.8994981504086,456.8994981504086,457.3646775640373,,,,,458.6386246005912
2265,225.59142753580514,225.72060730131798,226.47145732332527,450.6210405753351,451.119422220472,451.119422220472,458.25494719852327,,,,,458.95436405410373
2296,228.76097442230284,228.76955979960897,229.44414132906545,458.55622989106047,458.86255984449593,458.86255984449593,459.017722147651,,,,,459.65317465732454
2281,226.80387918201902,227.31190495084786,228.3959086577415,455.6782813971769,456.27782868572825,456.27782868572825,458.8256380156177,,,,,459.76983354572525
2276,226.47162794363135,226.98187184053594,227.97187191193208,453.76005264099416,454.0171995725628,454.0171995725628,454.9529015906019,,,454.9529015906019,459.9527660963102,459.9527660963102
2294,228.5745886050566,228.65103364856196,229.99558168413677,458.9352826195579,459.3920978476478,459.3920978476478,459.4761024155566,,,,,460.2136222362071
2289,227.48319972322253,228.0183758892806,228.99781043362032,456.8994981504086,457.0728352350253,457.0728352350253,458.2355450190591,,,,,460.2233014366336
2299,229.44422542208534,229.44422542208534,230.18435026828558,459.3470736955473,459.5652753587269,459.5652753587269,460.0385258630593,,,,,460.6422924343216
2284,227.32655854707673,227.50519743803966,228.68521307432982,456.23373121493296,458.9352826195579,458.9352826195579,460.27493784322036,,,,,460.94246487220823
2287,227.3922584240772,227.97187191193208,229.00251667647677,457.0728352350253,458.0756652391938,458.0756652391938,460.34434601293344,,,,,461.41130615756913
2292,228.1676510862874,228.29461388078124,229.37412889727656,458.1751904841661,458.80157481628993,458.80157481628993,460.6914753126509,,,,,461.52454588091774
2279,226.61846230918158,227.20963956785167,228.1263355105426,454.3824268983504,458.1751904841661,458.1751904841661,459.77570558042635,,,,,461.57713839425395
2295,228.75704630904866,228.75704630904866,229.98210310130398,458.86255984449593,459.6763810419804,459.77570558042635,460.34208313683007,,,,,461.61051967748745
2307,230.28375226136322,230.28375226136322,231.2776924767781,460.1246432579248,460.17579250747445,460.34434601293344,461.11897399453517,,,,,462.0257344997949
2300,229.45494652097852,229.45494652097852,230.68808841818728,459.6763810419804,460.10021957490113,460.27493784322036,460.9627695765083,,,,,462.1427503043637
2298,229.2455082973099,229.2455082973099,230.75086889968193,459.7507624019761,460.1246432579248,460.34208313683007,460.87094098313264,,,,,462.34401324665674
2293,228.4447046422891,228.4447046422891,229.69613742528938,458.80157481628993,459.3470736955473,459.3470736955473,461.6300375029927,,,,,462.5140976704518
2286,227.35135701660113,227.77152779087433,228.80131810729418,456.51673025119874,459.5509430632349,459.5509430632349,461.3560061560332,,,,,462.6079124658409
2309,230.40774759133305,230.4170239785436,231.42821575129213,461.037239887176,461.2413761400491,461.2413761400491,462.0727463681085,,,,,462.8459597517241
2302,229.68482615101027,229.68482615101027,230.4170239785436,459.3920978476478,459.7507624019761,459.9527660963102,462.1391500397317,,,,,462.91061949083104
2290,227.60989441265633,228.1263355105426,229.0345352318186,457.5561869886869,458.55622989106047,458.55622989106047,458.6604540721337,,,458.6604540721337,463.41942707794414,463.41942707794414
2312,230.5912881634153,230.68808841818728,231.56319703153267,461.2413761400491,461.4497965335661,461.4497965335661,461.56201917295675,,,,,463.52157959192465
2305,230.25168072431254,230.25168072431254,231.36126633344307,461.0307428963532,461.8868077712433,461.8868077712433,463.1004908640997,,,,,463.79922685082596
2318,231.05767917085223,231.36126633344307,232.46343156656258,462.7364462734482,462.877183800545,463.1004908640997,463.18231897916377,,,,,463.8133996479315
2301,229.52734342435826,229.52734342435826,230.57157430840093,459.5509430632349,459.812215652589,460.0385258630593,463.3102086235921,,,,,463.92005177237456
2303,229.80388644752577,229.80388644752577,230.63947145039245,459.5652753587269,462.52815060383466,462.52815060383466,463.18945940465494,,,,,464.1257442179857
2314,230.74957413758358,231.18081534212277,232.15084399948964,462.52815060383466,464.13539913173287,464.13539913173287,464.136703746141,,,,,464.7055526455076
2313,230.70292394845353,230.75086889968193,231.75470857499496,462.3344733984336,462.51362863491795,462.51362863491795,464.0043206736022,,,,,464.7326091028747
2317,231.04609119577518,231.29782172939727,232.50126804562265,463.3580929460581,463.96106933452984,463.96106933452984,464.32837827494217,,,,,465.06087443088796
2320,231.37455848758972,231.56319703153267,232.38476996807486,462.69999923430703,462.7364462734482,463.04557162200314,463.2271563104423,,,,,465.0810346301219
2297,228.77687386643026,228.80131810729418,230.01955073341136,459.16488563921973,461.037239887176,461.037239887176,464.6129147623275,,,,,465.36090967856734
2319,231.24421149769185,231.42821575129213,232.6825983282477,463.96106933452984,464.3780301655467,464.3780301655467,464.8205692835868,,,,,465.3813704404306
2325,232.01205207654237,232.15084399948964,233.11197212445376,464.13539913173287,464.6552120277981,464.6552120277981,465.1388064408212,,,,,465.81613434979664
2311,230.48248954868976,230.63947145039245,231.6753416387503,461.4497965335661,462.69999923430703,462.69999923430703,465.10361416785463,,,,,465.8921478508689
2304,230.0620662686063,230.0620662686063,231.18081534212277,459.812215652589,463.4160493303389,463.4160493303389,464.969429406492,,,,,466.011833233187
2306,230.2793903147609,230.2793903147609,231.20328777088977,460.10021957490113,462.3344733984336,462.3344733984336,463.04557162200314,,,,,466.10481563886174
2316,231.00441003614523,231.2776924767781,232.10970028765456,462.51362863491795,465.59528526028896,465.59528526028896,465.9488572099135,,,,,466.84600194610204
2327,232.18346299138884,232.46343156656258,233.51490623984466,464.951224260737,465.4963810311582,465.4963810311582,466.30268999131533,,,,,466.93160753643724
2323,231.64233928787394,231.75470857499496,232.48006657757887,463.2549299314183,464.808013557439,464.808013557439,465.95358931533,,,,,467.01259254135647
2321,231.43302406230364,231.6753416387503,232.92381540725142,464.0635554563055,464.42348120029345,464.42348120029345,466.5497201014252,,,,,467.19601502626887
2315,230.7677452636848,231.20328777088977,232.46769571210723,462.877183800545,463.3580929460581,463.3580929460581,465.8884865762388,,,,,467.3822680479523
2308,230.30065710145976,230.30065710145976,231.29782172939727,460.17579250747445,461.0307428963532,461.0307428963532,462.36267913169627,,,462.36267913169627,467.43452131332526,467.43452131332526
2291,227.82329010750746,228.1639614426376,229.16532884218785,458.0756652391938,459.16488563921973,459.16488563921973,461.178066530377,,,461.178066530377,467.44752822895384,467.44752822895384
2322,231.6028875311347,231.70377877663762,232.618711725728,463.4160493303389,464.0635554563055,464.0635554563055,465.0998214492505,,,,,467.47137583050045
2333,232.43646158381853,232.92381540725142,233.90947548346927,465.71538259798353,466.3851810570288,466.3851810570288,467.33846067031186,,,,,468.1286542758766
2326,232.06001320557397,232.38476996807486,233.33084475564027,464.42348120029345,465.4387947518463,465.4387947518463,466.9543696895907,,,,,468.3028695581597
2310,230.42988219136407,230.57157430840093,231.70377877663762,461.8868077712433,463.2549299314183,463.2549299314183,463.78442207576984,,,,,468.3356190542021
2331,232.3187070106848,232.618711725728,233.4470310983945,464.808013557439,464.951224260737,464.951224260737,465.24590181317484,,,,,468.68057606584676
2328,232.18671601555005,232.46769571210723,233.30844958178653,464.3780301655467,467.3142389680956,467.3142389680956,467.84349210004325,,,,,468.7773555162505
2336,232.70657652738734,233.33084475564027,234.16802972835225,467.3142389680956,468.36186924003937,468.36186924003937,468.49177898183854,,,,,469.0586671023137
2330,232.21771771961323,232.50126804562265,233.83230782994895,465.59528526028896,465.71538259798353,465.71538259798353,468.21804608761033,,,,,469.12820451315076
2335,232.70521768117598,233.30844958178653,234.38213197404528,467.86735105036973,468.5061843854503,468.5061843854503,469.3794319492547,,,,,469.91178512180215
2329,232.1960053633518,232.48006657757887,233.57519834846855,465.4387947518463,467.5205868300599,467.5205868300599,469.59363924669384,,,,,470.267827097326
2347,233.7968594865928,234.27624695643013,234.96491494849226,469.0380809489253,469.2931319868785,469.2931319868785,469.6655908257547,,,,,470.4818601787495
2332,232.32718365814074,232.6825983282477,233.76898006919896,465.4963810311582,467.86735105036973,467.86735105036973,469.50481723228864,,,,,470.60564570023274
2342,233.3748472838302,233.83230782994895,234.44808882182303,468.0201696519616,468.65295855638016,468.65295855638016,470.20548806614596,,,,,470.78074357944627
2349,233.86239593393086,234.44808882182303,235.27821597295227,469.855178120407,469.8617932383041,469.8617932383041,470.0651222709785,,,,,470.8538031845086
2348,233.81644287559578,234.38213197404528,235.52119591220068,470.06125559168726,470.0981200031658,470.0981200031658,470.10427504111664,,,,,470.8723692165163
2340,233.15349279166367,233.57519834846855,234.73324957024084,468.65295855638016,469.855178120407,469.855178120407,470.09452223540853,,,,,470.8836658157918
2344,233.47679454425509,234.16407400409406,234.7318254540487,468.5791515920195,470.06125559168726,470.06125559168726,470.1866614848858,,,,,470.9818245086512
2343,233.44009758905625,233.90947548346927,234.67903401527613,468.5061843854503,469.0380809489253,469.0380809489253,470.3595247545887,,,,,471.2177748520936
2337,232.75893843700274,233.3327528456795,234.16407400409406,466.3851810570288,468.0201696519616,468.0201696519616,470.1442395971685,,,,,471.25886492842665
2341,233.19482317835167,233.76898006919896,234.99230429443034,469.6245468602307,470.1102872128319,470.1102872128319,470.1633490163864,,,,,471.28103624111674
2334,232.47877015802553,233.11197212445376,234.1705844387338,467.5205868300599,467.66538820625584,467.66538820625584,471.4060754551699,,,,,471.94739039708156
2355,234.85571161962554,234.97605652152308,235.8808725084244,470.1102872128319,471.3699225781294,471.3699225781294,471.67587795248727,,,,,472.330473074072
2350,234.1021719941791,234.4697175091254,235.94828126699042,470.6663648653985,470.8174840618552,470.8174840618552,471.81458019262124,,,,,472.37341354455646
2345,233.5506510119725,234.16802972835225,234.97605652152308,469.2931319868785,469.6245468602307,469.6245468602307,472.2358819121434,,,,,473.1712162024102
2356,234.9835747246376,234.99230429443034,236.17240698584166,471.20097709720926,472.537340482819,472.537340482819,472.6833369935068,,,,,473.52968152360785
2339,233.03680205704634,233.51490623984466,234.4697175091254,468.36186924003937,472.2483509853298,472.2483509853298,472.4251788778654,,,,,473.54973906615805
2358,235.04724806750733,235.44416595359718,236.68612239042207,472.537340482819,472.7469651890893,472.7469651890893,472.8720611557331,,,,,473.5769725602057
2353,234.39616720408503,234.73324957024084,235.46226004948738,470.0165755646702,472.27067193556036,472.27067193556036,472.4293173629768,,,,,473.63652206383284
2324,231.98102692120747,232.10970028765456,233.3327528456795,464.6552120277981,470.6663648653985,470.6663648653985,471.9984553864624,,,,,473.68689306636793
2351,234.15138052651727,234.67903401527613,235.9752860770073,470.8174840618552,471.1991409615427,471.1991409615427,472.69344593056326,,,,,473.83779140140314
2364,235.64673403234448,235.9752860770073,237.11505620554772,473.0486325748884,473.478960836217,473.478960836217,473.61365082141265,,,,,474.1507354752552
2367,235.90837080204005,236.17240698584166,237.0598488622447,473.038324688182,473.0486325748884,473.0486325748884,473.1854653007184,,,,,474.6069940287558
2362,235.4992427483603,235.8808725084244,236.6139754105472,472.31436330419194,472.74666080382246,472.74666080382246,473.85893598055674,,,,,474.6307312914802
2360,235.0988954073012,235.52119591220068,236.58048459662675,472.27067193556036,472.31436330419194,472.31436330419194,474.17972392003435,,,,,474.8402106686906
2352,234.29189778941242,234.7318254540487,235.70403226761198,470.0981200031658,470.90894151119124,470.90894151119124,471.9387873407255,,,,,474.84990871148
2359,235.08722346408595,235.46226004948738,236.47641966095637,472.2483509853298,473.7952610376096,473.7952610376096,474.7162234140159,,,,,475.48139221400237
2373,236.657174770929,236.87987202281502,237.91419021501102,474.759588408988,474.86469898947684,474.86469898947684,474.92592252831133,,,,,475.6949961835689
2365,235.65621407747847,236.01247704333707,237.03767616889942,472.97325906352677,473.038324688182,473.038324688182,473.80011350624306,,,,,475.75952174175995
2370,236.2501618086618,236.58048459662675,237.55962602291407,473.7952610376096,474.26947680505623,474.26947680505623,474.3576095327401,,,,,475.76065617037295
2375,236.99162862300068,237.03767616889942,237.8679787038713,474.26947680505623,474.759588408988,474.759588408988,474.9031821341784,,,,,475.85029240595753
2366,235.78952811927425,236.02119463475591,236.87987202281502,472.74666080382246,472.97325906352677,472.97325906352677,475.0302241697909,,,,,475.8839436388188
2338,232.8545408654475,233.4470310983945,234.27624695643013,467.66538820625584,468.5791515920195,468.5791515920195,475.2922240667322,,,,,475.9865805052169
2357,235.020465010779,235.27821597295227,236.01247704333707,470.90894151119124,473.95015175890757,473.95015175890757,474.52209479341144,,,,,476.0114170153883
2346,233.64396428494805,234.1705844387338,235.44416595359718,469.8617932383041,470.0165755646702,470.0165755646702,470.3489322551242,,,470.3489322551242,476.14146539511796,476.14146539511796
2369,236.02286104492165,236.47641966095637,237.33311744978465,473.478960836217,473.8461206634643,473.8461206634643,474.5426928634821,,,,,476.2255182651082
2379,237.162922218735,237.33311744978465,238.46485798658296,475.2536720735198,475.5090230246995,475.5090230246995,475.76781217868495,,,,,476.3094342766493
2374,236.91398880756032,236.91398880756032,237.788886954472,474.13526317883856,474.6121287565705,474.6121287565705,475.02259571456193,,,,,476.75484950240326
2368,235.99406829711873,236.19896997482167,237.2500716374109,473.1947505835593,475.3547290511299,475.3547290511299,475.72708947600773,,,,,476.8910452699898
2371,236.63317587754742,236.63317587754742,237.78093131894408,473.95015175890757,474.13526317883856,474.13526317883856,475.39620060541347,,,,,476.92266528433026
2363,235.52723851378016,235.94828126699042,236.90629902895216,472.7469651890893,475.2536720735198,475.2536720735198,476.5413812856542,,,,,477.2521043691662
2377,237.03733681070352,237.11505620554772,238.65129274237913,475.57128924148805,475.7386820430759,475.7386820430759,476.46502204819086,,,,,477.31077061978215
2385,237.63440601702266,237.9087646552782,238.6775064166658,475.7386820430759,476.1386847031559,476.1386847031559,476.46865381911385,,,,,477.4139334719932
2354,234.68236677383206,234.96491494849226,236.02119463475591,471.1991409615427,471.20097709720926,471.20097709720926,471.59915975661386,,,471.59915975661386,477.5216124717284,477.5216124717284
2382,237.38014816965133,237.78093131894408,238.81216859847584,476.1386847031559,476.56194068403244,476.56194068403244,477.51113975090914,,,,,478.5415184019347
2384,237.53120232092897,237.8679787038713,238.82470861310208,476.2087049335122,477.45555791758466,477.45555791758466,477.8419972740343,,,,,478.8977635643325
2372,236.63773261240956,236.68612239042207,237.9087646552782,474.6121287565705,477.3190983409456,477.3190983409456,478.07447058598956,,,,,478.9795199613014
2381,237.34349469736878,237.77075355297933,238.55055626203045,475.5090230246995,477.45117054361606,477.45117054361606,478.3898445218673,,,,,479.1918309831076
2378,237.09145668744083,237.2500716374109,238.2994675261472,474.86469898947684,477.4564026109726,477.4564026109726,477.87809305789074,,,,,479.2014690402854
2389,238.38109839341317,238.51631531606682,239.75047050811037,477.4681725791563,477.5586865717673,477.5586865717673,478.4235975702547,,,,,479.30869546627594
2390,238.42482839670797,238.55055626203045,239.43927428042517,477.45555791758466,477.6951816987127,477.8419972740343,478.6570063086523,,,,,479.4795627156737
2380,237.29397701184902,237.55962602291407,238.51631531606682,475.3547290511299,476.2087049335122,476.2087049335122,479.15622519692965,,,,,479.6624100853331
2387,237.64260770599546,238.2994675261472,239.4062120902527,477.45117054361606,477.4681725791563,477.51113975090914,479.24186640418617,,,,,479.7514680578164
2391,238.46786460778395,238.65129274237913,239.98526018463824,477.6951816987127,478.11240951512644,478.3454856188435,479.21192480753564,,,,,479.7723256925933
2386,237.6424512598545,237.91419021501102,239.072014677785,477.0849791107917,477.8017633812984,478.07447058598956,478.98163971522064,,,,,479.7958045212251
2361,235.388882215208,235.70403226761198,236.19896997482167,471.3699225781294,473.1947505835593,473.1947505835593,474.44482426371525,,,474.44482426371525,480.1558019766949,480.1558019766949
2397,239.39115472316917,239.39115472316917,240.35875612473154,478.18413550726245,479.2579666953806,479.2579666953806,479.5876250194601,,,,,480.2904534594107
2392,238.89717183854225,238.89717183854225,239.63450281034264,477.4564026109726,478.55859742645237,478.6570063086523,479.14744434670683,,,,,480.4717934198647
2376,237.00512188001935,237.0598488622447,237.77075355297933,473.8461206634643,475.57128924148805,475.57128924148805,475.62977536107417,,,475.62977536107417,480.56223167606703,480.56223167606703
2402,239.50254917719812,239.76989953241167,240.82795722450646,479.2579666953806,479.73255902276776,479.73255902276776,480.04822069333494,,,,,480.68683194730187
2388,238.12030328681476,238.46485798658296,239.2560379290279,477.3190983409456,478.18413550726245,478.3898445218673,479.79427727756814,,,,,480.70089317666856
2383,237.40614369367364,237.788886954472,239.03093996777486,476.56194068403244,477.0849791107917,477.0849791107917,479.83756028226236,,,,,480.73443827010453
2400,239.49104101454338,239.63450281034264,240.96403213265216,479.73255902276776,479.8481626685499,479.8481626685499,480.58620222115695,,,,,481.19719146472977
2393,239.00756450402127,239.00756450402127,239.76989953241167,477.5586865717673,477.7616809608427,477.87809305789074,478.3454856188435,,,,,481.50543269588206
2398,239.4484787511953,239.4484787511953,240.88745912528125,479.5329480908135,480.66343347084904,480.66343347084904,481.250181193406,,,,,482.2990756160606
2403,239.50901268886992,239.98526018463824,241.18909821523903,480.66343347084904,480.8647922035193,480.8647922035193,481.1486987235864,,,,,482.47444113995994
2406,240.01223287554117,240.27331315400508,241.32659239542215,480.6660388753914,481.40022851914927,481.40022851914927,482.0289433110615,,,,,482.81204480123284
2405,239.58593586653552,240.23919530118326,241.0410114143386,479.8481626685499,480.015190069573,480.015190069573,480.3512447348118,,,,,482.81363121223126
2401,239.49530041566751,239.75047050811037,240.75318362609661,478.55859742645237,479.5329480908135,479.5329480908135,481.5396213521379,,,,,482.9972150414323
2396,239.36713103359938,239.36713103359938,240.27331315400508,478.11240951512644,480.6660388753914,480.6660388753914,482.734731390177,,,,,483.41632002391253
2399,239.45229050546968,239.45229050546968,240.69137556428217,478.4699328844914,480.8816436513443,480.8816436513443,482.10524677061835,,,,,483.7744506823271
2407,240.2744356397837,240.35875612473154,241.38235606415287,480.8597384808958,481.2216473272633,481.2216473272633,481.8469673778793,,,,,483.77750837776057
2411,240.6655370762564,240.88745912528125,241.95879066787106,482.51698230382055,482.8541965348218,482.8541965348218,483.37012460503485,,,,,484.09139364638565
2412,240.74572853282163,240.96403213265216,241.86078498790698,480.8647922035193,482.51698230382055,482.51698230382055,483.1716197439255,,,,,484.26570376294814
2410,240.34847086697803,240.82795722450646,241.90636459596732,481.2216473272633,483.9020067793957,483.9020067793957,483.922044350911,,,,,484.70834039769835
2417,241.17021381858024,241.38235606415287,242.3802734431156,483.8895230970768,483.92591464037133,483.92591464037133,484.4893942588518,,,,,485.03277296413995
2394,239.19887186482723,239.19887186482723,240.22338446108287,477.7616809608427,478.4699328844914,478.4699328844914,478.6621395540631,,,478.6621395540631,485.03661306817656,485.03661306817656
2409,240.3350174695203,240.75318362609661,241.90069616613428,480.8816436513443,481.13411881581527,481.13411881581527,484.67086920227445,,,,,485.5673796381431
2395,239.2704141446103,239.2704141446103,240.23919530118326,477.8017633812984,480.8597384808958,480.8597384808958,485.0461529019936,,,,,485.7772003927447
2419,241.41245047900546,241.90069616613428,242.8476309951333,484.5448123587488,484.6597474220873,484.6597474220873,484.93697707343983,,,,,486.1310591323288
2425,241.80261703041234,242.31221037026629,242.88295465582007,484.6597474220873,484.71663584608933,484.71663584608933,485.0687007926874,,,,,486.1650280876997
2414,240.8621031718172,241.15958465916927,242.31221037026629,483.6135809438731,484.5448123587488,484.5448123587488,485.5330516898886,,,,,486.64900659417737
2427,242.05475833257134,242.47277122951385,243.5372067029441,485.6906231464487,485.875882588632,485.875882588632,485.96979732663215,,,,,486.8889302378611
2404,239.5497013104573,240.22338446108287,241.15958465916927,480.015190069573,483.6135809438731,483.6135809438731,485.8723666424656,,,,,486.93080026785344
2420,241.44050831598324,241.90288792962957,242.67639370493325,483.92591464037133,485.2329177896152,485.2329177896152,485.54231607904865,,,,,486.93809076108084
2418,241.22047885700667,241.86078498790698,243.04403343499675,485.2329177896152,485.58947022486643,485.58947022486643,486.1635106743716,,,,,486.9392746979108
2422,241.45739371662742,241.9229363026395,242.99687300899075,485.2272825979753,485.6906231464487,485.6906231464487,486.48051343274943,,,,,487.11158061672717
2421,241.45045400595453,241.90636459596732,242.93197831833962,485.1718407912859,485.8824973120585,485.8824973120585,486.5268297300233,,,,,487.4280860387121
2408,240.3083814496354,240.69137556428217,241.90288792962957,481.13411881581527,483.8895230970768,483.8895230970768,486.78465022508243,,,,,487.4385086495238
2424,241.7232068957342,242.0485941275601,243.18882396258832,485.58947022486643,486.7014389283644,486.7014389283644,487.05421758794915,,,,,487.5899970347261
2413,240.84139429965745,241.0410114143386,242.0485941275601,482.8541965348218,485.53591820610563,485.53591820610563,485.99553451727445,,,,,487.64199262885745
2433,242.44721583090663,242.99687300899075,243.86071521219847,486.08893922267504,487.30388006944,487.30388006944,487.38817642536367,,,,,487.89699556291214
2423,241.46851708294517,241.95879066787106,242.89289060076777,484.71663584608933,486.67156759524823,486.67156759524823,486.876865008201,,,,,487.9761600314155
2415,240.9138996792427,241.18909821523903,241.9229363026395,481.40022851914927,485.2272825979753,485.2272825979753,487.1512775125201,,,,,488.1284566777397
2416,241.07894584082547,241.32659239542215,242.47277122951385,483.9020067793957,485.1718407912859,485.1718407912859,487.62675621012505,,,,,488.32897587705025
2428,242.14722364987622,242.67639370493325,243.57157880830212,485.875882588632,486.08893922267504,486.08893922267504,487.2953523331173,,,,,489.05682421816067
2435,242.64320880477584,243.0646452439795,244.05470506157735,486.7033497905584,487.3140330846766,487.3140330846766,488.1117104578143,,,,,489.17367144646124
2432,242.33442165000324,242.93197831833962,243.9379635641794,486.3473879929019,486.7033497905584,486.7033497905584,489.0404472626552,,,,,489.56100939467865
2429,242.1523147353177,242.8476309951333,243.57869197446595,485.8824973120585,488.89700765894327,488.89700765894327,489.2560602332381,,,,,489.96938408809064
2438,242.94396422353677,243.57157880830212,244.97255545558468,488.97290657478237,489.4452431572778,489.4452431572778,489.83471228007085,,,,,490.3370036730479
2441,243.58101008624746,243.9379635641794,244.90660314659777,488.8344647223804,489.11805865153553,489.11805865153553,489.325530529335,,,,,490.3483462669402
2447,244.03735950717993,244.29514210806082,245.35193356030766,489.4452431572778,489.8040929966006,489.8040929966006,489.8069885492359,,,,,490.45561996346305
2439,243.16471675959983,243.57869197446595,245.03304011484678,489.10432230548145,489.1959517477741,489.1959517477741,489.80990267099634,,,,,490.52543261514893
2442,243.6462376887903,243.99696402407739,245.1182283555659,489.11805865153553,489.5818969516525,489.5818969516525,489.74047847838597,,,,,490.55170893494295
2430,242.15670720467358,242.88295465582007,243.99696402407739,486.67156759524823,487.77297325362235,487.77297325362235,488.61653320089755,,,488.61653320089755,490.93158359725317,490.93158359725317
2426,241.8725779701728,242.3802734431156,243.0646452439795,485.53591820610563,486.3473879929019,486.3473879929019,490.14651487701263,,,,,491.02177481769036
2434,242.4668379254969,243.04403343499675,244.28770572822458,487.3140330846766,489.1343468567202,489.1343468567202,490.5335440408625,,,,,491.1115474473303
2437,242.87608176560525,243.5372067029441,244.29514210806082,487.77297325362235,488.97290657478237,488.97290657478237,489.77403029152765,,,,,491.55458644535867
2436,242.65834326690552,243.18882396258832,244.26668218936803,487.30388006944,488.0068092471331,488.0068092471331,491.1821646750452,,,,,491.72533447402174
2449,244.46361456221717,244.90660314659777,245.5338126978454,489.8040929966006,490.15084861034524,490.15084861034524,491.40846081944557,,,,,491.96520053995926
2454,244.87440067139832,245.18027278697068,246.18509165820208,491.32038965618136,491.3661748281323,491.3661748281323,491.42459341648475,,,,,492.1765890337266
2443,243.67018614691074,244.03149626761686,245.3313955079678,489.1959517477741,491.2548708244556,491.2548708244556,491.80426936382474,,,,,492.5643948878826
2444,243.8692899814514,244.05470506157735,244.9091039370054,488.89700765894327,491.32038965618136,491.32038965618136,492.3387625050459,,,,,492.9669142847834
2450,244.5602166853135,244.9091039370054,245.80096874761423,490.4817110416475,491.0661273121628,491.0661273121628,492.06258237712257,,,,,493.2660797825437
2452,244.76051110626457,245.03304011484678,246.00697524086706,490.8966859133628,492.02657081152347,492.02657081152347,492.793517217643,,,,,493.7259501056526
2445,243.9371341209983,244.26668218936803,245.18027278697068,489.1343468567202,491.0117335313604,491.0117335313604,492.9983915623981,,,,,493.8947761657636
2455,245.06113223868635,245.3313955079678,246.09901398571378,491.2548708244556,492.08151457576605,492.08151457576605,493.37435940183076,,,,,493.9548382233716
2440,243.22127346999633,243.86071521219847,244.71013268551553,488.0068092471331,488.8344647223804,488.8344647223804,489.33766003524534,,,489.33766003524534,494.2659670446519,494.2659670446519
2457,245.16225742523434,245.4864360003525,246.2431500085277,491.8142836860581,492.4227244231875,492.4227244231875,492.8906817297327,,,,,494.2775231321099
2464,245.61553813901062,246.09901398571378,246.8748004808325,492.65539400666637,493.4869915909352,493.4869915909352,493.5454871290736,,,,,494.2857241918712
2456,245.0744823626358,245.35193356030766,246.1981763858421,491.3661748281323,491.8142836860581,491.8142836860581,493.9301155701984,,,,,494.92485047618317
2459,245.28270254704577,245.57958968383315,246.61394693550656,492.08151457576605,492.5049454599263,492.5049454599263,494.3527013897428,,,,,495.31718466390504
2461,245.44782355214895,246.00697524086706,247.06880067624354,492.834799186879,494.72664752492904,494.72664752492904,494.772771786627,,,,,495.48090238979677
2458,245.24497822904317,245.5338126978454,246.49219585894045,492.02657081152347,492.65539400666637,492.65539400666637,493.56338550895356,,,,,495.5189551000893
2453,244.8627038936144,245.1182283555659,246.02870886213006,491.0117335313604,494.2883508877175,494.2883508877175,495.0448693980807,,,,,495.60204110780126
2446,243.94421322286584,244.28770572822458,245.4864360003525,489.5818969516525,490.4817110416475,490.4817110416475,491.0064264972293,,,,,495.65829489455973
2467,245.84266849869002,246.2431500085277,247.28041084462046,494.49738423198266,494.6220927848182,494.6220927848182,495.038066768257,,,,,495.7092150336126
2466,245.83918003256272,246.1981763858421,247.25931457907458,494.2883508877175,494.49738423198266,494.49738423198266,494.6242270651848,,,,,495.9169516196928
2460,245.39170134099703,245.80096874761423,246.86866518548257,492.5049454599263,492.834799186879,492.834799186879,493.86288500842727,,,,,496.0396240842244
2431,242.2094034756476,242.89289060076777,244.03149626761686,486.7014389283644,489.10432230548145,489.10432230548145,490.8834666112775,,,490.8834666112775,496.13319305887586,496.13319305887586
2468,245.9321266803759,246.49219585894045,247.50134797377032,494.6220927848182,496.160107862273,496.160107862273,496.2828953417034,,,,,496.8690234739446
2448,244.44615952143803,244.71013268551553,245.57958968383315,490.15084861034524,490.8966859133628,490.8966859133628,493.18865140201865,,,493.18865140201865,496.9096291715273,496.9096291715273
2462,245.46194622851712,246.02870886213006,246.65657896503026,492.4227244231875,492.8504150689356,492.8906817297327,493.8025115930155,,,493.8025115930155,497.1375580053912,497.1375580053912
2473,246.50231775126394,247.06880067624354,247.98745979989704,495.37376405619125,496.3880950499068,496.3880950499068,496.48460294832944,,,,,497.80089652456275
2469,246.03564236631567,246.61394693550656,247.56043969120321,494.72664752492904,495.1875961407786,495.1875961407786,497.44113612110357,,,,,498.0122316252711
2475,246.63602934931623,247.19590590936997,248.0397329503461,496.160107862273,496.17979267845385,496.17979267845385,497.1602457303903,,,,,498.1827809710858
2479,246.9469867110815,247.56043969120321,248.667891874114,496.7396921592706,497.17864145346135,497.17864145346135,497.60436913528275,,,,,498.2074087925483
2486,247.61010510480284,248.15483429759738,249.24846526560424,497.8482274759146,497.8887458432982,497.8887458432982,497.95698049342303,,,,,498.5887432983753
2476,246.74160814638952,247.25931457907458,248.01305114111872,495.49554489422206,496.1640296668547,496.1640296668547,497.94240313627216,,,,,498.6017931937215
2471,246.29763613829368,246.86866518548257,248.139399617422,496.17979267845385,496.5812349049464,496.5812349049464,497.6128814736867,,,,,498.66387267959345
2478,246.85117059608282,247.50134797377032,248.7538177939653,497.08100006153455,497.686370069109,497.686370069109,497.8619447938862,,,,,498.9061683641483
2463,245.59289151606583,246.07382577611224,247.09667730996992,492.8504150689356,495.37376405619125,495.37376405619125,496.6388407608171,,,,,498.9165125476743
2465,245.63256370350814,246.18509165820208,247.19590590936997,493.4869915909352,495.49554489422206,495.49554489422206,497.180931279742,,,,,498.94357090140664
2482,247.17496858676546,248.01305114111872,249.1442660344299,497.8134648865493,497.8482274759146,497.8482274759146,498.5364748778116,,,,,499.21911545266533
2481,247.0321263309698,247.98745979989704,248.32475124644736,496.68702923719206,497.08100006153455,497.08100006153455,498.3569130583943,,,,,499.4159100938222
2483,247.35666181504735,248.0397329503461,248.81671164030126,497.6511351820846,497.8801442215035,497.8801442215035,498.6727083758708,,,,,499.5033173980911
2480,247.02267036321595,247.60513814311605,248.79867568543463,497.17864145346135,498.0884393616053,498.0884393616053,498.43039538614283,,,,,499.94716285602595
2485,247.48681160359513,248.139399617422,248.9556416038885,497.686370069109,497.8134648865493,497.8134648865493,498.3931478667816,,,,,500.2644515081375
2470,246.15442316059227,246.65657896503026,247.60513814311605,495.1875961407786,496.68702923719206,496.68702923719206,499.9077540113646,,,,,500.49699597014995
2495,248.1434380051375,249.24846526560424,250.18167951946955,500.349403587615,500.59966529761584,500.59966529761584,500.6775495018351,,,,,501.1920967203679
2472,246.30264850663156,246.8748004808325,248.15529841465684,496.5812349049464,500.0613264468524,500.0613264468524,500.88866712839973,,,,,501.4212494729555
2500,248.7029055587097,249.60167258647175,250.54591522287222,500.7456579958362,500.85874455295027,500.85874455295027,500.9538918862949,,,,,501.48119585930533
2484,247.38187332101228,248.10606949339095,249.4809037023354,497.8887458432982,498.38118248467674,498.38118248467674,500.95295412352226,,,,,502.12378815161713
2489,247.91369918664506,248.667891874114,249.60167258647175,498.38118248467674,501.15836440634325,501.15836440634325,501.20372126876924,,,,,502.17332375672595
2499,248.42517921306012,249.59655511520052,250.57785611546743,500.85874455295027,501.1344398640252,501.1344398640252,501.58249938655223,,,,,502.30114835088574
2488,247.63689917461025,248.32475124644736,249.59655511520052,498.0884393616053,499.3365603388446,499.3365603388446,500.6473263015799,,,,,502.4176043568552
2492,248.08966202817342,248.81671164030126,249.818139529386,499.9301165400048,500.66687207276203,500.66687207276203,500.75840125697334,,,,,502.41785928902414
2494,248.1432167154043,249.1442660344299,250.63329460860422,501.1344398640252,501.49577831909085,501.49577831909085,501.8908992147733,,,,,502.4758808453204
2451,244.6922512933942,244.97255545558468,246.07382577611224,491.0661273121628,496.7396921592706,496.7396921592706,497.48211245397295,,,497.48211245397295,502.48591099456604,502.48591099456604
2491,248.03520122852868,248.79867568543463,249.71312993733693,499.3365603388446,499.9301165400048,499.9301165400048,502.1669305678712,,,,,502.81167639444175
2474,246.5351692851239,247.09667730996992,248.15483429759738,496.3880950499068,497.6511351820846,497.6511351820846,497.94916874444493,,,497.94916874444493,503.00978318232063,503.00978318232063
2503,249.16908980691008,249.97732481545432,251.05287291736983,501.60053036107837,501.66481039464713,501.66481039464713,502.77467478610623,,,,,503.3474156005081
2477,246.83300599340845,247.28041084462046,248.10606949339095,496.1640296668547,500.349403587615,500.349403587615,502.3559149013146,,,,,503.65867426490644
2487,247.61540279030814,248.15529841465684,249.40375687358622,497.8801442215035,498.07500407664236,498.07500407664236,502.77095357257826,,,,,503.780526330694
2502,248.89933831685818,249.818139529386,250.81094020212052,501.49577831909085,501.9689424654954,502.3559149013146,503.15991871236895,,,,,503.83140871374036
2496,248.20853029195717,249.40375687358622,250.42868227296876,500.59966529761584,500.7456579958362,500.7456579958362,503.5029349239941,,,,,504.04783133075006
2501,248.80661290279687,249.71312993733693,250.73567375218718,501.49446447877307,501.60053036107837,501.60053036107837,503.41973292503974,,,,,504.0875550849933
2515,249.78750922970667,251.3284364144786,252.11391134924796,502.7046542443248,503.5888462768413,503.5888462768413,503.73657761546303,,,,,504.28012093521244
2507,249.2664875582475,250.54591522287222,251.448869505423,501.8639717610499,502.21705693618946,502.4741283392069,503.36021254685755,,,,,504.3502971110923
2490,248.01019168142477,248.7538177939653,249.540785420176,498.07500407664236,501.49446447877307,501.49446447877307,503.66738725140306,,,,,504.5496806367302
2512,249.5406129672211,250.81094020212052,251.6231836077131,502.24994914986564,503.16308089521993,503.36513685022743,503.4498885446748,,,,,504.6041633990654
2511,249.49359876752536,250.73567375218718,251.45183955037066,501.9689424654954,502.2602393460271,502.77467478610623,503.73146590667386,,,,,504.6600436487804
2505,249.26394699389056,250.42868227296876,251.3284364144786,501.81391153507684,502.24994914986564,502.77095357257826,503.78286407654286,,,,,504.67146940393206
2498,248.2752736849418,249.540785420176,250.66927124931334,501.15836440634325,501.81391153507684,501.8908992147733,502.4741283392069,,,,,504.8336482206624
2509,249.31692373555055,250.63329460860422,251.60331787548952,502.24397944992506,503.1667458253713,503.41973292503974,503.93079638782234,,,,,505.2220507964436
2497,248.26503079051545,249.4809037023354,250.44993861804403,500.66687207276203,501.8639717610499,502.1669305678712,504.7324173750756,,,,,505.23433731304453
2493,248.12478933421042,248.9556416038885,249.97732481545432,500.0613264468524,502.4509098783115,503.00978318232063,505.04308707487064,,,,,505.57216028044195
2510,249.48518982981264,250.66927124931334,251.5197290067829,502.21705693618946,502.24397944992506,502.48591099456604,503.44140839284944,,,,,505.8752593244613
2517,249.96435925569494,251.45183955037066,252.3942176770654,503.30608690130714,503.93668452086433,503.93668452086433,505.52704661929636,,,,,506.14737161938143
2513,249.54693000931871,251.05287291736983,252.04393553374456,502.45673093263775,504.1081145800275,504.1081145800275,505.79597212882453,,,,,506.4306699042753
2527,251.20794349950356,252.3942176770654,253.2573297178785,505.1996631489106,505.6031582597097,505.6031582597097,505.76047974511863,,,,,506.65673193465096
2506,249.26593849385642,250.44993861804403,251.8122590938495,502.2602393460271,503.30608690130714,503.44140839284944,505.3838533651789,,,,,506.90048723452276
2533,251.98206828140988,252.84377982658248,253.777346388603,505.72292720954664,505.85230877281555,506.3429977625594,506.369741716248,,,,,507.04511392179586
2519,250.226368395467,251.60331787548952,252.6811241141475,504.1081145800275,505.1996631489106,505.1996631489106,506.3429977625594,,,,,507.3081545997291
2508,249.29470091006613,250.57785611546743,251.8969679183709,502.4509098783115,502.45673093263775,503.15991871236895,505.0334932705404,,,,,507.32191150194217
2514,249.56805250747212,251.16783579111382,252.12569071785467,503.16308089521993,505.03048976627304,505.03048976627304,505.14369501291736,,,,,507.47038433483175
2518,250.19154425924117,251.5197290067829,252.2617196596711,503.1667458253713,506.16634526767535,506.4034044556687,506.9709973946012,,,,,508.06796865290255
2504,249.25952850048597,250.18167951946955,251.16783579111382,501.66481039464713,502.7046542443248,503.36021254685755,503.36513685022743,,,503.4498885446748,508.3079962170772,508.3079962170772
2528,251.2145126156793,252.47704104955847,253.39119184937263,505.6031582597097,505.6347605858077,505.6347605858077,507.3483017431673,,,,,508.37909349238925
2524,250.60808236795867,252.11391134924796,252.82742448746055,505.03048976627304,505.1557204581054,505.1557204581054,507.5303341203567,,,,,508.3959429648964
2520,250.3242532014888,251.6231836077131,252.47704104955847,503.5888462768413,504.6530704001694,504.6530704001694,507.3912337046875,,,,,508.44800015896914
2525,250.86488512941727,252.12569071785467,253.37602291753862,505.43387352579475,506.1939925532519,506.9709973946012,507.74506380108744,,,,,508.6138063123047
2531,251.66801406261914,252.725563614296,253.787113058498,505.85230877281555,506.8174940849716,508.1118629955827,508.2805154087154,,,,,508.8160264560682
2530,251.46357897929755,252.6811241141475,253.88275621769802,506.13218841178593,506.3210240570243,507.3483017431673,507.9992336071597,,,,,508.855392423264
2534,251.9957324142638,252.99305255435897,254.0631624384359,506.16634526767535,506.39904812028124,507.5303341203567,508.38095514179207,,,,,508.88770386762485
2535,252.19163608952394,253.2203478717175,254.39453522366932,506.3210240570243,506.69144179737805,507.9992336071597,508.37699096997375,,,,,508.94982726940043
2516,249.8307863270596,251.448869505423,252.65833682069632,503.93668452086433,505.07242160937415,505.07242160937415,508.1476718481051,,,,,509.0297221003204
2538,252.6224898137944,253.39119184937263,254.14133568187006,506.1939925532519,506.3141865072576,507.24378542464154,508.50834518232824,,,,,509.3668082341398
2543,253.04938701270805,253.88275621769802,255.3678796794752,507.59907436961646,507.8326977644963,508.50834518232824,508.85914478279506,,,,,509.4123621339812
2539,252.66583507297122,253.6085479468179,254.63597669626597,506.39904812028124,507.1554981444616,508.1476718481051,508.98723250772883,,,,,509.72684454573937
2547,253.4718487743429,254.39453522366932,255.46138821682646,507.73091828658795,508.67636869320694,508.91375191163775,509.1552908126941,,,,,509.77765850713865
2522,250.49772470804868,251.8969679183709,252.725563614296,504.6530704001694,505.09175717017126,505.09175717017126,507.24378542464154,,,,,509.8431132708514
2544,253.06686273764282,254.0631624384359,254.96820762501562,507.2303487303799,508.59106366484696,508.85914478279506,509.39503900723133,,,,,509.91098925710276
2526,251.16112085977954,252.2617196596711,253.2203478717175,505.1557204581054,506.13218841178593,506.369741716248,509.2202242170338,,,,,510.0481597434839
2521,250.48803735093753,251.8122590938495,252.99305255435897,505.09175717017126,505.43387352579475,505.43387352579475,508.1118629955827,,,,,510.23085341201664
2541,252.82169199660086,253.777346388603,254.68572888288756,506.53261861961226,507.59907436961646,508.37699096997375,508.91375191163775,,,,,510.2933499728104
2540,252.7870368328873,253.7566215685713,254.74341640889574,506.8174940849716,507.73091828658795,508.38095514179207,508.8521040594784,,,,,510.4595022988033
2550,253.54054727974486,254.68572888288756,255.63187140301096,508.59106366484696,509.08338472223875,509.2202242170338,509.647446509286,,,,,510.574523660349
2551,253.6045706503625,254.69164934108431,255.6696633936959,508.67636869320694,509.01003119426383,509.1552908126941,509.882721609359,,,,,510.63981046582717
2556,254.26190243684525,255.3678796794752,256.182808134188,509.7496681997232,510.0931459547706,510.0931459547706,510.1307208833127,,,,,510.910409657042
2548,253.49222678299284,254.57686362655437,255.0057985457555,507.5717673910088,508.88216587492093,508.98723250772883,510.3303341925668,,,,,510.9802035983221
2529,251.43488266145752,252.65833682069632,253.6085479468179,505.6347605858077,505.6978638202184,505.76047974511863,506.4034044556687,,,507.74506380108744,511.09870207291095,511.09870207291095
2545,253.26598958877398,254.14133568187006,255.55783200054657,507.8326977644963,509.7496681997232,509.7496681997232,510.54745848701276,,,,,511.38914971558137
2532,251.95266763104198,252.82742448746055,253.7566215685713,505.6978638202184,505.72292720954664,505.79597212882453,510.8999876956569,,,,,511.4091604737094
2549,253.5306657558629,254.63597669626597,255.69902210954191,508.88216587492093,509.86191308547143,509.86191308547143,510.6741764333496,,,,,511.6189917775056
2542,252.85859808749487,253.787113058498,254.69164934108431,506.69144179737805,507.2303487303799,508.2805154087154,510.48871411458504,,,,,512.0418150644314
2537,252.5884519954229,253.37602291753862,254.57686362655437,506.3767251393446,507.5717673910088,508.3079962170772,511.59688214667705,,,,,512.151079397168
2554,253.92869797771203,254.96820762501562,256.11764214357447,509.08338472223875,510.59561782409685,510.59561782409685,511.6658024122078,,,,,512.3798042690788
2552,253.61198604114617,254.74341640889574,256.18647586000736,509.86191308547143,510.74995368260556,510.74995368260556,512.1993009617086,,,,,512.713857355565
2558,254.37305093754492,255.55783200054657,256.4133560689829,510.10959603618363,511.5271065084926,511.5271065084926,512.027439859472,,,,,512.8390253798754
2536,252.5289318021202,253.2573297178785,254.30308143027332,506.3141865072576,506.3767251393446,507.3912337046875,507.9607911472019,,,508.8521040594784,513.2966149233994,513.2966149233994
2563,254.6612057516983,256.11764214357447,256.8156544420379,511.5271065084926,512.7902029312374,512.7902029312374,512.7987584102535,,,,,513.3570113359876
2553,253.89599138827575,254.922100510268,256.23135449234695,510.0931459547706,511.9709715739106,511.9709715739106,512.9459216603258,,,,,513.5212610353449
2559,254.4179419963321,255.63187140301096,256.90179477970173,512.1874289169064,512.3048574274401,512.3048574274401,512.6608031667565,,,,,513.5353377514743
2555,254.06811338654043,255.0057985457555,256.0142642228346,509.01003119426383,513.2864658766041,513.2864658766041,513.3972159326914,,,,,514.0346808854317
2570,255.4393002152309,256.8156544420379,257.29909677443845,512.7902029312374,513.5649658286785,513.5649658286785,513.6522038624014,,,,,514.4621805158393
2546,253.44069416993017,254.30308143027332,254.922100510268,507.1554981444616,510.10959603618363,510.1307208833127,513.9325541576179,,,,,514.7013809791557
2562,254.58011869575017,256.0142642228346,256.9616759709355,512.2316052433134,514.0168256503808,514.0168256503808,514.3150251842928,,,,,514.9395798077477
2560,254.44033921711934,255.6696633936959,256.8103984578862,510.74995368260556,513.8395259971679,513.8395259971679,514.2974212568513,,,,,514.9832249334004
2564,254.80816871492792,256.182808134188,257.12185702150754,512.3048574274401,512.423687434521,512.423687434521,514.366542722281,,,,,514.9901154705677
2561,254.50726517497827,255.69902210954191,256.81910818460335,511.9709715739106,512.1874289169064,512.1874289169064,513.6410952891787,,,,,515.2124345791922
2523,250.5667143063182,252.04393553374456,252.84377982658248,505.07242160937415,506.53261861961226,507.9607911472019,509.72156321566735,,,509.72156321566735,515.7006017223464,515.7006017223464
2571,255.49132405278934,256.81910818460335,257.5565537196016,514.0168256503808,514.639392423312,514.639392423312,514.6831323662534,,,,,515.7189455565792
2574,255.64222181117194,257.12185702150754,258.1536838714444,514.997586759558,515.371644303135,515.371644303135,515.3960753294332,,,,,515.9017573487986
2565,254.93555167263193,256.18647586000736,257.24702561676725,512.423687434521,515.3690515538816,515.3690515538816,515.4676298543758,,,,,516.0213127947919
2566,254.95820093182178,256.23135449234695,257.4576030715536,513.8395259971679,514.7372349883317,514.7372349883317,515.0853757583568,,,,,516.246470949842
2569,255.10759636727514,256.8103984578862,257.6511328021753,514.7056575887204,514.997586759558,514.997586759558,515.034343059212,,,,,516.3881428974108
2557,254.3377275470056,255.46138821682646,256.67623067856465,510.59561782409685,512.2316052433134,512.2316052433134,514.6207221149093,,,,,516.4585003643738
2576,255.73315423914005,257.29909677443845,258.1765226091068,515.371644303135,515.5103136878777,515.5103136878777,516.3987770553028,,,,,516.9236429939575
2575,255.69499535471482,257.24702561676725,258.17060306586393,515.3690515538816,516.0028137580747,516.0028137580747,516.4202704099642,,,,,517.595022698303
2573,255.52792527637575,256.9616759709355,258.00457903960915,514.7372349883317,516.0068507412694,516.0068507412694,516.0885034639359,,,,,517.6181360943342
2581,256.5238850088984,257.584434853433,258.81977072676546,516.3584077460863,517.0078572220987,517.0078572220987,517.0558118708757,,,,,517.632842269162
2578,256.2327641775715,257.36690310596475,258.25393518132813,515.5265764701224,516.4798601450631,516.4798601450631,516.9673789885811,,,,,517.6436277661893
2572,255.50268858589527,256.90179477970173,257.584434853433,514.639392423312,514.7056575887204,514.7056575887204,515.8300082185516,,,,,517.9292200700421
2585,256.69784010665,258.17060306586393,259.1979708608654,517.96396376433,518.2952922268832,518.2952922268832,518.3239827441591,,,,,519.2125830216726
2582,256.58478409961,257.6511328021753,258.66712547772545,516.0068507412694,517.6294439900884,517.6294439900884,518.6110364436105,,,,,519.35713988723
2577,255.8215605038229,257.3485530544904,258.5544168642696,516.0028137580747,516.6487881539733,516.6487881539733,517.4245146985261,,,,,519.4457514268115
2579,256.242600928198,257.4576030715536,258.23386456980603,515.5103136878777,516.3584077460863,516.3584077460863,519.4432737319743,,,,,520.0050084898852
2587,257.05707861083835,258.23386456980603,259.00223434521257,516.6487881539733,518.4922343269154,518.4922343269154,519.6085672170663,,,,,520.2220902051293
2583,256.61723203901164,258.00457903960915,259.1246208253243,517.6294439900884,519.6254880154162,519.6254880154162,520.07638853611,,,,,520.6773549596503
2589,257.4252339102404,258.5544168642696,259.5058651196368,518.2952922268832,519.2743316059475,519.2743316059475,519.3981574391041,,,,,520.8051156761343
2593,258.16831488942285,259.00223434521257,259.70325059310903,519.2743316059475,519.8069387343628,519.8069387343628,520.1449854852383,,,,,520.8792442340524
2580,256.3801800867297,257.5565537196016,259.0247058191061,517.0078572220987,517.9042335533541,517.9042335533541,518.8995418348892,,,,,521.138784860546
2588,257.3152666744649,258.25393518132813,258.86483177188444,516.4798601450631,517.96396376433,517.96396376433,519.9605487145184,,,,,521.1912556402766
2597,258.6354894262598,259.1894512083535,260.3188593071254,520.0222365372697,520.1797292775825,520.1797292775825,520.514657510893,,,,,521.3285780682636
2567,254.99845910763335,256.4133560689829,257.3485530544904,513.2864658766041,517.9633601427383,517.9633601427383,520.6368168253504,,,,,521.468079084739
2594,258.46632909612964,259.0247058191061,259.9016804752232,519.3997474623895,520.0222365372697,520.0222365372697,520.305086216593,,,,,521.6837411139264
2568,255.0694035198421,256.67623067856465,257.36690310596475,513.5649658286785,515.5265764701224,515.5265764701224,515.5804622385257,,,515.5804622385257,521.803393453985,521.803393453985
2603,259.21565224710724,259.9016804752232,260.60057634504915,520.6988951178517,520.7214647699391,520.7214647699391,521.3134924234746,,,,,522.0283350859555
2586,257.0248463891327,258.1765226091068,259.1894512083535,517.9633601427383,519.3216587949478,519.3216587949478,521.2180898458056,,,,,522.040438100761
2598,258.7062925535461,259.1979708608654,260.06448555069676,519.6254880154162,520.6988951178517,520.6988951178517,521.1116012646538,,,,,522.2160539409952
2590,257.73626281582,258.66712547772545,259.67830192711625,518.4922343269154,519.3997474623895,519.3997474623895,521.2307648149496,,,,,522.2604415360449
2584,256.6640190761208,258.1536838714444,259.1831193997251,517.9042335533541,519.5859521037237,519.5859521037237,521.8367874886289,,,,,522.6789122128471
2596,258.56430868359706,259.1831193997251,260.2997405791103,519.8069387343628,521.1153003354862,521.1153003354862,522.3157622790841,,,,,522.8497420496539
2600,258.8479035643025,259.67830192711625,260.5162858313377,520.1797292775825,520.526184029976,520.526184029976,522.3566277935105,,,,,523.246047186418
2592,257.99788271095025,258.86483177188444,259.97462015500815,519.5859521037237,522.3770366830512,522.3770366830512,522.9334762734732,,,,,523.5208117876324
2601,259.0352124631624,259.70325059310903,260.7405917563497,520.7214647699391,521.9224154335262,521.9224154335262,522.522256628206,,,,,523.6307216313977
2604,259.2486313101382,259.97462015500815,261.0117429729382,521.4890974216296,522.7226319116746,522.7226319116746,523.45965247102,,,,,523.985685202278
2591,257.9871043426647,258.81977072676546,259.73456636089503,519.3216587949478,519.6237695524259,519.6237695524259,522.9487914348092,,,,,524.0912127022231
2595,258.54517356889323,259.1246208253243,259.9929172263368,519.6237695524259,520.1426559918509,520.1426559918509,522.323229821826,,,,,524.1182395086603
2609,259.6928217092411,260.5013623328548,261.58313965075837,522.6438721169645,523.2089608654115,523.2713753375322,523.5422275064855,,,,,524.2433526541815
2599,258.7420521467707,259.5058651196368,260.5013623328548,520.1426559918509,521.4890974216296,521.4890974216296,523.1364243846344,,,,,524.483586582028
2605,259.35215671110734,259.9929172263368,261.231777688299,522.3770366830512,522.9414678361907,522.9414678361907,523.2713753375322,,,,,524.5539624868186
2608,259.59473094860374,260.3188593071254,261.4231460747609,522.5367629976541,522.9531105584063,522.9531105584063,524.1794248490841,,,,,524.7564315162876
2610,259.7518912464706,260.5162858313377,261.1563080285844,521.9224154335262,522.5551323544249,522.5551323544249,524.0271523240273,,,,,524.8812798227417
2606,259.3985537904293,260.06448555069676,260.89808574509846,521.1153003354862,522.6438721169645,522.6438721169645,523.6252112460207,,,,,524.9169197918376
2602,259.07087532723966,259.73456636089503,260.5470876073204,520.526184029976,522.5367629976541,522.5367629976541,524.551053061866,,,,,525.1404595078418
2614,260.0981633826932,260.89808574509846,261.69368669394487,522.8498574568898,523.0118650757947,523.0118650757947,524.3793193363863,,,,,525.2536992279582
2619,260.2529767418207,261.43725762768395,262.51886691055705,523.2580035782204,524.3360297388708,524.3360297388708,525.0690722231734,,,,,525.573597719163
2618,260.2456086685392,261.4231460747609,262.20685443736863,523.0923132605357,523.159001294348,523.159001294348,524.413619894763,,,,,525.9722587158224
2617,260.1551558536713,261.231777688299,262.226391691764,523.159001294348,524.0703083970188,524.0703083970188,524.3061830958288,,,,,526.098503828563
2615,260.11120504505885,261.0117429729382,261.74220918143743,522.9531105584063,523.0923132605357,523.0923132605357,525.7287648391742,,,,,526.2479343680433
2616,260.1285857407841,261.1563080285844,262.33336782146154,523.2089608654115,524.5434796911833,524.5434796911833,525.3953498551666,,,,,526.3858545354819
2623,260.6734111726628,261.70759387722967,262.6127243005192,524.0703083970188,524.8583969369607,524.8583969369607,525.1860994519773,,,,,526.6284145992694
2607,259.4751861260225,260.2997405791103,261.70759387722967,522.9414678361907,523.2580035782204,523.45965247102,526.021973295865,,,,,526.6679997999069
2622,260.4863624447147,261.69368669394487,262.7851361023965,525.8123895125027,525.9377909040642,525.9377909040642,526.1546059471632,,,,,527.0565842071895
2612,260.0191167806778,260.60057634504915,261.43725762768395,522.5551323544249,525.8123895125027,525.8123895125027,525.9769823987648,,,,,527.0982340570201
2621,260.48017149974953,261.6766156390507,262.743101563553,524.8583969369607,526.9358192290813,526.9358192290813,527.5287145583769,,,,,528.144093508022
2624,260.7502463728095,261.74220918143743,262.65607537989814,524.3360297388708,527.6414175655119,527.6414175655119,527.8481298184714,,,,,528.6801257927219
2625,260.83362206454234,261.93236920341076,262.7154683153772,524.5434796911833,527.4848746554082,527.4848746554082,528.3825488851691,,,,,529.0747010953942
2626,260.84065311692723,262.20685443736863,263.3121078439613,527.5316328647833,527.5385228523796,527.5385228523796,528.411732449489,,,,,529.3043421158528
2630,261.2131998057361,262.6127243005192,263.23299656787384,527.4848746554082,527.5316328647833,527.5316328647833,528.2330167621633,,,,,529.3974241581406
2635,261.6581711115663,262.92573285626776,263.59402999643567,527.6414175655119,528.0828420884422,528.0828420884422,528.6349559300252,,,,,529.4492509639016
2627,261.02391006393043,262.226391691764,263.0364999727649,526.9358192290813,528.0242841290661,528.0242841290661,528.4469071251503,,,,,529.5534963117182
2620,260.45993550750325,261.58313965075837,262.92573285626776,525.9377909040642,528.9401783254577,528.9401783254577,529.0501834609086,,,,,529.5836898950276
2628,261.13533955743907,262.33336782146154,263.5413334756474,527.5385228523796,527.8895438249888,527.8895438249888,529.2597088798669,,,,,529.7728701797924
2631,261.29466268609923,262.65607537989814,263.5969057899456,527.8895438249888,528.690269601061,528.690269601061,528.9315172455648,,,,,529.9414998911685
2632,261.41918651767674,262.7154683153772,263.90837444689055,528.9401783254577,529.4811303018906,529.4811303018906,529.9239664024465,,,,,530.4505987460582
2613,260.0803399250958,260.7405917563497,261.93236920341076,523.0118650757947,529.6139781695924,529.6139781695924,529.7966264345689,,,,,530.557012488073
2629,261.16418331606496,262.51886691055705,263.77751736714583,528.690269601061,529.539091996296,529.539091996296,529.5638154260948,,,,,530.6520137680609
2611,259.9250536050789,260.5470876073204,261.6766156390507,522.7226319116746,522.8498574568898,522.8498574568898,528.9525605681447,,,,,530.789266082786
2637,261.81354917711747,263.23299656787384,264.5348538672113,529.2026558544073,530.1341857976681,530.1341857976681,530.2593973882779,,,,,530.9778027568963
2643,262.3979068895669,263.7610443844527,264.8381758126886,530.1341857976681,530.2942357633616,530.2942357633616,530.7688986940626,,,,,531.2866956799768
2633,261.53012289306884,262.743101563553,263.61186422563685,528.0242841290661,528.9086880498263,528.9086880498263,531.1437021702037,,,,,531.703498368072
2641,262.3379421312825,263.5969057899456,264.70333697054565,529.539091996296,530.0461053571823,530.0461053571823,530.0527985569345,,,,,531.8400304923836
2645,262.5201828476562,263.8823956650158,264.8148833919474,530.0461053571823,530.3011444911967,530.3011444911967,530.7264914309903,,,,,531.8411767148789
2651,263.2694009546556,264.717161458442,265.3948810575089,530.4042965271743,530.7388562387827,530.7388562387827,531.0817427472339,,,,,531.9771685454424
2648,262.8140784285648,264.5348538672113,265.6796613799639,530.6373619837569,530.9995574307476,530.9995574307476,531.2239961948479,,,,,532.1669448340176
2634,261.5318306288921,262.7851361023965,263.8823956650158,528.9086880498263,529.1783428458126,529.1783428458126,530.5552753364453,,,,,532.1921052534901
2655,263.71867522906837,264.8381758126886,265.8256526834857,530.9995574307476,531.1590377454645,531.1590377454645,531.4044865881202,,,,,532.5633185253541
2642,262.3627983122591,263.61186422563685,264.77743238227225,529.7665676632962,530.4276156538905,530.4276156538905,530.902931294197,,,,,532.686474532268
2654,263.60388379418157,264.8148833919474,265.8227241740353,530.7939454185407,531.407566580391,531.407566580391,531.5191955137233,,,,,532.7888239147526
2639,261.9137000788981,263.5413334756474,264.90082514487614,530.2942357633616,530.6373619837569,530.6373619837569,531.9907617460431,,,,,532.8175440710381
2653,263.40234889696876,264.77743238227225,266.0601089391806,531.5903331667529,531.7486095769405,531.7486095769405,532.6346367700041,,,,,533.2252598548032
2649,262.9058586421651,264.66866785115553,265.71285649305827,530.7388562387827,531.5990925033307,531.5990925033307,532.5068068966112,,,,,533.2581458350759
2636,261.7286863588159,263.0364999727649,263.7610443844527,528.0828420884422,529.7665676632962,529.7665676632962,530.1843251576952,,,530.1843251576952,533.3621668618302,533.3621668618302
2657,263.77991488944673,265.0912102799263,265.90827940186625,531.1590377454645,531.2688364280784,531.2688364280784,532.5281136456008,,,,,533.39500384317
2638,261.89921097930437,263.3121078439613,264.33428412565564,529.1783428458126,529.2026558544073,529.2026558544073,533.0917611930696,,,,,533.5990518370786
2652,263.32856852786637,264.7745540989357,265.9235527059681,531.2688364280784,532.6061386939471,532.6346367700041,533.0954895253523,,,,,533.6472627921524
2659,263.91388151440486,265.54141504031594,266.56362691100145,531.8913134154925,532.5462869398056,532.6067275893391,532.7930145606489,,,,,533.7671616308418
2640,261.95321269338734,263.59402999643567,264.717161458442,529.6139781695924,529.7637267372164,529.7637267372164,531.8912299297419,,,,,533.7807021934358
2665,264.5910111460765,265.9235527059681,266.7789069695317,532.1197174978759,532.6328217690228,532.7930145606489,533.2739251012187,,,,,533.8869689774447
2656,263.7562111461998,264.90082514487614,266.0465101943291,531.407566580391,532.4154988106043,532.5281136456008,533.2181913691855,,,,,534.2503973886216
2650,262.92756355571277,264.70333697054565,265.54141504031594,530.4276156538905,531.5903331667529,531.5903331667529,532.6067275893391,,,,,534.3282524946436
2647,262.6788326691599,264.33428412565564,265.0912102799263,530.3011444911967,530.4042965271743,530.4042965271743,530.4680490073883,,,530.4680490073883,534.5110069859228,534.5110069859228
2670,264.98510059430527,266.56362691100145,267.0670309230094,532.7349135668211,533.9368434162601,533.9368434162601,534.5291370422771,,,,,535.1145266853541
2662,264.2739256544851,265.8227241740353,266.78587183265773,532.4154988106043,533.6030758817124,533.6030758817124,534.5113586573017,,,,,535.2424988219884
2663,264.3130917814216,265.8256526834857,266.7070864613796,532.0086642194631,532.1197174978759,532.5068068966112,534.2331306478197,,,,,535.3167642530284
2664,264.5723900338507,265.90827940186625,266.8576009135164,532.5462869398056,533.8476007276796,533.8476007276796,534.0853778361522,,,,,535.3717731396763
2658,263.7964770425288,265.3948810575089,266.32492997471047,531.5990925033307,531.8913134154925,531.8913134154925,533.7763644374156,,,,,535.3933646168607
2661,264.12157590053783,265.71285649305827,266.4385504241944,531.7486095769405,532.7349135668211,533.0917611930696,534.9556044192891,,,,,535.5827404805087
2666,264.7346427362023,266.0465101943291,267.06051896728667,532.6061386939471,533.486019513362,533.486019513362,534.3277772565151,,,,,535.6883830266139
2667,264.81784962382653,266.0601089391806,267.079306023884,533.486019513362,534.0842104046499,534.0842104046499,535.2378204257541,,,,,535.8923661095566
2644,262.5035124208065,263.77751736714583,264.7745540989357,529.7637267372164,530.7939454185407,530.7939454185407,535.8005255587,,,,,536.39885993976
2646,262.58812155259966,263.90837444689055,264.66866785115553,529.4811303018906,532.0086642194631,532.0086642194631,533.6662145614741,,,,,536.604358479502
2678,265.89653313802535,267.079306023884,268.2721954621195,535.4002040060728,535.8899561477381,535.8899561477381,536.1985788380489,,,,,537.0457962517231
2681,266.2689648242308,267.50554028808756,268.7417048808097,536.1990245231533,536.3262875637027,536.3262875637027,536.4338463853738,,,,,537.0868027173989
2679,266.09349448918726,267.40035526173307,268.3236309886,535.8899561477381,536.1000881076171,536.1000881076171,536.2067595280888,,,,,537.1090827045732
2677,265.74514812980783,267.0670309230094,268.3139183598076,535.626031429616,536.1930329704805,536.1930329704805,536.5431630726903,,,,,537.1755686851986
2676,265.55888857626627,267.0648986007748,268.13436504184597,535.062661281887,535.1761589370955,535.1761589370955,536.5119726059842,,,,,537.5361336503089
2674,265.43087806035135,266.8576009135164,267.7567865346906,534.7600061534179,536.1990245231533,536.1990245231533,536.273860399837,,,,,537.6058282298477
2671,264.992477755119,266.7070864613796,267.50554028808756,533.9368434162601,535.0339097513868,535.0339097513868,536.486525047403,,,,,537.665453262087
2687,266.9338385809393,268.2721954621195,269.1811509409243,536.4608544603101,536.503483077106,536.503483077106,536.6044009281893,,,,,537.9398300899752
2690,267.1234515933941,268.39123549987374,269.2373938547409,536.503483077106,536.6811872650436,536.6811872650436,537.0941263033707,,,,,538.0140250561568
2685,266.73037972142384,268.13436504184597,269.17875330580824,536.4515521339641,536.4608544603101,536.4608544603101,537.5772121793262,,,,,538.4719338516059
2668,264.8443955726035,266.32492997471047,267.40035526173307,533.6030758817124,534.7600061534179,534.7600061534179,538.6190462447644,,,,,539.1438228130037
2683,266.37675013063574,267.7567865346906,268.8899852727016,536.3262875637027,538.5930861282338,538.5930861282338,538.6707903113024,,,,,539.318652815299
2673,265.14547555526553,266.78587183265773,267.934490190462,535.0339097513868,535.626031429616,535.626031429616,538.9318196548658,,,,,539.4813154477628
2672,265.1215728274079,266.7789069695317,267.68452201743094,534.0842104046499,537.8368184338792,537.8368184338792,538.7193314689507,,,,,539.5086990167755
2688,266.9896155354561,268.3139183598076,269.3603589721463,536.6811872650436,537.2902287544151,537.2902287544151,538.0682900284356,,,,,539.5751301390195
2660,264.0884471341638,265.6796613799639,267.0648986007748,532.6328217690228,535.4002040060728,535.4002040060728,538.8848884703067,,,,,539.6056332871888
2684,266.486685406323,267.934490190462,269.3491225281595,536.6716542095803,538.5903627821051,538.5903627821051,538.738635525298,,,,,539.8282651721117
2682,266.35055946866066,267.68452201743094,268.39123549987374,536.1000881076171,536.6716542095803,536.6716542095803,538.3623936748554,,,,,539.9829318199887
2691,267.26244213295587,268.4182433162426,269.4673920630309,538.5903627821051,539.4926924971317,539.4926924971317,539.5764550476418,,,,,540.0869216741597
2675,265.5505038554759,267.06051896728667,268.19386233437973,535.1761589370955,536.4515521339641,536.4515521339641,538.8604614258455,,,,,540.4694450007783
2695,267.69671743574077,269.1811509409243,270.1629646848633,539.4926924971317,540.0289377272541,540.0289377272541,540.1394568153321,,,,,540.6489268870577
2692,267.30395305691394,268.7417048808097,269.615371176924,538.5930861282338,538.6937408773476,538.6937408773476,539.1434063238515,,,,,540.8045138123362
2680,266.12914909956595,267.46769146152405,268.4182433162426,536.1930329704805,539.7405989372025,539.7405989372025,539.7686782396472,,,,,541.3438858542509
2689,267.1026410020667,268.3236309886,269.3825845912216,537.8368184338792,539.1326491089852,539.1326491089852,539.8630062599137,,,,,541.4638275135228
2699,268.17755199477637,269.3649525364458,270.44875367499634,540.4770973183824,540.6046555988781,540.6046555988781,541.086150132767,,,,,541.7248759326062
2686,266.84415810180246,268.19386233437973,269.3649525364458,537.2902287544151,539.0969504492015,539.0969504492015,540.9291196298822,,,,,541.7393746191459
2693,267.45730536451214,268.8899852727016,269.8544009413016,539.1326491089852,540.4610404696767,540.4610404696767,541.1522126761892,,,,,542.2857730652411
2669,264.9675580766868,266.4385504241944,267.46769146152405,533.8476007276796,535.062661281887,535.062661281887,537.512991465501,,,537.512991465501,543.3305593793568,543.3305593793568
2697,267.9318719913615,269.3491225281595,270.2234002087518,539.7405989372025,542.9449065927407,542.9449065927407,543.0490368983832,,,,,543.8539371523151
2703,268.4783399635574,269.8141037376933,270.92485031217745,542.1413242890885,542.5264778666314,542.5264778666314,542.713976287072,,,,,543.9513100707977
2706,268.7682475000317,270.1629646848633,270.92494054030914,542.258725578065,543.1526220059368,543.1526220059368,543.3782260935242,,,,,544.0146813391119
2700,268.212457948969,269.3825845912216,270.4142615444235,540.0289377272541,540.4770973183824,540.4770973183824,542.0224724164862,,,,,544.3425272189445
2707,268.8320071456696,270.2234002087518,271.2817341264085,543.1526220059368,543.2675794032319,543.2675794032319,543.5145584921759,,,,,544.4104752715278
2694,267.681484833536,269.17875330580824,269.8141037376933,538.6937408773476,542.258725578065,542.258725578065,543.6100036182137,,,,,544.6167899574297
2704,268.4907454033452,269.81736157418646,270.6645608545446,541.8531577670728,541.9458559087941,541.9458559087941,544.2275482188443,,,,,544.839213812549
2710,268.95626451911795,270.44875367499634,271.361943942427,543.6985957230856,544.406706014757,544.406706014757,544.7818897630273,,,,,545.6578177024841
2709,268.9223651096455,270.4185559834172,271.3048640668082,543.2675794032319,543.6985957230856,543.6985957230856,545.0593054482644,,,,,545.6794964889997
2714,269.3898036901134,270.92485031217745,271.7947137012427,544.2329491176033,544.8980522739928,544.8980522739928,545.6446981070482,,,,,546.2156966082562
2702,268.3140443199107,269.615371176924,270.87006844830904,541.9458559087941,544.1310479839752,544.1310479839752,544.503240135508,,,,,546.2418037557992
2698,268.0858705392607,269.3603589721463,270.6102094617739,540.6046555988781,545.0779994548619,545.0779994548619,545.7914114932297,,,,,546.2940176477184
2718,269.667857801307,271.2817341264085,272.2209519408708,545.3329710639379,545.4945889566512,545.4945889566512,545.9457135707568,,,,,546.524637889649
2711,269.09476725064474,270.6102094617739,271.3866539163435,544.1310479839752,544.2008638697491,544.2008638697491,544.2085087712491,,,,,546.5282593219287
2712,269.22481337010726,270.6645608545446,271.6174245265131,544.2008638697491,545.3329710639379,545.3329710639379,546.0092900387305,,,,,546.6567229664251
2713,269.26858569472984,270.87006844830904,271.863437416012,544.406706014757,546.2033566668526,546.2033566668526,546.2734427399683,,,,,546.8329329546647
2717,269.64216213400886,271.1405903234185,272.1238829964892,545.1024372635239,545.3644774784557,545.3644774784557,546.7226601497215,,,,,547.3555326293853
2721,269.96848172843715,271.3866539163435,272.25146843929866,545.3644774784557,545.4981707384704,545.4981707384704,545.7864605534236,,,,,547.4708529200749
2696,267.89774146095186,269.2373938547409,269.81736157418646,539.0969504492015,542.1413242890885,542.1413242890885,544.7879690931496,,,,,547.4891614353471
2722,269.9893322181952,271.6174245265131,272.73350298824806,545.4945889566512,546.2871055937923,546.2871055937923,546.53318622508,,,,,547.7130086481881
2724,270.1611958444728,271.863437416012,272.88211730605394,545.7358690207052,546.263214800251,546.263214800251,547.2032887879027,,,,,547.7435294219284
2708,268.890038438849,270.4142615444235,271.1405903234185,542.9449065927407,544.2329491176033,544.2329491176033,546.4008790560886,,,,,547.7797507609679
2715,269.40636895052467,270.92494054030914,271.8973817002736,544.8980522739928,545.1024372635239,545.1024372635239,547.4680773803341,,,,,547.9916068493526
2716,269.5520602476901,271.0338309976508,271.94683591982346,545.0779994548619,545.2910130749885,545.2910130749885,547.1147734108273,,,,,548.1411664346551
2701,268.27216697128665,269.4673920630309,270.4185559834172,540.4610404696767,541.8531577670728,541.8531577670728,547.697191641984,,,,,548.3597979787845
2719,269.7552439648388,271.3048640668082,272.1681392413763,545.2910130749885,548.5514639354235,548.5514639354235,548.8105581465916,,,,,549.3237701303823
2729,270.9549953454347,272.2209519408708,273.53584608976365,548.0852037581946,548.2659069687087,548.2659069687087,548.5592447447768,,,,,549.4007327347316
2723,269.9980387677525,271.7947137012427,272.8135371218714,545.4981707384704,545.5772886575797,545.6446981070482,549.2986325251873,,,,,550.0185948988443
2732,271.88536153256086,272.8135371218714,273.6314006980131,548.5514639354235,548.9187352996986,548.9187352996986,549.5067138466244,,,,,550.0431855520472
2727,270.5250724318515,272.1238829964892,272.9516684857392,546.2033566668526,548.8938385548137,548.8938385548137,549.5585047887813,,,,,550.0700049243522
2705,268.58444286847435,269.8544009413016,271.0338309976508,542.5264778666314,545.7358690207052,545.7864605534236,546.8401902840117,,,,,550.2710330267927
2735,272.03774842506454,272.9516684857392,273.7173356009807,548.6174933746067,548.7853566267654,548.7853566267654,549.8246182024742,,,,,550.3248227846874
2725,270.33322079841986,271.8973817002736,273.3482893789135,547.9605283990359,548.7205485968269,548.7205485968269,549.8461412323356,,,,,550.4434291088935
2728,270.64517459995795,272.1681392413763,272.9785186885827,546.263214800251,547.9605283990359,547.9605283990359,548.2495032095989,,,,,550.6088369294829
2726,270.41040965116986,271.94683591982346,273.23776476846933,547.064572527082,548.6174933746067,548.6174933746067,549.9842768210856,,,,,550.6994521043008
2737,272.4319786730927,273.02455644907025,273.7337982357784,548.7205485968269,548.8376705654855,548.8376705654855,550.1090806619516,,,,,551.1159142346781
2739,272.458314559119,273.3482893789135,274.058865924851,548.9187352996986,549.9060815344656,549.9060815344656,550.6220031613507,,,,,551.1938015771722
2733,271.89682001405373,272.82288096349123,274.034324438247,548.8938385548137,550.7425334706815,550.7425334706815,550.8249953516324,,,,,551.5497688129722
2720,269.7721373698789,271.361943942427,272.82288096349123,545.5772886575797,548.0852037581946,548.0852037581946,550.2833622156916,,,,,551.5984811093832
2730,271.2331648205511,272.25146843929866,273.02455644907025,546.2871055937923,547.064572527082,547.064572527082,551.329671315685,,,,,552.1179248761849
2736,272.0599571495013,272.9785186885827,273.744490588828,548.7853566267654,551.4795793677923,551.4795793677923,551.7794440877359,,,,,552.4916212099924
2738,272.4324336594413,273.23776476846933,274.19466398715286,549.3405852484849,550.0997020575448,550.0997020575448,552.0735514167502,,,,,552.6956099716374
2734,272.01064868604095,272.88211730605394,273.9650367942885,548.8376705654855,549.3405852484849,549.3405852484849,551.2521669051141,,,,,552.7598346980818
2748,273.44620838720175,274.058865924851,275.07688270681655,551.5411779766371,551.7849233866417,551.7849233866417,551.8820265699632,,,,,553.5991929911028
2742,272.8135791903688,273.6314006980131,274.70804304012887,550.7425334706815,550.9823703831972,550.9823703831972,552.9720987449081,,,,,553.7249870763736
2741,272.6371184468189,273.57118097977076,274.9689114725451,551.4795793677923,552.1522638263913,552.1522638263913,552.4277561988372,,,,,553.8798381283895
2745,273.1551760196383,273.744490588828,274.96987870241594,551.5022388047997,552.0073342921775,552.0073342921775,552.6805230685966,,,,,554.0245901136385
2752,273.749623510879,274.70804304012887,275.88209264837195,552.0073342921775,552.3358122226986,552.4277561988372,553.0581174006298,,,,,554.1170182152956
2749,273.4533241460615,274.19466398715286,275.22299315739525,551.6599488574549,551.9702273583964,551.9702273583964,552.9954531434411,,,,,554.2954464707186
2760,274.67679504672645,275.3808440029149,276.27139907788876,552.9842173132754,553.188203867406,553.4811507109418,553.7002503740745,,,,,554.3149941885664
2750,273.53719697390807,274.5267619584669,275.61968151027946,551.8301276182173,552.4301924777776,552.6616962018918,552.693750030451,,,,,554.3152399167079
2731,271.6721147256339,272.73350298824806,273.57118097977076,548.2659069687087,551.6599488574549,551.6599488574549,553.4811507109418,,,,,554.3980097055661
2755,274.02325347489176,274.9057961722642,276.00328047583224,552.4301924777776,552.540790731878,552.6805230685966,554.0442473407235,,,,,554.6639461681297
2740,272.4946860078835,273.53584608976365,274.5267619584669,549.9060815344656,551.3591589923738,551.3591589923738,553.7753814580187,,,,,554.7967876233953
2744,273.0251356438712,273.7337982357784,274.6714783036959,550.0997020575448,551.5022388047997,551.5022388047997,553.5339240216889,,,,,554.8473968895402
2758,274.54207683137764,275.07688270681655,276.0087047770892,552.540790731878,552.9842173132754,553.0581174006298,554.2007562002834,,,,,554.8650287592723
2761,274.7600000162236,275.61968151027946,276.5815896873086,553.188203867406,554.5153339766227,554.5153339766227,554.5713792663438,,,,,555.1205347750522
2762,274.85227710699786,275.7987430625755,276.59751958667175,553.4432730482828,553.9173732973525,553.936889998532,554.4985879729849,,,,,555.2844757932584
2751,273.6561862425284,274.6714783036959,275.3808440029149,551.7849233866417,551.8301276182173,551.8301276182173,553.936889998532,,,,,555.3952421303187
2754,273.9019897886726,274.83265412548405,275.93237239376714,552.1522638263913,552.8371359952886,552.9757639947659,554.7483600192083,,,,,555.6928330138715
2771,275.4554376354976,276.5815896873086,277.403105150752,554.8134151796227,554.8510951029557,554.8510951029557,555.7620489537419,,,,,556.2856112157677
2763,274.8822195207444,275.88209264837195,276.9097107578849,554.4179658918955,554.8134151796227,554.8134151796227,555.5944807308152,,,,,556.3540614166366
2743,272.9471230196983,273.7173356009807,274.9057961722642,551.4291523380858,551.5411779766371,551.5411779766371,551.8327208782549,,,551.8327208782549,556.5832165170656,556.5832165170656
2770,275.4554366481815,276.27139907788876,277.29955543790123,554.5153339766227,555.1420818415884,555.7097656561276,556.0838279660858,,,,,556.7093967285251
2753,273.7589451288515,274.7554018553394,275.7987430625755,551.9702273583964,553.4631440982968,553.7002503740745,555.7097656561276,,,,,556.7365768678533
2769,275.3338262977538,276.02564911876357,276.6206074833601,553.4631440982968,554.9739518096096,555.5944807308152,556.3673454585889,,,,,556.996921712628
2772,275.48642293957175,276.59751958667175,277.5023607656154,554.9739518096096,555.1648728294805,555.7620489537419,556.321101079173,,,,,557.1880396025908
2746,273.19335224413453,273.9650367942885,274.7554018553394,550.9823703831972,551.4291523380858,551.4291523380858,552.6616962018918,,,552.693750030451,557.2440330851331,557.2440330851331
2759,274.59607702100976,275.22299315739525,276.00108521194653,552.3358122226986,552.6820875128617,552.9720987449081,552.9757639947659,,,552.9954531434411,557.3113307072255,557.3113307072255
2768,275.2382661033622,276.0218775697237,277.7405833450264,555.1648728294805,556.5735793704556,556.8056503576346,556.8985460472296,,,,,557.4352567743052
2767,275.1851448776399,276.0087047770892,276.841959716838,554.2262565934465,555.2008537688145,556.0838279660858,556.78191227623,,,,,557.9166745170864
2747,273.2447358279748,274.034324438247,274.83265412548405,551.3591589923738,553.7353779420198,553.7753814580187,556.7790077031121,,,,,558.0985872962368
2781,276.3694177382545,277.5023607656154,278.57041844044727,556.2166530661176,556.9300963799952,557.2228547549422,557.3111733164428,,,,,558.1768048805573
2777,276.0595783887252,276.9097107578849,277.6057739864048,555.1420818415884,555.9062993203115,556.5833605185647,557.1527336901063,,,,,558.2444940636562
2780,276.3259258806759,277.44469792421586,278.4375650759249,556.0950177340463,556.2166530661176,556.78191227623,557.4291193096141,,,,,558.2686499263515
2775,275.85846072265156,276.8321355274997,277.94632441356873,555.500333766395,555.5198736421369,556.5832165170656,557.2228547549422,,,,,558.2992113474952
2782,276.53864257426676,277.6057739864048,278.6546730309419,556.7775568866161,557.1003885439684,557.2440330851331,557.5722575950749,,,,,558.7245322117026
2757,274.39914897950973,274.96987870241594,276.02564911876357,552.8371359952886,553.4432730482828,553.5339240216889,557.9656536781284,,,,,558.8484939172538
2756,274.23700680156617,274.9689114725451,276.0218775697237,552.6820875128617,555.500333766395,556.3673454585889,556.5833605185647,,,,,559.0733061666451
2778,276.1019837646115,277.29955543790123,278.60076100828155,556.5735793704556,557.4027829271553,557.4027829271553,557.9016292757085,,,,,559.1029334589847
2776,275.8702989479442,276.841959716838,278.1447994443439,555.9062993203115,557.6114614869318,557.6114614869318,558.5771278981308,,,,,559.1374101637759
2764,274.88229958537,275.93237239376714,277.44469792421586,554.8510951029557,556.7775568866161,556.8985460472296,557.7118008208369,,,,,559.1439122525195
2773,275.6941742481382,276.6206074833601,277.7784194801542,555.2008537688145,555.2592666045634,556.321101079173,558.0439838449013,,,,,559.2997628300752
2785,276.8635884398599,277.8907443947378,279.1671743822315,557.8116779422905,557.8384159788641,557.8384159788641,558.8898125264037,,,,,559.3967752474408
2765,274.9084014945348,276.00108521194653,276.702512090929,553.7353779420198,554.4179658918955,554.4179658918955,554.6462647355094,,,554.6462647355094,560.1949297686683,560.1949297686683
2786,276.94678204985144,277.94632441356873,278.8125160564029,557.232591701516,558.019349740537,558.019349740537,559.2472498352005,,,,,560.4154086388916
2766,275.178590974302,276.00328047583224,276.8321355274997,553.9173732973525,554.2262565934465,554.2262565934465,554.4043063806998,,,554.4043063806998,560.5690345358908,560.5690345358908
2789,277.0905949871194,278.4375650759249,279.10321429508275,557.6114614869318,560.0121880149303,560.0121880149303,560.0400614487966,,,,,561.0139090554646
2784,276.6770203718494,277.7784194801542,278.67328001405684,556.9300963799952,557.232591701516,557.3111733164428,559.0397154304908,,,,,561.0640536565858
2790,277.095540420563,278.57041844044727,279.5410811009197,560.0121880149303,560.1788813693846,560.1788813693846,560.4682414092074,,,,,561.098161000152
2791,277.45952402488757,278.60076100828155,279.5250723732286,559.0688573265072,560.4412943555815,560.4412943555815,560.7859731059124,,,,,561.3379848705887
2783,276.5465073369018,277.7405833450264,279.03636971040464,557.4027829271553,559.0688573265072,559.0688573265072,560.7245946122019,,,,,561.3866959555079
2774,275.8122218361667,276.702512090929,277.8907443947378,555.2592666045634,556.0950177340463,556.7790077031121,556.8056503576346,,,557.1527336901063,561.6517751912554,561.6517751912554
2792,277.4679074214163,278.6546730309419,279.7079808118527,560.1788813693846,560.2166151334268,560.2166151334268,560.792613932912,,,,,561.7244319923853
2795,277.59357239946377,278.8125160564029,279.7318218935348,560.4412943555815,560.5377284858756,560.5377284858756,561.1244415851681,,,,,561.8028844996467
2797,277.95389522875263,279.10321429508275,279.71290793732265,560.2166151334268,561.2621198331858,561.2621198331858,561.5558625077241,,,,,562.3700586295046
2787,276.9765299657958,278.12947937335525,278.8046570328991,557.1003885439684,557.8116779422905,557.8116779422905,558.0476531572336,,,558.0476531572336,562.5210438721035,562.5210438721035
2796,277.95355221371017,279.03636971040464,279.7929281219984,560.5377284858756,560.8755011893209,560.8755011893209,561.8671639619229,,,,,562.8659171875177
2798,278.2812994551016,279.1671743822315,280.2103261060974,561.2621198331858,561.3968758189168,561.3968758189168,561.5063811409984,,,,,563.1612681503492
2802,278.77194107565873,279.5410811009197,280.1517971490676,560.8755011893209,561.6436851198808,561.6436851198808,562.5546656165578,,,,,563.2427603822476
2794,277.5654630057506,278.8046570328991,279.76558256758506,560.5116690570402,561.9723861110099,561.9723861110099,562.0813423747519,,,,,563.291246380852
2801,278.55927878280994,279.5250723732286,280.43528205598346,561.9723861110099,562.0905207742643,562.0905207742643,562.1496875629886,,,,,563.4540936254554
2804,278.947185364999,279.71290793732265,280.6818994749721,562.4962440177377,562.8650581272422,562.8650581272422,562.9177537785345,,,,,563.4847930424206
2800,278.5512876936995,279.27022755836055,280.3207887954608,561.6436851198808,563.4096442326929,563.4096442326929,563.738151380357,,,,,564.4592462521475
2803,278.84424929168074,279.7079808118527,280.52697528421794,562.1456962253627,562.4962440177377,562.4962440177377,562.7350304893429,,,,,564.4671243421442
2806,279.0652609988012,279.76558256758506,280.8109456921338,562.8650581272422,564.1190072767581,564.1190072767581,564.335480454414,,,,,564.8387261490136
2815,280.22784735443804,280.6818994749721,281.557973739981,565.0398113095627,565.1105921006965,565.1105921006965,565.3504467897551,,,,,566.040024338191
2799,278.4540305328745,279.255574457619,280.2418158832809,561.3968758189168,563.4380693724102,563.4380693724102,564.69514407216,,,,,566.1383516637111
2807,279.17664693607173,279.7929281219984,280.94859525017694,563.4096442326929,565.0398113095627,565.0398113095627,565.3643172879138,,,,,566.2175592911867
2779,276.32422841530064,277.403105150752,278.12947937335525,555.5198736421369,563.7017524589282,563.7017524589282,565.0480362444594,,,,,566.3877906915143
2793,277.50996828771986,278.67328001405684,279.255574457619,557.8384159788641,560.5116690570402,560.5116690570402,562.5404305846916,,,562.5404305846916,566.5333215724668,566.5333215724668
2821,280.8851309487941,281.3192643939913,282.0032887044886,565.4019916650475,565.5304278261042,565.5304278261042,566.1220243503409,,,,,566.6270579950658
2805,278.94936141677636,279.7318218935348,280.46470403486575,562.0905207742643,562.1456962253627,562.1456962253627,565.7632722841801,,,,,566.7528257266619
2808,279.1846542882165,280.1517971490676,280.99823519218444,563.4380693724102,563.511221402363,563.511221402363,565.5272035811142,,,,,566.8473855573022
2788,277.0520389622787,278.1447994443439,279.27022755836055,558.019349740537,564.0552913728284,564.0552913728284,564.1429470457247,,,,,566.9086367585447
2818,280.7606083135172,280.99823519218444,282.05597607099173,565.5304278261042,565.6337898713809,565.6337898713809,566.4386238740412,,,,,567.0569498627328
2817,280.56195096727134,280.94859525017694,281.7981440446925,565.1105921006965,565.4019916650475,565.4019916650475,565.9621020189279,,,,,567.4097514714271
2814,280.18468128152136,280.52697528421794,281.3192643939913,563.8839937137262,566.0198946168348,566.0198946168348,566.9086694095913,,,,,567.5424180203423
2816,280.287374048998,280.8109456921338,281.9664023655187,565.3717376678773,566.0797087183578,566.0797087183578,566.9064747880211,,,,,567.6155165145575
2809,279.2245437914983,280.2103261060974,281.30137731324743,563.7017524589282,564.0921042376385,564.0921042376385,567.3090903344287,,,,,568.0580621509434
2811,279.45068092817263,280.3207887954608,281.36255361314784,564.0552913728284,565.3717376678773,565.3717376678773,566.8399388037592,,,,,568.0681858643932
2825,281.3910935324526,281.557973739981,282.73429475988337,567.4200056092444,567.4660933248202,567.4660933248202,567.8492913848498,,,,,568.374561407448
2810,279.36000039791656,280.2418158832809,281.1433905256605,563.511221402363,563.8839937137262,563.8839937137262,567.6228282712516,,,,,568.5386736439278
2822,280.96700270619635,281.36255361314784,282.5036754582545,566.913529795528,568.2232131442538,568.2232131442538,568.4913777950072,,,,,568.9950851041923
2832,281.93333702946404,282.1655977923196,282.89185989666936,567.7432424045969,568.2956071983963,568.2956071983963,568.3817732408176,,,,,569.1912868813434
2824,281.33147911285414,281.46447780963473,282.1655977923196,566.0797087183578,567.8397536349742,567.8397536349742,568.54401976683,,,,,569.4029432989321
2827,281.55927952349697,281.9664023655187,282.85878327987734,567.4660933248202,567.7432424045969,567.7432424045969,569.3843599917789,,,,,569.8877367784997
2831,281.86191650519896,282.09160151069614,282.96168057900405,567.8397536349742,568.3932937026997,568.3932937026997,569.2566441400321,,,,,569.9376019564646
2819,280.7936443463597,281.1433905256605,282.0582032044771,565.6337898713809,568.2183446440973,568.2183446440973,569.1511381907324,,,,,569.9945980230893
2833,282.0261751949293,282.3880903386224,283.3426361710221,568.5496865460113,569.4103214624587,569.4103214624587,569.5456501074872,,,,,570.2060553443162
2812,279.4675817843711,280.43528205598346,281.46447780963473,564.1190072767581,566.913529795528,566.913529795528,569.5659455111232,,,,,570.3344969726803
2830,281.7198262338715,282.0582032044771,283.1309501908974,568.2232131442538,569.22876805595,569.22876805595,569.7092228243249,,,,,570.5023996943725
2826,281.3959368570076,281.7981440446925,283.1258468756015,568.2183446440973,568.5496865460113,568.5496865460113,570.3745930510871,,,,,570.9887777894278
2823,281.10409534566253,281.3697104928947,282.3880903386224,566.718666500124,569.4321607745301,569.4321607745301,569.5476896870871,,,,,570.993432969918
2828,281.5757281813496,282.0032887044886,283.2420084650489,568.3932937026997,569.8276876125532,569.8276876125532,570.2232736020622,,,,,571.2745998358796
2820,280.8633526960748,281.30137731324743,282.09160151069614,566.0198946168348,567.4200056092444,567.4200056092444,567.9812908224797,,,,,571.5790722445018
2813,279.71325235329095,280.46470403486575,281.3697104928947,564.0921042376385,566.718666500124,566.718666500124,569.0342174995837,,,,,571.7481996337027
2837,282.2889651946454,282.89185989666936,283.4092896966531,569.22876805595,569.3317692863401,569.3317692863401,571.4002698925973,,,,,571.9813412511022
2836,282.13072648613246,282.85878327987734,283.9771732829977,569.4321607745301,570.596391613312,570.596391613312,571.4876267598534,,,,,572.0354062133981
2835,282.09052340334165,282.73429475988337,283.49060475744693,569.3317692863401,571.4939499566668,571.4939499566668,572.2925875633127,,,,,573.0027087057376
2829,281.6230917094241,282.05597607099173,283.18201552389337,568.2956071983963,570.698549373498,570.698549373498,572.5528657872559,,,,,573.1064334562781
2839,282.4777862369868,283.1258468756015,284.21506281874844,571.6695993554654,572.7153884798322,572.7153884798322,572.7251297801192,,,,,573.5291323939607
2838,282.3383631219022,282.96168057900405,284.06618109597326,569.8276876125532,572.6202806626508,572.6202806626508,572.983058474535,,,,,573.7076896801291
2844,283.364481869016,283.4092896966531,284.37549218239707,572.6202806626508,573.5337800633844,573.5337800633844,573.8241465076022,,,,,574.4632540762746
2834,282.04327437940407,282.5036754582545,283.6515254070643,569.4103214624587,572.3631434943184,572.3631434943184,574.2867437168413,,,,,575.155222213042
2841,282.6576155081627,283.18201552389337,284.1253224546281,570.698549373498,571.6695993554654,571.6695993554654,573.2158080228646,,,,,575.3227642371156
2849,283.7681517586292,284.1251691369986,285.0455453999535,574.3323700374854,574.4659221852038,574.4659221852038,574.5742109469622,,,,,575.4428831901394
2846,283.3711033547295,283.6515254070643,284.6448968276289,573.4869795051345,575.126910687376,575.126910687376,575.3252361048217,,,,,576.0780991684086
2847,283.43428852440843,283.9771732829977,284.8959472304624,573.5337800633844,573.5761192830663,573.5761192830663,575.4256175464844,,,,,576.1148071174423
2845,283.3700006881749,283.49060475744693,284.41741836337985,572.7153884798322,573.6512159283534,573.6512159283534,574.9440730908647,,,,,576.3059102264692
2843,282.82234781239464,283.3426361710221,284.2079179858116,571.4939499566668,573.4869795051345,573.4869795051345,574.6607892388002,,,,,576.3484960198373
2851,283.84992667694996,284.2079179858116,285.1865478188507,574.4659221852038,575.012804727602,575.012804727602,575.407111483623,,,,,576.4696981895332
2848,283.67567564047596,284.06618109597326,285.3147245536889,575.012804727602,575.2432202180311,575.2432202180311,575.5443764271425,,,,,576.7222597617571
2850,283.78654410734606,284.1253224546281,284.95592797066934,573.5761192830663,574.9984658670717,574.9984658670717,575.8952380629582,,,,,576.9117238704714
2854,284.17273010788875,284.37549218239707,285.35279352928194,575.126910687376,576.250593578585,576.250593578585,576.3710972499007,,,,,577.0176752953151
2842,282.7878157921333,283.2420084650489,284.31117976250124,572.3631434943184,574.3323700374854,574.3323700374854,575.8550099154334,,,,,577.0302704504746
2840,282.5658655493956,283.1309501908974,284.1251691369986,570.596391613312,575.6525272298263,575.6525272298263,576.1113030398266,,,,,577.6231560019023
2862,284.72778238363514,285.21606030298767,286.2439946811122,576.3502544871857,576.9103734536086,576.9103734536086,577.0245636689548,,,,,577.9214320670625
2856,284.2853577634154,284.6448968276289,285.4625778225855,575.2432202180311,576.124667757045,576.124667757045,577.2074292130603,,,,,578.0212672604188
2865,284.98392615300145,285.4625778225855,286.11713689573315,576.124667757045,576.3502544871857,576.3502544871857,577.2958757679432,,,,,578.0424129951198
2867,285.0495789325119,285.7188268674627,286.5377481438354,576.9405564425368,576.9547789646192,576.9547789646192,577.6630676593871,,,,,578.2536883379513
2859,284.50093458512066,285.0250978454057,285.7188268674627,575.7750827007925,576.9405564425368,576.9405564425368,577.6118583417405,,,,,578.3881022633223
2863,284.73480383705316,285.3147245536889,286.5448627457865,576.9547789646192,577.8198184585726,577.8198184585726,578.0715021353053,,,,,578.762009080008
2868,285.12159285205604,285.89805176647855,286.6654644169161,577.2575966975018,578.2255806274167,578.2255806274167,578.2437523251788,,,,,578.9480379273863
2861,284.54953357658474,285.1865478188507,286.1779698781062,576.250593578585,577.6522759646227,577.6522759646227,578.0983937458841,,,,,578.9699514948625
2866,285.01187902995355,285.5087677340619,286.37109766178054,576.7253481310242,577.2575966975018,577.2575966975018,577.5118837073833,,,,,579.0718515040757
2857,284.3755612316929,284.8959472304624,286.267665681632,576.5616443924008,577.6628842698125,577.6628842698125,578.457358095695,,,,,579.0786248151417
2853,284.1001065665296,284.31117976250124,285.0250978454057,573.6512159283534,576.7253481310242,576.7253481310242,577.5255328753631,,,,,579.1173804048316
2864,284.8892526228465,285.35279352928194,286.5267330012131,576.9103734536086,577.8148026628155,577.8148026628155,578.8679631021413,,,,,579.3857536702494
2873,285.7761204252911,286.267665681632,287.1918555977726,578.2255806274167,578.6655824902838,578.6655824902838,579.2467886293423,,,,,579.7760157489547
2876,286.1440022452837,286.5377481438354,287.48662993271984,578.4339130944445,578.79771500406,578.79771500406,579.0599553429715,,,,,579.7977717561391
2852,283.86715456462247,284.21506281874844,285.21606030298767,574.9984658670717,575.7750827007925,575.7750827007925,578.8950122847348,,,,,580.0051382995728
2878,286.38767670188986,286.6654644169161,287.85340273046205,578.79771500406,579.024116269373,579.024116269373,579.441946736016,,,,,580.0086978523182
2869,285.1797173733048,286.089594016734,286.9974671973103,577.6628842698125,578.5073374744424,578.5073374744424,578.9849654453157,,,,,580.008953389935
2879,286.45911648848306,286.8731929209148,288.05252138545836,579.3774637161542,579.9097815797472,579.9097815797472,579.9485619889484,,,,,580.5571246939667
2875,286.06736047948846,286.5267330012131,287.53519819921786,578.5073374744424,579.2408842984441,579.2408842984441,579.78566273108,,,,,580.5834656124547
2877,286.2569169222905,286.5448627457865,287.37132230005113,578.2962573113746,579.7007213744803,579.7007213744803,579.8569801720428,,,,,580.755565660991
2881,286.5697028654661,287.05456285038616,287.9831256652016,579.1283080621594,579.3774637161542,579.3774637161542,579.4119521010089,,,,,580.9256979553232
2872,285.76248016314395,286.2439946811122,286.8731929209148,577.6522759646227,579.1283080621594,579.1283080621594,579.578170324213,,,,,581.066972964074
2858,284.4499207960066,284.95592797066934,285.89805176647855,575.8444865014933,576.0112580908045,576.0112580908045,576.0176953436104,,,576.0176953436104,581.1461856444429,581.1461856444429
2860,284.5390602307571,285.0455453999535,286.089594016734,576.0112580908045,576.5616443924008,576.5616443924008,577.4239099730703,,,577.4239099730703,581.2480671564193,581.2480671564193
2874,285.945904661374,286.37109766178054,287.1746582028103,577.8198184585726,578.4339130944445,578.4339130944445,580.5141017079839,,,,,581.3466135545633
2882,286.65019464962035,287.1746582028103,288.426564020351,579.7007213744803,580.0992170082711,580.0992170082711,581.006016047614,,,,,581.5636595763434
2886,286.90331324549567,287.53519819921786,288.5995558730062,580.3156959411396,580.4394603918196,580.4394603918196,580.9665232658958,,,,,581.6523743619206
2891,287.31419052894074,288.04285865148756,289.2906860460838,580.8698431058174,580.9203433673384,580.9203433673384,581.0112770610372,,,,,581.9603335584534
2880,286.49662454581136,286.9974671973103,288.04285865148756,579.2408842984441,580.3156959411396,580.3156959411396,580.9162018343399,,,,,581.9709490970462
2890,287.27130879952966,287.9831256652016,289.0980922045467,580.4884567336414,580.8698431058174,580.8698431058174,581.1322872063107,,,,,582.1658773887392
2855,284.17327391648627,284.41741836337985,285.5087677340619,575.6525272298263,575.8444865014933,575.8444865014933,575.8672299684127,,,575.8672299684127,582.2501849634336,582.2501849634336
2883,286.67389575970725,287.1918555977726,287.9436627811371,579.024116269373,580.4580984421257,580.4580984421257,581.4890900709294,,,,,582.973260662085
2889,287.2260765221308,287.9436627811371,289.29807138883865,580.9203433673384,581.5922001566962,581.5922001566962,582.4761107163391,,,,,583.0813126686971
2893,287.57307968683006,288.426564020351,289.4182791911269,581.5922001566962,581.7185176069403,581.7185176069403,582.9340499340071,,,,,583.631205506851
2885,286.8996161198183,287.48662993271984,288.5108694347867,579.9097815797472,580.4884567336414,580.4884567336414,580.8091464794504,,,,,583.7389288428482
2871,285.72304570174566,286.1779698781062,287.7326589715842,578.6655824902838,583.2270434270815,583.2270434270815,583.2617163922772,,,,,584.066830713043
2888,287.0927606563549,287.85340273046205,288.9573850026674,580.4580984421257,580.6691844180059,580.6691844180059,583.4482289510254,,,,,584.2248901550951
2896,287.8862130654972,288.5995558730062,289.53683562690406,581.7185176069403,581.8950932611517,581.8950932611517,583.8102619778483,,,,,584.566617776171
2892,287.38745287630155,288.05252138545836,289.1096310193212,580.6691844180059,582.827146100004,582.827146100004,583.4715670623157,,,,,584.7148096308322
2897,287.9440870573818,288.70899922884234,289.8916803707775,582.827146100004,583.4217377833066,583.4217377833066,583.8372341021094,,,,,585.0286935640535
2884,286.8370672692926,287.37132230005113,288.5131553382455,580.0992170082711,583.726826157334,583.726826157334,584.4745078839775,,,,,585.0393807851748
2870,285.4091955538139,286.11713689573315,287.05456285038616,577.8148026628155,578.2962573113746,578.2962573113746,579.4218258179202,,,579.4218258179202,585.3347199170618,585.3347199170618
2894,287.6200548027014,288.5108694347867,289.3651593297831,581.4719986991471,582.5632315902022,582.5632315902022,582.8034427884194,,,,,585.398878598337
2887,287.07004098978837,287.7326589715842,288.70899922884234,580.4394603918196,581.4719986991471,581.4719986991471,584.9888986832915,,,,,585.5787729916603
2898,287.959237800512,288.9573850026674,289.8418138821975,582.5632315902022,583.0699523740749,583.0699523740749,585.0508946058852,,,,,585.9659823852107
2906,288.70308245867005,289.66174994901274,290.2815345053343,583.726826157334,584.0016298071198,584.0016298071198,584.0941651699264,,,,,586.2858842541983
2895,287.8144347629301,288.5131553382455,289.66174994901274,581.8950932611517,583.8058136607606,583.8058136607606,584.4056807752776,,,,,586.297419626215
2909,288.91962821853537,290.0111227054523,290.99480772781146,584.7537180327787,585.5227547666324,585.5227547666324,585.6910516930755,,,,,586.6131904973633
2902,288.2780450432345,289.29807138883865,290.1867409875011,583.2270434270815,584.7283477486837,584.7283477486837,585.1066252783424,,,,,586.8438771302262
2907,288.7155425637814,289.8418138821975,290.4411333525899,584.1015748441633,585.8786567404103,585.8786567404103,585.9673656164473,,,,,587.0555229026544
2903,288.4092583431614,289.3651593297831,290.45963567890317,584.236974317273,585.4286366852987,585.4286366852987,586.2577630758143,,,,,587.0765452319357
2900,288.1483392870415,289.1096310193212,290.32262169746,583.8058136607606,584.7537180327787,584.7537180327787,586.0306972331736,,,,,587.3153226985143
2901,288.25117674055383,289.2906860460838,290.4660082550022,584.7283477486837,586.4191540060805,586.4191540060805,586.4778583794423,,,,,587.3700262597279
2904,288.48341674165465,289.4182791911269,290.2810399741751,583.4217377833066,584.236974317273,584.236974317273,585.8508279892518,,,,,587.9383325789747
2913,289.4573602562,290.32262169746,291.4370289724966,586.7590691970619,587.2941246054908,587.2941246054908,587.5879828246224,,,,,588.2567973964458
2917,289.9875669469215,290.45963567890317,291.59663826493767,586.8329738154738,586.983248217251,586.983248217251,588.5939891115164,,,,,589.2178126683515
2905,288.52810996571833,289.53683562690406,290.44004523498694,584.0016298071198,584.1015748441633,584.1015748441633,584.4650460436399,,,584.4650460436399,589.2377950158105,589.2377950158105
2911,289.19375461166874,290.2810399741751,291.7260097509531,587.2810231297533,587.3597951896855,587.5095243195262,588.5668730816213,,,,,589.322212133601
2912,289.3911437637578,290.2815345053343,291.6609310919116,586.983248217251,587.462527955874,588.5939891115164,589.3335212729796,,,,,589.8392645947025
2922,290.76752211939004,291.3122261138108,292.2991752851331,587.3597951896855,587.3929519716099,587.5879828246224,588.8457433341641,,,,,589.8546276181725
2918,290.33075758057987,290.4660082550022,291.6866429518734,586.9959058342926,587.4440515207009,588.5668730816213,589.2236204913305,,,,,589.9265623048134
2916,289.8678580652647,290.4526667251119,291.28177358046815,585.5227547666324,586.7590691970619,586.7590691970619,589.0853154381823,,,,,589.986939112732
2908,288.7716858996739,289.8916803707775,290.4526667251119,584.1570440000376,587.2810231297533,587.2810231297533,589.8492085480761,,,,,590.4812020734931
2915,289.5370471510004,290.4411333525899,291.3968758515234,586.4191540060805,586.8329738154738,586.8329738154738,588.9627494061366,,,,,590.6138897254312
2932,291.79920383030515,292.2991752851331,293.1950658689721,587.9672100623897,588.2060681456934,589.4552614348603,589.8077543318885,,,,,590.6479909807465
2920,290.5403932106183,291.26478966598324,292.1298093042867,587.3330896852689,587.6369052314074,588.9627494061366,589.4552614348603,,,,,590.6665054236588
2910,289.0178333595382,290.1867409875011,291.26478966598324,585.4286366852987,587.3330896852689,587.3330896852689,590.1134508859541,,,,,590.7735936334312
2925,291.0429953638399,291.59663826493767,292.6011656557835,587.6369052314074,588.7408429268842,589.8492085480761,590.0042306299341,,,,,590.7755565859596
2933,291.8968753333897,292.3625590750368,293.3306910080233,588.2060681456934,588.7199050356529,589.8077543318885,590.1748494680888,,,,,590.8802089997018
2899,288.10053716697786,289.0980922045467,290.0111227054523,583.0699523740749,584.1570440000376,584.1570440000376,585.7586535799105,,,585.7586535799105,590.9928178706557,590.9928178706557
2914,289.4910255082768,290.44004523498694,291.3122261138108,585.8786567404103,586.9959058342926,586.9959058342926,589.7834063639685,,,,,590.9974661193476
2927,291.19655681604934,291.6866429518734,292.7065730811749,587.8462888896713,589.4768487866367,590.1748494680888,590.3456279666236,,,,,591.1164510507355
2923,290.7743189220162,291.3968758515234,292.5459470734736,587.462527955874,587.9672100623897,589.3335212729796,590.6820762268314,,,,,591.5815364584256
2924,291.0035296049149,291.4370289724966,292.4100918811615,587.4440515207009,587.8462888896713,589.2236204913305,590.0017426128431,,,,,591.6146270306102
2928,291.2628935435998,291.7260097509531,292.6341362111108,587.735171713301,587.8480760501052,589.2377950158105,590.9954784573799,,,,,592.0505492399046
2935,292.05939333285176,292.5459470734736,293.73124727923323,589.4768487866367,589.6390733092877,590.3456279666236,591.5190952787198,,,,,592.1573347332028
2926,291.1272149062356,291.6609310919116,292.3625590750368,587.3929519716099,587.735171713301,589.0853154381823,591.0719148727773,,,,,592.3172687570088
2919,290.3894219664959,290.99480772781146,292.1537659795213,587.3550394280431,589.2821049710152,590.1134508859541,591.6671058045777,,,,,592.3959266711863
2934,291.9305770569696,292.4100918811615,293.4515642881788,588.7199050356529,589.0720358471478,590.0042306299341,590.4904389130779,,,,,592.5256862016874
2936,292.08251630666155,292.6011656557835,293.6349554487275,588.7408429268842,589.0531216545519,590.0017426128431,591.1203386584981,,,,,592.5609641304532
2940,292.42124707931686,293.1950658689721,294.04743460538015,589.6390733092877,590.4469114572979,590.9928178706557,591.7899314702231,,,,,592.6077162291721
2943,292.55750720306156,293.4515642881788,294.49567025896647,590.4469114572979,591.374720377211,591.374720377211,591.7862485824984,,,,,592.616976593905
2931,291.77080219026885,292.1537659795213,293.6572553202484,589.0531216545519,589.8666128455754,590.4904389130779,591.9263863594791,,,,,592.7116279151948
2937,292.1132715562571,292.6341362111108,293.72263085988163,589.2821049710152,590.0530161673256,590.6820762268314,592.1827519298987,,,,,592.7650775373482
2938,292.1566380287197,292.7065730811749,293.7171566559997,589.0720358471478,591.1216865651139,591.1216865651139,592.2950880814109,,,,,592.8331776517244
2946,292.72762276083023,293.7171566559997,294.78298967456817,591.5378813779315,591.6675692475523,591.7899314702231,591.9304367238822,,,,,593.0727785123167
2949,293.1624522039591,294.04743460538015,294.9822534059208,591.6675692475523,591.7708228672612,591.9263863594791,592.1468791444726,,,,,593.2830178601577
2947,292.9517204362679,293.72263085988163,294.88755493525525,591.6538493949296,591.9705065542779,591.9705065542779,592.5255352175918,,,,,593.3446452511714
2939,292.3071736052514,293.01848883396394,294.29454461885166,589.8666128455754,591.6538493949296,591.7862485824984,592.7577656797017,,,,,593.4060239837092
2921,290.6753360969886,291.28177358046815,292.0354195213481,587.2941246054908,587.3550394280431,587.3550394280431,587.5095243195262,,,588.8457433341641,593.8501384991401,593.8501384991401
2929,291.34416191607426,292.0354195213481,293.01848883396394,587.8480760501052,588.6105136819864,589.7834063639685,592.2858845177037,,,,,593.9143366409686
2930,291.4438837032335,292.1298093042867,293.3659249900337,588.6105136819864,591.5291274547732,591.5291274547732,592.8308031488808,,,,,593.9185536572035
2944,292.5907245428275,293.6349554487275,294.5052921930026,591.1216865651139,592.79400521637,592.79400521637,593.6222055602401,,,,,594.1316555188403
2954,293.98604925230387,294.6001866918088,295.3940758439847,591.9705065542779,592.2291845270732,592.2291845270732,593.3109922124213,,,,,594.5721364654286
2958,294.34479878113035,294.88755493525525,296.0088159658616,593.5162405203229,593.9259276514259,593.9259276514259,594.4216951997115,,,,,594.9308726603203
2948,293.11991881078166,293.73124727923323,294.78121383534136,591.5291274547732,593.2716498527045,593.2716498527045,594.6577521795047,,,,,595.1742095063801
2951,293.6194557892336,294.32145512222377,295.4156880629572,592.2291845270732,592.6614777786411,592.6614777786411,594.6279327419028,,,,,595.3458889611794
2962,294.91821873725985,295.4156880629572,296.16453931095225,594.104076135255,594.3087255741166,594.6577521795047,594.8537672929654,,,,,595.6651957169034
2959,294.35362276042616,294.9822534059208,295.8206457846768,593.2716498527045,594.104076135255,594.4216951997115,594.7796429819883,,,,,595.7761155765944
2955,294.0783881388517,294.637032887172,296.14338318143655,593.9327255537561,594.4006529173145,594.996122534673,595.2219255911907,,,,,595.9403565315755
2963,294.99245785904026,295.5481359985835,296.5199229602151,594.3087255741166,594.3404044354871,594.7796429819883,595.1687971205242,,,,,595.962922362292
2961,294.61559909283267,295.3940758439847,296.14842142420304,594.0899800487997,594.3543122751954,594.8537672929654,594.996122534673,,,,,596.2439192191621
2945,292.6900382934772,293.6572553202484,294.637032887172,591.3754280592934,593.9327255537561,593.9327255537561,595.4073347973281,,,,,596.2467960080342
2942,292.5553173017369,293.3659249900337,294.6001866918088,591.374720377211,591.5378813779315,591.6671058045777,594.9113680623386,,,,,596.3336885605619
2952,293.8166809802095,294.49567025896647,295.2612169291888,591.7708228672612,593.5162405203229,593.5162405203229,595.6932175237591,,,,,596.3518514127719
2967,295.27131902439834,295.8206457846768,297.05792286398,594.4006529173145,594.540253027973,595.2219255911907,595.6832624272952,,,,,596.3580226447837
2956,294.2105321519847,294.78121383534136,295.74762329375983,593.1417608563571,594.1792560214902,594.6279327419028,595.802028374027,,,,,596.3843588619127
2950,293.5049914260207,294.29454461885166,295.5481359985835,592.6614777786411,594.0899800487997,594.0899800487997,596.1301105170118,,,,,596.7032798622118
2964,295.041022550705,295.6283189742867,296.87149422281936,594.3543122751954,594.4204967900054,595.1687971205242,596.5648184502128,,,,,597.0759570550441
2969,295.7084720715463,296.0851562066509,297.19514892596845,594.4204967900054,595.017616529713,595.6932175237591,596.4979798270847,,,,,597.224078218481
2953,293.97054711170483,294.5052921930026,295.6283189742867,592.79400521637,592.8991761819849,592.8991761819849,596.4270136000953,,,,,597.2365201512932
2970,295.9775117467373,296.14338318143655,297.0391666369658,594.3688981923498,596.4068155073353,596.4068155073353,596.6321900936347,,,,,597.2987643934529
2973,296.40049704942794,296.44174178443944,297.5143859353279,595.017616529713,595.3858043544534,595.792922750423,596.5597958901889,,,,,597.3678068868423
2966,295.26053675463726,295.74762329375983,296.44174178443944,594.1792560214902,594.3688981923498,594.9113680623386,596.4650239366707,,,,,597.4327064236219
2971,296.22748112513517,296.22748112513517,297.7051594155406,595.7594651844006,596.9009983078726,596.9009983078726,596.9111521455466,,,,,598.0684269322967
2968,295.572122480591,296.0088159658616,297.20170438174125,594.540253027973,594.8039727405251,595.6832624272952,597.5903432117036,,,,,598.2553397295445
2941,292.4637961732017,293.3306910080233,294.32145512222377,590.0530161673256,591.3754280592934,591.3754280592934,595.792922750423,,,,,598.330347091703
2960,294.54993076215214,295.2612169291888,296.0851562066509,593.9259276514259,595.7594651844006,595.802028374027,596.3466585916642,,,,,598.3405684485996
2965,295.08271432101964,295.7432833968811,296.60836815304293,594.3404044354871,594.6111001942675,595.4073347973281,597.3521852494873,,,,,598.3558774549743
2979,296.8474815957062,297.19514892596845,298.1753809003864,596.9009983078726,597.1053587112835,597.1053587112835,597.2903614748014,,,,,598.8412400296197
2975,296.67988010502387,296.67988010502387,297.9671891858257,596.4068155073353,597.216517811057,597.216517811057,598.0105223656169,,,,,598.9470370976312
2980,297.02967475654407,297.20170438174125,298.11856297124734,596.8940947434186,597.4392329139587,597.4392329139587,597.6827625268288,,,,,598.958838787737
2957,294.23737124921865,294.78298967456817,295.7432833968811,592.8991761819849,593.1417608563571,593.1417608563571,593.5139039013555,,,593.5139039013555,599.0581968893586,599.0581968893586
2974,296.4793335589573,296.5199229602151,297.30864717203724,594.6111001942675,596.7317582335628,596.7317582335628,597.9133024277621,,,,,599.1408416104337
2985,297.2847930327804,297.7051594155406,299.1169654126869,598.1508595551628,598.1527436271577,598.1527436271577,598.6866986866959,,,,,599.395829900604
2976,296.76241624109053,296.87149422281936,297.52527802246254,595.3858043544534,598.5703786393411,598.5703786393411,598.66545517917,,,,,599.4263666919132
2986,297.3290693526348,297.9671891858257,298.88075731743413,597.9148202538364,598.1508595551628,598.1508595551628,598.7756831907635,,,,,599.6327132759541
2978,296.8138997995231,297.05792286398,298.1105464303645,596.7317582335628,596.8940947434186,596.8940947434186,597.9221599136889,,,,,599.8382481414224
2991,297.82917809722744,298.32806950305974,298.8960304043171,597.9821693782776,599.472896992445,599.472896992445,599.5055809849424,,,,,600.1254894993345
2977,296.7626546732755,297.0391666369658,298.24144808712447,597.1053587112835,598.1527088058557,598.1527088058557,599.4345081828998,,,,,600.396274242458
2972,296.3008546190571,296.3008546190571,297.39994698673576,594.8039727405251,597.8014815020267,597.8014815020267,599.7404321556287,,,,,600.4480800469644
2995,298.00102915750745,298.88075731743413,299.83979356534815,599.3601912974912,599.5259576836058,599.5259576836058,600.0082906024053,,,,,600.8869799176358
3001,298.75634824236175,299.4390669243207,299.8963169713963,599.5259576836058,599.5815176601265,599.5815176601265,600.3904316404994,,,,,600.9432304967476
2981,297.04221783845327,297.30864717203724,298.32806950305974,597.216517811057,597.3713601349348,597.3713601349348,598.5606705283946,,,,,601.0568873102225
2993,297.8935895198403,298.75012566892985,299.85314772823574,599.472896992445,599.5398160041124,599.5398160041124,600.1267236766264,,,,,601.1448117902835
2994,297.93394233174524,298.8359986306424,299.7526382405278,599.1900753215442,599.6263886776732,599.6263886776732,600.5468638756935,,,,,601.2114612953346
3000,298.6913872009416,299.3050459324019,300.25440302753236,599.5815176601265,600.07934885821,600.07934885821,600.8350221803719,,,,,601.3621759000433
2989,297.6066509772437,298.1753809003864,299.28541995543645,598.1527088058557,598.3923349076822,598.3923349076822,600.8033253366366,,,,,601.390548220421
2983,297.233857615133,297.5143859353279,298.75012566892985,597.4392329139587,597.9821693782776,597.9821693782776,600.6949680822507,,,,,601.5398365335055
2987,297.33086296226753,298.1105464303645,299.3050459324019,598.3923349076822,599.1900753215442,599.1900753215442,600.7663208867846,,,,,601.5580846404223
2990,297.64771838537354,298.24144808712447,299.285804207359,598.1527436271577,599.3601912974912,599.3601912974912,599.5809471767468,,,,,602.0642015754269
2982,297.10674066722277,297.39994698673576,298.8359986306424,597.8014815020267,597.9148202538364,597.9148202538364,600.598818201244,,,,,602.3911697524916
2988,297.3783274571406,298.11856297124734,299.5764576152687,598.912983676074,602.1939272349456,602.1939272349456,602.2088349276589,,,,,602.7206933715584
2998,298.4339029285315,299.28541995543645,300.3774902076039,600.07934885821,601.016794903124,601.016794903124,601.404464456392,,,,,602.7400328945473
2996,298.0567819759104,298.8960304043171,300.13224598697053,599.5398160041124,600.5338583222525,600.5338583222525,602.366429266181,,,,,603.1364697486285
2992,297.85637197769654,298.3615189686279,299.4390669243207,598.5703786393411,598.912983676074,598.912983676074,602.9214982367654,,,,,603.5001817481257
3002,298.76626485796874,299.5764576152687,300.9622100553343,601.7815608263513,602.1747853417071,602.1747853417071,603.0552808264407,,,,,603.6902639914863
2999,298.4717779109653,299.285804207359,300.4276539833652,600.5338583222525,602.6380957676248,602.6380957676248,603.020133656439,,,,,604.449982633414
3008,299.0151941145703,300.25440302753236,301.1261427931,602.465984572519,602.87908306237,602.87908306237,603.5882794815153,,,,,604.78077063774
3003,298.7738085292884,299.7526382405278,300.78456017597836,601.016794903124,601.7815608263513,601.7815608263513,603.4664332386981,,,,,605.0091952730858
3012,299.3590500825422,300.7174914956579,301.55616109513807,602.980959762511,603.8290581581675,603.8290581581675,604.1734878630748,,,,,605.0155240922545
3016,299.5611608604819,301.0120726641674,302.211289433098,604.2306779080515,604.5868459145669,604.5868459145669,604.8284335551016,,,,,605.3321534609895
3015,299.4413038285316,300.99648876940995,302.20133210409733,603.8290581581675,604.3237595389606,604.3237595389606,604.7026827055431,,,,,605.3425555002856
3005,298.8524466285295,299.85314772823574,301.0120726641674,602.1939272349456,603.2903747227905,603.2903747227905,604.5429783998577,,,,,605.3792527193164
2997,298.29986571720127,299.1169654126869,300.2561642630468,599.6263886776732,602.465984572519,602.465984572519,602.4892531351737,,,602.4892531351737,605.4500467494364,605.4500467494364
3006,298.88621845632423,299.8963169713963,300.7174914956579,600.5872344199918,603.8858398416783,603.8858398416783,604.0067957221548,,,,,605.4726933235967
3009,299.11613016218075,300.2561642630468,301.17015826058906,602.6380957676248,602.9022553359803,602.9022553359803,603.7663399801892,,,,,605.8394041572732
3007,298.9284693576474,300.13224598697053,301.20771541759564,602.87908306237,603.3191986497684,603.3191986497684,603.857765760249,,,,,606.0982450901112
3018,299.7668484423805,301.17015826058906,302.26730143180697,604.4048580517557,604.6686492665816,604.6686492665816,605.430893000364,,,,,606.1628065584414
3011,299.26407897105713,300.4276539833652,301.4746294975119,602.9022553359803,602.980959762511,602.980959762511,603.9386158729808,,,,,606.3279503978528
3022,300.0213892607559,301.5881763824533,302.2250712558139,604.2524237615604,604.9301693973656,604.981178146942,605.4966616156328,,,,,606.3986161764386
3004,298.78175924494633,299.83979356534815,300.99648876940995,602.1747853417071,604.4048580517557,604.4048580517557,605.2979865675454,,,,,606.4426952941034
3013,299.38598014714216,300.78456017597836,301.91575960807467,603.3191986497684,604.2524237615604,604.2524237615604,605.7567613630039,,,,,606.4700411690098
3019,299.79621088731955,301.20771541759564,302.22768249257564,604.3237595389606,604.7907127143382,604.8284335551016,605.6462230482662,,,,,606.527488473539
3020,299.91745047296047,301.4746294975119,302.6817560085609,604.6686492665816,604.9688687433951,605.2979865675454,605.9157815288645,,,,,606.6673029441451
2984,297.2766222996811,297.52527802246254,298.3615189686279,597.3713601349348,600.5872344199918,600.5872344199918,605.6246015288849,,,,,606.7450220007265
3030,300.45749815729056,302.26730143180697,303.00005344652686,604.7907127143382,605.0438120335443,605.4500467494364,605.599664703186,,,,,607.3698346958518
3026,300.2747799307387,302.2045399368645,302.89473988842144,604.7399448456171,605.6989282352766,605.6989282352766,606.2007186232241,,,,,607.3864234334884
3029,300.39243098632323,302.22768249257564,303.18291197990953,604.9688687433951,606.1828795789684,606.1828795789684,606.662390062822,,,,,607.3989187550735
3028,300.3529077090228,302.2250712558139,303.3903476019219,605.6989282352766,606.2018183483724,606.2018183483724,606.2585317078759,,,,,607.4419465282793
3025,300.2422356530247,302.20133210409733,303.1701585508441,604.9301693973656,605.224921655421,605.4966616156328,606.8768599015552,,,,,607.4822677641268
3024,300.2132248838708,302.1538177957528,303.3267811689494,605.224921655421,605.4997858781185,605.599664703186,607.2233509256246,,,,,607.9351880299093
3032,300.58145967252256,302.6817560085609,303.78189937627036,606.2018183483724,606.445817490587,606.445817490587,607.4751591845142,,,,,608.1536616187532
3031,300.52805287212277,302.65616361164285,303.7848574384468,606.445817490587,607.3873212376658,607.3873212376658,607.6591614706807,,,,,608.4172748722607
3033,300.6622316358709,302.7218334003408,303.34420087697566,605.4997858781185,606.8894104795818,606.8894104795818,607.9948209565687,,,,,608.7809785943734
3037,300.93114515037007,303.18291197990953,304.105095755835,606.8894104795818,607.2584825846726,607.2584825846726,607.9302797394548,,,,,609.2227365305118
3035,300.89077329903233,303.00005344652686,304.1594700250975,607.2584825846726,607.3291770430428,607.3291770430428,608.2972463740058,,,,,609.228967504825
3027,300.2970884426824,302.211289433098,303.3140071437023,605.0438120335443,605.8299966575737,605.8299966575737,607.4828275559627,,,,,609.239259122636
3017,299.62603308202654,301.1261427931,302.2045399368645,603.8858398416783,604.2306779080515,604.2306779080515,604.5556315009269,,,604.5556315009269,609.5164971956904,609.5164971956904
3021,299.95957115516194,301.55616109513807,302.65616361164285,604.5868459145669,608.8150475252132,608.8150475252132,609.0054820240676,,,,,609.6779256207876
3023,300.16683650029637,301.91575960807467,302.7218334003408,604.7319074527811,604.7399448456171,604.7399448456171,609.3398165391667,,,,,609.9270096433816
3034,300.66287406328416,302.89473988842144,303.62376376139815,605.8299966575737,607.7208779693065,607.7208779693065,608.7957476574796,,,,,609.9585803492886
3010,299.201484205065,300.3774902076039,301.5881763824533,603.2903747227905,603.3791318766081,603.3791318766081,604.981178146942,,,605.430893000364,610.2094582762344,610.2094582762344
3045,301.7196222484458,303.7848574384468,304.94845195436886,609.1367930575352,609.3158731540888,609.3158731540888,610.0127225984658,,,,,610.5229067991537
3040,301.271432212636,303.34420087697566,304.22764591614134,607.3873212376658,608.461487452137,608.461487452137,610.0614105667169,,,,,610.7733774510541
3038,301.05932889245,303.3140071437023,304.4624282256698,607.9671208038931,609.6864599141638,609.6864599141638,610.3677499152162,,,,,610.9232304059101
3046,301.72109014823616,304.105095755835,305.01805021514383,609.3158731540888,610.228605475473,610.228605475473,610.7203611550831,,,,,611.3984605044619
3052,302.2728624140436,304.49800753861103,305.27700555406494,609.6864599141638,609.7364696651762,609.9771100949197,610.3406696358995,,,,,611.4903903220842
3048,301.9354373634165,304.21071824024983,304.9002950382781,608.6075005762411,609.4234183638505,609.4234183638505,610.6694254785929,,,,,611.663143321996
3042,301.3665806329555,303.62376376139815,304.6145092333111,608.461487452137,608.6075005762411,608.6075005762411,610.7794300472357,,,,,611.7552796811084
3044,301.47777483312535,303.78189937627036,304.9479740736351,608.8150475252132,610.2318363942962,610.3406696358995,611.6097291463,,,,,612.1920939931908
3047,301.84244383876563,304.1594700250975,305.13731935840025,609.4234183638505,610.1826914063314,610.1826914063314,611.8085854495812,,,,,612.3213656143522
3039,301.1531446564825,303.3267811689494,304.2934724721501,607.7208779693065,610.4688417606121,610.6694254785929,611.856170999282,,,,,612.358145234981
3054,302.5510119386977,304.9002950382781,306.1220393876529,610.5153698876169,610.8243718476083,611.6124644785828,611.7734095178558,,,,,612.404840211378
3043,301.43359429357315,303.7818637148608,304.49800753861103,608.2795271462295,609.1367930575352,609.1367930575352,611.9794577174897,,,,,612.4966511882509
3049,302.10591776944153,304.22764591614134,305.6014983126562,610.228605475473,610.5684879032207,611.6097291463,611.6700310313142,,,,,612.5482196230085
3014,299.42730028985255,300.9622100553343,302.1538177957528,603.3791318766081,604.7319074527811,604.7319074527811,608.4789867308892,,,608.4789867308892,612.6699466847812,612.6699466847812
3050,302.19045427143016,304.2934724721501,305.31396107425564,609.7364696651762,610.423936099964,610.423936099964,611.7587187072987,,,,,612.8136373083073
3057,303.0238014355861,305.01805021514383,305.87019236461106,610.4688417606121,611.4426872460552,611.7734095178558,612.5665250790898,,,,,613.0823527554743
3053,302.4812641775566,304.6145092333111,305.8198413385693,610.2318363942962,611.123241948827,611.7587187072987,611.9769073359176,,,,,613.1297747195257
3056,303.00156418168086,304.94845195436886,305.8838449851155,610.4963783977169,610.5153698876169,610.7794300472357,611.6124644785828,,,,,613.1516295488618
3060,303.1628729611,305.31396107425564,306.2422281350383,610.5684879032207,611.699019545282,611.856170999282,612.3991530119583,,,,,613.1976012040009
3041,301.3295111984274,303.3903476019219,304.21071824024983,607.3291770430428,607.9671208038931,607.9671208038931,609.0695821621993,,,609.0695821621993,613.577184048899,613.577184048899
3063,303.2671990904898,305.8198413385693,306.5423288680571,611.123241948827,611.485056469599,611.8085854495812,612.200480545126,,,,,613.8677004517278
3059,303.0892681499831,305.27700555406494,306.3052280336491,610.8243718476083,611.0999676931297,611.6700310313142,613.2248640634405,,,,,613.8738760851173
3058,303.0336591147215,305.13731935840025,306.33127043493903,611.0999676931297,611.7997940657725,611.9769073359176,612.5978899557322,,,,,614.0725423668335
3067,303.52102280357985,306.1220393876529,306.9116752698684,611.7997940657725,611.8055313657828,611.9794577174897,613.5118749597032,,,,,614.139762655658
3036,300.9261274388683,303.1701585508441,303.7818637148608,606.1828795789684,608.2795271462295,608.2795271462295,609.9771100949197,,,610.0127225984658,614.529783971582,614.529783971582
3051,302.2313290173881,304.4624282256698,305.40889081055144,610.1826914063314,610.4963783977169,610.7203611550831,614.1445962231376,,,,,614.7677455833535
3073,304.1231355601582,306.64741156001793,307.622921184742,614.7037825095664,614.7772946494654,614.7772946494654,614.8280446763276,,,,,615.4621963649029
3055,303.0003582853463,304.9479740736351,305.8325564180423,610.423936099964,614.2689087882089,614.2689087882089,614.9011300533598,,,,,615.6042094948837
3071,304.0138868118476,306.5423288680571,307.3046239687294,614.400694441707,615.2663978042614,615.2663978042614,615.4036325912114,,,,,616.0835367398469
3072,304.07644318134544,306.5553417824423,307.6791556511497,614.7772946494654,615.3789447678649,615.3789447678649,615.5952100050421,,,,,616.1554469626308
3062,303.2653814991302,305.6014983126562,306.5553417824423,611.4426872460552,614.4111862192465,614.4111862192465,615.0937555232628,,,,,616.1954567474761
3066,303.41982069694825,305.8838449851155,306.86350284434417,611.699019545282,614.400694441707,614.400694441707,615.5883188061962,,,,,616.5730185237154
3064,303.3950440967868,305.8325564180423,307.4004635870203,614.4111862192465,614.7037825095664,614.7037825095664,615.3946452211477,,,,,616.6260751993321
3068,303.5700398551496,306.2422281350383,307.125745623452,612.7739238392395,613.9743019740705,613.9743019740705,616.1947874411802,,,,,616.7908468548359
3065,303.39616074779565,305.87019236461106,306.9173447288726,611.8055313657828,612.7739238392395,612.7739238392395,616.3458317676246,,,,,616.9913824167849
3075,304.15945793289666,306.9116752698684,307.9931308129245,615.3789447678649,616.0348116603053,616.0348116603053,616.695054320954,,,,,617.5211998980818
3069,303.6992179790564,306.3052280336491,307.15110492754485,613.9743019740705,615.0561996172963,615.0561996172963,616.7850403742651,,,,,617.6109939344528
3083,304.8166716730532,307.6791556511497,308.4745006710633,617.2125179893474,617.5622286154777,617.5622286154777,617.5935948304526,,,,,618.1171847158195
3070,303.78829835324944,306.33127043493903,307.30132805849354,614.2689087882089,616.870720370344,616.870720370344,617.797488196356,,,,,618.6011984951118
3077,304.3345941406079,307.125745623452,308.1901072511564,616.0667233760374,617.2125179893474,617.2125179893474,617.5410918104026,,,,,618.7456426050088
3061,303.1910209680378,305.40889081055144,306.64741156001793,611.485056469599,618.363098236335,618.363098236335,618.7343924318857,,,,,619.262090195829
3084,304.83167129593426,307.8924757868293,308.5170164153885,617.5622286154777,618.017823322996,618.017823322996,618.2856492274072,,,,,619.4133718603512
3076,304.2522062513279,306.9173447288726,308.14594682242284,616.0348116603053,616.0667233760374,616.0667233760374,618.6069275742101,,,,,619.4834584960823
3087,305.09229071919,308.14594682242284,308.9646127848659,618.894953245905,619.4287987696503,619.4287987696503,619.4669140843131,,,,,619.9865461067708
3082,304.5702886366158,307.622921184742,308.381127923878,616.8716526153537,617.3669704083927,617.3669704083927,619.4287918957075,,,,,620.3370596550253
3079,304.44484128513255,307.30132805849354,308.62431821542197,618.017823322996,618.9745920924939,618.9745920924939,619.6747611948405,,,,,620.5399003968183
3086,304.9480393235976,307.9931308129245,309.19094170432777,618.9745920924939,619.0455798739167,619.0455798739167,619.8275629079851,,,,,620.8023151452142
3074,304.1559096052542,306.86350284434417,307.9251759646926,615.2663978042614,620.1475754598526,620.1475754598526,620.5413954638236,,,,,621.2969141611716
3090,305.3619975498394,308.381127923878,309.2780905278537,619.0455798739167,619.748692107309,619.748692107309,620.0795399907292,,,,,621.3231606585734
3094,305.8400576821274,308.62431821542197,309.34087010740393,619.5017170987809,620.0468719538575,620.0468719538575,620.5269745728256,,,,,621.4329399461058
3078,304.4080346596087,307.15110492754485,307.8924757868293,615.0561996172963,618.894953245905,618.894953245905,620.2269966916803,,,,,621.7595027192394
3081,304.5578528887676,307.4004635870203,308.3610597752381,616.870720370344,616.8716526153537,616.8716526153537,620.3406409322506,,,,,621.8330382098153
3088,305.3066077630998,308.1901072511564,308.96217248188424,618.363098236335,620.4168645525978,620.4168645525978,621.8592050947125,,,,,622.3687702502766
3096,305.9282438762345,308.9646127848659,310.1632839733861,620.6079312714654,621.6725451213939,621.6725451213939,622.2641822731705,,,,,622.7769589715597
3089,305.3557140241605,308.3610597752381,309.3664140833418,619.5565181527854,620.6079312714654,620.6079312714654,620.8102869915267,,,,,623.0711600815697
3092,305.7919264019635,308.5053287574677,309.5928826168777,620.1475754598526,620.2131012105276,620.2131012105276,620.2446043211955,,,,,623.0827841714765
3080,304.5454974718162,307.3046239687294,308.5053287574677,617.3669704083927,619.5565181527854,619.5565181527854,621.7080193641834,,,,,623.2479143865124
3098,306.0785248765248,309.2780905278537,310.1038786801453,620.4168645525978,620.9006936879737,620.9006936879737,622.7317423005171,,,,,623.5991861773125
3104,306.7335081341089,309.5928826168777,310.4710812577048,621.8961448465558,622.1401937113382,622.1401937113382,622.6431323031275,,,,,623.7415605622759
3093,305.7972780914224,308.5170164153885,309.47299408254054,620.0468719538575,621.401036587553,621.401036587553,622.5596885346844,,,,,623.8521881004799
3102,306.4647835136813,309.3900789883234,310.57379496899455,622.1401937113382,622.2567714197739,622.2567714197739,623.0471396963479,,,,,623.8571432278674
3085,304.9067175969504,307.9251759646926,309.31569703884634,619.4287987696503,619.5017170987809,619.5017170987809,621.7921104441183,,,,,623.9936364003992
3099,306.17631225317604,309.31569703884634,310.2671421308502,621.003174810807,622.9833974440082,622.9833974440082,623.4904708670607,,,,,624.2748809301133
3097,306.0156362510313,309.19094170432777,310.16661746216437,620.9006936879737,621.003174810807,621.003174810807,622.9491105327837,,,,,624.3963095044884
3110,307.0626873843441,310.3602935162645,311.05556671214595,622.304269734401,623.555862674302,623.555862674302,624.0867135393689,,,,,625.0037064313092
3103,306.60793249241596,309.47299408254054,310.447214740194,621.6725451213939,622.304269734401,622.304269734401,624.1853267501292,,,,,625.307292953577
3100,306.3677408807028,309.34087010740393,310.3602935162645,621.401036587553,621.5676750636769,621.5676750636769,622.9080162137892,,,622.9080162137892,625.343399251953,625.343399251953
3109,307.0313253654234,310.2671421308502,311.1634118280921,623.4457493946182,624.0532171498323,624.0532171498323,624.8664641508813,,,,,625.4375555624348
3091,305.62895975040897,308.4745006710633,309.3900789883234,619.748692107309,624.0430939739451,624.0430939739451,624.2252744465549,,,,,625.4768102924511
3101,306.3722123177121,309.3664140833418,310.4209384329645,621.5676750636769,623.4457493946182,623.4457493946182,623.9528291551298,,,,,625.7368368306225
3105,306.7918367235797,309.94669113154526,311.25371320858363,623.555862674302,624.6583674527144,624.6583674527144,625.3050128217388,,,,,625.8444585376152
3112,307.22792430817907,310.447214740194,311.36297297623287,624.0430939739451,624.1472025801608,624.1472025801608,624.6978921228681,,,,,625.8721295543714
3095,305.911400308211,308.96217248188424,309.94669113154526,620.2131012105276,621.8961448465558,621.8961448465558,625.3307160781155,,,,,625.8902086794403
3113,307.60717810496044,310.4710812577048,311.44055478621783,624.0532171498323,624.3838060379758,624.3838060379758,625.3717169373548,,,,,626.004772703616
3108,306.9669932917054,310.16661746216437,311.13684548258334,622.4729432004488,624.5496703513626,624.5496703513626,626.0874694701665,,,,,626.5956371669547
3122,308.94043280629097,311.44055478621783,312.1507237005416,625.4727053278948,626.2213158866084,626.2213158866084,626.7290147312358,,,,,627.3369253774117
3114,307.8239581757186,310.57379496899455,311.784772232197,624.3838060379758,624.7281284820018,624.7281284820018,626.7916464119529,,,,,627.3591376655344
3106,306.8812626744551,310.1038786801453,311.0149633293421,622.2567714197739,622.4729432004488,622.4729432004488,622.622559042296,,,622.622559042296,627.5579114986451,627.5579114986451
3119,308.66392116379666,311.1634118280921,312.0207186596001,624.7281284820018,625.1893290822555,625.1893290822555,625.6685372577981,,,,,627.8071173709772
3118,308.5120965816361,311.15249141057683,312.0873277826258,625.1893290822555,625.7399180692313,625.7399180692313,626.9194237071724,,,,,628.1909178241641
3126,309.2281755459718,311.86317422302886,312.4597049224213,626.4908673071307,626.5859647793965,626.5859647793965,627.1332167608198,,,,,628.2101279203769
3125,309.11705948940454,311.8091310496965,312.732291055537,627.1848092331004,627.6262377637103,627.6262377637103,627.7150848298197,,,,,628.2750810186252
3116,308.2321059808374,311.05556671214595,311.86317422302886,624.6583674527144,626.8676521818295,626.8676521818295,626.9046150245297,,,,,628.3806854128732
3132,310.161448323462,312.4597049224213,313.17675967578367,627.8331101800147,627.8773046048912,627.8773046048912,628.0664799751456,,,,,628.604828030688
3115,307.9546661809966,311.0149633293421,311.8091310496965,624.5496703513626,625.4727053278948,625.4727053278948,627.9105164644739,,,,,628.7173277484596
3128,309.44289434464355,312.0873277826258,312.8034675296256,627.6262377637103,627.6414194684542,627.6414194684542,627.6451770249528,,,,,628.8311011045856
3120,308.8308846621636,311.25371320858363,312.2354432300477,625.7399180692313,626.4908673071307,626.4908673071307,628.2829224951438,,,,,628.8578260068167
3134,310.2266657726189,312.64798690161064,313.4047673862284,628.1025062684395,628.1075585780382,628.1075585780382,628.4344193224036,,,,,629.0900229153216
3130,309.8791309449056,312.2354432300477,313.20520583174806,627.8773046048912,628.1025062684395,628.1025062684395,628.3564720684216,,,,,629.2404369025122
3121,308.8707526486762,311.36297297623287,312.8136353031608,627.6414194684542,628.3763931021494,628.3763931021494,628.6954426023524,,,,,629.5031687740137
3129,309.77843121920955,312.1507237005416,312.80337977573924,627.3893985728089,627.7033102928899,627.7033102928899,628.1453293044689,,,,,629.5311391834617
3127,309.31533063933307,312.0207186596001,313.07143967277557,627.7033102928899,628.4647512307677,628.4647512307677,628.8571197806573,,,,,629.5325921212484
3107,306.90500319107014,310.1632839733861,311.15249141057683,622.9833974440082,627.8331101800147,627.8331101800147,628.0472945028483,,,,,629.77887432365
3137,310.5352877345211,312.8034675296256,313.73500725473156,628.4647512307677,629.1702969380134,629.1702969380134,629.2464913552884,,,,,629.840099649813
3123,308.97479452165186,311.6473569300612,312.5125107942404,626.5859647793965,628.2584891254365,628.2584891254365,628.7037727272271,,,,,629.9964277170167
3139,310.6873045290552,313.07143967277557,313.75243396098,629.1702969380134,629.900737579833,629.900737579833,629.9906333904887,,,,,630.5536978970404
3117,308.3761215760578,311.13684548258334,312.2943835454192,626.2213158866084,627.3893985728089,627.3893985728089,629.0021635868254,,,,,630.5883110759883
3145,311.0233901650929,313.7016220981376,314.22320084029855,629.942597380183,630.4797637490378,630.4797637490378,630.5593469634555,,,,,631.3601336520187
3136,310.42245687212437,312.80337977573924,313.7016220981376,628.3763931021494,629.2675036581076,629.2675036581076,629.3904887715127,,,,,631.5767932558009
3138,310.59948788291126,312.8136353031608,313.8152974026285,629.2675036581076,629.942597380183,629.942597380183,630.598564061956,,,,,631.7583271395264
3148,311.3987215613634,313.8152974026285,314.5602548094051,630.136571199606,630.513647941787,630.513647941787,630.8232630352813,,,,,631.810230176648
3142,310.8295917460699,313.4047673862284,314.3598026700732,630.052300531265,631.3014285216371,631.3014285216371,631.4868047560808,,,,,631.9913941196473
3147,311.07491438824604,313.75243396098,314.849232438675,630.9068680850371,631.2028029526325,631.2028029526325,631.3037539875208,,,,,632.0323825555478
3140,310.70181239177896,313.17675967578367,314.1022923838459,629.900737579833,630.9068680850371,630.9068680850371,631.4292679450907,,,,,632.0469208835774
3144,311.0031750296212,313.63486278838604,314.83319873032656,630.513647941787,630.6517513085068,630.6517513085068,631.4592446278837,,,,,632.0826013881044
3141,310.7019919137867,313.20520583174806,313.92791377297976,629.638564322145,630.052300531265,630.052300531265,631.5941820856716,,,,,632.197065622654
3146,311.0430773348049,313.73500725473156,314.7818480995489,630.4797637490378,631.1612260592022,631.1612260592022,631.1831594395053,,,,,632.241676863069
3153,312.2005159481758,314.3598026700732,315.2923496552741,631.3316068716656,631.470071707098,631.470071707098,631.642717983877,,,,,632.395408283477
3133,310.22185702148295,312.5125107942404,313.6310693080284,628.1075585780382,629.638564322145,629.638564322145,631.879685534741,,,,,632.4017208719215
3124,308.9783643519459,311.784772232197,312.64798690161064,626.8676521818295,629.5212945673037,629.5212945673037,630.1242180822406,,,,,632.4308805023277
3143,310.94398930932425,313.6310693080284,314.8637968473201,631.1612260592022,631.3316068716656,631.3316068716656,632.2569606786149,,,,,632.8491254865706
3161,313.03814642284914,315.10749778628025,315.8395180715874,632.0559007829613,632.1743646301388,632.1743646301388,632.6534188097136,,,,,633.3637479620173
3111,307.1356610295005,310.4209384329645,311.6473569300612,624.1472025801608,627.1848092331004,627.1848092331004,631.164008021142,,,,,633.6810415049567
3154,312.2719481385284,314.5602548094051,315.72116514456354,631.8830409667679,632.0559007829613,632.0559007829613,632.9872231506607,,,,,633.8027472619721
3135,310.2624798043499,312.732291055537,313.86785505050267,629.5212945673037,630.136571199606,630.136571199606,633.3415355268654,,,,,633.8880645671092
3152,312.07218760018714,314.22320084029855,315.52844985874145,631.5833609200158,633.0176661776628,633.0176661776628,633.3351415649654,,,,,634.0980275561059
3160,313.0113595828853,314.9784211612278,316.34688253973167,632.5763471792642,632.8522116849433,632.8522116849433,633.5700669031422,,,,,634.3251760300534
3131,310.0771410653347,312.2943835454192,313.63486278838604,628.2584891254365,632.5763471792642,632.5763471792642,632.828968005772,,,,,634.3575061051193
3158,312.8532114168717,314.849232438675,315.59443963641735,631.6923344920972,633.6660297532891,633.6660297532891,633.9666342003903,,,,,634.5115541169774
3151,312.0192418347462,314.1022923838459,315.10749778628025,631.3014285216371,632.0317428360054,632.0317428360054,633.9781323156699,,,,,634.734581423112
3150,311.57868075172917,313.92791377297976,314.83916387248587,630.6517513085068,631.8830409667679,631.8830409667679,633.7049738846238,,,,,634.944186186359
3162,313.1589991247637,315.2923496552741,316.6691566258664,633.755227063069,633.9051646267033,633.9051646267033,634.396234344512,,,,,634.9704317012078
3155,312.35413866724036,314.7818480995489,315.7923327005333,632.0317428360054,632.3800755075542,632.3800755075542,633.0884123341384,,,,,635.2777162909595
3149,311.55045847449315,313.86785505050267,314.9784211612278,631.2028029526325,631.6923344920972,631.6923344920972,634.4532253425228,,,,,635.2820083585462
3157,312.79602910993566,314.83916387248587,315.35289480829454,631.470071707098,631.5833609200158,631.5833609200158,634.8230656107547,,,,,635.3788578735389
3168,313.7641106126937,315.8395180715874,316.56041009743285,633.300729614161,633.755227063069,633.755227063069,634.9458906846879,,,,,635.8126548994668
3156,312.3978483413063,314.83319873032656,316.03886968569554,632.3800755075542,633.300729614161,633.300729614161,635.1138731145145,,,,,636.1129134756546
3172,314.06175839913476,316.42399177298586,317.1558555565572,635.1817695845606,635.2601047103796,635.2601047103796,635.6716620586365,,,,,636.2921030271809
3174,314.2094482670727,316.56041009743285,317.59721764332016,635.451662565448,635.5510882987393,635.5510882987393,635.743312065753,,,,,636.4693343278051
3163,313.16055450045593,315.35289480829454,316.6917145898712,633.9051646267033,634.7047177684589,634.7047177684589,634.8961193497418,,,,,636.6012227939183
3177,314.83756336443423,316.6917145898712,317.70855506790684,635.5510882987393,635.7188389399242,635.7188389399242,636.0224444029842,,,,,636.7668692955393
3167,313.755316458214,315.7923327005333,316.69814411970646,634.7047177684589,634.8884568503747,634.8884568503747,635.2915988188975,,,,,637.4174390465848
3164,313.17900109698576,315.52844985874145,316.6453855984936,633.6660297532891,635.3409006719494,635.3409006719494,636.3204319553213,,,,,637.5038560203909
3182,315.33099204454936,317.17697800885816,318.1974683889816,636.2303197220509,637.3420726355682,637.3420726355682,637.4714105097389,,,,,637.9856267078293
3159,312.93933737665344,314.8637968473201,315.8405485299753,632.1743646301388,635.4647969809109,635.4647969809109,635.9036901539511,,,,,638.0163599344063
3173,314.1941575021672,316.51350755680653,317.5182892620956,635.3409006719494,635.451662565448,635.451662565448,637.1098261274277,,,,,638.0290775309294
3166,313.3723847477366,315.72116514456354,316.42399177298586,632.8522116849433,634.8826615386411,634.8826615386411,637.0127633054826,,,,,638.1665071594228
3175,314.59105319682436,316.6453855984936,317.71976508547823,635.6892230220875,636.2303197220509,636.2303197220509,637.3092023078246,,,,,638.373848397918
3180,315.0780794035952,316.86880493034033,317.74442530045764,635.7188389399242,637.1461551982716,637.1461551982716,637.7312836151882,,,,,638.4362472287197
3176,314.81217710728157,316.6691566258664,317.64650150628074,635.4647969809109,636.327304140364,636.327304140364,637.6790276710834,,,,,638.4907019863224
3169,313.9396500176134,315.8405485299753,316.8398258333505,634.8826615386411,635.5075983996028,635.5075983996028,637.878437378767,,,,,638.6637169109405
3178,314.86217057729704,316.69814411970646,317.70524029181126,635.5075983996028,635.6892230220875,635.6892230220875,638.1581887911268,,,,,638.6940654168386
3183,315.38275963760486,317.5182892620956,318.5285109686657,636.327304140364,637.4498130226075,637.4498130226075,638.2821441843873,,,,,638.8767700410318
3188,315.74685242376285,317.71976508547823,318.77478874400447,638.3341180199832,638.385627040114,638.385627040114,638.3857160919026,,,,,639.0772492432317
3179,315.0694591754251,316.8398258333505,318.09686660766437,635.8188353251556,636.8630276250368,636.8630276250368,637.2939191185982,,,,,639.3412594395103
3190,315.9597204367421,318.09686660766437,319.089113986032,638.385627040114,638.6684479689499,638.6684479689499,638.7099771839454,,,,,639.496368256151
3165,313.2441270605361,315.59443963641735,316.51350755680653,633.0176661776628,635.1817695845606,635.1817695845606,636.8159571058262,,,,,639.5176516412598
3191,315.98599325757993,318.1974683889816,319.28780415206614,638.5115127091847,638.6297108681521,638.6297108681521,638.9576627286744,,,,,639.5310805038087
3184,315.4470924054457,317.59721764332016,318.546078415229,637.3420726355682,637.8847036416846,637.8847036416846,638.885526002814,,,,,639.6026194412125
3189,315.94268567377947,317.74442530045764,318.7160504612497,637.8847036416846,638.5549026666355,638.5549026666355,639.1349011048335,,,,,639.763072089154
3170,313.9434732425705,316.03886968569554,316.86880493034033,634.8884568503747,635.8188353251556,635.8188353251556,638.405551589527,,,,,639.7991652884944
3186,315.7215929833167,317.70524029181126,318.52872508768047,636.8630276250368,638.5115127091847,638.5115127091847,639.0328906541223,,,,,639.8403617689022
3171,313.9585060797842,316.34688253973167,317.17697800885816,635.2601047103796,636.287670951767,636.287670951767,638.0335704127044,,,,,640.0330901879611
3192,316.0141173183629,318.24141683152885,319.12716169919827,638.415044795958,638.6371388805367,638.6371388805367,639.3887284028121,,,,,640.2458822725172
3196,316.1122940262553,318.546078415229,319.60882259140027,638.6371388805367,638.6486589817138,638.6486589817138,639.3451560578534,,,,,640.4353639702557
3185,315.6092638706018,317.64650150628074,318.53103233881285,637.1461551982716,638.3341180199832,638.3341180199832,640.1251339181351,,,,,641.1776784970442
3199,316.4000174461895,318.77478874400447,319.78231347190376,638.9117541035151,639.4929425101133,639.4929425101133,640.4571619392045,,,,,641.2070831400083
3195,316.0716104580761,318.53103233881285,319.67292515326176,638.6486589817138,638.9117541035151,638.9117541035151,639.0569618921702,,,,,641.2775558316561
3197,316.1313440743949,318.6410571474861,319.4940986090661,638.5549026666355,639.1813613665136,639.1813613665136,640.5957306752796,,,,,641.3079254107608
3209,316.92473109335447,319.78231347190376,320.8050436490906,640.3087386745325,640.3692015538578,640.3692015538578,640.8754066383145,,,,,641.591273021792
3187,315.74586134604516,317.70855506790684,318.6410571474861,637.4498130226075,638.415044795958,638.415044795958,640.2374408351326,,,,,641.7063752540857
3204,316.6697754325953,319.5634886916241,320.6597928141049,640.156489360363,640.7346837962598,640.7346837962598,640.968842196165,,,,,641.8517625157729
3181,315.1350339039156,317.1558555565572,318.24141683152885,636.287670951767,641.0171609241123,641.0171609241123,641.0335547010916,,,,,641.8847258044057
3201,316.41678601243933,319.12716169919827,320.2291916468511,639.7536791477357,639.8630194564117,639.8630194564117,639.986050892535,,,,,641.936720694727
3198,316.2043565031933,318.7160504612497,319.69341225248417,638.6684479689499,639.7536791477357,639.7536791477357,641.5330236175434,,,,,642.1925000864927
3194,316.0518091064939,318.52872508768047,319.5634886916241,638.6297108681521,638.8453367832304,638.8453367832304,641.3160137849022,,,,,642.3235288700075
3202,316.5108077226487,319.28780415206614,320.12494486058944,639.4929425101133,640.156489360363,640.156489360363,641.8584884885868,,,,,642.8716180831627
3207,316.87694438842374,319.69341225248417,320.81644013260615,640.3692015538578,641.4749004543414,641.4749004543414,642.0603785255331,,,,,642.892484559523
3213,317.18390730625663,320.2739269891892,320.98264306673633,641.1965020169572,642.3333644282986,642.3333644282986,642.3556300351147,,,,,643.0179001787045
3203,316.52057474076304,319.4940986090661,320.50799108325117,639.8630194564117,641.7628295792066,641.7628295792066,642.4419507691697,,,,,643.0314815039544
3206,316.7310582226973,319.67292515326176,320.2739269891892,639.7720982679318,640.3087386745325,640.3087386745325,642.268979809949,,,,,643.1848840500741
3193,316.0275957639174,318.5285109686657,319.733886651046,638.8453367832304,640.9885142810033,640.9885142810033,642.4616224457205,,,,,643.20525549089
3200,316.4079029196857,319.089113986032,320.0091631718038,639.1813613665136,639.7720982679318,639.7720982679318,640.4753320942773,,,,,643.5497025605313
3216,317.3074149398085,320.8050436490906,321.5685323351356,641.6613390503667,643.0740615569529,643.0740615569529,643.0982831787923,,,,,643.6551220944538
3218,317.36234462059394,320.8245620675415,321.6807411545796,641.7824438871432,642.4611571817505,642.4611571817505,643.1998412069992,,,,,643.718402737973
3217,317.3420810756939,320.81644013260615,322.0624519663544,642.5135305736896,642.7478909242168,642.7478909242168,642.7997058181306,,,,,643.8608798918597
3210,317.0714175340112,320.0091631718038,321.1621181902489,641.4749004543414,641.5388519649728,641.5388519649728,642.2237830256181,,,,,644.2499009276655
3214,317.21711692817877,320.50799108325117,321.1889509660182,641.5388519649728,641.7824438871432,641.7824438871432,643.585916919373,,,,,644.2597875609954
3223,317.80617958506946,321.1889509660182,322.004833746582,642.4611571817505,642.5207765317605,642.5207765317605,642.6110252566393,,,,,644.3111499343131
3220,317.6997298934157,320.9823679389122,321.8304709321912,642.3333644282986,643.4566126216222,643.4566126216222,643.6043826642283,,,,,644.3256317390495
3208,316.88755249781764,319.733886651046,320.8343190398292,640.9885142810033,641.1965020169572,641.1965020169572,642.5722895924878,,,,,644.7673496917645
3219,317.43970573000166,320.8343190398292,321.5977209430854,641.7628295792066,642.2599923839336,642.2599923839336,644.1433726194757,,,,,644.8456939183276
3222,317.77598360921684,321.1621181902489,322.2801921526811,642.8376189834157,643.7593007052828,643.7593007052828,644.4599777232996,,,,,644.9949299939824
3221,317.7202460679311,320.98264306673633,322.2093629670493,642.5207765317605,642.9120420997116,642.9120420997116,644.0492896256466,,,,,645.0246630120263
3228,318.21612081711874,321.8073443413009,322.66692671535355,643.3695767988169,643.9317061957963,643.9317061957963,644.1812790355708,,,,,645.4475549508189
3224,317.8535492220984,321.4061782360104,322.2686986436681,642.7478909242168,642.8376189834157,642.8376189834157,644.9245134073182,,,,,645.494246670512
3211,317.08220297554584,320.12494486058944,321.4061782360104,641.6325670930739,644.0477602961631,644.0477602961631,644.3770344884118,,,,,645.5769873733975
3231,318.63122620589127,322.0624519663544,323.030534535606,644.0477602961631,644.1569976463786,644.1569976463786,644.5385954947762,,,,,645.869404608824
3215,317.25417979725376,320.6597928141049,321.8073443413009,642.2599923839336,642.5135305736896,642.5135305736896,645.14104699883,,,,,645.8897661850114
3226,318.151165387749,321.5977209430854,322.66125464574407,643.0740615569529,643.3695767988169,643.3695767988169,645.2922947092192,,,,,645.9689777991441
3233,318.7554267644493,322.2686986436681,323.25771363472046,644.7436342411578,645.29758036471,645.29758036471,645.4491005980649,,,,,645.9885892661309
3236,319.12944191207947,322.66125464574407,323.50123549672946,644.9124139574725,645.6073266576965,645.6073266576965,645.6957715054657,,,,,646.3452975921361
3232,318.71774285075315,322.2093629670493,323.2681948598648,644.8775384979416,644.9124139574725,644.9124139574725,645.4910300593529,,,,,646.4438318444527
3212,317.142648464366,320.2291916468511,320.9823679389122,641.0171609241123,641.6613390503667,641.6613390503667,645.4963576928393,,,,,646.6156267364441
3239,319.21998837461194,322.9629656589621,323.94876718090046,645.6073266576965,645.8815791538885,645.8815791538885,646.1930052493284,,,,,647.7402511962961
3225,318.1496720693008,321.5685323351356,322.6916648919447,643.4566126216222,644.8775384979416,644.8775384979416,647.2739806220371,,,,,647.8256086832474
3234,318.88201424343356,322.2801921526811,323.0105792977685,643.9317061957963,645.3385185840161,645.3385185840161,647.1393289421774,,,,,647.9243091240176
3238,319.1746095618582,322.6916648919447,323.9611809120697,645.719203446566,646.1329843484567,646.1329843484567,647.3728868384861,,,,,647.9817315971045
3244,319.57334415338306,323.2681948598648,324.1951127918651,646.1329843484567,646.3881108441899,646.3881108441899,647.4031991730548,,,,,648.0724982288175
3205,316.69889759725464,319.60882259140027,320.8245620675415,640.7346837962598,641.6325670930739,641.6325670930739,642.4337896275873,,,642.4337896275873,648.122460917583,648.122460917583
3235,318.8940860322137,322.5997111288352,323.57594920039463,645.29758036471,645.719203446566,645.719203446566,646.1779086056654,,,,,648.6059996427435
3242,319.3812704097304,323.13248045950155,324.21816513421976,646.3881108441899,647.3965617009944,647.3965617009944,648.3333852197899,,,,,648.9209414505577
3248,320.37886297491195,323.94876718090046,324.8927725269039,647.8637218545593,648.0342939573783,648.0342939573783,648.4366056034548,,,,,649.0060902952274
3245,319.82248234448633,323.50123549672946,324.471955069792,647.3965617009944,648.4671264719149,648.4671264719149,648.5034653347359,,,,,649.0652896751592
3230,318.6049114522367,322.004833746582,323.13248045950155,644.1569976463786,644.7436342411578,644.7436342411578,647.3029065177734,,,,,649.1603655736947
3229,318.31599872152754,321.8304709321912,322.9629656589621,643.7593007052828,646.6876707436579,646.6876707436579,648.1122664415308,,,,,649.1660996812977
3253,320.81883144070076,324.2393941598258,325.12009633202797,648.0342939573783,648.4344661483312,648.4344661483312,648.5219905958838,,,,,649.4440089962774
3237,319.1362412949571,322.66692671535355,323.76984461379953,645.3385185840161,647.4059368308497,647.4059368308497,647.9569924218938,,,,,649.5033818600639
3240,319.2515615758123,323.0105792977685,324.2393941598258,646.6876707436579,647.0240275098773,647.0240275098773,647.6649600973319,,,,,649.5233645034662
3241,319.2830916917013,323.030534535606,324.1128142436208,645.8815791538885,647.6203543407585,647.6203543407585,648.5677076070995,,,,,650.6558962100283
3255,320.8757468965467,324.471955069792,325.4355206935232,648.9317572502449,649.5814758768696,649.5814758768696,649.9963558945137,,,,,651.0717075120965
3256,320.89542689170446,324.4829124272213,325.72919527500306,650.2216386845723,650.7105248292078,650.7105248292078,650.9878110446473,,,,,651.6952556711952
3254,320.85133491288525,324.30664455559304,324.88799086256074,647.6203543407585,650.2216386845723,650.2216386845723,650.3666285385269,,,,,651.9036001406362
3247,320.3072298234092,323.76984461379953,324.4829124272213,647.4059368308497,647.8637218545593,647.8637218545593,648.7878129435785,,,,,651.9090654067811
3258,321.13309479707516,324.88799086256074,325.51217978334176,649.5814758768696,649.7703064810544,649.7703064810544,649.9259990910714,,,,,652.1340851761368
3246,320.103336588394,323.57594920039463,324.4989364929769,647.569836987615,648.2551376817139,648.2551376817139,651.2280382677749,,,,,652.1440303433674
3250,320.644289910678,324.1128142436208,325.1730254949947,648.4344661483312,651.022860605289,651.022860605289,651.263282288129,,,,,652.1515001148681
3251,320.65305671458634,324.1951127918651,325.3106943922507,648.4671264719149,648.9317572502449,648.9317572502449,651.6991026095194,,,,,652.3104998103288
3227,318.18633967418646,321.6807411545796,322.5997111288352,642.9120420997116,648.8588062788541,648.8588062788541,650.1680544876302,,,,,652.31694147368
3262,321.48416020933985,325.1730254949947,326.1043147557446,650.9659252353302,651.1454318960889,651.1454318960889,651.3827488760198,,,,,652.3821847916745
3252,320.81559333402316,324.21816513421976,325.1217120617313,648.2551376817139,650.9659252353302,650.9659252353302,651.7035445898296,,,,,652.629830098557
3249,320.64294747147557,323.9611809120697,325.3376198002329,648.8588062788541,651.2657495980842,651.2657495980842,652.1413228302099,,,,,653.0300271850374
3243,319.40824805995584,323.25771363472046,324.30664455559304,647.0240275098773,647.569836987615,647.569836987615,652.6051183647633,,,,,653.1856310200125
3261,321.4284312841678,325.1217120617313,326.23310806785463,651.022860605289,651.0275261313952,651.0275261313952,651.407173292772,,,,,653.3774166309227
3269,322.0501269667649,325.8101288740474,326.52547917144176,651.2657495980842,652.2948664834388,652.2948664834388,652.8135036750195,,,,,653.4174274181731
3265,321.68305319275214,325.4355206935232,326.5736082444219,652.2948664834388,653.5102141800209,653.5102141800209,653.7332923906712,,,,,654.2603592021715
3259,321.21644982440824,324.8927725269039,325.8101288740474,650.7105248292078,652.1767233090779,652.1767233090779,653.4151070566029,,,,,654.6210921463029
3264,321.56644890375054,325.3376198002329,326.47509202644613,651.1454318960889,652.5097436496924,652.5097436496924,652.8827230134475,,,,,654.8209460272906
3267,321.8584916079539,325.6726523308019,326.56891089149485,652.1767233090779,652.8757928216455,652.8757928216455,654.3636661673595,,,,,655.1009512372955
3263,321.5359743865369,325.3106943922507,326.539010304041,651.8109138865409,653.7779903257982,653.7779903257982,654.7098905095618,,,,,655.2602828977791
3257,321.0561881630812,324.4989364929769,325.6726523308019,649.7703064810544,654.1461692036632,654.1461692036632,654.5693195382122,,,,,655.2705408557192
3277,322.3705216988366,326.5736082444219,327.4650118746645,654.1461692036632,654.7319318278136,654.7319318278136,654.7527801048076,,,,,655.2930326889805
3266,321.71449471763793,325.51217978334176,326.7585840637153,652.5097436496924,652.8441917812169,652.8441917812169,654.5792586410296,,,,,655.5754947817862
3276,322.3391369417448,326.56891089149485,327.63574997339674,654.4564868069153,654.7761066500935,654.7761066500935,654.8453892430491,,,,,655.7349106073405
3273,322.2118383023688,326.47509202644613,327.40806186300824,654.0434471384073,654.1410876267074,654.1410876267074,655.0265399278882,,,,,655.8687701551188
3278,322.37175542748514,326.7585840637153,328.0038669216822,654.7630022219275,655.1472877153977,655.1472877153977,655.2913163541951,,,,,656.0213753238837
3286,322.8345156041997,327.5869699420115,328.418259899357,655.1472877153977,655.3211159150496,655.3211159150496,655.3290542310856,,,,,656.4358826959366
3279,322.38278449888855,326.8065704542143,327.74901369279,654.7319318278136,655.8800954864905,655.8800954864905,656.0039480357891,,,,,656.5306200060497
3280,322.6096284182107,327.0153026369624,328.1067212056167,654.7761066500935,655.3335994569511,655.3335994569511,655.6511724343322,,,,,656.6115277162182
3285,322.7951782622925,327.4650118746645,328.5512478364479,655.3936920054921,655.7577181325072,655.7577181325072,655.9224537043916,,,,,656.69576347911
3271,322.12303545865603,326.23310806785463,327.0153026369624,652.8757928216455,654.0434471384073,654.0434471384073,654.9656621666563,,,,,656.9397222274689
3281,322.64464326565366,327.08189917159245,328.0803110855701,654.7714696217512,656.0079899686674,656.0079899686674,656.544458401133,,,,,657.140222993051
3289,323.3042483024013,328.0038669216822,328.9430800425598,656.0638766040308,656.3732744164327,656.3732744164327,656.5196433651539,,,,,657.3428232911116
3292,323.59647639213756,328.418259899357,328.9238611678881,656.0184763033648,656.5825501366596,656.5825501366596,656.6375948564324,,,,,657.3807641147949
3288,323.0459710911225,327.74901369279,328.83530101267144,656.0079899686674,656.0638766040308,656.0638766040308,656.9311602172489,,,,,657.4970088018063
3282,322.6637513021869,327.2072779719939,328.5033368253973,655.3335994569511,656.816418047384,656.816418047384,656.8718392062823,,,,,657.6407098999174
3296,323.953415412877,328.72175510327725,329.60615771896386,657.0397510485672,657.0447038853663,657.0447038853663,657.363523368573,,,,,657.9494517827749
3287,322.8669212121423,327.63574997339674,328.76108467910956,655.8800954864905,656.0184763033648,656.0184763033648,656.979939901903,,,,,658.0287048137645
3283,322.6672381547703,327.40806186300824,328.45988886190923,655.3211159150496,655.3936920054921,655.3936920054921,657.5587404802744,,,,,658.0743863881182
3270,322.090534089809,326.1043147557446,327.08189917159245,653.5102141800209,654.4564868069153,654.4564868069153,657.4803951223347,,,,,658.1820433233376
3260,321.3473231707032,325.12009633202797,326.2538059335596,651.0275261313952,651.8109138865409,651.8109138865409,656.6350440586352,,,,,658.2420276911172
3295,323.92338532768764,328.5512478364479,329.71391542691936,657.1248847655202,657.1291318811889,657.363523368573,657.6336441457144,,,,,658.2459861162837
3298,324.3808878435508,328.83530101267144,330.11312024269336,657.1291318811889,657.5854508947857,657.6336441457144,657.901916294597,,,,,658.4775414075464
3274,322.27864735137473,326.52547917144176,327.5869699420115,654.2211073397937,656.9216750197298,656.9216750197298,657.7867393208079,,,,,658.954207707699
3284,322.73964219237166,327.42483127657994,328.72175510327725,655.7577181325072,657.104301913101,657.104301913101,657.9599841276782,,,,,659.0094516934192
3272,322.1315433469809,326.2538059335596,327.42483127657994,654.1410876267074,654.7630022219275,654.7630022219275,654.830218706921,,,654.830218706921,659.1952400891633,659.1952400891633
3300,324.41698032684997,328.9430800425598,329.69613616969184,657.104301913101,658.6026975711648,658.6026975711648,658.8065233080058,,,,,659.3576843562672
3294,323.8176224139805,328.5033368253973,329.26829318903606,656.816418047384,657.0397510485672,657.0397510485672,658.1996912295753,,,,,659.5300031834149
3303,324.5000360720045,329.26829318903606,330.4124685541807,658.1044891698477,658.6270891780632,658.6270891780632,658.86863348818,,,,,659.6875526814227
3302,324.45947088997775,329.261491503324,330.19293527140076,657.290181001373,657.7463472607724,657.7867393208079,658.2718672281467,,,,,659.7246353397887
3305,324.77051172378003,329.60615771896386,330.6427020255206,658.6746660083472,659.233415029497,659.233415029497,659.6365789747505,,,,,660.1489358151055
3308,325.05488221437594,329.71391542691936,330.52164317508726,658.6026975711648,658.6746660083472,658.6746660083472,659.5205927945418,,,,,660.3562327654009
3293,323.67265950083475,328.45988886190923,329.67310522015663,657.0447038853663,657.1248847655202,657.1248847655202,658.4316178100684,,,,,660.5934279706332
3307,324.9355733307462,329.69613616969184,330.47647422607827,658.467282602733,659.7058505045301,659.7058505045301,659.7346314036379,,,,,660.594124816628
3275,322.28869520239584,326.539010304041,327.2072779719939,653.7779903257982,654.7714696217512,654.7714696217512,656.506079377382,,,656.506079377382,660.7364636495056,660.7364636495056
3301,324.4189306531844,329.1536652532173,330.12242351413875,657.2457737900163,658.1044891698477,658.1044891698477,659.6403940428104,,,,,660.878874339935
3291,323.58047964806383,328.1067212056167,329.1536652532173,656.3732744164327,659.9841590483072,659.9841590483072,660.2843185260865,,,,,661.0619918607214
3311,325.28871699942596,330.19293527140076,331.20661986166044,659.36762193587,660.17346276987,660.17346276987,660.4088872691827,,,,,661.4434302640656
3306,324.8346358854554,329.67310522015663,330.57885774223445,658.6270891780632,659.7121729281765,659.7121729281765,659.8780663859756,,,,,661.6207548359763
3290,323.32804026256093,328.0803110855701,329.261491503324,656.5825501366596,657.290181001373,657.5587404802744,661.1676943535039,,,,,661.8144767256655
3268,321.9747225003319,325.72919527500306,326.8065704542143,652.8441917812169,654.2211073397937,654.2211073397937,654.3844618811319,,,654.3844618811319,661.9361055119862,661.9361055119862
3318,325.5586998581797,330.6427020255206,331.81474808950327,661.1751256969408,661.4394771770266,661.4394771770266,661.4986306141489,,,,,662.211128662857
3310,325.1340113459967,330.12242351413875,331.0777129393565,659.233415029497,659.36762193587,659.36762193587,660.0326489323628,,,,,662.2329426597516
3299,324.406252037967,328.9238611678881,330.39539675958076,657.7463472607724,660.7979287537496,660.7979287537496,661.8828423940522,,,,,662.4480457512533
3315,325.43360032618034,330.47647422607827,331.5640169627551,660.17346276987,660.9825799144967,660.9825799144967,661.509311561195,,,,,662.4559209939705
3316,325.4748149518631,330.52164317508726,331.52383777447005,659.9841590483072,661.1751256969408,661.1751256969408,661.2889273383954,,,,,662.6565645950051
3314,325.426724563292,330.4124685541807,331.2902180128074,659.7058505045301,661.679908561812,661.679908561812,662.016042177133,,,,,663.0639788698923
3320,325.6217182882452,331.20661986166044,332.42448056680973,661.4394771770266,661.7729924391288,661.8828423940522,661.939573622208,,,,,663.2184150750784
3313,325.3349966978572,330.39539675958076,331.6243199782865,660.7979287537496,661.4681409429461,661.4681409429461,662.7470394207903,,,,,663.250192884837
3319,325.5596910753526,331.0777129393565,331.72619769096735,660.9825799144967,661.7435058949828,661.7629310551655,662.1099702925635,,,,,663.2730976830593
3312,325.2919018103508,330.34233004324,331.5224589378296,659.7121729281765,660.7220006969931,660.7220006969931,661.3333948352669,,,,,663.376960020369
3321,325.6309376965417,331.2902180128074,332.134625123536,661.1908346109623,661.2603291621217,661.2603291621217,662.5340292777796,,,,,663.6007896335262
3323,325.77839545721923,331.52383777447005,332.29736697862165,661.2603291621217,661.6315715350684,661.6315715350684,662.0044602205218,,,,,663.6104215021566
3317,325.5410118656149,330.57885774223445,331.7249598517618,660.8341892600818,661.1908346109623,661.1908346109623,661.7629310551655,,,,,663.6878531744183
3326,325.9480170858987,331.6243199782865,332.63787584366867,661.679908561812,662.32670871521,662.32670871521,662.5369653668903,,,,,663.7404142288985
3330,326.0743767047199,332.134625123536,333.0564362199432,662.3074658399363,662.5995968585298,662.5995968585298,663.1336062792993,,,,,663.8183312084957
3309,325.07831863369654,330.11312024269336,331.57211346866296,660.7220006969931,660.8341892600818,660.8341892600818,662.6440693706126,,,,,664.2176861114882
3304,324.6835755421815,329.55999504534594,330.34233004324,657.5854508947857,658.467282602733,658.467282602733,659.630329920617,,,659.630329920617,664.4262071236889,664.4262071236889
3325,325.894769857832,331.57211346866296,332.6767748596194,661.7435058949828,661.9222311974694,661.9361055119862,663.4700041752235,,,,,664.4487921491683
3327,326.0239674021935,331.7249598517618,332.8713509185871,662.1796235547514,663.6716848214083,663.6716848214083,663.6851005127022,,,,,664.5557704018423
3328,326.040340656308,331.72619769096735,332.67761148015893,661.7729924391288,662.1796235547514,662.1796235547514,662.2600872876908,,,,,664.5674218060225
3322,325.6708458621132,331.5224589378296,332.546045372508,661.6315715350684,662.3074658399363,662.3074658399363,663.19004335817,,,,,664.5848237006976
3332,326.1031878701861,332.42448056680973,333.5319175840643,662.6257311117232,664.367874316995,664.367874316995,664.4877620289976,,,,,665.3020985014867
3329,326.0647571903485,331.81474808950327,332.6791837593804,661.9222311974694,663.1182334935141,663.1182334935141,664.5327207941643,,,,,665.7556369281959
3334,326.2625144241458,332.546045372508,333.4200420009258,662.4676847995012,662.6257311117232,662.6257311117232,664.8894378644101,,,,,665.804475859872
3297,324.19060448319806,328.76108467910956,329.55999504534594,656.9216750197298,657.2457737900163,657.4803951223347,659.8143388589059,,,659.8143388589059,666.1315099613287,666.1315099613287
3324,325.8426715938822,331.5640169627551,332.52518740271165,661.4681409429461,664.4505901921228,664.4505901921228,666.095939767379,,,,,666.6920961247506
3337,326.37074205649327,332.67761148015893,333.85072716233134,664.6834365940335,665.0704069871526,665.0704069871526,665.3409974926147,,,,,666.8917451085881
3338,326.41045340484783,332.6791837593804,333.651005682862,663.6716848214083,664.6834365940335,664.6834365940335,665.5710054624483,,,,,667.0589540109645
3340,326.5168422428333,333.0564362199432,333.6684357428737,663.9598254860534,664.8809013799887,664.8809013799887,665.6870608331941,,,,,667.3124264210101
3339,326.4690461126071,332.8713509185871,333.72372844203926,664.367874316995,664.7264843574019,664.7264843574019,666.8024015618365,,,,,667.5334774251694
3342,326.76757452093324,333.4200420009258,334.26083100557946,665.0704069871526,665.8502327081534,665.8502327081534,666.0876016514914,,,,,667.6954539287509
3345,326.8422353079686,333.60833011615665,334.52548432355485,665.8502327081534,665.918605295992,665.918605295992,667.0781372075438,,,,,667.6954933446516
3335,326.31881850798663,332.63787584366867,333.441244435915,662.5995968585298,663.9598254860534,663.9598254860534,665.0543832459396,,,,,667.8049680651134
3349,327.002427537189,333.82522585797955,334.6566857894919,666.2644560649223,666.8369669862407,666.8369669862407,667.0279193664785,,,,,667.932091296981
3331,326.09724628149064,332.29736697862165,333.0708720947781,662.32670871521,662.4676847995012,662.4676847995012,663.0344231779658,,,663.0344231779658,668.0472394855007,668.0472394855007
3351,327.0606657873865,333.92841160333387,335.05840385972016,666.6831537402339,666.9806778055854,666.9806778055854,667.3548135573848,,,,,668.1604670481636
3346,326.90387036582,333.651005682862,334.88256590729264,666.5896400424805,667.1881509806664,667.1881509806664,667.8792973722832,,,,,668.4076917608755
3348,326.99641582097127,333.72372844203926,334.72186349347635,666.3486519383454,666.6831537402339,666.6831537402339,667.8646395729745,,,,,668.6600561380835
3333,326.1824518834832,332.52518740271165,333.82522585797955,664.4505901921228,666.2644560649223,666.2644560649223,667.9750219517537,,,,,668.6797096639668
3343,326.7693321108768,333.441244435915,334.25216301504236,664.8809013799887,667.1288672079943,667.1288672079943,667.6381819228224,,,,,668.7155993150324
3341,326.60786238474225,333.0708720947781,333.92841160333387,664.7264843574019,667.2318842227327,667.3548135573848,667.9817588888023,,,,,668.8933231788528
3361,328.17055769496386,335.05840385972016,335.9761260012396,667.5635800261709,667.8928259140465,667.9817588888023,668.0153314493057,,,,,669.1631437496285
3354,327.46673001614636,334.4902451148989,335.59406430269513,667.3326705149453,667.5969903889143,667.9750219517537,668.6132167063495,,,,,669.2492341665555
3350,327.02043957874076,333.85072716233134,334.6470715009354,665.918605295992,666.3471205819072,666.3471205819072,668.7231867019727,,,,,669.2517002142423
3358,327.7222486148712,334.7063692845705,335.20470273777346,666.8369669862407,668.3955633033991,668.6132167063495,668.7779454281609,,,,,669.3802361446479
3363,328.24153660527384,335.22892684244283,336.4166341517557,668.2399211500575,668.4236814579712,668.7231867019727,668.7506910784317,,,,,669.3916131045054
3366,328.85540164159084,335.5417828535837,336.5548058816813,668.3955633033991,668.4917689350808,668.7779454281609,668.816349595186,,,,,669.4478958468675
3344,326.8096411275535,333.5319175840643,334.7063692845705,666.3471205819072,666.5896400424805,666.5896400424805,668.9518498017949,,,,,669.517191551165
3367,328.8679717975061,335.574027614521,336.6528295929362,668.4917689350808,668.7841877588852,668.7937286689519,669.0752047937104,,,,,669.6292951170309
3360,328.06075807122113,334.88256590729264,335.66951867493185,667.3923327097601,667.5635800261709,667.9031511487265,667.982972155548,,,,,669.660380777618
3336,326.3457397204789,332.6767748596194,333.60833011615665,663.1182334935141,665.2361404297161,665.2361404297161,668.8179751653544,,,,,669.6936934261929
3347,326.95151683857057,333.6684357428737,334.4902451148989,665.2361404297161,666.3486519383454,666.3486519383454,669.1539355005078,,,,,669.7426156140845
3353,327.3513180311889,334.26083100557946,335.45818281406457,667.1881509806664,667.2525329961841,667.6381819228224,667.7385102245518,,,,,670.1118689827155
3362,328.1887279710271,335.20470273777346,336.03785798686545,667.5969903889143,668.0027396538784,668.0472394855007,668.7937286689519,,,,,670.3309521150754
3365,328.5105664531773,335.45818281406457,336.32544800525665,668.0027396538784,669.1379449112602,669.1379449112602,669.7523831740485,,,,,670.3547301566499
3371,329.08438361251376,335.9761260012396,337.0036233307836,668.7841877588852,669.7391856598374,669.7391856598374,670.1570768226076,,,,,670.7069192650392
3364,328.2667784665364,335.34394400669163,336.0727499903261,667.8928259140465,667.9887372861868,668.0153314493057,668.4154330062092,,,,,670.8246243283355
3368,328.90164612521363,335.59406430269513,336.4351330100471,668.2842366940712,669.5145289846677,669.5145289846677,669.9930380355272,,,,,670.8256376109981
3370,329.0129941620188,335.7022042788915,336.1254163884404,667.9887372861868,668.2842366940712,668.4784974145908,670.3740281265304,,,,,670.9816930074993
3352,327.33107388718855,334.25216301504236,335.22892684244283,666.9806778055854,668.2399211500575,668.4154330062092,670.352870308998,,,,,671.1260917159527
3372,329.1561751315057,336.03785798686545,337.02344098521047,669.1379449112602,669.5999106449825,669.5999106449825,670.1599823056258,,,,,671.1375384543301
3381,329.7647523117867,337.0036233307836,337.75095633530987,670.2165614617161,670.3699387963717,670.3699387963717,670.460782911571,,,,,671.2295879273565
3359,327.86926871967574,334.72186349347635,335.574027614521,667.2525329961841,667.3923327097601,667.8646395729745,667.9031511487265,,,667.982972155548,671.8276219192213,671.8276219192213
3377,329.52532112803897,336.4351330100471,337.2831402118936,669.5145289846677,670.0521927920646,670.0521927920646,671.4077188231591,,,,,672.0388130607187
3357,327.7047555804558,334.6566857894919,335.5417828535837,667.2318842227327,667.4723774521439,667.8792973722832,669.2789464498593,,,669.2789464498593,672.0493097595526,672.0493097595526
3356,327.5691974925499,334.6470715009354,335.7022042788915,667.4723774521439,668.9957559269753,668.9957559269753,670.6901183049728,,,,,672.2114468774256
3375,329.4034615679455,336.32544800525665,337.51897841256255,669.5999106449825,670.6284847320662,670.6284847320662,670.9648054497083,,,,,672.4282857494884
3387,330.14630839325315,337.5717259408366,338.40773937765357,670.6901348033452,670.884670509926,670.9648054497083,670.9660059037128,,,,,672.5802719121738
3374,329.40217238598757,336.1254163884404,337.5717259408366,669.8016848132481,671.5968850924024,671.5968850924024,671.9611413845032,,,,,672.6485945990912
3382,329.79008325809224,337.0132382352771,337.7720499789225,670.3699387963717,670.4488607813765,670.4488607813765,671.6000579145236,,,,,672.7247953049085
3369,328.98980782122146,335.66951867493185,336.6182927969104,668.4236814579712,670.2165614617161,670.2165614617161,671.2581644416306,,,,,672.9420590854382
3379,329.6643299960915,336.6182927969104,337.6305779445626,670.0521927920646,670.1312540840993,670.1570768226076,670.6212613458314,,,,,673.031888780833
3395,331.0336894261377,338.40773937765357,339.3243979081729,671.9313595447853,672.1641190709322,672.1641190709322,672.1932812202589,,,,,673.3517776850721
3373,329.20364800024635,336.0727499903261,337.0132382352771,668.9957559269753,670.5418283969495,670.5418283969495,671.3439549508173,,,,,673.4601506525964
3391,330.52226341639795,337.7720499789225,338.700273690198,671.6421620604633,671.8010678845125,671.8010678845125,672.9506573050803,,,,,673.5399638456554
3355,327.46954977377874,334.52548432355485,335.34394400669163,667.1288672079943,667.3326705149453,667.7385102245518,668.4784974145908,,,668.7506910784317,673.58478712075,673.58478712075
3389,330.2181392868404,337.66590565754717,338.3805037438211,670.6284847320662,671.4466183069775,671.4466183069775,672.7218708652932,,,,,673.6946241125271
3392,330.7418700787007,337.9194624631171,338.69913724464004,671.5968850924024,671.9313595447853,671.9611413845032,672.7709785508163,,,,,673.7433335138525
3376,329.4412739331006,336.4166341517557,337.52369377386935,669.7391856598374,669.8016848132481,669.8016848132481,671.4108008915608,,,,,673.8692346171703
3380,329.7140461847003,336.6528295929362,337.9194624631171,670.4488607813765,670.6901348033452,670.6901348033452,672.227699132534,,,,,674.2704745381822
3378,329.59373589486773,336.5548058816813,337.66590565754717,670.1312540840993,671.4626660449461,671.4626660449461,673.6253760690379,,,,,674.3001375746599
3399,331.4619443848607,338.69296178903085,339.6389796655529,673.0066951147103,673.1623830129786,673.1623830129786,673.4956248323409,,,,,674.329054631841
3393,330.8098086685393,337.9648983366914,339.0104586296249,671.8010678845125,671.8295200172129,671.8295200172129,673.4132597124209,,,,,674.3417891928118
3383,329.90083862272695,337.02344098521047,337.9648983366914,670.5418283969495,672.8888608693836,672.8888608693836,673.3950831687096,,,,,674.6786349005221
3396,331.0431249191338,338.515942256684,339.3377701963421,672.1641190709322,672.3572394919744,672.3572394919744,672.4282401642062,,,,,674.7682467777926
3385,330.0073119979842,337.51897841256255,338.57252131348275,671.0783814277326,672.3116533447653,672.3116533447653,674.301003917451,,,,,674.891572241519
3397,331.2923646755832,338.57252131348275,339.3569181033502,672.3116533447653,672.491396095716,672.491396095716,673.4195321467316,,,,,675.0415266526139
3390,330.50777943602424,337.75095633530987,338.69296178903085,671.4626660449461,671.6421620604633,671.6421620604633,674.1242100713464,,,,,675.1971354066761
3394,331.010956040589,338.3805037438211,339.5103989529437,672.491396095716,674.140171604248,674.140171604248,674.9872683797895,,,,,675.8239813798059
3403,331.83147728796075,339.02605595451695,340.1143214658426,674.1184480306948,675.5938142918776,675.5938142918776,675.6019669249195,,,,,676.2652105596602
3412,333.6537592792487,339.8206181742204,340.3792370473173,674.3295018918976,675.1910145388381,675.1910145388381,675.5268737698461,,,,,676.5539611959676
3386,330.0791018405783,337.52369377386935,339.02605595451695,671.8295200172129,674.3295018918976,674.3295018918976,675.495820372773,,,,,676.6400278281977
3410,333.39793956719853,339.6389796655529,340.4527854275355,674.791207332197,675.2711292249625,675.2711292249625,676.2768366276392,,,,,676.8698624102686
3388,330.1549588510236,337.6305779445626,338.6034468884925,671.4466183069775,674.1184480306948,674.1184480306948,676.065167193217,,,,,676.8811242566969
3416,333.85956104807224,340.3792370473173,341.21609652412576,675.700266651685,676.0194729371848,676.0194729371848,676.3850897084967,,,,,677.0742994047781
3414,333.7932599682651,340.3400612033276,341.41874189453137,676.0194729371848,676.2912033550165,676.2912033550165,676.562209169435,,,,,677.2504742046825
3404,331.9773443232991,339.3243979081729,340.6800840746647,675.2711292249625,675.700266651685,675.700266651685,676.6608828505538,,,,,677.4790907622133
3400,331.62162115537046,338.69913724464004,339.58460413299423,672.8888608693836,674.2580513221765,674.2580513221765,676.375907724258,,,,,677.5714599137387
3405,331.99533028200256,339.3377701963421,340.340768680206,674.2580513221765,674.791207332197,674.791207332197,676.9857543208684,,,,,677.598518664554
3422,334.79145798936514,340.6989876986698,341.44743448116975,676.2912033550165,676.5167956964453,676.5167956964453,677.1422309808252,,,,,677.7958177014626
3417,334.11817852329915,340.4527854275355,341.41213059439644,675.8846049015361,677.1734312162586,677.1734312162586,677.1977605313341,,,,,677.8140902529974
3406,332.1613751964521,339.3569181033502,340.3400612033276,674.140171604248,675.5183536493917,675.5183536493917,677.2346317712609,,,,,678.4012352411281
3407,332.66752600392135,339.46667086378244,340.614824309185,675.1910145388381,675.8846049015361,675.8846049015361,677.4096949307889,,,,,678.4345387629552
3384,329.9875479905506,337.2831402118936,338.515942256684,670.884670509926,671.0783814277326,671.0783814277326,674.2809743232721,,,,,678.8099631738174
3409,333.27760676146056,339.58460413299423,340.69591920293385,675.560842870937,676.2711069129537,676.2711069129537,676.9110233292017,,,,,678.8549620065165
3415,333.8448287336404,340.340768680206,341.5982259058182,676.5167956964453,677.2280239102896,677.2280239102896,678.2495392042182,,,,,678.9119394917058
3402,331.7976136045035,339.0104586296249,339.7975516560633,673.1623830129786,673.9763408062929,673.9763408062929,675.5509858039446,,,,,679.0018841941873
3419,334.6039109661918,340.6800840746647,341.89758333066067,677.1734312162586,678.0639204115855,678.0639204115855,678.7285978936413,,,,,679.6386179237356
3421,334.78739275297295,340.69591920293385,341.8157102833735,676.9301400027512,677.4305287568577,677.4305287568577,677.6907873703133,,,,,680.0128542623312
3398,331.4258123193654,338.6034468884925,339.46667086378244,672.3572394919744,673.0066951147103,673.0066951147103,679.2604163911574,,,,,680.1182020644796
3423,334.799801760045,341.21609652412576,342.4035714227166,677.4305287568577,678.2890489708419,678.2890489708419,679.4973196848329,,,,,680.1782593769592
3418,334.5435326524707,340.614824309185,341.7320912066498,676.6675359164184,676.9301400027512,676.9301400027512,679.4299462925993,,,,,680.2964260315556
3420,334.7386752798589,340.6831652125972,341.796439625132,676.8289967591653,677.8296703751604,677.8296703751604,677.884929635951,,,,,680.5683943668416
3424,334.82168633522735,341.41213059439644,342.5539422852854,678.0639204115855,679.8734720566624,679.8734720566624,679.9755397774255,,,,,680.6163652196861
3413,333.76376557396344,340.1143214658426,341.4470900949627,676.2711069129537,676.8289967591653,676.8289967591653,677.8840165937029,,,677.8840165937029,680.7741270554448,680.7741270554448
3430,335.358878897312,341.796439625132,342.5658773898719,678.2890489708419,679.0992726627375,679.0992726627375,680.0596879329568,,,,,680.8589314139235
3408,332.7268884034423,339.5103989529437,340.6831652125972,675.5183536493917,675.560842870937,675.560842870937,676.0132974669194,,,676.0132974669194,680.9862265539733,680.9862265539733
3429,335.32934353900436,341.7320912066498,342.34616686452614,677.2280239102896,680.2256577501081,680.2256577501081,680.3630528570436,,,,,681.2728519747885
3428,335.2178563487947,341.5982259058182,342.88743326447747,680.2256577501081,680.3390024068492,680.3390024068492,680.7296213258911,,,,,681.5431686655345
3426,334.86822005376007,341.4470900949627,342.59148615291537,679.0992726627375,680.1490390636503,680.1490390636503,680.9653552573247,,,,,681.5941054737887
3401,331.7514302003348,338.700273690198,339.8206181742204,673.9763408062929,676.6675359164184,676.6675359164184,676.6964953412624,,,676.6964953412624,681.8749558643914,681.8749558643914
3425,334.8305706289054,341.41874189453137,342.534576627594,677.8296703751604,680.9250245789821,680.9250245789821,680.951617922776,,,,,681.9883162834404
3431,335.3869932949332,341.8157102833735,342.71177776300283,679.8734720566624,680.3549831664725,680.3549831664725,680.8197028837149,,,,,682.3992472690397
3411,333.48597619872857,339.7975516560633,340.6989876986698,675.5938142918776,679.6048507221271,679.6048507221271,680.4194699612582,,,,,682.425657273463
3437,336.5561727319221,342.5658773898719,343.3677961623215,680.3549831664725,680.9016943178494,680.9016943178494,682.079585065528,,,,,682.744949971502
3434,335.56159436552497,342.4035714227166,343.29446673416766,680.3390024068492,680.4758091842018,680.4758091842018,680.9569901235476,,,,,682.8987998127842
3433,335.5344544760602,342.34616686452614,343.49283754556524,680.4758091842018,681.9861264504879,681.9861264504879,682.6533991422417,,,,,683.1949459179253
3443,337.1103591577793,343.29446673416766,344.04205045840763,682.2326553696935,682.2991548556956,682.2991548556956,682.3432995584751,,,,,683.5448676104428
3440,336.7850726288492,342.71177776300283,343.6633040877791,680.9250245789821,682.078780989324,682.078780989324,682.6645912366417,,,,,683.6970574895549
3427,334.90029374038687,341.44743448116975,342.6423266280748,679.6048507221271,680.8828949714238,680.8828949714238,682.8050034436243,,,,,683.9971860041286
3442,337.03829611802945,342.88743326447747,343.84053676864465,682.078780989324,683.0138929556852,683.0138929556852,683.0536626652103,,,,,684.1040203551825
3445,337.3237066332887,343.49283754556524,344.59763536259555,682.7157087636368,682.7410783245192,682.7410783245192,683.8688191557246,,,,,684.4234000753654
3441,336.95055121999405,342.7815937770985,343.6410956064405,680.9016943178494,682.4300996170358,682.4300996170358,682.981123460231,,,,,684.5038054339983
3446,337.3636131954824,343.5087767271947,344.32057248115814,682.2991548556956,682.9876420326214,682.9876420326214,684.1022842836717,,,,,684.8004747289991
3448,337.4798415742124,343.6410956064405,344.7047980869927,682.9876420326214,683.7752363981703,683.7752363981703,684.1160452745327,,,,,684.9723821844738
3435,335.816146674733,342.534576627594,343.78460055420874,681.9861264504879,682.2326553696935,682.2326553696935,682.7388963496453,,,,,684.9845153577386
3436,335.91070867035,342.5539422852854,343.5087767271947,680.5268754924108,681.9522787770479,681.9522787770479,684.2605516532105,,,,,685.0946169485269
3450,337.77828349827195,343.7560060849528,344.9569197046357,684.0988043416318,684.2693450496203,684.2693450496203,684.6161317667468,,,,,685.4065944215431
3444,337.28983383012115,343.3677961623215,344.14551425186255,682.2528245833379,682.7157087636368,682.7157087636368,684.9818620986945,,,,,685.7166078528167
3451,337.81615755421393,343.78460055420874,344.82450400774326,683.0138929556852,685.1423157372903,685.1423157372903,685.2365725742881,,,,,685.7452117248788
3438,336.60617240589164,342.59148615291537,343.59503839944114,680.8828949714238,683.4320454220938,683.4320454220938,684.2038728513882,,,,,685.8660382286009
3432,335.41444485409835,341.89758333066067,342.7815937770985,680.1490390636503,680.5268754924108,680.5268754924108,680.9045512739555,,,680.9045512739555,685.8843038649894,685.8843038649894
3439,336.73214313886893,342.6423266280748,343.7560060849528,681.9522787770479,682.2528245833379,682.2528245833379,684.9900798388996,,,,,686.0167452953158
3447,337.41764060049167,343.59503839944114,344.48927319731246,682.4300996170358,684.2974125609113,684.2974125609113,685.1962770609529,,,,,686.1138949941981
3452,337.89030768326927,343.84053676864465,344.8836098922601,683.7752363981703,684.0988043416318,684.0988043416318,685.4616493952452,,,,,686.6947323705917
3454,338.01645360862557,344.14551425186255,344.99685915499145,684.2693450496203,685.1837375586958,685.1837375586958,686.3935544802056,,,,,687.2606299439167
3458,338.29434029053533,344.6630529817356,345.35145026787654,685.1837375586958,686.2720927384285,686.2720927384285,686.8214605724669,,,,,687.3516094919473
3455,338.0226322845646,344.32057248115814,345.1437839640917,685.1423157372903,686.7720239943995,686.7720239943995,687.0622104688838,,,,,687.8195281337689
3461,338.57423369912965,344.8317906254532,345.89032978795603,686.7720239943995,687.1326706094704,687.1326706094704,687.2546746942171,,,,,688.1818740882503
3464,338.6847137450942,344.99685915499145,345.66111142037926,686.2720927384285,687.3971534151923,687.3971534151923,687.9977678276507,,,,,688.5670483749814
3463,338.6823565915516,344.9569197046357,346.0553962682543,687.1326706094704,687.4296221313602,687.4296221313602,688.2007859486044,,,,,688.8681650071703
3457,338.0521819157627,344.59763536259555,345.5898437764135,685.9837353211316,686.6584196484164,686.6584196484164,687.1404111424037,,,,,689.0843968141054
3465,339.0816095721535,345.0186873888173,346.1794676754748,687.4296221313602,688.5417502936984,688.5417502936984,688.545756403181,,,,,689.0970889197305
3466,339.11969645500886,345.1437839640917,346.1566232599019,687.3971534151923,687.5326486912576,687.5326486912576,688.1731263921452,,,,,689.4530378116056
3473,339.7416716138431,346.0553962682543,346.93437381124517,687.7178956601406,688.3287468610185,688.3287468610185,688.9215309588096,,,,,689.4613751909587
3471,339.62836157352785,345.89032978795603,346.96596885458894,688.3287468610185,688.6586366592708,688.6586366592708,689.2212754105633,,,,,689.7359685723018
3462,338.5842512201925,344.8836098922601,345.80524693663637,686.6584196484164,687.044109624857,687.044109624857,688.2517606813589,,,,,689.804180298035
3470,339.62360258970455,345.80524693663637,347.07452544378816,688.5417502936984,688.8235279901551,688.8235279901551,689.1421936193782,,,,,689.881278632308
3460,338.4265092208043,344.82450400774326,345.9468765997584,687.044109624857,687.5521330720761,687.5521330720761,688.0855279282702,,,,,690.1988602254518
3459,338.41225964091166,344.7047980869927,346.10825278995037,687.3562147804582,689.5195187030696,689.5195187030696,689.8332806099032,,,,,690.4182477094706
3456,338.0514868378722,344.48927319731246,345.0186873888173,684.2974125609113,685.9837353211316,685.9837353211316,689.7719809036948,,,,,690.4281516690551
3472,339.69053463563824,345.9468765997584,346.8076147278561,687.6872747983903,689.1598866381321,689.1598866381321,689.6909602533477,,,,,690.6647546216074
3467,339.21747444074833,345.35145026787654,346.3671940030303,687.5326486912576,688.9225181153977,688.9225181153977,689.9732789721234,,,,,690.8085573320783
3453,337.95881222262483,344.04205045840763,344.8317906254532,683.4320454220938,687.3562147804582,687.3562147804582,689.3036409793647,,,,,690.8648659286904
3476,339.8851373281883,346.1794676754748,347.5424817673157,689.1598866381321,689.720587526294,689.720587526294,690.4482756866894,,,,,690.9868224227748
3480,340.05458810867935,346.8076147278561,348.07424659765013,689.720587526294,690.2174979929125,690.2174979929125,690.4824932932364,,,,,691.0139822556976
3483,340.2285413384477,347.07452544378816,347.84923626445055,689.6249397040023,689.7182892958198,689.7182892958198,689.8546296667147,,,,,691.1035103513686
3484,340.4263143098908,347.2333600310013,347.9945933988077,689.7182892958198,690.3373941948436,690.3373941948436,690.68927668288,,,,,691.5148530556531
3468,339.3398680480608,345.5898437764135,346.46416478557995,687.5521330720761,687.6872747983903,687.6872747983903,687.7386106793954,,,687.7386106793954,692.2602744325438,692.2602744325438
3479,340.03957839608006,346.7402184274942,348.12699305444926,690.1506951639476,690.1733165251542,690.1733165251542,691.2123823012646,,,,,692.4614351135808
3495,341.5376609299448,348.17106772602335,348.78574255004463,691.2074493011819,691.5429809565634,691.5429809565634,691.9396066186661,,,,,692.4980283942002
3486,340.4927069446404,347.4601323362413,348.3467638277947,690.3373941948436,691.1642698928094,691.1642698928094,691.9152109374055,,,,,692.7712489195873
3478,340.02472228103517,346.46416478557995,347.6422752832757,689.5195187030696,689.6249397040023,689.6249397040023,691.1807628777902,,,,,692.8144107160657
3469,339.5678449712963,345.66111142037926,346.7402184274942,687.5683421164858,687.7178956601406,687.7178956601406,691.9768745154186,,,,,692.8467074629172
3474,339.82180380688305,346.10825278995037,347.2333600310013,688.6586366592708,690.5661036943144,690.5661036943144,691.0861324216431,,,,,692.9946868176737
3481,340.10880403417724,346.93437381124517,348.1190080690531,689.9577586542601,691.2074493011819,691.2074493011819,692.6900088924859,,,,,693.3382331230583
3449,337.5768230018452,343.6633040877791,344.6630529817356,682.7410783245192,687.5683421164858,687.5683421164858,692.9988960126161,,,,,693.5238170250514
3488,340.586610474356,347.6422752832757,348.38899320862214,690.5661036943144,691.5295980841856,691.5295980841856,692.6675475338437,,,,,693.6054526451012
3485,340.4893126767897,347.3312342452796,348.17106772602335,690.2174979929125,690.8512918839951,690.8512918839951,691.6130650157924,,,,,693.7183600712998
3482,340.16729122459657,346.96596885458894,348.13802223264787,690.1733165251542,692.4958891859344,692.4958891859344,693.2204347649108,,,,,693.7543502515787
3497,341.5882005232484,348.38899320862214,349.39121241534576,693.0542052606809,693.507407472901,693.507407472901,693.676195022471,,,,,694.2170506353581
3477,339.9779195130336,346.3671940030303,347.4601323362413,688.9225181153977,690.1506951639476,690.1506951639476,691.4751257381602,,,,,694.2696570285848
3492,341.18096024253555,348.1190080690531,348.8714370761148,691.5295980841856,693.7052512586763,693.7052512586763,693.743269347391,,,,,694.3914565027311
3494,341.46048448195563,348.13802223264787,349.3133342367585,692.6016510352094,693.183943114425,693.183943114425,693.6981341125679,,,,,694.5408101583517
3498,341.6223864882658,348.4546488481476,349.69996155539144,693.183943114425,693.6161133535932,693.6161133535932,693.6971559881433,,,,,694.6399055179595
3490,340.7513961425472,347.9945933988077,349.1355357118845,692.4089735322688,692.6016510352094,692.6016510352094,693.5721249694915,,,,,694.7445908361534
3503,342.02565186107756,349.1355357118845,350.1084429272379,694.0859279379233,694.1124912157801,694.1124912157801,694.1604355830385,,,,,694.802294693962
3491,341.09266178998394,348.07424659765013,348.874426533956,691.5429809565634,693.1090740506284,693.1090740506284,694.0852444375852,,,,,695.1653609239853
3475,339.87812156445807,346.1566232599019,347.3312342452796,688.8235279901551,689.9577586542601,689.9577586542601,694.3919808825585,,,,,695.4467368017373
3493,341.33768027188194,348.12699305444926,349.1505144690333,692.4958891859344,694.0859279379233,694.0859279379233,694.3532683520878,,,,,695.4720859132225
3500,341.71946512721456,348.78574255004463,349.74296933423034,693.507407472901,695.5895268415629,695.5895268415629,695.9672794184605,,,,,696.4814223040156
3496,341.5816365614742,348.3467638277947,349.5867354336502,693.1090740506284,693.6873557746184,693.6873557746184,695.3252998465824,,,,,697.0188995013843
3502,341.92740956939576,348.874426533956,349.9694356400216,693.7052512586763,694.4639279340588,694.4639279340588,696.3086694813542,,,,,697.2676319880994
3505,342.1682970458642,349.3133342367585,350.4739222948684,695.5895268415629,695.9792534208004,695.9792534208004,696.9217832172351,,,,,697.4720227639074
3504,342.0988428714172,349.1505144690333,350.16372819099985,694.1124912157801,696.401650913449,696.401650913449,696.842238598798,,,,,698.0059245932506
3489,340.6878306202834,347.84923626445055,348.71862656127405,691.1642698928094,693.0542052606809,693.0542052606809,697.0684606786189,,,,,698.100265815102
3514,342.78971637606446,350.16372819099985,350.933847793186,696.7129804583728,697.2767477476565,697.2767477476565,697.6068482337238,,,,,698.5359831818503
3508,342.42190118758964,349.69996155539144,350.5714541082056,695.9792534208004,696.4430488046735,696.4430488046735,698.2215856115644,,,,,698.7428082763798
3487,340.5775259003277,347.5424817673157,348.4546488481476,690.8512918839951,692.4089735322688,692.4089735322688,692.478044585504,,,692.478044585504,698.8408157151482,698.8408157151482
3516,342.8489696022916,350.23210151394113,351.23359331325344,697.1645906584545,697.6331562067487,697.6331562067487,698.0608915438436,,,,,698.84280646607
3507,342.20292989617286,349.5867354336502,350.23210151394113,694.8437275481555,696.9689914264699,696.9689914264699,697.7759592394306,,,,,698.862796841529
3511,342.5735866126541,349.83676596098263,350.8131025265923,696.4430488046735,696.9550330323201,696.9550330323201,696.971578071956,,,,,698.8714935046211
3506,342.174208340103,349.39121241534576,350.2205748070475,694.4639279340588,694.8437275481555,694.8437275481555,695.3868228988089,,,695.3868228988089,699.4344547286336,699.4344547286336
3509,342.5216609831001,349.74296933423034,350.9591270547356,696.9689914264699,698.2035347095443,698.2035347095443,698.7523126056573,,,,,699.5702593902796
3510,342.55735116604944,349.7760138063054,350.6226870454023,696.401650913449,696.7129804583728,696.7129804583728,698.7884699134071,,,,,699.8839746158249
3519,343.1290198371489,350.6226870454023,351.40947069292804,697.6331562067487,698.8190261355084,698.8190261355084,699.2534511812128,,,,,700.0825499473226
3521,343.21896422183477,350.933847793186,351.64787891332577,699.1445693680024,699.3832935266967,699.3832935266967,699.6303897641034,,,,,700.2337014279412
3513,342.704246486264,350.1084429272379,351.53786112994663,698.0561361301409,699.6176006573103,699.6176006573103,699.9992139376731,,,,,700.7371075208495
3501,341.9056534740133,348.8714370761148,349.7760138063054,693.6161133535932,699.1445693680024,699.1445693680024,700.006872827624,,,,,700.9329733706207
3499,341.64631103298353,348.71862656127405,349.83676596098263,693.6873557746184,697.1645906584545,697.1645906584545,699.9177544272471,,,,,701.1118293760737
3523,343.55165906942585,350.9591270547356,351.88109471252085,699.9336027435787,700.125163469138,700.125163469138,700.1328352598609,,,,,701.4955614561718
3522,343.5201232538276,350.94909323550155,351.8284612917077,699.3832935266967,700.2600635229919,700.2600635229919,700.8440273666063,,,,,701.5723130929035
3515,342.80660376236483,350.2205748070475,351.31563790111574,697.2767477476565,700.9348976419692,700.9348976419692,701.0887760938364,,,,,701.8617675977298
3518,343.10815429244724,350.5714541082056,351.5990063268733,698.2035347095443,700.1917114024053,700.1917114024053,701.0450129774388,,,,,701.8869222514868
3512,342.6751743750572,349.9694356400216,350.94909323550155,696.9550330323201,698.0561361301409,698.0561361301409,700.5794141693101,,,,,701.8970811428624
3520,343.1452961397012,350.8131025265923,351.86508522654685,699.6176006573103,699.9336027435787,699.9336027435787,701.9086202540896,,,,,702.4440581847826
3527,343.5830514298425,351.53786112994663,352.33655433914214,700.2600635229919,700.9035995025685,700.9035995025685,701.3631088436313,,,,,702.46907169562
3524,343.56402814219086,351.23359331325344,351.96221203589965,700.125163469138,701.0050501280411,701.0050501280411,701.1765436584457,,,,,702.5748947147658
3525,343.5645577780969,351.31563790111574,352.62036217850806,700.9035995025685,701.8962058185982,701.8962058185982,701.9696886027494,,,,,702.7257209585639
3530,343.84766544300595,351.64787891332577,352.72864879262534,700.9348976419692,701.736421516214,701.736421516214,702.4750518610525,,,,,703.339118333675
3528,343.6532250501063,351.5990063268733,352.2293296258566,700.1917114024053,701.033021002332,701.033021002332,702.2557645188323,,,,,703.4867134065835
3537,344.58780259616435,352.43845820047886,353.5555085139951,702.2492847704501,702.4506494277695,702.4506494277695,702.8736162912317,,,,,703.5529691222322
3542,345.2215478911227,352.93865566093507,353.9162432931621,702.6551928873814,702.9097083617203,703.0008667107509,703.159458470272,,,,,703.7419411336791
3540,345.0045522914423,352.7302315835519,353.5343200548821,702.2426845502249,702.6551928873814,702.6551928873814,703.0488337858736,,,,,703.7507237424306
3517,342.8671672439146,350.4739222948684,351.6269913455792,698.8190261355084,700.8672362692458,700.8672362692458,703.3706948576277,,,,,703.9031163268256
3535,344.38446853529274,352.2293296258566,353.2283649850412,701.8962058185982,702.1391481586314,702.1391481586314,703.345530255157,,,,,704.2968712524244
3534,344.31552154000957,351.96221203589965,352.93865566093507,701.2031142506444,702.2426845502249,702.2426845502249,703.2795149004617,,,,,704.386636366987
3538,344.74936593637347,352.62036217850806,353.62242148416095,702.264432528669,702.6227848913427,702.6227848913427,703.5448297005407,,,,,704.393781024439
3541,345.0978483293811,352.85893168524035,353.82309381200963,702.6227848913427,703.7380262401167,703.7380262401167,704.0437679648817,,,,,704.5822882983173
3533,344.29078950062984,351.88109471252085,352.9629109393146,701.357741708461,702.264432528669,702.264432528669,703.5957499085091,,,,,704.7140957637761
3539,344.8955321281651,352.72864879262534,353.8142663472357,702.4506494277695,702.8057020927835,702.8736162912317,703.0008667107509,,,,,704.9006703926775
3531,343.9059635093271,351.8284612917077,352.85893168524035,701.033021002332,703.9237884139347,703.9237884139347,703.9534393435259,,,,,704.9788467746145
3529,343.7112543793531,351.6269913455792,352.43845820047886,700.8672362692458,701.2031142506444,701.2031142506444,701.2195916556366,,,701.2195916556366,705.0731470386771,705.0731470386771
3544,345.30433179937796,353.0438575027017,353.95584597873113,702.8057020927835,704.5405808685676,704.5405808685676,705.070728523606,,,,,705.7199095650457
3548,345.64230920300355,353.5555085139951,354.4637865210691,703.9705876288131,705.3048853294671,705.3048853294671,705.6210029047763,,,,,706.1640404308589
3545,345.3721526234261,353.2283649850412,354.08439213560627,703.9237884139347,704.2595888901427,704.2595888901427,704.5222289900315,,,,,706.2857467357495
3549,345.7258518145506,353.62242148416095,354.0609930160376,703.7380262401167,705.7983983555398,705.7983983555398,705.820724692029,,,,,706.3894208503866
3543,345.24333539655845,352.9629109393146,354.01879797965967,702.9097083617203,703.9705876288131,703.9705876288131,705.8891203477177,,,,,706.7305446139295
3546,345.4449312603862,353.3631354199031,354.48248720882157,704.2595888901427,704.7576958080682,704.7576958080682,705.6596106266351,,,,,707.0074940325392
3554,345.91780420789337,354.01879797965967,355.250515050226,705.9230212308964,706.2522933565054,706.2522933565054,706.4740867913415,,,,,707.0781307501001
3547,345.46392743615354,353.5343200548821,354.64220368781406,705.3048853294671,705.3210172418228,705.3210172418228,706.2717312502729,,,,,707.1880523856832
3536,344.47101196957937,352.33655433914214,353.3631354199031,702.1391481586314,702.2492847704501,702.2492847704501,706.1622548975195,,,,,707.3714869179197
3557,346.13340339658606,354.4637865210691,355.3739974340704,706.1284376271897,706.3297710473328,706.3297710473328,706.504590125528,,,,,707.4774457212935
3556,346.0469325666665,354.08439213560627,354.8238809940366,705.3210172418228,706.1284376271897,706.1284376271897,706.9268795610747,,,,,707.6380118338188
3555,345.9979391504603,354.0609930160376,355.17264482100677,705.8899353741392,705.9230212308964,705.9230212308964,707.068937414407,,,,,707.6959399291609
3561,346.5993034320467,354.64220368781406,355.6342632572376,706.2904515602457,706.5050623756964,706.5050623756964,707.0736530116606,,,,,707.9033524245807
3562,346.792444656209,354.8238809940366,355.7070867158614,706.4672445576987,706.5320931809254,706.5320931809254,707.3669160797559,,,,,708.2968541177397
3526,343.5763846935385,351.40947069292804,352.7302315835519,701.0050501280411,701.357741708461,701.357741708461,703.6069741750405,,,703.6069741750405,708.4220342748243,708.4220342748243
3559,346.4327835341583,354.59262898987856,355.2835137389964,706.1032868088272,707.0492659663215,707.0736530116606,707.5595708212753,,,,,708.7956486038253
3553,345.91651650747957,353.95584597873113,355.0860162479209,705.7983983555398,706.2904515602457,706.2904515602457,707.6809647541552,,,,,708.8292031167783
3569,348.12878996951633,355.47483043048095,356.4034629452604,707.8385679612534,707.9295016639439,708.251718162891,708.3146799367844,,,,,708.9454204484566
3566,347.2396373189571,355.250515050226,356.11157967244293,706.9939836389747,707.8385679612534,707.8385679612534,708.251718162891,,,,,709.6232079898632
3552,345.8463928236561,353.9162432931621,355.0167678487569,705.3749664592602,706.1032868088272,706.1032868088272,708.4420034412443,,,,,709.64505671818
3575,348.9367929689875,356.0965055684587,356.9622790456712,708.226384471311,708.5255446782004,708.8471211110116,708.9259437313809,,,,,709.6937319290155
3572,348.27169857335184,355.7070867158614,356.43716458533436,707.9295016639439,708.3331977396356,708.4420034412443,708.8471211110116,,,,,709.9566391943412
3565,347.02459135979575,355.17264482100677,356.32169261544317,707.5123719941811,708.0722608704542,708.3146799367844,709.70944486856,,,,,710.5187901851151
3550,345.80519557282094,353.8142663472357,354.61682414078683,704.7576958080682,705.3749664592602,705.3749664592602,706.2531102383057,,,706.2531102383057,710.8304618730546,710.8304618730546
3577,349.03811843653097,356.2400886201495,357.20323566660653,708.70681668448,708.9385834511307,709.9789975724806,710.131424422182,,,,,710.8942824643918
3567,347.34846429421634,355.2835137389964,355.86539139710845,706.5050623756964,708.226384471311,708.4220342748243,709.9789975724806,,,,,711.0368337517673
3579,349.2204756982165,356.32169261544317,357.2646168964952,708.7241549959317,709.4755188911284,710.1070361871898,710.2671404419182,,,,,711.0476184060909
3563,346.91136390557887,355.0167678487569,356.0965055684587,706.6098439532292,707.3398490016586,707.3669160797559,710.4266896661071,,,,,711.1046163223452
3558,346.18381223005366,354.48248720882157,355.67087099366165,706.3297710473328,708.70681668448,709.70944486856,710.5024584031868,,,,,711.1749814841389
3532,344.2547268926579,351.86508522654685,353.0438575027017,701.736421516214,705.8899353741392,705.8899353741392,705.9988466515241,,,705.9988466515241,711.1965013866774,711.1965013866774
3581,349.325373197731,356.43716458533436,357.648331342152,709.4755188911284,709.8246991335728,710.4266896661071,710.7673617940823,,,,,711.4883403732443
3570,348.1649959246788,355.6342632572376,357.12862423700113,708.5255446782004,708.7241549959317,709.7899203072542,710.9741282005743,,,,,711.5609763433741
3568,347.58086156224437,355.3739974340704,356.2400886201495,707.0492659663215,707.5123719941811,707.5595708212753,710.1070361871898,,,,,711.5657017092229
3582,349.3549177428076,356.76476248547357,358.0970291962333,710.1349502230613,710.1408466865105,710.7673617940823,710.9052054600095,,,,,711.6080682560167
3560,346.50660894835625,354.61682414078683,355.47483043048095,706.2522933565054,706.4672445576987,706.4672445576987,711.6952609218337,,,,,712.2660590150991
3573,348.4326941044755,355.86539139710845,357.12739572279924,708.3331977396356,708.6058518429709,708.9259437313809,709.7899203072542,,,,,712.2842700816444
3576,348.9371291311958,356.11157967244293,356.76476248547357,708.0722608704542,710.3054972562364,710.8767553308362,711.800132216966,,,,,712.4211082458131
3574,348.87557842891755,356.0133741000139,357.15704216143774,708.6058518429709,709.6836267166794,710.2671404419182,710.8767553308362,,,,,712.4962085560974
3587,349.94377301567476,357.20323566660653,358.0604719188533,709.8246991335728,710.1349502230613,710.5024584031868,711.5879842420077,,,,,712.5896397935562
3578,349.20192306613023,356.27395742070655,357.4164736806761,708.9385834511307,709.6589725518611,710.131424422182,712.0257413633655,,,,,712.6704554265109
3580,349.27747371499,356.4034629452604,357.6572703542257,709.6589725518611,710.8120884311998,710.9052054600095,711.2566054643867,,,,,712.9200633088601
3585,349.7163185909753,357.12862423700113,358.21793210849967,710.1408466865105,710.2473929255484,710.8304618730546,711.7732781084297,,,,,713.2919941093946
3584,349.5725363204988,357.12739572279924,358.52072927218023,710.8628046711084,712.0344786314772,712.0344786314772,712.8190481973594,,,,,713.3542290828005
3551,345.83842172644114,353.82309381200963,354.59262898987856,704.5405808685676,706.9939836389747,707.068937414407,707.1765444232752,,,707.1765444232752,713.4531543113336,713.4531543113336
3590,350.08785530956237,357.648331342152,358.7802532326777,711.9392205522868,712.8437972000172,712.8437972000172,713.1702060151886,,,,,713.7071728360338
3588,349.9456830780759,357.2646168964952,358.38539551340625,710.8120884311998,711.1566043121164,711.1965013866774,712.7408406358217,,,,,713.8819139172473
3589,350.03855392838193,357.4164736806761,358.36107235929177,710.3054972562364,712.5707483488195,712.5707483488195,712.8248061096913,,,,,714.2700699751939
3571,348.19067401771093,355.67087099366165,356.27395742070655,707.3398490016586,711.9460647794766,711.9460647794766,713.7469979664743,,,,,714.3684250240037
3586,349.9327339727726,357.15704216143774,358.2704765863725,710.2473929255484,711.9392205522868,711.9392205522868,714.3694776018822,,,,,715.2987407415839
3583,349.3593131409342,356.9622790456712,357.96659374976036,709.6836267166794,710.8628046711084,710.9741282005743,714.6173466494331,,,,,715.653776426363
3594,350.43801888313936,358.0970291962333,359.0233567978793,711.9460647794766,714.7557169792556,714.7557169792556,715.179532242533,,,,,715.7010471107412
3593,350.36658918364714,358.0604719188533,359.08399579314323,712.0344786314772,714.5297022699032,714.5297022699032,715.0218552220811,,,,,715.8844298381017
3601,351.2577137338126,358.7802532326777,359.9971469842306,714.7557169792556,714.7806272012467,714.7806272012467,715.3436783505998,,,,,716.0243665556425
3600,351.16360874650394,358.5683828619145,359.4521689194827,714.1149529731595,715.0650378199022,715.0650378199022,715.1337633279218,,,,,716.120362714254
3591,350.09471336473047,357.6572703542257,358.5683828619145,711.1566043121164,714.1149529731595,714.1149529731595,715.5905542621936,,,,,716.1705002859801
3599,350.9202708502936,358.52072927218023,359.6023210535205,714.6872166369948,715.4209099454564,715.4209099454564,715.716792470988,,,,,716.2423006991161
3598,350.8611241844021,358.38539551340625,359.354390783227,712.8437972000172,714.6872166369948,714.6872166369948,715.4121788185851,,,,,716.5482446559467
3595,350.59796990743416,358.21793210849967,359.48380185890926,714.2794059691245,715.2584207812737,715.2584207812737,716.0667552104838,,,,,716.7754026626292
3597,350.82040875379846,358.36107235929177,359.5467186999143,714.5297022699032,715.2193122958049,715.2193122958049,716.1376656730498,,,,,717.0290569445115
3609,352.36391411004587,359.5467186999143,360.66939695774255,715.4209099454564,715.4541591883803,715.4541591883803,716.5311363256279,,,,,717.276024995111
3605,351.7988838728516,359.354390783227,360.56080009972726,715.2584207812737,715.4457148374291,715.4457148374291,716.7221829826638,,,,,717.3649419212923
3610,352.41810914115183,359.6023210535205,360.74407254158376,715.4457148374291,716.4160528587291,716.4160528587291,716.5285291525097,,,,,717.3830878508099
3564,346.9863237559364,355.0860162479209,356.0133741000139,706.5320931809254,706.6098439532292,706.9268795610747,716.6040506860857,,,,,717.5584348699891
3602,351.3977859155766,359.0233567978793,360.2234383203378,714.7806272012467,716.1083557854503,716.1083557854503,717.0249687555585,,,,,717.9295935251725
3604,351.77654422382244,359.1062822264446,360.2297342109927,715.0650378199022,716.2202724471484,716.2202724471484,717.4010303578785,,,,,717.9571711781587
3592,350.34334491563516,357.96659374976036,359.1062822264446,712.5707483488195,712.9663939545394,712.9663939545394,717.1118147146085,,,,,718.7938534734204
3611,352.7390458502829,359.9971469842306,360.9788843973046,716.4160528587291,717.1922896838805,717.1922896838805,717.4140999125847,,,,,718.9440127682157
3607,352.1322124413015,359.4521689194827,360.9457400870563,716.2202724471484,717.3476865924837,717.3476865924837,717.9679556046975,,,,,718.9532878780569
3613,353.17179139000024,360.2297342109927,361.56528466020586,717.3476865924837,718.2999550090209,718.2999550090209,718.4099467981399,,,,,719.2214084954636
3606,351.99056215883377,359.403366798128,360.7718357008168,716.1083557854503,716.9610330573676,716.9610330573676,717.3330525400312,,,,,719.3757329869635
3619,353.64102131741316,360.7718357008168,361.5673229614075,718.1231409789742,718.6400726298295,718.6400726298295,718.7042111445218,,,,,719.5782456580085
3603,351.54174233931707,359.08399579314323,360.24304255640624,715.2193122958049,718.1231409789742,718.1231409789742,718.9526060495032,,,,,719.6201820712366
3608,352.18777828749694,359.48380185890926,360.77028810683964,715.4541591883803,718.6791825989093,718.6791825989093,718.878129233565,,,,,719.6414624107796
3615,353.23413351166647,360.56080009972726,361.7125981510889,718.2999550090209,719.5992629435168,719.5992629435168,719.6598906548975,,,,,720.4597166731689
3616,353.35713323884835,360.66939695774255,361.9219541981822,718.6791825989093,719.3332971967908,719.3332971967908,719.76943677162,,,,,720.5380913704317
3596,350.7062182680241,358.2704765863725,359.403366798128,712.9663939545394,714.2794059691245,714.2794059691245,714.5023728890685,,,714.5023728890685,720.7973855210817,720.7973855210817
3631,354.7236698963729,361.99167940100665,362.79471762862863,719.607298484843,720.3728780921632,720.3728780921632,720.4273621835081,,,,,721.0786897295986
3614,353.19654219024477,360.24304255640624,361.09133735223264,717.1922896838805,719.1418568710167,719.1418568710167,720.5446744200523,,,,,721.3027918182919
3627,354.3132812039964,361.7978263963845,362.8343766813392,719.7456893808653,719.9355925991823,719.9355925991823,720.7182874133007,,,,,721.659860379045
3626,354.28404339219225,361.7125981510889,362.5164930028585,719.5992629435168,719.6786989197648,719.6786989197648,720.7078799440709,,,,,721.7467964970281
3622,353.928569707101,361.0525531254677,362.11281284278084,719.5206379150925,719.5253861144853,719.5253861144853,721.3092338172756,,,,,721.851311553697
3620,353.7584261316968,360.9457400870563,362.01309355498273,719.3803870204813,719.7456893808653,719.7456893808653,721.1359291982852,,,,,721.9074156949805
3621,353.8890470685358,360.9788843973046,361.9761278568431,719.1418568710167,719.5206379150925,719.5206379150925,721.1315941017515,,,,,721.94164889625
3628,354.35168057284744,361.9219541981822,362.93664198002557,720.3728780921632,720.3738778507484,720.4273621835081,720.4370984093207,,,,,722.0482989436601
3625,354.23750642586685,361.5673229614075,362.2734420590656,719.5253861144853,720.6358047978815,720.7078799440709,720.9258980780179,,,,,722.2736047527472
3629,354.43696097121807,361.9361130177004,362.8142586916862,719.6786989197648,720.4371743867301,720.4371743867301,721.4278275638426,,,,,722.285271966799
3632,354.8258171917156,362.01309355498273,363.2216870534549,720.6358047978815,721.1624808865197,721.1624808865197,721.7524475813483,,,,,722.3003590674831
3623,354.0168928606829,361.09133735223264,361.9361130177004,719.0153937008238,719.3803870204813,719.3803870204813,719.8742384139398,,,,,722.302655960982
3635,355.13862833159084,362.5164930028585,362.98698436668207,720.3738778507484,721.6685124038006,721.6685124038006,721.9808175918548,,,,,722.5260005979092
3634,355.0292050543036,362.2734420590656,363.36401504199006,720.895191235789,721.2100912976301,721.2100912976301,721.6812487357582,,,,,722.7991271904899
3612,352.9533462700242,360.2234383203378,361.0525531254677,716.9610330573676,719.607298484843,719.607298484843,720.9476254182005,,,,,722.9958251092348
3636,355.16697800583466,362.79471762862863,364.0051776707245,721.6685124038006,722.1136602236913,722.1136602236913,722.1570497377963,,,,,723.0820533270748
3618,353.5663038507528,360.77028810683964,361.99167940100665,719.3332971967908,720.5912743256922,720.5912743256922,722.3821719214421,,,,,723.1129612412515
3637,355.2182694627025,362.8142586916862,363.8055063442762,721.2100912976301,721.5726415456586,721.5726415456586,722.0949837691684,,,,,723.3412038234416
3643,355.7846679933439,363.0295664386624,364.00817399653107,721.7288908387841,722.646251393872,722.646251393872,722.8008283685817,,,,,723.7489780100503
3639,355.3879948636342,362.89205306136444,363.95230862367345,721.5726415456586,721.7882286742054,721.7882286742054,723.6077467184878,,,,,724.2183462821121
3624,354.1515067524644,361.56528466020586,362.89205306136444,719.9355925991823,720.895191235789,720.895191235789,722.9615214443097,,,,,724.4102644197762
3644,355.8121507464448,363.2216870534549,364.1048988762844,722.149261851642,722.8304712810277,722.8304712810277,723.9435954951019,,,,,724.6065702032281
3645,355.85694614831016,363.36401504199006,364.36615928947566,722.449718971851,723.100170465676,723.100170465676,723.7446735147803,,,,,724.6770123345848
3640,355.47648739665664,362.93664198002557,363.4841589193922,721.1624808865197,722.449718971851,722.449718971851,723.1780718709667,,,,,724.785141020712
3641,355.66027631852893,362.98698436668207,364.031687816007,721.7882286742054,722.149261851642,722.149261851642,723.0902808546022,,,,,724.8134620647043
3638,355.2415230369027,362.8343766813392,363.84864826785906,721.4779242403476,721.7288908387841,721.7288908387841,722.600625799781,,,,,724.8509263018058
3617,353.5056703787027,360.74407254158376,361.7978263963845,718.6400726298295,719.0153937008238,719.0153937008238,720.2128920621466,,,720.2128920621466,725.1079365009014,725.1079365009014
3648,356.0355867781317,363.84864826785906,364.9297410040875,723.100170465676,724.4756090712611,724.4756090712611,724.5530708966239,,,,,725.2991640768313
3653,356.90530792797017,364.0697309354226,364.83841416912475,722.8304712810277,724.6372115526867,724.6372115526867,724.9403810664552,,,,,726.2172111093712
3646,355.88601272075323,363.4841589193922,364.5909092273704,722.5298842526173,725.3363822443412,725.3363822443412,725.3569178637605,,,,,726.329834332772
3633,354.8588478804027,362.11281284278084,363.0295664386624,720.5912743256922,725.0679885801574,725.0679885801574,725.8147084601787,,,,,726.3558188345717
3651,356.7162374577879,364.00817399653107,364.64524137698663,722.646251393872,723.1647161432074,723.1647161432074,724.4322238288003,,,,,726.857135303381
3654,356.90902343782335,364.1048988762844,365.0693995105356,724.6372115526867,725.1068253417208,725.1068253417208,726.4854339114956,,,,,727.0923359608911
3630,354.6006975216073,361.9761278568431,363.0092181276202,720.4371743867301,721.4779242403476,721.4779242403476,725.30992179306,,,,,727.3038709358228
3664,357.80127170162575,365.24738714096657,366.09583628994176,725.9817396218615,726.435149544147,726.435149544147,726.6134891323021,,,,,727.3686674900174
3647,355.9600573233265,363.8055063442762,365.06056251848423,724.4756090712611,726.3998461373079,726.3998461373079,726.9980445620303,,,,,727.7642150008038
3658,357.0646390283609,364.83841416912475,365.7543671471761,725.7814404174352,725.9400608834069,725.9400608834069,727.3374614852123,,,,,727.8925623853107
3655,356.98868408878025,364.36615928947566,365.22087841166456,725.0679885801574,725.8183591206529,725.8183591206529,727.2051239100225,,,,,728.0072334101704
3642,355.66406584973515,363.0092181276202,364.0697309354226,722.1136602236913,722.5298842526173,722.5298842526173,724.5372516684498,,,724.5372516684498,728.1856382501365,728.1856382501365
3650,356.45216938937483,364.0051776707245,365.4261677178386,725.3363822443412,725.7027919771364,725.7027919771364,727.3068331425303,,,,,728.1887993389436
3652,356.87129243587316,364.031687816007,365.24738714096657,725.1068253417208,725.7814404174352,725.7814404174352,727.6997796652264,,,,,728.3364936071515
3656,357.0058738508478,364.5909092273704,365.8471565798191,725.8183591206529,725.9817396218615,725.9817396218615,727.9417129574888,,,,,728.4886500651498
3660,357.279704999818,364.9888308963872,366.3525701016064,726.5080401640507,727.3855047315501,727.3855047315501,728.4046695499001,,,,,729.2520246039437
3666,358.19116384646844,365.4261971491218,366.25335647439226,726.435149544147,727.4934455612686,727.4934455612686,727.8254286984811,,,,,729.3131013979327
3657,357.0163185780848,364.64524137698663,365.4261971491218,725.7027919771364,726.1679526922267,726.1679526922267,728.3482599486214,,,,,729.4105177516539
3667,358.27177303556374,365.7543671471761,366.6101323696296,727.3855047315501,727.6628944484215,727.6628944484215,728.6361836739745,,,,,729.6472775652089
3649,356.39411080924253,363.95230862367345,364.9888308963872,723.1647161432074,727.1189448067478,727.1189448067478,728.0103183040628,,,,,729.6906722215639
3659,357.22751543734415,364.9297410040875,365.9122305500379,725.9400608834069,726.5080401640507,726.5080401640507,728.6525520741855,,,,,729.8855838062071
3670,358.6153097021076,366.09583628994176,366.9189905070946,728.608368875145,728.8707798465144,728.8707798465144,729.4209087220107,,,,,729.9438237828227
3663,357.7182038779204,365.22087841166456,366.1690475625899,726.1679526922267,728.358086564142,728.358086564142,729.4349648433127,,,,,730.1644110873809
3662,357.4225586146349,365.0693995105356,366.21949036722435,726.3998461373079,728.0293162964141,728.0293162964141,729.7383261741679,,,,,730.4379588596154
3661,357.40329112964025,365.06056251848423,366.51935279071563,727.1189448067478,729.2854875082288,729.2854875082288,729.9158748708412,,,,,730.5485837114379
3671,358.6401842589707,366.1690475625899,366.8963634573105,728.358086564142,729.3120767362992,729.3120767362992,729.482776827793,,,,,730.9734012441007
3678,360.2871739623664,366.79190208214897,367.71907984658543,729.7666571953806,729.7773227680591,729.7773227680591,730.1503905782685,,,,,731.1523501782607
3668,358.3567939924169,365.8471565798191,366.79190208214897,727.6628944484215,729.3834750846122,729.3834750846122,730.0250133096125,,,,,731.1599607072837
3669,358.5861851679836,365.9122305500379,366.79973297187763,728.0293162964141,729.9443307064213,729.9443307064213,730.4103866248964,,,,,731.4429122729368
3672,358.65881005191903,366.21949036722435,367.1313026813862,728.8707798465144,729.3228311596389,729.3228311596389,730.8780497271415,,,,,731.4803488539509
3677,360.1790628536382,366.65670718179393,368.00043230980503,730.2794141772971,731.1670332262693,731.1670332262693,731.2286479899865,,,,,732.0163900587592
3685,361.7776999528853,367.406060485899,367.9727317517429,730.2213010192272,730.2794141772971,730.2794141772971,731.3847616441486,,,,,732.0993645668298
3665,357.96058071919805,365.4261677178386,366.65670718179393,727.4934455612686,728.608368875145,728.608368875145,731.4480233554633,,,,,732.1552739201496
3674,359.0126661789551,366.3525701016064,367.406060485899,729.3228311596389,730.9468830532891,730.9468830532891,731.9680799429493,,,,,732.4852228157939
3679,360.3306916167347,366.79973297187763,367.70522070774473,729.3834750846122,729.7666571953806,729.7666571953806,731.7201863155999,,,,,732.7393337902413
3688,362.20951658064024,367.8147714815404,368.53562663957445,731.4545948619726,731.7020544526426,731.7020544526426,732.4296112804019,,,,,733.0312524389302
3675,359.191330280747,366.51935279071563,367.25345964396934,729.2854875082288,731.6754880838954,731.6754880838954,732.0448540328338,,,,,733.1789829466584
3680,360.35293544814846,366.8963634573105,367.9167448829543,729.9443307064213,731.4513646540236,731.4513646540236,731.7146334123024,,,,,733.254271016632
3684,360.94043286522646,367.28158551186056,368.2605746997258,731.45257345802,731.4545948619726,731.4545948619726,733.0354844235674,,,,,733.6018982891967
3681,360.53227025347474,366.9189905070946,368.1697008406344,731.1670332262693,731.45257345802,731.45257345802,733.1948729297752,,,,,733.7317041321982
3686,362.05935112817684,367.70522070774473,368.2342851657028,731.4513646540236,731.6513223684675,731.6513223684675,733.3567039331347,,,,,733.9993395461858
3676,359.9427415098143,366.6101323696296,367.8147714815404,729.7773227680591,730.2213010192272,730.2213010192272,732.3455739744329,,,,,734.5208776651792
3691,362.37714497195293,368.00043230980503,368.8853755861852,732.0213741665975,733.384012415419,733.384012415419,733.6405031996549,,,,,734.5891031175852
3690,362.3476525888142,367.9727317517429,369.04188923071075,733.384012415419,733.4433431817164,733.4433431817164,733.597104387032,,,,,734.6891719758167
3689,362.3152847534459,367.9167448829543,368.81880595147715,731.7020544526426,732.0213741665975,732.0213741665975,732.4927703684555,,,,,734.9434380327903
3695,363.33656106347183,368.2605746997258,369.0654036937373,733.4433431817164,734.7401402944123,734.7401402944123,734.8052166359885,,,,,735.3772868291785
3693,362.8846654309672,368.1697008406344,369.2106076664189,733.6960818010991,734.3876030516916,734.3876030516916,734.819633321717,,,,,735.5286226595738
3692,362.4089208133089,368.1069468692663,369.17174443957543,733.4986639209254,733.7604683323419,733.7604683323419,734.3389469447574,,,,,735.6609530769434
3694,363.07040559071595,368.2342851657028,369.03099463339686,733.0603017457825,734.0415507890557,734.0415507890557,735.1852943745007,,,,,735.7555833162702
3706,364.00502186209513,369.3401530592131,370.29371993646396,734.9496658403251,735.5184224763971,735.5184224763971,735.6388280676522,,,,,736.4894998146779
3696,363.366951648337,368.53562663957445,369.7675092975485,734.7401402944123,734.8458160362349,734.8458160362349,735.8814898655955,,,,,736.6274610197268
3682,360.5889958819411,367.1313026813862,368.1069468692663,730.9468830532891,733.6960818010991,733.6960818010991,735.834626331994,,,,,736.6747087163186
3701,363.66574030595115,369.03099463339686,370.0337181867037,734.8998704525961,734.9133110751537,734.9133110751537,735.8930231826902,,,,,736.6911264053371
3673,358.94039999094286,366.25335647439226,367.28158551186056,729.3120767362992,733.4986639209254,733.4986639209254,735.9297115975244,,,,,736.7154733261441
3704,363.8234299335738,369.17174443957543,370.43196648656493,735.606300733494,736.1553785360353,736.1553785360353,736.3310795770185,,,,,737.2732452472675
3705,363.8648751811946,369.2106076664189,370.03383446598224,734.9133110751537,735.5480702672905,735.5480702672905,736.008934743844,,,,,737.440380369505
3699,363.5293360430927,368.81880595147715,369.70561785372456,734.0415507890557,735.606300733494,735.606300733494,736.7456835549984,,,,,737.4780426012844
3703,363.73951169123575,369.0654036937373,370.3541071476349,735.5184224763971,736.6029916006087,736.6029916006087,736.6858690968357,,,,,737.8344490904492
3708,364.14398165434284,369.7544604853506,370.55176883434274,736.1553785360353,736.8511999558173,736.8511999558173,737.183872792078,,,,,738.0434869904994
3702,363.67154972015504,369.04188923071075,370.36437965644245,735.5480702672905,737.0161218917,737.0161218917,737.5296309968077,,,,,738.4213543751121
3683,360.91389916740843,367.25345964396934,368.6073061168674,731.6513223684675,733.0603017457825,733.0603017457825,733.4021160783655,,,733.4021160783655,738.6193933029164,738.6193933029164
3697,363.45121144170594,368.6073061168674,369.7544604853506,734.3876030516916,737.9443858619769,737.9443858619769,738.0870488711765,,,,,738.6571926958376
3700,363.53220038331085,368.8853755861852,370.0321416156067,734.8458160362349,736.6062639570865,736.6062639570865,738.0184889228384,,,,,739.517818095632
3716,365.15823956624547,370.43196648656493,371.01764520203466,737.6486025367171,737.860454133938,737.860454133938,738.8327784796076,,,,,739.5188122509685
3718,365.33038421288376,370.63458406523415,371.41956713019295,737.9752855165319,738.4295385813168,738.637285640827,738.9185857861057,,,,,739.5679711657253
3713,364.74114021661694,370.29371993646396,370.9267526244806,737.3705625517641,737.6486025367171,737.6486025367171,738.470548181668,,,,,739.6388846163945
3698,363.45398252820394,368.7496056245522,369.3401530592131,733.7604683323419,734.8998704525961,734.8998704525961,739.2594063042949,,,,,739.7973011115737
3714,365.0762749265955,370.3541071476349,371.5158301811696,738.0595094995142,738.1043602568824,738.1043602568824,739.2098083838699,,,,,740.1050077370253
3709,364.1969264060281,369.7675092975485,370.89833260174015,737.0161218917,738.0595094995142,738.0595094995142,739.1257795440798,,,,,740.1373474996523
3715,365.1191398571383,370.36437965644245,371.37046252956037,737.9443858619769,737.9752855165319,737.9752855165319,739.5030443788122,,,,,740.1912810320334
3712,364.45304580212945,370.03383446598224,370.63458406523415,736.6029916006087,737.3705625517641,737.3705625517641,739.2920968865079,,,,,740.3503993588846
3717,365.3073074615619,370.55176883434274,371.6650726507273,738.1509541055991,738.229956507638,738.470548181668,739.8878603213464,,,,,740.5548867964345
3711,364.43161319607975,370.0337181867037,370.8187692239775,736.6062639570865,738.8216430689267,738.9185857861057,740.1977941082232,,,,,740.7267159936995
3722,365.5001898394529,370.9267526244806,372.0819745351933,738.8070476764572,739.2263053995707,739.2263053995707,739.4903135845278,,,,,740.7427202643639
3719,365.3427834222654,370.8187692239775,371.54839863130854,738.1043602568824,740.2107320839492,740.2107320839492,740.5602827825076,,,,,741.1557343455039
3707,364.08779930413334,369.70561785372456,370.8353166627998,736.8511999558173,738.1509541055991,738.1509541055991,738.637285640827,,,,,741.1964324087628
3723,365.57978209680573,371.01764520203466,371.96821929130846,738.241079179953,738.8070476764572,738.8327784796076,740.3281472114164,,,,,741.7027645310831
3687,362.20451077173436,367.71907984658543,368.7496056245522,731.6754880838954,734.9496658403251,734.9496658403251,740.7868837229972,,,,,741.7086629226764
3735,367.0656240365846,372.4271876617634,372.8610116766224,740.0613431754093,740.6485540679871,740.6485540679871,740.9638196420728,,,,,741.7257019008866
3724,365.61085587070596,371.0745488829848,372.0967650203703,738.8216430689267,739.7341349944359,739.7341349944359,741.142956532386,,,,,741.8566492855706
3721,365.4543060184212,370.89833260174015,372.0034244530725,738.4295385813168,739.8920812673672,739.8920812673672,741.0135567860303,,,,,741.8784792643214
3725,365.6906565717639,371.37046252956037,372.66505477478717,739.7341349944359,740.0551096425261,740.0551096425261,740.3404104877237,,,,,742.1317166113389
3726,365.72326560107206,371.41956713019295,372.7173317410099,739.8920812673672,741.4071873995779,741.4071873995779,741.4912896047097,,,,,742.3337964473568
3720,365.3705617475006,370.8353166627998,371.89763261544584,738.229956507638,738.241079179953,738.6193933029164,740.4587527223108,,,,,742.5342552028783
3710,364.293808259957,370.0321416156067,371.0745488829848,737.860454133938,741.0862457219813,741.0862457219813,741.2480390156443,,,,,742.6825448501443
3734,366.8881711293774,372.0967650203703,372.75878802992423,740.0551096425261,741.3559354987273,741.3559354987273,742.1166781781167,,,,,742.7675632462451
3731,366.2547433760393,371.96821929130846,373.19325034694305,741.4064788335547,741.4770545961399,741.4770545961399,742.2085690838968,,,,,742.7731635153726
3727,365.77429823286076,371.5158301811696,373.01129482036777,740.2107320839492,741.4866888028469,741.4866888028469,742.2832739284846,,,,,743.0060634169783
3739,367.50317133901285,372.75878802992423,373.7872692259158,741.4866888028469,741.7725953305944,741.7725953305944,742.2293928824859,,,,,743.0349341475683
3729,366.11706755708985,371.6650726507273,372.61809977305455,739.6936921349806,740.0613431754093,740.0613431754093,742.1433658887304,,,,,743.2178817511914
3733,366.67826718517836,372.0819745351933,373.0435431757901,740.6485540679871,741.5024842486071,741.5024842486071,741.990138374497,,,,,743.8523170381939
3737,367.1941179808241,372.66505477478717,373.81062289182194,741.5024842486071,743.062006994096,743.062006994096,743.2401502452637,,,,,743.9281285334229
3745,368.84442078375304,373.19325034694305,373.93158042324933,742.3251564266648,742.669229523003,742.669229523003,743.4181355747894,,,,,743.9482879748832
3738,367.27025535529214,372.7173317410099,373.56550355476793,741.4770545961399,742.6049661401258,742.6049661401258,743.2893988956185,,,,,744.171205279573
3746,368.8900687050759,373.4680842671798,374.4041647863458,743.062006994096,743.7578655969131,743.7578655969131,743.9121765946802,,,,,744.4593695229307
3743,368.18423064975923,373.07825089119575,373.9498321196154,742.6049661401258,742.9299565849151,742.9299565849151,743.4192291418342,,,,,744.4874631783929
3744,368.68600661674515,373.1292163143235,374.0985153002331,742.669229523003,743.1912363841612,743.1912363841612,743.7490174857982,,,,,744.9334273976024
3749,369.1780420960277,373.81062289182194,374.76048841208416,743.7578655969131,744.4053279025445,744.4053279025445,744.57726909329,,,,,745.1117610891577
3732,366.36643814983665,372.0034244530725,373.07825089119575,741.0862457219813,741.8165506196303,741.8165506196303,744.7594687168108,,,,,745.5570095896866
3754,369.8040692831807,373.9498321196154,374.72442099629467,743.1912363841612,744.0125932582797,744.0125932582797,745.0382850486948,,,,,745.5917363344067
3728,365.97374164829296,371.54839863130854,372.4271876617634,739.2263053995707,739.6936921349806,739.6936921349806,740.9504047428331,,,740.9504047428331,746.0159460154035,746.0159460154035
3757,369.8869177706302,374.4041647863458,375.1302429351052,745.0085497954832,745.0731496114327,745.0731496114327,745.397503234856,,,,,746.0453229466106
3753,369.73818175961827,373.9470776531153,374.79927947719153,744.0125932582797,745.0085497954832,745.0085497954832,745.4232145333207,,,,,746.1609726812516
3740,367.5653291840745,372.8610116766224,373.823513191322,741.7725953305944,742.3251564266648,742.3251564266648,745.419041315321,,,,,746.7929893355995
3730,366.16314844786467,371.89763261544584,373.1292163143235,741.3559354987273,741.4064788335547,741.4064788335547,742.2396001996004,,,742.2396001996004,747.0467134749085,747.0467134749085
3742,368.15535595728767,373.0435431757901,373.9470776531153,742.4890560821744,744.482345747142,744.482345747142,746.3032167471416,,,,,747.2939184969289
3748,369.1692656941333,373.7872692259158,374.896391312034,744.482345747142,744.4919969157611,744.4919969157611,745.420465105725,,,,,747.5211230668393
3760,370.14698963113005,374.79927947719153,375.82319123888476,746.8049610512136,746.8555375104338,746.8555375104338,746.9852536789984,,,,,747.6604125010796
3747,369.1398891374066,373.56550355476793,374.3067454833927,742.9299565849151,744.999028576378,744.999028576378,745.1326281700302,,,,,747.7726714999903
3758,369.8931984449327,374.72442099629467,375.3999266477157,746.212285934045,746.7383611262944,746.7383611262944,746.8074673288756,,,,,747.8728127205148
3752,369.67473003339,373.93158042324933,374.9337812718639,744.4919969157611,746.212285934045,746.212285934045,746.607896172342,,,,,748.3614109172015
3756,369.86785475301303,374.3067454833927,375.2880180500885,745.8041342230111,747.6581530492782,747.6581530492782,747.7665645112698,,,,,748.3685682800881
3766,370.71411768052866,375.1560921014288,375.8524538642504,746.8555375104338,746.883122908163,746.883122908163,747.3123129067098,,,,,748.4155145110981
3741,368.01035157892795,373.01129482036777,373.9267021308413,741.8165506196303,742.4890560821744,742.4890560821744,745.301748720156,,,,,748.5329970111816
3751,369.5740998094455,373.9267021308413,374.8484072033038,744.4053279025445,746.9128624784782,746.9128624784782,747.535622616109,,,,,748.631201344986
3765,370.57358291416244,375.1302429351052,376.0261830532328,746.9128624784782,747.5580339779885,747.5580339779885,748.050360982494,,,,,749.376286257027
3736,367.10638848213614,372.61809977305455,373.4680842671798,741.4071873995779,746.6342634097605,746.6342634097605,749.3594594144621,,,,,749.8806144721624
3768,370.8542011883466,375.3999266477157,376.328611477784,747.6572264760729,748.1060580062152,748.1060580062152,748.7983459598425,,,,,749.9278297355158
3764,370.4464970866186,375.08741848441514,375.86413987670886,746.883122908163,746.9058740338663,746.9058740338663,748.9499865457883,,,,,750.0782285281151
3775,371.14683552044096,376.0261830532328,376.9786104112699,748.9241117489911,749.3862374789134,749.3862374789134,749.6143748741542,,,,,750.1352359310567
3767,370.7224106979082,375.2880180500885,376.57364400656775,747.951476351502,748.0312254110689,748.0312254110689,749.3541172632163,,,,,750.2282922062309
3761,370.2414873466396,374.8484072033038,375.87448311356036,746.9058740338663,749.152233499303,749.152233499303,749.7885452623291,,,,,750.3382685504698
3763,370.426476783207,374.9337812718639,376.1159995247373,747.5580339779885,747.951476351502,747.951476351502,749.8795406701687,,,,,750.5069367649104
3759,370.0377939462126,374.76048841208416,375.72686741337395,746.6342634097605,747.6572264760729,747.6572264760729,749.9348298849576,,,,,750.5273473521839
3771,371.0381409454448,375.82319123888476,377.0093636649066,749.152233499303,749.5386859058868,749.5386859058868,750.0331233757885,,,,,750.5382666943073
3773,371.1201590792114,375.86413987670886,376.9422318809413,748.3392104174367,748.9241117489911,748.9241117489911,750.0866192425625,,,,,750.6238307051398
3762,370.340556228448,374.896391312034,375.79590985156796,746.7383611262944,746.8049610512136,746.8049610512136,749.3968543616406,,,,,750.6834919346221
3779,371.59829995632805,376.57364400656775,377.581427639375,749.5386859058868,749.7526864987893,749.7526864987893,750.182799781116,,,,,750.936786246863
3770,371.0258769778181,375.79590985156796,376.92585247502296,748.2732108405088,748.3392104174367,748.3392104174367,749.0316289053036,,,,,751.0682675055281
3780,371.70612102067383,376.7974643356354,377.7938957622683,750.0635844748813,750.2121393982975,750.2121393982975,750.360059473377,,,,,751.2261454792801
3755,369.84483199524055,374.0985153002331,375.1560921014288,745.0731496114327,745.8041342230111,745.8041342230111,747.7008869458534,,,747.7008869458534,751.6917216476243,751.6917216476243
3774,371.1213714435695,375.87448311356036,376.8490634632135,748.1060580062152,748.2732108405088,748.2732108405088,750.347874648341,,,,,751.8842217168279
3781,371.8028457105721,376.8490634632135,377.8393137556159,750.2121393982975,750.5598979855234,750.5598979855234,750.951923975078,,,,,752.0204280011986
3783,372.0114350939117,376.9422318809413,377.8605944029425,750.635659775216,750.7157210564211,750.7157210564211,751.5845281791121,,,,,752.272772686232
3778,371.5932450045411,376.537059343002,377.6222415788717,749.7526864987893,750.0635844748813,750.0635844748813,751.6403208753438,,,,,752.3875481897956
3788,372.9013692274129,377.581427639375,378.49927125742056,751.4692276603623,751.5263804430863,751.5263804430863,751.9569829083592,,,,,752.5511089235653
3769,370.9468652631182,375.72686741337395,376.7974643356354,748.0312254110689,751.1687263370002,751.1687263370002,751.7048667042193,,,,,752.9813984148167
3776,371.4957637199279,376.1159995247373,377.0691600898712,749.3749039906891,750.635659775216,750.635659775216,752.1693276317029,,,,,752.9984708251119
3750,369.23737623040137,373.823513191322,375.08741848441514,744.999028576378,749.3749039906891,749.3749039906891,752.4154386994381,,,,,753.4417650241504
3792,373.1746485077296,377.84171836239585,378.91732618309595,752.7662153163294,752.8648828180261,752.8648828180261,752.8698257234324,,,,,753.4856119325101
3777,371.50250915650525,376.328611477784,377.1836438819007,749.3862374789134,751.0434934585636,751.0434934585636,752.2048843801862,,,,,753.7306327123351
3782,371.8650555525597,376.92585247502296,378.0732774134684,751.0434934585636,751.4692276603623,751.4692276603623,752.6691000321339,,,,,753.8307676155505
3772,371.06202498034787,375.8524538642504,376.537059343002,747.6581530492782,751.420282856402,751.420282856402,753.375238759076,,,,,753.8837729776466
3789,372.96296351007305,377.6222415788717,378.7472408660813,751.6209912143003,752.7662153163294,752.7662153163294,753.6456552295831,,,,,754.3855016416483
3786,372.5567206416269,377.0691600898712,378.3261285395918,751.420282856402,752.8851325299953,752.8851325299953,753.6934374155944,,,,,754.4112532272295
3785,372.4439770558829,377.0093636649066,377.90620743288395,750.7157210564211,751.6209912143003,751.6209912143003,753.5239531272499,,,,,754.6073018088626
3794,373.3017445103168,377.90620743288395,378.751987978842,752.0936227012189,753.229210794442,753.229210794442,754.5393073116849,,,,,755.0878676713177
3796,373.5255012636141,378.2180585296302,379.0731944698067,752.8648828180261,752.9049253761232,752.9049253761232,753.9442899645866,,,,,755.1687555552857
3797,373.5640636019111,378.3261285395918,379.5153585100301,752.9049253761232,753.5257442589534,753.5257442589534,754.0165766361391,,,,,755.3011900423758
3795,373.3213696212636,378.0732774134684,379.3310730490683,752.8851325299953,753.7349666837715,753.7349666837715,754.5665733148458,,,,,755.4131451298261
3805,373.913865879768,379.0731944698067,380.0187740496999,754.1324695043335,754.6868742468331,754.6868742468331,754.9214067376819,,,,,755.449750735053
3791,373.0251541628283,377.8393137556159,378.9487444227723,752.8110224335335,752.8376799875169,752.8376799875169,754.9327068906364,,,,,755.6385178321676
3784,372.1421188620021,376.9786104112699,377.84171836239585,750.5598979855234,752.8110224335335,752.8110224335335,755.1009842833992,,,,,755.6638727409984
3787,372.69554930673854,377.1836438819007,378.2180585296302,751.1687263370002,753.8729850968532,753.8729850968532,754.4129112923275,,,,,755.7187455108941
3800,373.64359853914374,378.7472408660813,379.6125554302139,753.229210794442,754.1324695043335,754.1324695043335,754.7787692833343,,,,,756.01134735852
3793,373.24282804782973,377.8605944029425,378.6642224749405,751.5263804430863,752.0936227012189,752.0936227012189,755.6256709047656,,,,,756.1287745361104
3790,373.00311823461385,377.7938957622683,379.0670505376789,752.8376799875169,752.9345661205087,752.9345661205087,755.4232804370461,,,,,756.2264975327189
3804,373.83639012344867,379.0670505376789,380.0416866229062,754.6868742468331,754.7051621433426,754.7051621433426,755.0160259015432,,,,,756.5218703732858
3803,373.7683739846647,378.9487444227723,379.8131311854293,753.7349666837715,755.7168427492397,755.7168427492397,755.9681455562538,,,,,756.9823203675764
3799,373.5761739232216,378.6642224749405,379.9099325915655,753.8729850968532,756.0909308179469,756.0909308179469,756.160846252254,,,,,757.6642965860237
3801,373.67954250132215,378.751987978842,379.53961227119015,752.9345661205087,754.7826442316046,754.7826442316046,756.7304792296113,,,,,757.6750367508181
3806,374.055381892422,379.3310730490683,380.18246124004907,755.2064112269884,755.6487583417133,755.6487583417133,757.4301059799787,,,,,758.2695985677137
3816,374.56223734253655,380.121395390171,380.9552638864187,756.7113475690513,757.8557089155274,757.8557089155274,757.8607540425386,,,,,758.47926044526
3809,374.27616158302664,379.6125554302139,380.3772068484068,755.6487583417133,757.0498248580457,757.0498248580457,757.5961519371441,,,,,758.6779931944707
3808,374.2737618105736,379.53961227119015,380.121395390171,754.7826442316046,755.9197169582686,755.9197169582686,757.4333933072126,,,,,758.8128875126226
3812,374.372571689338,379.9099325915655,381.24014898600785,757.0498248580457,757.5363273437105,757.5363273437105,758.4408823913535,,,,,758.9769530497748
3807,374.0781161039916,379.5153585100301,380.5481916752152,755.7168427492397,756.7113475690513,756.7113475690513,758.110940201973,,,,,759.0533090688446
3813,374.37329995318913,380.0187740496999,380.85205715926566,756.0909308179469,756.7278379082222,756.7278379082222,758.4364092160563,,,,,759.3344122378497
3811,374.3576080217442,379.8131311854293,381.18507184768237,756.7278379082222,758.3366462264514,758.3366462264514,758.5125722406494,,,,,759.4975924335674
3810,374.31816480359254,379.7120378729436,380.73398245462187,755.9197169582686,758.1997374747347,758.1997374747347,758.3051711060392,,,,,759.5245189998482
3802,373.7661027377723,378.91732618309595,380.11679169535154,754.7051621433426,756.0244899428892,756.0244899428892,759.343956294687,,,,,759.8630881799494
3815,374.50609118014916,380.11679169535154,380.83470124198936,756.0244899428892,759.1147102099102,759.1147102099102,759.2547335912324,,,,,759.9201261086533
3814,374.38337820624537,380.0416866229062,381.32286920955835,757.5363273437105,757.8445519785164,757.8445519785164,759.7752447705462,,,,,760.3354143955668
3823,375.39596714337216,380.9552638864187,382.02201097120866,759.1147102099102,759.2685206895545,759.2685206895545,759.6002368333127,,,,,760.4083806289933
3822,375.36316755922695,380.85205715926566,381.76366939962907,758.1997374747347,758.8702184823029,758.8702184823029,759.7736448617579,,,,,760.4171175811288
3817,374.57554761375894,380.18246124004907,381.3541976925681,757.8445519785164,757.9269904620674,757.9269904620674,759.2797509224699,,,,,760.4946277583554
3798,373.57475806633073,378.49927125742056,379.7120378729436,753.5257442589534,755.2064112269884,755.2064112269884,756.1149519926739,,,756.1149519926739,761.7035455082774,761.7035455082774
3827,375.91938191869895,381.3541976925681,382.2031985632551,759.2685206895545,760.6340884381478,760.6340884381478,760.6986821128565,,,,,761.8490809407414
3831,376.6035567415312,381.76366939962907,382.54911086069234,760.6340884381478,760.6365968787048,760.6365968787048,761.6320644181861,,,,,762.2155561523269
3818,375.0218403307539,380.3772068484068,381.4050163941687,757.8557089155274,757.9967033705661,757.9967033705661,761.6102926324419,,,,,762.3053338076251
3826,375.65726877858697,381.32286920955835,382.6066666180113,760.6365968787048,761.205706463669,761.205706463669,761.266768932663,,,,,762.3976709167669
3824,375.42933955382165,381.18507184768237,381.8862093868964,758.8702184823029,759.3804884005816,759.3804884005816,761.1941374218542,,,,,762.5064170093019
3821,375.27592021954973,380.83470124198936,381.59628116135707,757.9967033705661,760.9781314209243,760.9781314209243,761.7867401171626,,,,,762.6079778833714
3820,375.26580619597905,380.73398245462187,381.7867019455479,758.3366462264514,760.3962773839501,760.3962773839501,761.1289094436856,,,,,762.6737394284695
3819,375.028386726163,380.5481916752152,381.53058842308394,757.9269904620674,761.743825333838,761.743825333838,761.8004666114587,,,,,762.8484917257583
3828,375.94004598775365,381.4050163941687,382.4645108070221,759.3804884005816,761.3378506613656,761.3378506613656,762.1785817318182,,,,,762.9691811841484
3836,376.9175363465432,382.4645108070221,383.1401750557295,761.743825333838,762.150447521332,762.150447521332,762.3242424437682,,,,,763.5200306766127
3829,375.9794498579058,381.53058842308394,382.695951633732,761.205706463669,761.2668363202531,761.2668363202531,761.8066262868798,,,,,763.5897335739885
3834,376.7984395042309,382.02201097120866,382.99883138116786,761.3378506613656,761.8792378661922,761.8792378661922,762.6522076533226,,,,,764.2610441660261
3825,375.58598434678186,381.24014898600785,382.4961787536912,760.3962773839501,762.3545343915523,762.3545343915523,763.577894317618,,,,,764.274112379813
3835,376.8183653698117,382.2031985632551,383.35292133059846,762.150447521332,763.6293057386275,763.6293057386275,764.2428826741908,,,,,764.8467703393194
3837,377.0117243231255,382.4961787536912,383.22817940684007,761.8792378661922,764.0322636387803,764.0322636387803,764.2810339289697,,,,,764.8594987074417
3832,376.7025924212606,381.7867019455479,383.02400186564813,761.37002109276,762.4760125828506,762.4760125828506,763.9492320712609,,,,,765.2633482385803
3830,376.47886727809913,381.59628116135707,382.8068454941722,761.2668363202531,761.37002109276,761.37002109276,763.1296144949542,,,,,765.786174815722
3838,377.2793710014909,382.54911086069234,383.7624738818326,763.6293057386275,765.2699978087949,765.2699978087949,765.3763149243441,,,,,766.2839760992655
3833,376.79205427063977,381.8862093868964,382.6227002715777,760.9781314209243,765.0052547826103,765.0052547826103,765.0723332419457,,,,,766.5278634114779
3844,377.8447238160085,383.02400186564813,384.1281925014614,765.2699978087949,765.9773527396252,765.9773527396252,766.2336689744337,,,,,766.7962035156507
3845,378.11837716615685,383.1401750557295,383.8232798672171,765.0052547826103,765.6248622264196,765.6248622264196,765.8865890027785,,,,,767.0786717784994
3850,378.681456151037,383.7624738818326,384.58756126076776,765.7548633489912,766.5229122598708,766.5229122598708,766.7396225853922,,,,,767.4125574640794
3848,378.37982261114576,383.4445482754425,384.497347333086,765.6248622264196,766.4442222282453,766.4442222282453,766.9815689374076,,,,,767.7172681852294
3851,378.930184553605,383.7987146816339,384.7606151869026,766.4442222282453,767.0843316973071,767.0843316973071,767.3678985387311,,,,,767.8801547415684
3842,377.5877997443246,382.8068454941722,383.7987146816339,764.0322636387803,765.2302651303522,765.2302651303522,766.6238019271153,,,,,768.2117773507598
3847,378.24775855937196,383.35292133059846,384.64206647196323,766.3676662812258,767.0831450448189,767.0831450448189,767.7625438233478,,,,,768.323212611843
3852,378.9497250378684,383.8232798672171,384.63072118615804,765.9773527396252,766.6621034673315,766.6621034673315,767.323793161307,,,,,768.4391758068361
3849,378.3969906519521,383.7581312238182,384.83444615406916,766.5229122598708,767.2165972669293,767.2165972669293,767.966802109428,,,,,768.4696017010743
3846,378.2347000745009,383.22817940684007,384.4494830309853,765.5620161928215,765.7548633489912,765.7548633489912,766.9208705320519,,,,,768.4892336445832
3860,379.89585496069316,384.64206647196323,385.73052889452237,768.1270361885762,768.2404020141814,768.2404020141814,768.4278384107956,,,,,768.9576402665763
3854,379.0432392324541,384.1215820520168,385.2675239121806,767.0843316973071,767.6019882089514,767.6019882089514,768.2867908547844,,,,,769.2749715621214
3841,377.51486468899765,382.695951633732,383.7581312238182,762.4760125828506,768.0889618895461,768.0889618895461,768.9417227502663,,,,,769.5732296114406
3853,379.0046303419516,383.9986874177247,385.29084547557227,767.2165972669293,768.7185813416381,768.7185813416381,768.9774199945448,,,,,769.6804271055121
3857,379.47550204639134,384.497347333086,385.47260436717534,767.6175679734382,768.0935720953465,768.0935720953465,768.4928129572568,,,,,769.8535354678123
3856,379.273826407928,384.4494830309853,385.6170973915356,768.0935720953465,768.1270361885762,768.1270361885762,769.028269635216,,,,,769.8619346042177
3855,379.158267971111,384.1281925014614,384.9931320107792,766.6621034673315,768.2457724911789,768.2457724911789,769.0417657002954,,,,,770.0545382353315
3840,377.34734536834475,382.6227002715777,383.9986874177247,765.1207067308513,765.5620161928215,765.5620161928215,765.716305216659,,,765.716305216659,770.4383100324092,770.4383100324092
3859,379.88453715150973,384.63072118615804,385.43395944943427,767.6019882089514,767.6175679734382,767.6175679734382,769.8763519331781,,,,,771.3521724370293
3868,381.01089586132736,385.47260436717534,386.17630353778554,769.6152263473696,770.6140969457316,770.6140969457316,770.678891143747,,,,,771.3897757105334
3858,379.49703638409346,384.58756126076776,385.2284830870345,767.0831450448189,770.0211126008497,770.0211126008497,770.537548836448,,,,,771.8035326621122
3839,377.282079358303,382.6066666180113,383.4445482754425,762.3545343915523,765.1207067308513,765.1207067308513,766.4664597839,,,766.4664597839,771.9946166746458,771.9946166746458
3863,380.6389139250901,384.9931320107792,386.0429350553624,768.2457724911789,770.0276929515866,770.0276929515866,771.4530969472064,,,,,772.2954768353306
3866,380.8476850804655,385.29084547557227,386.1173308173132,768.7185813416381,769.6152263473696,769.6152263473696,770.6374869690627,,,,,772.7112934818075
3867,380.96450448294934,385.43395944943427,386.44620627427014,770.0276929515866,770.6352641230657,770.6352641230657,771.799856709815,,,,,772.756936332696
3864,380.70125049046476,385.2284830870345,386.3362886158445,770.0211126008497,771.7368479337243,771.7368479337243,772.7277398946397,,,,,773.3694207828459
3843,377.64646148128656,382.99883138116786,384.1215820520168,765.2302651303522,766.3676662812258,766.3676662812258,768.0975950671487,,,768.0975950671487,773.5627787151067,773.5627787151067
3861,380.17392383798176,384.7606151869026,385.8348040799829,768.2404020141814,771.6539040160395,771.6539040160395,771.9237048683448,,,,,773.5951568540529
3862,380.332627455875,384.83444615406916,385.58127149273986,768.0889618895461,772.319190205134,772.319190205134,773.2217643351233,,,,,773.7585749850241
3865,380.8282517433846,385.2675239121806,386.65623190841376,770.6352641230657,772.5498697740167,772.5498697740167,772.9957126986149,,,,,773.780417039769
3872,381.31741553070106,385.8348040799829,386.88320243363813,772.0443472835115,772.965908466252,772.965908466252,773.2770615526547,,,,,774.2429057065976
3877,381.96620207010466,386.44620627427014,387.2202332641218,772.7578065429901,772.7959005130906,772.7959005130906,773.5274148382339,,,,,774.3514089939879
3878,381.9689305536982,386.6422438674435,387.4124841393065,772.965908466252,773.6844619096114,773.6844619096114,774.0862417064093,,,,,774.6261263490148
3875,381.72122160246016,386.17630353778554,387.0970610351539,772.5498697740167,772.7578065429901,772.7578065429901,773.5659806618103,,,,,774.8790444743304
3880,382.0481788376487,386.7666672033149,387.89176742926094,773.8238549092487,773.8602244549309,773.8602244549309,774.6614280316404,,,,,775.1914087452789
3889,382.7419065278869,387.4706585159923,388.1660672615032,773.8602244549309,774.2413802208519,774.2413802208519,774.4976225076997,,,,,775.237175065857
3874,381.46205681625514,386.1173308173132,387.03755502026854,772.319190205134,773.8397530934366,773.8397530934366,775.2832149379332,,,,,775.8552694617842
3876,381.929820612173,386.3362886158445,387.4706585159923,773.1011193163263,774.2539570498781,774.2539570498781,774.385346076381,,,,,776.1566776228996
3879,381.99730745247496,386.65623190841376,387.3435909840293,772.9081847842946,773.1011193163263,773.1011193163263,775.5331288171657,,,,,776.327777135479
3870,381.2282470620955,385.6170973915356,386.7666672033149,771.6539040160395,772.9081847842946,772.9081847842946,775.6005605358301,,,,,776.4171402359273
3873,381.32775840407794,386.0429350553624,387.24262537688577,772.7959005130906,773.3463528169956,773.3463528169956,775.6980208357032,,,,,776.5759572324677
3891,382.85469798059097,387.8573041018044,388.76994028102916,774.6269422384051,775.57800613056,775.57800613056,775.8822485552665,,,,,776.6047981014915
3883,382.25793692700876,387.03755502026854,388.3346455330572,774.2413802208519,774.3156587897179,774.3156587897179,775.1705371215443,,,,,776.6945660738326
3890,382.76320201346596,387.7804176093196,389.1274293967788,775.7492529841572,775.7974818564622,775.7974818564622,776.4407268643617,,,,,777.3193476219368
3885,382.4012899782168,387.2202332641218,387.8573041018044,773.6844619096114,773.8238549092487,773.8238549092487,776.6487609653184,,,,,777.346230713685
3881,382.0546753757815,386.7859514382967,387.7804176093196,773.3463528169956,774.4880682268483,774.4976225076997,776.9079673301748,,,,,777.4646260607022
3892,382.94078886149634,387.89176742926094,388.72485505398373,774.4880682268483,774.6269422384051,774.6614280316404,776.712724819796,,,,,777.5624690793475
3869,381.14636360375283,385.58127149273986,386.6422438674435,770.6140969457316,774.72853679792,775.1705371215443,776.7715722977202,,,,,777.7954469006257
3896,383.2062950180537,388.37092767251914,389.4971711103861,776.1290421533098,776.2245978772769,776.6487609653184,777.2609038139703,,,,,777.9061020616268
3884,382.2651509882975,387.0970610351539,388.37092767251914,774.2539570498781,775.0547661003402,775.2832149379332,777.330514253583,,,,,777.946787387058
3895,383.1297062594646,388.3346455330572,389.2809587881183,775.7974818564622,776.1125573870277,776.1125573870277,777.1389495549475,,,,,778.0002193597317
3888,382.73303893651206,387.4124841393065,388.82755960248096,774.72853679792,776.3572468742968,776.7715722977202,777.1724317582136,,,,,778.2444971060511
3901,383.8792737067032,388.82755960248096,389.5778624215756,776.1324415612291,776.2538516558122,776.712724819796,776.8105073543773,,,,,778.3078885081526
3897,383.22831881385326,388.4169931730156,389.80811003614565,776.4051537389951,776.7822408239107,776.9079673301748,777.2745293268733,,,,,778.4472957801522
3882,382.2569419167833,386.88320243363813,387.9884550367063,773.8397530934366,774.4351280981671,774.4351280981671,776.0135766438393,,,,,778.9626863982506
3898,383.24195503479615,388.4283858582914,389.4225561603709,776.1125573870277,776.1290421533098,776.1290421533098,778.2358224987968,,,,,779.0040099253778
3893,382.97496625022944,387.9884550367063,388.89802148902476,775.0547661003402,776.1324415612291,776.4407268643617,778.3492234431408,,,,,779.0381495354517
3905,384.80182134716307,389.2809587881183,390.01413509760937,776.7822408239107,776.9213015624898,777.1724317582136,777.928930614089,,,,,779.0620048477801
3900,383.8660187403413,388.76994028102916,389.60502704032615,776.2245978772769,776.4051537389951,776.8105073543773,777.5043923690098,,,,,779.0784698596823
3912,385.4037879432659,389.80811003614565,390.67940395907993,777.9930141504863,778.165788373224,778.165788373224,778.6248879083654,,,,,779.2420012386333
3903,384.1121176880483,388.979183705152,389.9115477294269,776.5682232408917,777.9114831200163,777.9114831200163,778.0529257742031,,,,,779.3135640201033
3902,383.9379687110762,388.89802148902476,389.8002751508697,776.3572468742968,777.7598172104185,777.7598172104185,779.0779050929403,,,,,779.6046832328418
3871,381.2739140097428,385.73052889452237,386.7859514382967,771.7368479337243,772.0443472835115,772.0443472835115,773.0082042766761,,,773.0082042766761,779.8115384470195,779.8115384470195
3914,385.7283733813107,390.01413509760937,391.07615277480795,778.36859778182,778.4999322533531,778.977766599237,779.2029322887561,,,,,779.9090547990058
3910,385.2477153021912,389.7353452061634,390.68174357572934,778.0960919543695,778.349051950377,778.349051950377,778.977766599237,,,,,779.9153230386978
3904,384.4090043814943,389.1274293967788,390.0288113055502,776.9213015624898,777.6803236133348,777.6803236133348,779.7222444129659,,,,,780.3422667247592
3887,382.62361418565513,387.3435909840293,388.4169931730156,774.3156587897179,777.9930141504863,777.9930141504863,779.0140875726765,,,,,780.4716657971965
3913,385.6499046653751,389.9115477294269,391.1191950364923,778.4999322533531,778.5877132053229,779.0140875726765,780.0861351912024,,,,,780.6108564814527
3907,384.9991832581423,389.4971711103861,390.0814523801179,777.6803236133348,778.351656583068,778.351656583068,780.3035429238482,,,,,781.0069953320319
3922,386.6641252447697,390.9634143534565,391.79198039761314,779.7769962504059,779.9437587833472,780.2990573617403,780.4627552718927,,,,,781.1262282027326
3917,386.0044056685392,390.1866133820254,391.48954858429056,778.639041170708,778.6502356880254,779.3888707216778,780.2990573617403,,,,,781.1931080591478
3916,385.92346761538056,390.0814523801179,391.16777998516426,778.5877132053229,779.4180815891928,779.8115384470195,780.6347260761355,,,,,781.2621012733924
3909,385.21543976278195,389.60502704032615,390.60777819776104,777.9114831200163,778.0960919543695,778.0960919543695,780.6133717434769,,,,,781.279586319561
3925,387.11224542141963,391.1191950364923,392.23131374150904,780.405093931558,780.4598844332896,780.4598844332896,780.6417735188387,,,,,781.4131921821861
3906,384.8924681922768,389.4225561603709,390.1866133820254,777.7598172104185,779.2524714331181,779.6191059224992,780.6683737859289,,,,,781.580397566207
3926,387.2068661361255,391.16777998516426,392.09847228172237,779.9437587833472,780.405093931558,780.405093931558,780.4201322678933,,,,,781.8351044198904
3918,386.07343057096455,390.60777819776104,391.6063695092136,779.2524714331181,779.426205044065,779.9852028465193,780.8654956091665,,,,,781.9261938117199
3908,385.0889438252195,389.5778624215756,390.6950606754233,778.165788373224,778.36859778182,778.6248879083654,779.9852028465193,,,,,781.9804200040888
3899,383.3130448392738,388.72485505398373,389.7353452061634,776.2538516558122,776.5682232408917,776.834286909104,779.6191059224992,,,,,782.0978285833637
3932,387.8448581139151,391.7396313157528,392.68263383700804,781.3124676696272,781.3633791766429,781.3633791766429,781.5819386733194,,,,,782.1906457549654
3921,386.5695375829792,390.6950606754233,391.57669582359296,778.6502356880254,781.3124676696272,781.3124676696272,781.3558172630751,,,,,782.2048477158049
3886,382.46148939962507,387.24262537688577,388.4283858582914,774.4351280981671,779.7769962504059,780.0861351912024,780.4722867218072,,,,,782.7569584002588
3919,386.4257389174516,390.67940395907993,391.52849312501513,778.649727580549,781.4363814711811,781.4363814711811,781.6136583422775,,,,,782.760924729988
3931,387.70206976707425,391.64966128462316,392.59126862097895,780.5785911391889,781.7544231070626,781.7544231070626,782.223146305383,,,,,782.9954927944891
3928,387.32291174836683,391.52849312501513,392.82266429020973,781.4363814711811,781.9031714787634,781.9031714787634,782.0939225236232,,,,,783.111189876337
3930,387.4724970201365,391.6063695092136,392.67114712054297,780.8816096476996,782.462551987988,782.462551987988,782.6065078320609,,,,,783.2279919804917
3936,388.0433170912327,392.35478390841035,393.2011482424769,781.8762177562312,781.8958274009686,781.8958274009686,783.088698431648,,,,,783.6522933506357
3939,388.46452825745786,392.67114712054297,393.8198896542985,783.0959470830779,783.2084209668436,783.2084209668436,783.2234433697473,,,,,783.7892558234411
3927,387.2715850213959,391.48954858429056,392.35478390841035,780.4598844332896,780.8816096476996,780.8816096476996,783.1869452734627,,,,,783.857584632847
3924,386.83821790880125,391.07615277480795,391.64966128462316,779.4180815891928,780.5785911391889,780.5785911391889,783.2222428812003,,,,,783.863508657715
3923,386.76322260695713,391.0288523102522,392.6391190869727,780.6029201727494,782.2561465909672,782.2561465909672,782.4944212126568,,,,,783.8807488029281
3894,383.0800197660259,388.1660672615032,388.979183705152,775.57800613056,775.7492529841572,775.7492529841572,776.834286909104,,,777.1389495549475,783.8962965891801,783.8962965891801
3911,385.3975316551274,389.8002751508697,390.9634143534565,778.349051950377,778.649727580549,779.2029322887561,783.0202639837498,,,,,784.0062743156058
3915,385.84492455106056,390.0288113055502,391.0288523102522,778.351656583068,778.639041170708,779.0779050929403,779.3888707216778,,,779.7222444129659,784.2382968738268,784.2382968738268
3920,386.4915049250919,390.68174357572934,391.7396313157528,779.426205044065,780.6029201727494,780.6029201727494,783.5494791096555,,,,,784.4533714846224
3937,388.25641321830534,392.59126862097895,393.54762031525115,782.462551987988,783.0959470830779,783.0959470830779,784.0113949507581,,,,,785.3414072312615
3935,387.9982335740866,392.23131374150904,393.56905682095106,782.8755910616759,783.7745471349937,783.7745471349937,784.6437387325115,,,,,785.417955523524
3949,389.91182952909594,393.56905682095106,394.5464407189337,784.1464388385967,784.6475008340627,784.6475008340627,784.6526793524924,,,,,785.508905410299
3946,389.2367104445589,393.4101684583489,394.43882410597803,783.9864309429273,784.1464388385967,784.1464388385967,784.336416808078,,,,,785.5191363532989
3940,388.65125904338555,392.68263383700804,393.3912862845777,781.8958274009686,783.9864309429273,783.9864309429273,784.8025838521646,,,,,785.7169306676858
3934,387.92466082792316,392.09847228172237,393.4101684583489,781.9031714787634,783.2638964984066,783.2638964984066,784.776891865791,,,,,785.7599689027004
3941,388.8193065928887,392.80807847221183,393.93856326454585,783.2638964984066,784.0033034656542,784.0033034656542,785.3130776672463,,,,,785.9008109796484
3951,389.9836079047705,393.83442298531173,395.0428255585585,784.8774558225895,784.9373467538364,784.9373467538364,785.1425250787274,,,,,785.9997640031709
3943,389.03340390997806,392.916723675307,394.0807734000622,783.7745471349937,783.8196244663897,783.8196244663897,785.2832306855342,,,,,786.048408598553
3942,388.95297643718976,392.82266429020973,393.83442298531173,783.2084209668436,784.4644765549397,784.4644765549397,784.695066253869,,,,,786.0782314855275
3938,388.4492970588111,392.6391190869727,393.48143537770716,782.2561465909672,782.8755910616759,782.8755910616759,785.4035481188151,,,,,786.2836263949671
3944,389.1202058763715,393.2011482424769,394.1265349903855,783.8196244663897,784.5357084828439,784.5357084828439,785.7258361607674,,,,,786.6665223591692
3953,390.04646891455815,394.0807734000622,395.08892927589596,784.9373467538364,785.9567043343638,785.9567043343638,786.1025359207358,,,,,786.6916573596453
3929,387.34526650764764,391.57669582359296,392.80807847221183,781.3633791766429,781.8762177562312,781.8762177562312,782.5733723608691,,,782.5733723608691,786.8322409258653,786.8322409258653
3954,390.1558210076195,394.1265349903855,394.9646613551658,784.747545311777,785.5754473169324,785.5754473169324,786.0572121478859,,,,,786.8400050575153
3950,389.91276879292343,393.8198896542985,394.5389474363903,784.0033034656542,784.8774558225895,784.8774558225895,785.7907671474219,,,,,787.2800222865118
3945,389.13742367651804,393.3912862845777,394.61122010369,784.4644765549397,784.747545311777,784.747545311777,786.076570672904,,,,,787.70792904096
3947,389.5366673195938,393.48143537770716,394.8706709964828,784.6475008340627,785.4935939184682,785.4935939184682,788.1548944811373,,,,,789.1448940924511
3955,390.2366927649558,394.43882410597803,395.97590022545313,788.0789460102596,788.5731205091852,788.5731205091852,788.686185680337,,,,,789.2721653396366
3963,390.73850886423196,395.08892927589596,395.8088560424663,787.6771746430168,787.8042717965712,787.8042717965712,788.2339674832409,,,,,789.3147315031595
3957,390.3938058544365,394.5464407189337,395.48393505466674,787.581878844305,787.6518127350852,787.6518127350852,787.857120702634,,,,,789.5845422847739
3956,390.27246690491165,394.5389474363903,395.47501944558746,787.4012956832537,788.6475569440561,788.6475569440561,788.8017772176041,,,,,789.6423877584842
3966,390.8645369516164,395.34154726399316,396.3566797561696,788.6475569440561,788.9455239479671,788.9455239479671,789.1183943684993,,,,,789.8281556287659
3933,387.85174365381994,391.79198039761314,392.916723675307,781.7544231070626,787.581878844305,787.581878844305,788.4819515721482,,,,,790.0350945145606
3948,389.5852321571735,393.54762031525115,394.67818089824243,784.5357084828439,787.4012956832537,787.4012956832537,789.2547373699296,,,,,790.1707493359681
3959,390.5633525874253,394.67818089824243,395.1754287610132,785.5754473169324,788.0835115550748,788.0835115550748,789.1385902443983,,,,,790.206365717621
3961,390.6917470881641,394.9646613551658,395.69330395184966,787.6518127350852,787.6771746430168,787.6771746430168,789.1066575646137,,,,,790.3743498335585
3967,390.87359868587447,395.47501944558746,396.59448813637493,789.4200293229774,789.4555583802901,789.4555583802901,789.6783772735776,,,,,790.6486092974659
3964,390.8057488634592,395.16008937405746,395.9321898031731,787.8042717965712,789.9582442073929,789.9582442073929,790.0113581096688,,,,,790.793740381798
3971,391.2116576500272,395.9321898031731,396.8962333416283,789.906529979396,790.0128849860935,790.0128849860935,790.2679677347502,,,,,791.1132846859285
3962,390.6994971064996,395.0428255585585,395.983281275976,788.0835115550748,789.744334581393,789.744334581393,790.1726985994521,,,,,791.153526115051
3968,390.9982527333913,395.48393505466674,396.7901953857351,789.744334581393,789.7694035378639,789.7694035378639,790.081515925268,,,,,791.3567744118063
3974,391.49577076566635,396.0563962045925,397.1377760577881,790.0128849860935,790.6475569065177,790.6475569065177,791.1078748968274,,,,,791.6704192450989
3976,391.720279854986,396.3566797561696,397.3519717345536,790.6475569065177,790.9065174511026,790.9065174511026,791.1066386254652,,,,,791.7190066616338
3969,391.13554053074216,395.69330395184966,396.55693070717274,788.9455239479671,789.1543361427895,789.1543361427895,790.909882223597,,,,,791.8193616283667
3970,391.16350220856896,395.8088560424663,396.78562399356326,789.4555583802901,789.906529979396,789.906529979396,791.2356849784102,,,,,792.1946488375401
3972,391.2697253175966,395.97590022545313,396.5571624693681,789.1543361427895,789.4200293229774,789.4200293229774,791.6358813826494,,,,,792.3249396237214
3978,392.1280462661041,396.5571624693681,397.56045286737503,790.9065174511026,791.4418943697551,791.4418943697551,791.7344764808336,,,,,792.3384026840654
3952,390.02462720553547,393.93856326454585,395.34154726399316,785.9567043343638,788.0789460102596,788.0789460102596,791.8947392918894,,,,,792.4461460773288
3977,391.9014263943392,396.55693070717274,397.599387877302,791.4418943697551,791.6570937469722,791.6570937469722,792.149354369574,,,,,792.7775424054732
3958,390.5518719998743,394.61122010369,395.16008937405746,785.4935939184682,788.5836516913625,788.5836516913625,789.8850666697698,,,789.8850666697698,793.058459696743,793.058459696743
3979,392.5160089355317,396.59448813637493,397.6807572795242,791.469515053941,792.8654839762029,792.8654839762029,792.897366475797,,,,,793.5205807183979
3973,391.3724934704268,395.983281275976,397.0834317432246,789.9582442073929,791.893974914759,791.893974914759,793.018165302334,,,,,793.8448851925273
3960,390.64647280713865,394.8706709964828,396.0563962045925,788.5731205091852,792.0662561641295,792.0662561641295,793.1612337660771,,,,,793.9915152268768
3985,392.98425053259405,397.1377760577881,397.90657501719875,792.8056354073875,793.2201423401901,793.2201423401901,793.6969997176407,,,,,794.2536677151198
3975,391.5327207452976,396.25826299046753,396.8656540792812,789.7694035378639,791.469515053941,791.469515053941,793.5550633937224,,,,,794.270112746149
3984,392.8646141982444,397.0834317432246,397.94562390802656,792.8654839762029,794.2975827782568,794.2975827782568,794.8247741115476,,,,,795.383987968583
3990,393.1565517535421,397.7035566280419,398.5874440767212,794.5634881468343,794.8573807220467,794.8573807220467,794.8882760091896,,,,,795.5240237998652
3965,390.84959668333323,395.1754287610132,396.25826299046753,788.5836516913625,792.8056354073875,792.8056354073875,794.4255465755007,,,,,795.6015217777398
3987,393.0592032763843,397.56045286737503,398.57638454279356,794.4722338889084,794.5634881468343,794.5634881468343,794.8367839738469,,,,,795.693201964533
3982,392.75372492418444,396.8656540792812,398.15453914040074,794.0986792544484,794.4722338889084,794.4722338889084,795.322760919513,,,,,795.8757053444634
3993,393.63060060448055,397.90657501719875,399.1079765105708,795.4623347491444,795.4625248226791,795.4625248226791,795.4935911640538,,,,,796.0412590884356
3996,393.9703923874199,398.15453914040074,399.15812219536633,795.4625248226791,795.8164196435226,795.8164196435226,795.8541722567896,,,,,796.456152319265
3997,394.03589698008307,398.32646130169144,399.3115846292963,795.482801581204,795.7212589262452,795.7212589262452,796.1404087609483,,,,,796.6894128631446
3983,392.78510401065574,396.8962333416283,397.73384654068394,791.893974914759,794.0986792544484,794.0986792544484,796.2299030679698,,,,,796.7860279122193
3989,393.14807152872464,397.6807572795242,398.89693667252,794.8573807220467,795.6765539738448,795.6765539738448,795.9822405736697,,,,,797.0727268082561
3992,393.50234903069907,397.8823540278331,398.705402284344,794.6334528482618,795.2138851654524,795.2138851654524,796.22928087969,,,,,797.2102186944545
3991,393.38427142774424,397.73384654068394,398.93785145350176,795.2138851654524,795.4623347491444,795.4623347491444,796.1200653265034,,,,,797.2555864965339
3988,393.07829192110444,397.599387877302,398.0071141267284,793.2201423401901,794.5704707859107,794.5704707859107,794.8914899157701,,,,,797.6385661360409
3994,393.8377510514209,397.94562390802656,398.6286739321759,794.5704707859107,795.482801581204,795.482801581204,796.6008412713976,,,,,797.65937393187
3999,394.2817584720288,398.5874440767212,399.7981000387079,796.2083252849432,796.4508303614936,796.4508303614936,796.8959606226175,,,,,797.9127419373056
3980,392.51730966390477,396.78562399356326,397.7035566280419,791.6570937469722,794.6334528482618,794.6334528482618,797.3790455571637,,,,,798.2636147627907
4009,394.9346636421783,399.5660701486955,400.7446727072032,797.2783080011251,797.5947119109419,797.5947119109419,797.6733231969224,,,,,798.4582243277155
4000,394.38400865503894,398.6286739321759,399.5660701486955,795.7212589262452,796.2265392207344,796.2265392207344,797.6963546058423,,,,,798.5755833032197
3986,392.9846852999243,397.3519717345536,398.32646130169144,794.2975827782568,797.0802687483501,797.0802687483501,798.2170883370383,,,,,798.7348240255885
4013,395.1689812979996,399.86668496912716,400.9034401465174,797.4161697049798,798.1939899700526,798.2129768843928,798.2460831205557,,,,,798.7690871824972
3995,393.9034988221615,398.0071141267284,398.95048569056314,795.2835720885038,797.2783080011251,797.2783080011251,797.4694177979844,,,,,799.0071660083242
4001,394.40012645635267,398.705402284344,399.7552159791216,795.8164196435226,797.4161697049798,797.4161697049798,798.2129768843928,,,,,799.0087260195555
4012,395.1311261056636,399.8058901197547,401.00953936712824,797.8851897860245,797.9415855217172,797.9415855217172,798.2218214523385,,,,,799.0767110819625
4005,394.60289716656246,399.1079765105708,400.28285444088965,797.0928170089196,797.2263435184424,797.2263435184424,798.4940176295551,,,,,799.1183524726714
4003,394.40967361990323,398.93785145350176,399.95489857853437,796.556809293768,796.742534659484,796.742534659484,797.0621203852437,,,,,799.6397842272282
4004,394.4248446563993,398.95048569056314,399.86668496912716,796.4508303614936,796.556809293768,796.556809293768,797.6536846074561,,,,,799.6987378878728
4002,394.4045413180525,398.89693667252,399.8058901197547,796.2265392207344,797.0928170089196,797.0928170089196,799.5248441487278,,,,,800.1411849194985
3981,392.6845418696213,396.7901953857351,397.8823540278331,792.0662561641295,795.2835720885038,795.2835720885038,795.9046767689684,,,,,800.1772980886284
4010,395.0030408133697,399.7552159791216,400.7329434784714,797.2745762270507,797.5007446478863,797.5007446478863,799.6054121699095,,,,,800.2007637763263
3998,394.1576889701726,398.57638454279356,399.34129598908123,795.6765539738448,796.2083252849432,796.2083252849432,799.3696415287752,,,,,800.796775747542
4025,396.2580558522373,401.0465856714713,401.9394674012462,799.0342093571471,799.3322802065613,799.5248441487278,799.8282858986767,,,,,801.1046461377306
4016,395.56587224467916,400.22008352749236,401.1120335218443,798.1939899700526,798.4362325189843,798.4362325189843,800.2294075194923,,,,,801.3064772594715
4014,395.2999448542534,399.95489857853437,400.9686055185937,797.5947119109419,797.8851897860245,797.8851897860245,800.7823209245452,,,,,801.4210417386487
4028,396.57034964467834,401.3079056724239,402.44277597179604,800.1313964624081,800.4500544346351,800.4500544346351,800.5460355224388,,,,,801.451781387309
4011,395.06938870597924,399.7981000387079,400.91429998060664,797.5007446478863,799.8834076566081,799.8834076566081,800.9085138717787,,,,,801.5327660879907
4022,395.9338677965928,400.91429998060664,401.8492358492215,799.0077300464222,799.9301682397544,799.9301682397544,800.7042517799304,,,,,801.5367156065236
4006,394.80609607067765,399.15812219536633,400.4169096104484,797.2263435184424,798.854143294586,798.854143294586,800.3613835487835,,,,,801.5442062577663
4031,396.833355237364,401.8492358492215,403.11616770259894,800.9038850286815,801.1044738851346,801.1044738851346,801.1198561986178,,,,,801.6847330775371
4017,395.56676139219536,400.28285444088965,401.061233134353,798.1078045280843,798.9176800104477,798.9176800104477,799.6296294038032,,,,,801.7278987938666
4007,394.84728617994654,399.3115846292963,400.07084375187435,796.742534659484,798.1078045280843,798.1078045280843,800.7843422964157,,,,,801.8196841978194
4018,395.6206605984321,400.4169096104484,401.3079056724239,798.4362325189843,799.9241002979393,799.9241002979393,800.8588843308077,,,,,801.8375439055766
4008,394.8664219856855,399.34129598908123,400.22008352749236,797.0802687483501,797.2745762270507,797.2745762270507,800.7004784854043,,,,,802.2138666983856
4029,396.57480594337494,401.4520207185834,402.4405664326931,800.1151859292478,800.6136690265187,800.6136690265187,801.2491706930384,,,,,802.2940178123753
4020,395.8218497643372,400.7446727072032,401.7767539130695,798.9176800104477,799.0342093571471,799.3696415287752,799.6223327133157,,,,,802.3884789092108
4033,397.02832270632064,401.94279076819436,403.1674286805505,800.9089180392515,800.9629997179029,800.9629997179029,801.0185265717029,,,,,802.4810471693405
4026,396.3275257851507,401.061233134353,402.05290271365175,799.8834076566081,800.1151859292478,800.1296017959718,800.2694315296088,,,,,802.5644110127636
4030,396.68916858535295,401.7767539130695,402.6489855069769,800.4500544346351,801.630133293971,801.630133293971,802.0185004146608,,,,,802.5719272515723
4023,395.9656904310589,400.9686055185937,402.08268371508,799.9301682397544,800.9089180392515,800.9089180392515,801.7749189822624,,,,,803.2083281929235
4019,395.6214790623569,400.7329434784714,401.4520207185834,798.854143294586,799.0077300464222,799.0077300464222,800.1296017959718,,,,,803.3426704317187
4034,397.0542629603176,402.0021847840201,403.0559683617447,800.7536466223628,800.9038850286815,800.9038850286815,802.6454773002845,,,,,803.4058002856974
4041,397.8109325237416,402.9762736383827,403.61813938077563,801.5360768966199,802.6962180123123,802.6962180123123,802.9188321789203,,,,,803.4446068230797
4037,397.21453629941624,402.08268371508,402.9914285283946,800.6136690265187,800.7536466223628,800.7536466223628,802.0328186595352,,,,,803.5465427359326
4043,397.93678678986237,403.0559683617447,403.6911852229077,801.630133293971,802.1716794604229,802.1716794604229,803.0456192880736,,,,,803.644220118774
4027,396.5140543170271,401.1120335218443,402.0689799987629,799.9241002979393,800.5684139523038,800.5684139523038,801.5726138111614,,,,,803.7161999764072
4015,395.35031842411684,400.07084375187435,401.0465856714713,797.9415855217172,800.1313964624081,800.2294075194923,803.1934403677916,,,,,803.7606880755324
4032,396.99783706962427,401.9394674012462,403.3526291846634,801.175561617513,802.9775832121202,802.9775832121202,803.2090802085129,,,,,803.8693324570954
4040,397.6941565400654,402.6489855069769,403.5912852227668,801.3661398749532,802.5480111033213,802.5480111033213,802.778633338029,,,,,804.0451216002634
4035,397.11222054970693,402.05290271365175,402.9762736383827,800.5684139523038,801.5360768966199,801.5360768966199,802.7850297976114,,,,,804.4890787340032
4047,398.4634003222201,403.2524613816441,404.1933284550505,802.7225405715178,803.742515293389,803.742515293389,803.8198526165905,,,,,804.6580842800963
4042,397.8627729240636,402.9914285283946,403.7069391355807,802.1716794604229,802.5916534595675,802.5916534595675,804.1414809870655,,,,,804.7530189091034
4024,396.1325617865219,401.00953936712824,402.0021847840201,799.6648620672064,801.3661398749532,801.3661398749532,802.9344978869123,,,,,804.8838703092431
4044,398.0803630740527,403.11616770259894,404.2879578186617,802.7890661869452,804.2392247004298,804.2392247004298,804.4245506107119,,,,,805.5809187794198
4050,398.62878128926855,403.5912852227668,404.35208555739183,802.9775832121202,803.5755946509141,803.5755946509141,804.4398347376674,,,,,805.6205203584856
4045,398.18511642190197,403.1674286805505,404.09251420557854,802.5916534595675,802.7890661869452,802.7890661869452,805.5010508403961,,,,,806.2136611054447
4048,398.4967361214594,403.2588953037997,403.8583943503265,802.5480111033213,802.7225405715178,802.778633338029,805.731064077878,,,,,806.2545820405185
4054,399.35389795200473,403.8583943503265,404.9599376365531,804.389787080249,805.3268511848742,805.3268511848742,805.5436026900979,,,,,806.5483190740501
4051,398.727642987284,403.61813938077563,404.38587638195503,803.5755946509141,805.0119864344105,805.0119864344105,805.591752081944,,,,,806.5539589992454
4039,397.66376367856986,402.44277597179604,403.2524613816441,801.0607091263204,801.175561617513,801.175561617513,806.0764827341588,,,,,807.1205506810683
4053,399.26295430051044,403.7069391355807,404.82502089289176,804.2392247004298,806.266660609311,806.266660609311,806.5453861821269,,,,,807.1391930773076
4036,397.1929814408222,402.0689799987629,403.2588953037997,801.1044738851346,805.6778065634527,805.6778065634527,805.7280245073239,,,,,808.1625784978207
4067,400.82446436147757,405.2193727754523,405.82114040990615,806.9849232768333,807.4742934948011,807.4742934948011,807.5671127486606,,,,,808.1661493967292
4061,399.6997935973565,404.5527540262792,405.41581058160045,806.4065823171468,806.9684517664983,806.9684517664983,807.7725958868107,,,,,808.3147274086806
4056,399.4856337637845,404.1632736004228,405.2193727754523,805.6778065634527,806.6880451557176,806.6880451557176,806.7719975500665,,,,,808.3989907817567
4064,400.0290682672841,404.9599376365531,405.6251667478399,806.6880451557176,807.7000762048181,807.7000762048181,807.7959144295147,,,,,808.6137959861281
4060,399.666393393141,404.38587638195503,405.54487222884774,806.5625420947331,806.9849232768333,806.9849232768333,807.207354977276,,,,,808.6258144170358
4058,399.5760222290634,404.2879578186617,405.0009882175645,805.0119864344105,806.4065823171468,806.4065823171468,807.684187134448,,,,,808.6679946880167
4066,400.74798174340003,405.19880271070906,406.00560283988574,807.7000762048181,808.0557990234233,808.0557990234233,808.09278841526,,,,,808.695357938606
4038,397.24187523022067,402.4405664326931,403.21266699243574,800.9629997179029,801.0607091263204,801.0607091263204,803.1471557651531,,,803.1471557651531,809.0161437842049,809.0161437842049
4049,398.5091635070333,403.3526291846634,404.5527540262792,803.742515293389,804.2320836628473,804.2320836628473,804.2484500885868,,,804.2484500885868,809.0814838076127,809.0814838076127
4055,399.36693853394684,404.09251420557854,405.19880271070906,805.3268511848742,806.0471033169799,806.0471033169799,807.771039514847,,,,,809.1433297650813
4063,399.90358739101674,404.82502089289176,405.89649485222833,807.4742934948011,807.5256233755688,807.5256233755688,808.9948497077338,,,,,809.5494997010928
4069,400.9418804537042,405.4105701403931,406.4005630812342,808.0557990234233,809.0036286452168,809.0036286452168,809.1741094483019,,,,,809.7567698514391
4070,400.97817466609496,405.41581058160045,406.35377600119295,807.8809138261887,808.1367869336158,808.1367869336158,808.7539569470122,,,,,809.8614585229939
4046,398.3179975277756,403.21266699243574,404.1632736004228,802.6962180123123,804.389787080249,804.389787080249,808.8100680327664,,,,,810.0671710608697
4057,399.5397577492292,404.1933284550505,405.4105701403931,806.266660609311,809.7401087512225,809.7401087512225,809.9134930531836,,,,,810.5507213530716
4065,400.0645323514818,405.0009882175645,405.99481457792314,807.5256233755688,809.8554530789667,809.8554530789667,810.1903615964264,,,,,810.735018939945
4059,399.6076023892947,404.35208555739183,405.38522834615196,806.0471033169799,807.8756217173652,807.8756217173652,808.03909353772,,,,,810.92748134782
4075,401.44103818371207,405.89649485222833,406.7557323389824,809.715580539657,809.8526591751877,809.8526591751877,810.2694767368467,,,,,811.7063379318398
4021,395.8398800146567,400.9034401465174,401.94279076819436,799.3322802065613,799.6648620672064,799.6648620672064,806.2822552224862,,,806.2822552224862,811.8139271559008,811.8139271559008
4052,399.1373019349797,403.6911852229077,404.82215548120627,804.2320836628473,806.5625420947331,806.5625420947331,806.6004370022739,,,806.6004370022739,812.3123184910974,812.3123184910974
4079,401.5602856678262,406.35377600119295,407.28147194905654,811.4414767253909,811.562145861071,811.562145861071,811.8005592267995,,,,,812.4103479886874
4074,401.3852071486467,405.82114040990615,406.8696905322845,810.5004252070299,811.8310737025996,811.8310737025996,812.316665526351,,,,,812.8243598177539
4071,401.1652791257107,405.54487222884774,406.6420314883769,808.1367869336158,809.715580539657,809.715580539657,812.1615985760805,,,,,812.9640486943515
4068,400.9182698700474,405.38522834615196,406.1767780832792,807.8756217173652,807.8809138261887,807.8809138261887,808.016824758364,,,808.016824758364,813.0653055981682,813.0653055981682
4062,399.8658755528092,404.82215548120627,405.76503339073145,806.9684517664983,811.8475951200356,811.8475951200356,811.967455582144,,,,,813.4921391868114
4073,401.33403589730204,405.76503339073145,406.8501599039207,809.8554530789667,812.8651306917134,812.8651306917134,813.0233628426344,,,,,813.6027628606558
4080,401.5811598404262,406.4005630812342,407.3609934287254,811.8310737025996,811.9995399666698,811.9995399666698,813.1864738125317,,,,,813.9841330373362
4082,401.8063095035951,406.66437335988417,407.3532186003042,811.562145861071,812.4997060240203,812.4997060240203,813.4337024072794,,,,,814.0190075390038
4088,402.3398680538979,406.9621208904686,408.00314816319246,812.4997060240203,813.4156479915431,813.4156479915431,813.4799957935846,,,,,814.1334111479315
4076,401.45412797709184,405.99481457792314,406.66437335988417,809.0036286452168,811.1986033755343,811.1986033755343,813.413051325384,,,,,814.2114092764394
4083,401.8214750650281,406.7557323389824,407.67471194033925,811.9995399666698,812.2986706913861,812.2986706913861,812.887282209713,,,,,814.4062262818439
4072,401.2655900802364,405.6251667478399,406.75587958849394,809.7401087512225,810.5004252070299,810.5004252070299,813.7433718384049,,,,,814.418083491715
4077,401.48536299961285,406.00560283988574,406.8174081420154,809.8526591751877,812.123304603725,812.123304603725,813.8295053572498,,,,,814.4363262587071
4084,401.8551759254737,406.75587958849394,407.55548981376995,811.8475951200356,813.5999129997663,813.5999129997663,814.0993006514166,,,,,814.6984639289186
4091,402.6522428224497,407.3609934287254,408.1774452041911,813.5999129997663,813.6642326432525,813.6642326432525,814.6598447279928,,,,,815.1983622738315
4090,402.4410487924596,407.3532186003042,408.3296009214401,813.6642326432525,813.9821838801176,813.9821838801176,815.1953672710887,,,,,815.8053087886451
4093,403.365318648329,407.67471194033925,408.6385388411619,813.9534047560917,814.4011269165449,814.4011269165449,815.214693747075,,,,,815.9475908361667
4096,403.66481064634456,408.00314816319246,408.8764125162914,814.4011269165449,814.6327826089367,814.6327826089367,815.5072784477834,,,,,816.2224299511636
4086,402.27540202580616,406.8501599039207,408.10936308525305,813.4156479915431,813.9534047560917,813.9534047560917,814.4166155079687,,,,,816.2837504411204
4092,402.8610436640763,407.55548981376995,408.78296753239607,813.9821838801176,815.0597257946399,815.0597257946399,815.3115870215373,,,,,816.4051212738441
4078,401.5092526359054,406.1767780832792,406.9621208904686,811.1986033755343,811.4414767253909,811.4414767253909,811.638319554178,,,811.638319554178,816.5828883358583,816.5828883358583
4094,403.54229307364494,407.71133505089756,408.9632122595285,814.6327826089367,815.5120456183969,815.5120456183969,816.0503482929746,,,,,816.8312952374856
4089,402.3895623153268,407.28147194905654,408.5570746668642,813.7583355390208,814.3282172409168,814.3282172409168,815.40622443765,,,,,816.8510715782575
4085,401.90007813523846,406.8174081420154,408.04405480222704,812.8651306917134,814.6578394770112,814.6578394770112,815.2883457953517,,,,,816.8618195139819
4095,403.6183084665145,407.8190559827958,408.81555420985507,814.3282172409168,815.8259916091156,815.8259916091156,816.0802060271538,,,,,817.0473602819854
4098,403.94877774089287,408.10936308525305,408.9670876444091,814.6578394770112,815.608122591153,815.608122591153,816.776470939753,,,,,817.4698060904678
4108,404.6478355632065,409.1856617374427,409.65784678896017,815.9026919391422,816.3329383319888,816.3329383319888,816.6791561951139,,,,,817.7255397677994
4100,404.05489608311126,408.3296009214401,409.4363141441933,815.8259916091156,815.9026919391422,815.9026919391422,817.3262553892131,,,,,817.9930105248934
4101,404.16293971846903,408.5570746668642,409.2872634616606,815.5120456183969,816.4696363337933,816.4696363337933,817.746125701433,,,,,818.2646683719107
4099,404.0496430261543,408.1774452041911,409.1856617374427,815.0597257946399,817.1242378199796,817.1242378199796,817.6698083898165,,,,,818.7422164141816
4081,401.5845721254256,406.6420314883769,407.71133505089756,812.123304603725,813.7583355390208,813.7583355390208,816.8232455008523,,,,,818.917061008085
4103,404.3235698687353,408.78296753239607,409.74533192119884,816.3329383319888,816.44759070731,816.44759070731,818.2470333542487,,,,,819.4210741877552
4107,404.5457037561476,408.9670876444091,409.93425963222654,817.1242378199796,817.5598240467422,817.5598240467422,818.6163524226644,,,,,819.5842916677417
4087,402.2891026492816,406.8696905322845,407.8190559827958,812.2986706913861,817.8892705689435,817.8892705689435,818.3081498732164,,,,,819.630726126354
4097,403.79214157729166,408.04405480222704,409.3990533383411,815.608122591153,818.6643414646246,818.6643414646246,818.8941249168065,,,,,819.7306684979624
4104,404.3302128397151,408.81555420985507,409.90794340780513,816.4696363337933,819.1441933396629,819.1441933396629,819.2438924811416,,,,,819.8787570194745
4112,405.6331511103909,409.65784678896017,410.59832222722315,819.1441933396629,819.5069280090111,819.5069280090111,819.74717862345,,,,,820.4792546195906
4113,405.7632579906743,409.74533192119884,410.8579280123377,819.5069280090111,819.7244640053088,819.7244640053088,819.8123908764711,,,,,821.6817369712679
4111,405.25426504373746,409.4363141441933,410.56122116241494,819.0860116411461,819.561452934995,819.561452934995,820.0506572453598,,,,,821.7596381979139
4109,404.66834491532506,409.2872634616606,410.3537451448313,818.6643414646246,819.2164830775716,819.2164830775716,820.0218231158171,,,,,821.9253765236731
4121,406.1122591584072,410.59832222722315,411.36801189916054,821.0987888786038,821.1253134626241,821.1253134626241,821.2712523997404,,,,,822.030668553822
4106,404.502093686738,408.9632122595285,410.2207411959274,817.8892705689435,819.8032476561739,819.8032476561739,821.4284985286334,,,,,822.0401395725481
4114,405.82263523578325,409.9023694957331,411.0329679412734,819.7244640053088,821.2617365428714,821.2617365428714,821.5573478305611,,,,,822.1008051824124
4110,405.030213704274,409.3990533383411,410.68734387148675,819.2164830775716,819.2506147460208,819.2506147460208,819.8172670627007,,,,,822.1120226653678
4117,405.9371114588499,409.9988164594294,411.03029314162706,819.561452934995,821.2517821370488,821.2517821370488,821.3376523980613,,,,,822.407125300642
4102,404.2238388218322,408.6385388411619,409.9023694957331,816.44759070731,821.9541421912493,821.9541421912493,822.175989306688,,,,,822.6921818897029
4119,406.01012517823915,410.3537451448313,411.4587284596891,821.1253134626241,821.6187171510992,821.6187171510992,822.4877426127954,,,,,823.0011713119296
4125,406.56387046428006,411.03029314162706,412.2282548252747,821.9418090589661,822.1004593632356,822.1900628655576,822.4109957694081,,,,,823.0188018426263
4115,405.82353220664055,409.90794340780513,410.82932066405965,819.2506147460208,821.7013146272272,821.7013146272272,822.2578610990089,,,,,823.0739878515765
4118,405.99637977643414,410.2207411959274,411.1606190299605,820.1822263528735,821.0987888786038,821.0987888786038,822.2116532639193,,,,,823.1538440255807
4132,407.3965167383841,411.69779270968866,412.7088144121012,822.3810907426516,822.495708793173,822.495708793173,822.6649126261606,,,,,823.4716052566724
4120,406.1081748072019,410.56122116241494,411.60484824289944,821.2517821370488,822.6644636009632,822.6644636009632,822.6948640973774,,,,,823.6088814482771
4135,407.8593867752617,411.95347705944397,412.9256163568979,822.5977497604339,822.6162604816706,822.6162604816706,822.9708355307602,,,,,823.782940395114
4130,407.294114186462,411.4587284596891,412.470545581226,821.9541421912493,821.973309421031,822.175989306688,823.1912406220096,,,,,823.7907745346321
4127,406.97546299814053,411.0845866288477,411.95347705944397,821.7013146272272,821.937036768028,821.937036768028,822.1900628655576,,,,,823.8218248716372
4134,407.65110330825786,411.9168753056716,413.02377726631966,822.6162604816706,822.7847383564724,822.9016685096033,823.2479944876185,,,,,823.821962411545
4122,406.438727208803,410.68734387148675,411.69779270968866,821.2617365428714,821.489995275171,821.489995275171,822.3707230105001,,,,,823.8588045323912
4128,407.13823988753506,411.1606190299605,412.14604286865807,821.8799296371031,822.6513995843133,822.6513995843133,822.9016685096033,,,,,823.942545944652
4136,407.8875831794554,412.14604286865807,413.2344105185271,822.6946519498679,823.3087677635879,823.3087677635879,823.4058895598835,,,,,824.06689540887
4126,406.860626661324,411.0329679412734,412.1828922465614,821.937036768028,822.3810907426516,822.3810907426516,822.9134351369394,,,,,824.1482268893573
4137,407.9857339757919,412.1828922465614,413.04928919913027,822.6513995843133,823.528623450769,823.528623450769,823.7260689735991,,,,,824.3037244039198
4123,406.45482759641806,410.82932066405965,411.9168753056716,821.6187171510992,821.8799296371031,821.8799296371031,822.6158489864807,,,,,824.3561573602296
4138,407.9979885340949,412.2282548252747,413.20909369715935,822.6644636009632,822.7058227019251,822.7058227019251,823.2211593272681,,,,,824.5443019135033
4129,407.2551266304105,411.36801189916054,412.7192043833383,822.495708793173,822.6946519498679,822.6946519498679,823.4408082197505,,,,,824.9011352585354
4141,408.15938799849897,412.7064274602908,413.5916475431446,823.3087677635879,823.5373304373917,823.5373304373917,823.6745200064702,,,,,825.0676921878443
4139,408.0569694722123,412.470545581226,413.65739417787995,823.528623450769,824.2392683613065,824.2392683613065,824.4358313650075,,,,,825.1373844514444
4146,408.9494931164269,413.04928919913027,413.99818108027216,823.7151290158813,824.4896388282527,824.4896388282527,824.6588755824627,,,,,825.166467226447
4133,407.4183358264495,411.71038209113715,412.7064274602908,822.1004593632356,823.7151290158813,823.7151290158813,824.6678568007162,,,,,825.2958694572915
4116,405.92350632181984,409.93425963222654,411.0845866288477,819.8032476561739,820.1822263528735,820.1822263528735,820.2242185800578,,,820.2242185800578,825.3260462880557,825.3260462880557
4105,404.4928169534221,408.8764125162914,409.9988164594294,817.5598240467422,819.0860116411461,819.0860116411461,819.097712042678,,,819.097712042678,825.5557915799981,825.5557915799981
4131,407.31061664982445,411.60484824289944,412.60580894925664,821.973309421031,822.5977497604339,822.5977497604339,825.0035320839593,,,,,825.6706887219614
4145,408.7800041049282,413.02377726631966,414.0141808403718,824.1330401819562,824.8916169323974,824.8916169323974,825.5380946010137,,,,,826.0594947489132
4140,408.0737865642131,412.60580894925664,413.3683463288627,822.7058227019251,824.1330401819562,824.1330401819562,824.2888615343313,,,,,826.3663128344504
4143,408.51538534913885,412.7192043833383,413.7794816340345,823.697172317025,825.2706637413935,825.2706637413935,825.8590166279653,,,,,826.4958061618235
4151,409.56220799598134,413.5916475431446,414.57835997271286,824.4896388282527,824.9677187619685,824.9677187619685,826.5193732517001,,,,,827.1583983574235
4147,409.16184769300287,413.20909369715935,414.4121693634907,824.2392683613065,824.5641809068959,824.5641809068959,825.6166531408231,,,,,827.1873447864699
4124,406.52756316230835,410.8579280123377,411.71038209113715,821.489995275171,821.9418090589661,821.9418090589661,824.4225205197422,,,,,827.3752006252179
4144,408.76180261480835,412.9256163568979,413.73226077784693,823.5373304373917,826.5147615014885,826.5147615014885,826.7527719401605,,,,,827.4408364529739
4152,409.7194513646104,413.65739417787995,414.87463083333154,825.2706637413935,826.2436792917114,826.2436792917114,826.9424130628314,,,,,827.5174064799238
4156,410.45023362608896,414.0141808403718,414.9746643064272,826.3408026656978,826.5369638144388,826.5369638144388,827.0165499781805,,,,,827.9281112547493
4149,409.41394633268396,413.3683463288627,414.61812707351066,824.5641809068959,826.6262513684222,826.6262513684222,826.8366300946236,,,,,827.9909038219876
4148,409.36510770962553,413.2344105185271,414.68225887765624,824.9677187619685,826.3408026656978,826.3408026656978,826.6586376444496,,,,,828.1079176084266
4158,410.7454469822476,414.57835997271286,415.5741792871206,826.5147615014885,826.6797092835171,826.6797092835171,827.4004127077292,,,,,828.3054660595697
4169,412.2790143789158,415.5773480547534,416.6806691341867,828.0845446032429,828.0970990629735,828.0970990629735,828.1565605752152,,,,,828.7555977668948
4160,410.95132418434423,414.6410393161358,415.5743113051602,826.5369638144388,826.7876246327668,826.7876246327668,828.2080017921419,,,,,828.8631993931986
4163,411.1741555987439,414.9229571295947,415.9870397003847,827.4561687987482,827.5662773701,827.5662773701,827.9618919704562,,,,,828.9068030853726
4155,410.2786242167465,413.99818108027216,415.0259429302041,826.5034655541726,827.7257979188336,827.7257979188336,828.1025362914528,,,,,828.9718235858197
4153,410.08316328170645,413.73226077784693,414.92750973690687,826.2436792917114,826.5034655541726,826.5034655541726,827.0767124270128,,,,,829.2191223241397
4166,411.47496326290417,415.0259429302041,416.2199559114291,827.8603802244407,828.1116679722272,828.1116679722272,828.3520028261408,,,,,829.2543781575566
4150,409.5363349237225,413.45814281651474,414.6410393161358,824.8916169323974,825.5429668776328,825.5429668776328,825.9968743610322,,,,,829.3563047085103
4168,412.23719749263597,415.5743113051602,416.52217642673355,828.0815209391023,828.0845446032429,828.0845446032429,828.7068916005827,,,,,829.370995974309
4164,411.3044407143076,414.92750973690687,415.9894857354693,827.5662773701,828.3059912669521,828.3059912669521,828.922050211464,,,,,829.4835746812032
4142,408.423442473808,412.7088144121012,413.45814281651474,822.7847383564724,823.697172317025,823.697172317025,828.7335940461409,,,,,829.5512547400507
4161,410.9701688119614,414.68225887765624,415.63976186877466,826.6797092835171,827.8603802244407,827.8603802244407,827.9809714125865,,,,,829.9105444762761
4162,411.04525726302,414.87463083333154,416.079983903341,827.7257979188336,828.7344255938385,828.7344255938385,829.3941186125465,,,,,829.9215155109066
4165,411.34672905064735,414.9746643064272,415.72884281508004,826.7876246327668,828.9324150059824,828.9324150059824,829.5417618117216,,,,,830.1380591565127
4157,410.51815851199194,414.4121693634907,415.5773480547534,826.6262513684222,827.4223392908068,827.4223392908068,829.4282765836257,,,,,830.1417024877794
4171,412.8156390135993,415.72884281508004,416.75894382431267,828.3059912669521,828.5170157788864,828.5170157788864,828.8599110913119,,,,,830.1729314093611
4170,412.29217602011556,415.63976186877466,416.74051449023113,828.0970990629735,829.2305241806021,829.2305241806021,829.6672121105281,,,,,830.3061708714962
4167,411.55525319191116,415.5741792871206,416.7526279059202,828.1116679722272,828.4182638321788,828.4182638321788,829.8549222265037,,,,,830.3829377159238
4180,413.64153496161737,416.7526279059202,417.5911635973049,829.3741424575845,829.4919981522485,829.4919981522485,829.6914491934443,,,,,830.5721037539311
4172,413.0200350646323,415.74540677061543,416.8195473997975,828.5170157788864,829.1461676921377,829.1461676921377,830.2820310043178,,,,,830.9319664559056
4175,413.25657452595084,416.079983903341,417.1083558988501,828.9324150059824,829.9938982165512,829.9938982165512,830.2921120821,,,,,830.967441396115
4178,413.6011171788765,416.6806691341867,417.4651929442073,829.2305241806021,829.3072070957757,829.3072070957757,830.2223195379981,,,,,830.9762255296303
4179,413.628214903256,416.74051449023113,417.5249113192422,829.3072070957757,829.3741424575845,829.3741424575845,830.5462581277166,,,,,831.3452049379068
4184,413.9448623044827,416.949001009698,418.1877316245938,830.3688572264377,830.6875120507597,830.6875120507597,830.8768035458316,,,,,831.5691658570937
4174,413.1718426260093,415.9894857354693,416.7818487239246,828.4182638321788,829.8655016098996,829.8655016098996,831.0691707034664,,,,,831.5777269787884
4186,413.9792610006045,417.39828423597174,418.27928434731405,830.6875120507597,830.7479443661584,830.7479443661584,830.8353005945153,,,,,831.5877844852062
4177,413.3669353004855,416.52217642673355,417.6383675265708,829.4919981522485,830.3688572264377,830.3688572264377,830.5288047055595,,,,,831.7414164015713
4159,410.7695204646767,414.61812707351066,415.74540677061543,827.4223392908068,827.4561687987482,827.4561687987482,831.1080555716679,,,,,831.8900727567847
4190,414.4913666232149,417.6383675265708,418.68897827863054,830.7479443661584,831.1086000557337,831.1086000557337,831.2089331025159,,,,,832.0888983673545
4182,413.7840724363595,416.7818487239246,418.13796053972413,829.9938982165512,830.5493548646773,830.5493548646773,831.7194250243269,,,,,832.2496377355244
4176,413.331271954074,416.2199559114291,417.39828423597174,829.1461676921377,830.7004978398425,830.7004978398425,831.1436245821579,,,,,832.3237773883363
4154,410.1607037377585,413.7794816340345,414.9229571295947,825.5429668776328,828.0815209391023,828.0815209391023,831.5144769534686,,,,,832.3680513204696
4189,414.47617163678353,417.5911635973049,418.4639019501231,830.7004978398425,830.977129886948,830.977129886948,831.6338781784399,,,,,832.4927727128011
4185,413.9751719279456,417.1083558988501,418.2453132657575,830.5493548646773,832.3004206886604,832.3004206886604,832.3215293387807,,,,,832.9145467745383
4193,414.8522366884295,418.13796053972413,419.0397806423315,831.1283254521347,831.7475859517358,831.7475859517358,832.2042718231212,,,,,833.0401487554452
4188,414.33978303193703,417.5249113192422,418.72251428479836,830.977129886948,831.1283254521347,831.1283254521347,832.6830397029482,,,,,833.2414214691487
4196,414.9744612930782,418.2453132657575,419.0925436383919,832.0281797819902,832.6680712624739,832.6680712624739,832.711302102729,,,,,833.4224540333818
4183,413.87606327652423,416.8195473997975,418.04307102806195,829.9595689863646,829.9958725622821,829.9958725622821,832.9034085663651,,,,,833.5514181839832
4173,413.0252721163776,415.9870397003847,416.949001009698,828.7344255938385,829.9595689863646,829.9595689863646,832.2322520021,,,,,833.7574189657158
4197,415.04423298627563,418.27928434731405,419.46591686933795,832.3004206886604,832.6073205068151,832.6073205068151,832.8033380716616,,,,,833.8299745379069
4200,415.3157980592791,418.72251428479836,419.75520153315654,833.0453578936227,833.3094530462247,833.3094530462247,833.8927727467965,,,,,834.7162783263427
4191,414.6271466480148,417.9214426677826,418.8000874398596,831.1086000557337,833.4603288116433,833.4603288116433,833.9371717319642,,,,,834.7937234646797
4192,414.73637039361984,418.04307102806195,419.0733862281872,831.7475859517358,832.1334317983827,832.1334317983827,833.3594720272455,,,,,834.9232467522494
4195,414.88460640191323,418.1877316245938,419.7163135123107,832.8957362190084,833.0453578936227,833.0453578936227,834.9252004432807,,,,,835.5179815538306
4204,415.5880518259274,419.0925436383919,420.2639026269302,834.2990774062381,834.9138825980804,834.9138825980804,835.0833870809536,,,,,835.8325023163784
4206,415.6333693047353,419.46591686933795,420.386709358429,834.6376008257186,835.146052313171,835.146052313171,835.2429085677453,,,,,836.0225807110224
4198,415.14405663472843,418.4639019501231,419.61868423096246,832.6073205068151,832.8957362190084,832.8957362190084,833.9228527942239,,,,,836.1141509573284
4199,415.23233057774354,418.68897827863054,419.6519338791918,832.6680712624739,834.0071965641619,834.0071965641619,834.9316771185055,,,,,836.1764670563991
4201,415.3710991700252,418.8000874398596,419.82539855019127,833.3094530462247,833.8747764610407,833.8747764610407,834.8907719138585,,,,,836.2226788513957
4187,414.0855282840378,417.4651929442073,418.16940010164444,829.9958725622821,835.5294640146041,835.5294640146041,835.6850731267959,,,,,836.2951320200799
4181,413.7535638200041,416.75894382431267,417.9214426677826,829.8655016098996,832.0281797819902,832.0281797819902,835.8324341218841,,,,,836.3665513521762
4209,415.74620833577,419.7163135123107,420.6636228879492,835.146052313171,835.4155227920967,835.4155227920967,835.733752858229,,,,,836.3796124748421
4194,414.8557761770068,418.16940010164444,419.29875578587354,832.1334317983827,834.6376008257186,834.6376008257186,836.0751540079835,,,,,836.6924171940547
4211,416.0504565724199,419.82539855019127,420.7717721958875,835.4155227920967,835.4408955562785,835.4408955562785,835.7635891746263,,,,,836.8477536053034
4207,415.6671233593855,419.61868423096246,420.42855329127445,834.9138825980804,835.4723567625654,835.4723567625654,835.8160824941243,,,,,836.9399436095496
4210,415.873312137343,419.75520153315654,421.0353874780677,835.4723567625654,836.0544954866,836.0544954866,836.4748002322075,,,,,837.0418774172629
4205,415.5898647776707,419.29875578587354,420.14490970651485,834.0071965641619,835.449537837195,835.449537837195,835.9491460552916,,,,,837.1822390743733
4208,415.6767748206111,419.6519338791918,420.84478129546187,835.4408955562785,836.481594343322,836.481594343322,836.4903814075665,,,,,837.3233938025443
4203,415.54501846002296,419.0733862281872,419.99424430156597,833.8747764610407,834.2990774062381,834.2990774062381,836.5598906042097,,,,,837.396116603228
4219,416.87512872617674,420.7717721958875,421.60855079095063,836.7675561999662,836.8125235574025,836.8125235574025,836.9660071431248,,,,,837.5896351304774
4202,415.4255325150901,419.0397806423315,419.97221386172396,833.4603288116433,836.7426076877699,836.7426076877699,836.9312604685679,,,,,837.5989108619185
4213,416.197595211647,419.99424430156597,421.2348174344023,836.0544954866,836.8951785512639,836.8951785512639,837.2783649418061,,,,,837.9863152778026
4212,416.0586175795036,419.97221386172396,421.08893640282895,835.5294640146041,836.7675561999662,836.7675561999662,837.1128614290405,,,,,838.5610011110596
4218,416.8091723796842,420.6636228879492,421.787335563126,836.8951785512639,837.125154106821,837.125154106821,837.4374871656312,,,,,838.8245500837883
4223,417.37244247380875,421.08893640282895,422.00481553142447,838.1336412076237,838.3560109322876,838.3560109322876,838.6208397195772,,,,,839.1571339907391
4221,417.1281366144887,420.91972106121347,421.64863760933105,836.8179796484939,837.8507868239889,837.8507868239889,837.9118440589527,,,,,839.2951445659514
4222,417.16767394909846,421.0353874780677,421.8998595619901,837.8507868239889,838.1336412076237,838.1336412076237,838.7625101575096,,,,,839.3936287456423
4216,416.57431587595363,420.386709358429,421.29004518701424,836.481594343322,838.3683812807855,838.3683812807855,839.1666133803315,,,,,839.8187248248104
4220,416.9877730473144,420.84478129546187,421.89349759111354,837.125154106821,839.3129665069285,839.3129665069285,839.3944774767269,,,,,839.9174571665334
4214,416.2920397954177,420.14490970651485,420.91972106121347,835.449537837195,838.8024095517974,838.8024095517974,839.8487710205651,,,,,840.5120840993114
4227,417.6104628530234,421.60855079095063,422.43271376248094,838.8024095517974,839.5297001134104,839.5297001134104,840.2342415367212,,,,,840.8361598936763
4217,416.70021413214596,420.42855329127445,421.5641303669183,836.7426076877699,839.71366860251,839.71366860251,840.2018263831945,,,,,840.9235914229806
4237,418.9467973516033,422.55760299181,423.5378476898771,840.2949771720738,840.4419379987476,840.4419379987476,840.4540903663608,,,,,840.9912504831586
4215,416.5493543338248,420.2639026269302,421.6417090377237,836.8125235574025,836.8179796484939,836.8179796484939,839.2553723931371,,,,,841.0562923699249
4225,417.4952473561059,421.29004518701424,422.35075202986053,838.3683812807855,839.5910096978275,839.5910096978275,840.7386068196676,,,,,841.2704985590946
4233,418.0608348596127,422.00481553142447,423.0577773419098,839.7934667471477,839.9220533712305,839.9220533712305,840.5256183790868,,,,,841.6725388959109
4230,417.8800323429542,421.787335563126,423.1043560818426,839.9220533712305,840.7909353278475,840.7909353278475,841.1958128244396,,,,,841.7816840511038
4224,417.4724836679112,421.2348174344023,422.2041107188949,838.3560109322876,839.7756259939956,839.7756259939956,840.7451535631158,,,,,841.8064690979141
4236,418.63636215260516,422.43271376248094,423.63126327291195,840.4419379987476,840.4819372411442,840.4819372411442,841.1813513578186,,,,,841.8778959383536
4234,418.1800970204802,422.2041107188949,423.35207014265274,840.1042495419762,840.2949771720738,840.2949771720738,840.6606828568907,,,,,842.1109718658834
4228,417.61686238124554,421.6417090377237,422.55760299181,839.3129665069285,840.1042495419762,840.1042495419762,841.78326659502,,,,,842.3970300362828
4238,419.0450422436251,422.7063713061342,423.74679851447013,840.4819372411442,840.5393457249137,840.5393457249137,841.7313643410198,,,,,842.550980698117
4232,417.95424690113595,421.8998595619901,422.74650165144993,839.6628896270839,840.3539657896741,840.3539657896741,842.1406025233237,,,,,842.6421111450859
4226,417.5907115088629,421.5641303669183,422.7279884108553,839.5910096978275,839.6628896270839,839.6628896270839,841.9587560243958,,,,,842.6553389858951
4235,418.4471976960146,422.35075202986053,422.91036608174545,839.7756259939956,840.7798974710505,840.7798974710505,840.7988500595153,,,,,842.768467786464
4249,419.8879545798979,423.74679851447013,424.6672360865912,842.034327110272,842.2308050266041,842.2308050266041,842.3452011693687,,,,,842.9319962208043
4229,417.8772708986177,421.64863760933105,422.7063713061342,839.5297001134104,839.7934667471477,839.7934667471477,842.1929861331946,,,,,843.0973096302531
4247,419.60823483643105,423.5408395476362,424.35617823519107,841.2437418698131,841.506416464591,841.506416464591,841.8974861112638,,,,,843.313205933729
4231,417.90857259318983,421.89349759111354,422.79796711620156,839.71366860251,841.2437418698131,841.2437418698131,842.0384863348631,,,,,843.4891812548349
4239,419.2102765659281,422.7279884108553,423.8621635467761,840.7909353278475,841.0544805615193,841.0544805615193,842.9175345186853,,,,,843.5118113848222
4243,419.4376978783921,423.0577773419098,423.5408395476362,840.3539657896741,841.1173269760051,841.1173269760051,843.3493635303455,,,,,843.936716058471
4251,420.1126300010439,423.8587970575808,424.7258529763432,842.2308050266041,843.1152954904227,843.1152954904227,843.4389250580467,,,,,844.3744990546684
4245,419.4462967579577,423.35207014265274,424.4672889625801,841.5030791266053,842.034327110272,842.034327110272,843.5448471655907,,,,,844.5048955081905
4254,420.1467264192026,424.19292318549043,425.3496680343166,843.6601955630684,843.9092952230478,843.9092952230478,844.081872631749,,,,,844.8956904232647
4242,419.4372048750224,422.91036608174545,423.8587970575808,840.7798974710505,843.7636953891453,843.7636953891453,844.014088072962,,,,,844.9714364455664
4241,419.4178373495726,422.79796711620156,424.0741098775081,841.0544805615193,843.2638391380108,843.2638391380108,843.6638878626316,,,,,845.2050696078146
4252,420.11889838342364,423.8621635467761,424.8746333263242,843.1152954904227,843.6012065345573,843.6012065345573,845.6623402088421,,,,,846.3839637453792
4255,420.2773385945168,424.35617823519107,425.3020630785753,843.5512832094519,843.9825965864187,843.9825965864187,846.0992633646271,,,,,846.8437908098007
4246,419.477065259163,423.5378476898771,424.52141391450635,841.506416464591,843.6601955630684,843.6601955630684,846.3913376523211,,,,,847.106128878016
4262,420.7566278352138,425.0259054403046,425.7981627344585,845.0209057363813,845.0959418381395,845.0959418381395,846.5428116348897,,,,,847.1396074725224
4259,420.55176524278124,424.7258529763432,425.33107830164533,843.6012065345573,845.3069107033863,845.5272524133392,846.5688031366739,,,,,848.0504427416547
4244,419.44404195648514,423.1043560818426,424.19292318549043,841.1173269760051,841.5030791266053,841.5030791266053,842.072136046534,,,842.072136046534,848.5872039212683,848.5872039212683
4258,420.47839667695393,424.6672360865912,425.6268193385667,843.9825965864187,845.0209057363813,845.0209057363813,845.2394152676803,,,845.2394152676803,849.2114402566123,849.2114402566123
4271,421.6752959059421,425.7981627344585,426.6628942605259,846.5136235473827,846.8287436244033,848.9838070236876,849.0221742878599,,,,,849.5518026152906
4240,419.30367056427497,422.74650165144993,423.8411402883207,840.5393457249137,842.2852616646337,842.2852616646337,844.462962198821,,,844.462962198821,849.5725390620263,849.5725390620263
4273,421.75196850657227,426.3365487481075,427.1216642058384,846.9984801856092,847.027949787591,849.2114402566123,849.2358695392788,,,,,849.7605682913933
4250,419.90447453315727,423.8411402883207,425.0259054403046,843.2638391380108,843.5512832094519,843.5512832094519,845.2880855481577,,,845.2880855481577,849.8733082322598,849.8733082322598
4260,420.63032892933035,424.7886099283421,425.73311565681826,844.9022233990368,845.5976183097946,846.3913376523211,848.075866962228,,,,,849.880643291917
4257,420.4270937547013,424.52141391450635,425.64137347960377,844.6454153544576,845.5679532970505,846.0992633646271,849.066657774212,,,,,850.0704495884512
4270,421.5569970950139,425.73311565681826,426.9394188790999,846.8287436244033,846.8796354355396,849.0221742878599,849.1102086808737,,,,,850.494711597383
4264,420.91406641457587,425.33107830164533,426.5102161795524,845.5976183097946,847.5356170847709,849.5725390620263,849.7663634087297,,,,,850.5977300580925
4269,421.5232319303817,425.64137347960377,426.5847299413968,845.768622820586,846.9984801856092,849.066657774212,850.0183256144389,,,,,850.6535513466488
4263,420.8432248614626,425.3020630785753,426.5231821593791,845.630752349683,846.6114595308184,848.5872039212683,848.9838070236876,,,,,850.8223851148686
4265,420.96789933710505,425.3496680343166,426.4584175984153,845.5679532970505,846.3339668324724,848.075866962228,848.2901239206407,,,,,850.8579284079159
4280,422.419274156753,426.7590221971616,427.65830546980266,847.5356170847709,849.0265932941385,850.0558625093431,850.1806965426307,,,,,850.9021947177924
4284,422.765858703543,427.41693804223354,428.0643641544547,849.0265932941385,849.4946981374646,850.4114416010912,850.4261723714814,,,,,850.9767728098226
4268,421.3273193077705,425.6268193385667,426.95849380833107,846.8796354355396,847.4272481016305,849.2358695392788,850.0558625093431,,,,,851.0493726190592
4261,420.69596889075115,424.8746333263242,425.8067126103842,845.0959418381395,846.5136235473827,848.2901239206407,850.4114416010912,,,,,851.1636662724405
4281,422.4718034608017,426.9394188790999,428.2433063795381,849.4946981374646,849.753330792013,850.4261723714814,850.5414453217751,,,,,851.244576574731
4248,419.8253659118835,423.63126327291195,424.7886099283421,842.2852616646337,844.9022233990368,844.9022233990368,845.5272524133392,,,845.6623402088421,851.7787025314311,851.7787025314311
4267,421.0852163899946,425.37207252544783,426.66080123101824,846.3339668324724,847.0156145576868,849.1102086808737,850.9477733822002,,,,,852.0439024653783
4278,422.177051572721,426.66080123101824,428.13623460323794,849.4752654031164,849.9529195812368,850.5414453217751,851.607276920594,,,,,852.1704724505685
4256,420.2950921053625,424.4672889625801,425.37207252544783,843.9092952230478,845.768622820586,846.5688031366739,851.1588211754262,,,,,852.2985705943383
4282,422.5150527108725,426.95849380833107,428.0432189380479,848.0696914938114,850.6179387270023,851.1588211754262,851.2619041596431,,,,,852.311777015963
4283,422.62927025670615,427.1216642058384,428.28225615084904,849.753330792013,850.1094153932902,850.9477733822002,851.5049059208247,,,,,852.3205944324131
4293,423.14297712870825,428.2433063795381,428.8620846496844,850.6179387270023,850.9602773652066,851.5049059208247,851.9049811514897,,,,,852.5224180559316
4272,421.7274788753976,425.8067126103842,426.7590221971616,846.6114595308184,849.4752654031164,850.1806965426307,851.1408723202069,,,,,852.6351193778643
4274,421.8490687290836,426.4584175984153,427.75397476656667,847.8668582865056,850.5364094495663,851.1408723202069,851.7260043140168,,,,,852.7229717545997
4275,421.8641750445504,426.5102161795524,427.5939831669964,847.4272481016305,847.8668582865056,849.8733082322598,851.8139366965893,,,,,852.929210818506
4253,420.12011350933005,424.0741098775081,425.3559849575418,843.7636953891453,844.6454153544576,844.6454153544576,852.4215736441275,,,,,852.9699238368484
4266,421.0761245577117,425.3559849575418,426.3365487481075,845.3069107033863,845.630752349683,846.5428116348897,852.71093112291,,,,,853.2347261130386
4286,422.82453178978767,427.5939831669964,428.6495046738262,850.5364094495663,851.0059679606325,851.607276920594,851.9787402157144,,,,,853.2881353095426
4287,422.89953487990624,427.65830546980266,428.41465417759997,849.9529195812368,851.6174037272439,851.8139366965893,851.8302795602154,,,,,853.4242057639914
4295,423.22772203131814,428.41465417759997,429.3485495731328,851.3729014060909,852.099939109844,852.099939109844,852.4685306975512,,,,,853.4346494237793
4279,422.4119853702683,426.6628942605259,427.587666704134,847.027949787591,850.0821869572335,850.8219142703888,852.1691432686557,,,,,853.5836653742087
4285,422.7897389905803,427.587666704134,428.5538145229949,850.0821869572335,850.8272934918978,851.2619041596431,852.3535918354795,,,,,853.6383038332841
4288,422.9059544883339,427.7386345211655,428.934126619679,850.9602773652066,851.260092051901,851.7260043140168,852.9063313217574,,,,,853.6746851330187
4301,423.70314497063066,428.934126619679,430.22941750482136,852.3424626601615,852.8080379133527,852.9063313217574,852.9297130517035,,,,,853.7198195517896
4299,423.5552680174724,428.8620846496844,429.969170279564,852.3016910046889,852.3484372292501,852.4627731456872,853.1505969912587,,,,,853.9277387370478
4291,423.02547629410077,428.0643641544547,429.21705966676626,851.260092051901,851.9522276203077,851.9522276203077,853.3692051432621,,,,,854.0586592037437
4292,423.07758003769754,428.13623460323794,429.0998973613626,851.0059679606325,852.0106010541257,852.0106010541257,852.4627731456872,,,,,854.1926867736814
4297,423.36448312149025,428.5564190222451,429.75980134897117,852.1166025256025,852.3836575851465,852.4685306975512,853.7945440920456,,,,,854.314439135951
4277,422.07026221213886,426.5847299413968,427.41693804223354,847.0156145576868,847.5875776870662,849.7663634087297,850.8219142703888,,,,,854.3302989381049
4290,422.9831760239739,428.0432189380479,428.9338556297928,850.8272934918978,852.4248523521859,852.71093112291,853.828863332197,,,,,854.3365380971057
4298,423.48645022077864,428.6495046738262,429.74338481627507,852.099939109844,852.3016910046889,852.3535918354795,853.8661928087465,,,,,854.5239957012966
4294,423.1766481173776,428.28225615084904,429.35258399131004,851.6174037272439,852.3424626601615,852.4215736441275,853.9466559107309,,,,,854.9164055482375
4309,424.6767248617064,429.75980134897117,430.9095376277251,853.250254434555,854.1020327431389,854.1020327431389,854.2976300403099,,,,,854.9384773217572
4308,424.6120469890761,429.74338481627507,430.4807781498609,852.8525539306958,853.250254434555,853.7520178383335,854.4215282612729,,,,,854.9607661589649
4303,423.82687459005246,429.21705966676626,430.2399802608907,852.3836575851465,853.1065685133261,853.3692051432621,854.4471614301228,,,,,855.0457206375975
4304,423.82701767083387,429.3485495731328,430.3231263388241,852.4248523521859,853.9737624079382,853.9737624079382,854.3674005823041,,,,,855.5050418692098
4310,424.8272223669663,429.969170279564,431.17331801067206,854.1020327431389,855.6757678756571,855.6757678756571,855.6774868623968,,,,,856.4288219453805
4312,425.37939200579495,430.2321955290208,430.95825843185867,853.9737624079382,854.0576071738059,854.0576071738059,855.9979183332231,,,,,856.627749323394
4302,423.7501806326499,429.0998973613626,430.54475440950205,853.1065685133261,854.044588138422,854.044588138422,855.0549929320426,,,,,856.6896975660492
4276,421.97178228111636,426.5231821593791,427.7386345211655,847.5875776870662,848.0696914938114,850.0183256144389,853.7520178383335,,,,,856.7859535568559
4296,423.35256429577686,428.5538145229949,429.35651350651773,851.9522276203077,852.1166025256025,852.1691432686557,855.5059169016296,,,,,856.8668922026287
4300,423.59386508548124,428.9338556297928,429.5095309303934,852.0106010541257,855.1783071729426,855.1783071729426,856.5441988357746,,,,,857.6514124924649
4317,425.84055078059953,430.4807781498609,431.68514988848375,855.6757678756571,856.5690875799953,856.5690875799953,856.6724158298622,,,,,858.1424661180438
4314,425.4800376750218,430.3231263388241,431.28556594997127,854.816182426006,855.437237280944,855.437237280944,857.3783648198687,,,,,858.1510716854159
4323,426.9026160382431,431.17331801067206,432.0247926566578,856.5690875799953,857.4578277123458,857.4578277123458,857.4694058110122,,,,,858.3017150279563
4315,425.5405470275618,430.3798908902077,431.4444125375823,855.1783071729426,857.3586352984095,857.3586352984095,857.5669474850331,,,,,858.3567260245878
4289,422.9174876252434,427.75397476656667,428.5564190222451,850.1094153932902,851.3729014060909,851.7787025314311,854.1648890954846,,,854.1648890954846,858.4111301758139,858.4111301758139
4318,425.9578973049022,430.54475440950205,431.31517025220097,854.851081872342,856.4595343262957,856.4595343262957,857.7914019793636,,,,,858.4195370190376
4307,424.4951014205665,429.5095309303934,430.3798908902077,852.8080379133527,854.851081872342,854.851081872342,857.8066910307522,,,,,858.7142484508971
4305,424.0199068644242,429.35258399131004,430.2321955290208,852.3484372292501,852.8181694115173,852.9297130517035,854.2877228663235,,,854.2877228663235,858.9581485692831,858.9581485692831
4320,426.42858856119585,430.95825843185867,431.7357963298547,856.3851844824459,857.9306432660372,857.9306432660372,858.446646867207,,,,,859.0783768220344
4316,425.8175867359256,430.4095397296965,431.68155933810147,855.437237280944,858.126093769676,858.126093769676,858.1915743287963,,,,,859.2138108207814
4322,426.79255441868213,431.0187625273951,431.9055879826277,856.4595343262957,857.072613027573,857.072613027573,858.6027626794338,,,,,859.4762401082718
4324,426.91611917701516,431.28556594997127,432.4308185697769,857.9306432660372,858.553308399833,858.553308399833,858.7694560882252,,,,,859.5631286589665
4313,425.4182942142577,430.2399802608907,430.9902906935434,854.044588138422,854.816182426006,854.816182426006,858.4353857691185,,,,,859.6807038821815
4321,426.5348181608798,430.9902906935434,432.06650379051416,857.072613027573,859.0026024277373,859.0026024277373,859.4379219703483,,,,,860.0107424232831
4327,427.2598016143974,431.68155933810147,432.50330094661695,858.3656217827198,858.5861542214243,858.5861542214243,859.8333756433259,,,,,860.6198725720659
4319,425.99766972260403,430.9095376277251,432.11847965592534,857.3586352984095,858.3656217827198,858.3656217827198,860.2471565425884,,,,,860.9282484787196
4331,427.6833576401538,432.0247926566578,432.8428254956093,859.2342366269272,860.2067829983793,860.2067829983793,860.4316724267818,,,,,861.1020467240062
4306,424.05345479178385,429.35651350651773,430.4095397296965,852.8181694115173,852.8525539306958,853.1505969912587,856.0438564117125,,,856.0438564117125,861.2021583973112,861.2021583973112
4326,427.1529625156297,431.4444125375823,432.4547286119658,858.126093769676,859.6125058718688,859.6125058718688,860.6016097612875,,,,,861.2624750799336
4335,428.1510162155021,432.4308185697769,433.2520124359138,859.9566960984189,860.2923748876058,860.2923748876058,860.5620237750943,,,,,861.6684696058303
4325,426.9469387440846,431.31517025220097,432.2351791083393,857.4578277123458,860.2700127212391,860.2700127212391,860.2822859211713,,,,,861.6862903231068
4341,428.399933971962,432.8428254956093,433.94377451769407,860.76131410393,861.1739499639198,861.1739499639198,861.4521053015368,,,,,861.9561632246895
4328,427.32803890423037,431.68514988848375,432.7742527945579,859.0026024277373,859.5618556045595,859.5618556045595,860.6497121075525,,,,,861.9959721169186
4334,427.9939934985169,432.2351791083393,433.14394961173326,859.6125058718688,859.7968201785524,859.7968201785524,861.1557374080951,,,,,862.2212996905293
4329,427.4016241968378,431.7357963298547,432.76628560874235,858.5861542214243,859.2342366269272,859.2342366269272,861.1294982439894,,,,,862.3695205349676
4333,427.9669092228562,432.11847965592534,433.19968206180425,859.7968201785524,859.9566960984189,859.9566960984189,861.6852133340341,,,,,862.4208529593811
4336,428.2166870239558,432.4547286119658,433.5867587994525,860.2700127212391,861.0898051882347,861.0898051882347,861.8853343107452,,,,,862.4475787283051
4344,428.77746751896456,433.19968206180425,434.2517976962095,861.401247317785,861.7241825111032,861.7241825111032,861.8124104903162,,,,,862.7289218098795
4348,428.93342775496393,433.7129186588099,434.54183852530394,861.7241825111032,861.9201050791365,861.9201050791365,862.3800420742444,,,,,863.0794554720183
4332,427.81787726541194,432.06650379051416,433.4853450907699,860.2067829983793,860.6792722948803,860.6792722948803,862.2286683957045,,,,,863.0937948389329
4338,428.3799812005445,432.6655852415052,433.8689808645441,860.6792722948803,861.5121677912032,861.5121677912032,862.0804517190429,,,,,863.1079820052051
4349,429.1976424822394,433.8689808645441,434.87123182537516,862.3007265060755,862.8438569057004,862.8438569057004,862.8613698194617,,,,,863.3910480468613
4340,428.3893418093345,432.7742527945579,433.7129186588099,860.2923748876058,860.76131410393,860.76131410393,862.2667580382829,,,,,863.7365671195577
4345,428.8161951588122,433.2520124359138,434.22212777258386,861.2174450763155,861.401247317785,861.401247317785,862.6665945978859,,,,,863.9244010606294
4343,428.51229727021024,433.14394961173326,434.3982151607728,861.5121677912032,863.3375923686212,863.3375923686212,863.4109080006768,,,,,864.1356786752613
4311,425.18370923940773,430.22941750482136,431.0187625273951,854.0576071738059,856.3851844824459,856.3851844824459,857.6953261937709,,,857.6953261937709,864.4786336410084,864.4786336410084
4342,428.4201335195922,433.1429601919553,434.18171761150415,861.1739499639198,862.4434234491417,862.4434234491417,864.2384646225457,,,,,864.8029081638521
4346,428.8489658729404,433.4853450907699,434.907809153662,862.4434234491417,862.5505879602059,862.5505879602059,864.3609507078742,,,,,865.2910004765266
4337,428.3721093757144,432.50330094661695,433.1429601919553,859.5618556045595,862.6946472589323,862.6946472589323,864.716533412703,,,,,865.4572293090649
4350,429.3195642630016,433.94377451769407,434.92289957918877,862.5505879602059,863.7005203011843,863.7005203011843,864.803867387874,,,,,865.6946254100999
4351,429.36975720487334,434.02088686223937,435.20831938289405,862.8438569057004,863.2512100170628,863.2512100170628,863.8083360561268,,,,,866.2445181796652
4369,431.35400537075066,435.8272265397134,436.4728894396679,865.3204549382034,865.4664199991237,865.7350044493281,865.7629548771008,,,,,866.3574532730523
4353,429.5737087826304,434.22212777258386,435.2280725771758,863.2512100170628,864.4898061441876,864.4898061441876,865.6326591579526,,,,,866.430786285664
4357,430.057484070912,434.8674017168035,435.8089066239338,864.1201822229973,864.4675466653347,864.4675466653347,865.5348953419543,,,,,866.5132520934426
4352,429.5626120439993,434.18171761150415,434.8674017168035,861.9201050791365,862.3007265060755,862.3007265060755,863.2844514521106,,,863.2844514521106,866.7401761377885,866.7401761377885
4365,431.1534120928366,435.3473600894638,436.1005873956166,865.0904138521514,865.1833879318117,865.1833879318117,865.4669617113491,,,,,866.8609929712263
4358,430.12524031117863,434.87123182537516,436.0438871248011,864.5613133241674,865.703898665257,866.2590063378801,866.4198124102483,,,,,867.163922073866
4360,430.6588477051385,434.92289957918877,436.42873118421807,865.2686068550339,865.3204549382034,865.6326591579526,866.4035149029465,,,,,867.1689094789159
4354,429.68312071691685,434.2517976962095,435.2387686376733,863.3375923686212,863.9817248951749,863.9817248951749,866.2590063378801,,,,,867.1703239597122
4361,430.8203589689487,434.9674254972808,435.6852780265314,864.0456319408015,864.1201822229973,864.1201822229973,866.4870016520618,,,,,867.3144033653975
4363,431.0257368975613,435.2280725771758,436.41983077209585,865.246391727016,865.2686068550339,865.5266207931891,865.7350044493281,,,,,867.4524583399531
4355,429.81505315717504,434.3982151607728,435.3473600894638,863.7005203011843,864.5613133241674,864.5613133241674,866.876406235905,,,,,867.7295124404931
4347,428.933040500729,433.5867587994525,434.9674254972808,862.6946472589323,865.3090172155262,865.5348953419543,866.4605023327375,,,,,867.8152630695515
4356,429.98716063297763,434.54183852530394,435.64207368253403,863.9817248951749,865.0904138521514,865.0904138521514,866.6164064325217,,,,,867.8957405460715
4364,431.05116833871,435.2387686376733,435.8272265397134,864.4675466653347,865.246391727016,865.4669617113491,867.5946046764507,,,,,868.1135026071541
4374,431.7254299495619,436.41983077209585,437.10540532271585,866.243907470533,866.7568461217543,866.7568461217543,867.5355325377527,,,,,868.5581713001436
4362,430.91621868790855,435.20831938289405,436.37246964098296,865.1833879318117,866.7655310118744,866.7655310118744,867.580059567737,,,,,868.5856744425744
4330,427.4239412639997,431.9055879826277,432.6655852415052,858.553308399833,861.2174450763155,861.2174450763155,861.6681410393662,,,861.6681410393662,868.6389957700188,868.6389957700188
4371,431.41649954137296,436.0438871248011,437.2311619159501,866.7655310118744,867.4852057042052,867.4852057042052,867.9870577895924,,,,,868.7151841410165
4376,431.9370707404518,436.46460741370043,437.3667500200414,867.569287309772,868.5153285079297,868.6389957700188,868.7228350549653,,,,,869.2983026566387
4373,431.5255790783198,436.37246964098296,437.2457793118116,866.9479178777582,868.5232247640574,868.7228350549653,869.0400131702994,,,,,869.5878685806877
4370,431.40306134461923,435.9866379456198,437.2539997106001,867.4852057042052,867.790040621958,867.790040621958,869.0041355275745,,,,,869.779688940341
4339,428.3865875035355,432.76628560874235,434.02088686223937,861.0898051882347,864.0456319408015,864.0456319408015,865.5266207931891,,,865.7629548771008,869.7908965897309,869.7908965897309
4377,432.00845468050596,436.4728894396679,437.1889606575936,866.3201684473999,868.2887472608436,868.2887472608436,868.7322375342,,,,,869.8392441313192
4359,430.4103150370707,434.907809153662,435.9866379456198,864.4898061441876,866.3201684473999,866.4198124102483,868.5278445953871,,,,,869.9058013457498
4379,432.3462722310539,436.9107770835734,437.89122667889086,868.2887472608436,869.1760062252672,869.1760062252672,869.2942294207597,,,,,869.9367230238463
4368,431.3281841714107,435.8089066239338,436.9107770835734,865.703898665257,866.9479178777582,866.9479178777582,869.3090917296397,,,,,869.9625656061687
4375,431.79709898250917,436.42873118421807,437.64778158868444,867.790040621958,867.8982640783784,867.8982640783784,870.1307415480335,,,,,870.6589414157816
4384,432.6443311469147,437.2457793118116,438.5655420315497,870.067396305588,870.1166514178182,870.1166514178182,870.2625167275082,,,,,871.0770432606914
4387,432.9981493343774,437.64778158868444,438.74076586762186,870.1166514178182,870.3321745664991,870.3321745664991,870.6632833087942,,,,,871.2749829491527
4372,431.5219734401938,436.1005873956166,437.2109617802874,866.7568461217543,867.569287309772,867.569287309772,870.3873765274744,,,,,871.2958296447601
4367,431.2974034373942,435.6852780265314,436.7009712562595,865.4664199991237,866.243907470533,866.4035149029465,870.3133758836224,,,,,871.363747675897
4389,433.5704532758286,437.89122667889086,438.44169002701597,869.1760062252672,870.4600218460978,870.4600218460978,870.7586396252431,,,,,871.386765799935
4380,432.3663107802969,437.10540532271585,438.4089265218082,868.5232247640574,869.2421051013229,869.2421051013229,870.4265155549249,,,,,871.432111539118
4388,433.475809655082,437.67789303174385,438.96305093451826,870.3693377004904,870.4118880435124,870.4118880435124,871.1936173809099,,,,,871.8709492978016
4382,432.52100420927184,437.2109617802874,438.46275423508087,869.2421051013229,870.067396305588,870.067396305588,872.3052470735693,,,,,872.9027764253233
4386,432.86633806789234,437.3667500200414,438.6158254642943,870.1095888700119,870.3693377004904,870.3693377004904,872.9354423380701,,,,,873.4849941053109
4395,433.9820679186497,438.46275423508087,439.3190323559651,870.4600218460978,870.7631286586859,870.7631286586859,871.6991679760357,,,,,873.6160759016688
4383,432.5386484412418,437.2311619159501,438.0210472882223,868.331705201145,870.1095888700119,870.1095888700119,872.6527033750305,,,,,873.74795754839
4398,434.1760808278456,438.74076586762186,439.64853182936196,872.8235700696554,873.0153368446199,873.0153368446199,873.2536678651242,,,,,873.7649574101099
4378,432.23235907449765,436.7009712562595,437.67789303174385,867.8982640783784,868.331705201145,868.331705201145,870.2420596097331,,,,,873.772676491272
4394,433.93685929980154,438.44169002701597,439.4470925147295,871.8993596750698,872.8235700696554,872.8235700696554,873.2308769159215,,,,,873.7927242031827
4366,431.21518257532836,435.64207368253403,436.46460741370043,865.3090172155262,868.3392686190231,868.5278445953871,870.60384567105,,,,,873.855599783354
4392,433.7198783557761,438.23871226798445,439.56607404840156,871.9964051978733,872.9844175657752,872.9844175657752,873.1884878118748,,,,,874.3501060653015
4381,432.3852028513848,437.1889606575936,438.05285450087155,868.3392686190231,871.6424974502788,871.6424974502788,872.454198907763,,,,,874.4732025467493
4397,434.09439335216337,438.6158254642943,439.39418363793874,871.6424974502788,873.2606582188158,873.2606582188158,873.297877244087,,,,,874.5401314032215
4393,433.7406012194334,438.4089265218082,439.8255982945983,873.7122777480852,874.1347897809229,874.1347897809229,874.3414889332447,,,,,874.9056930149341
4402,434.59815818440296,439.3190323559651,440.49350023213503,874.6741335107828,874.6924463914381,874.6924463914381,874.9460478566835,,,,,875.569068381781
4391,433.69430363759994,438.05285450087155,438.9807696807464,870.4118880435124,871.9964051978733,871.9964051978733,874.2031775478061,,,,,875.5707381185636
4396,433.9886165340098,438.5655420315497,439.3442795478485,870.7631286586859,875.057696470279,875.057696470279,875.0889685257536,,,,,875.6120160840308
4390,433.64336272715957,438.0210472882223,438.94623717270053,870.3321745664991,873.7122777480852,873.7122777480852,874.0371169634873,,,,,875.6395836517481
4401,434.40719451053883,438.9807696807464,439.66256035128674,872.9844175657752,874.4406614504497,874.4406614504497,875.4437644879728,,,,,876.1670895055835
4385,432.7434458850027,437.2539997106001,438.23871226798445,868.5153285079297,871.8993596750698,871.8993596750698,875.7803951270203,,,,,876.3931239847752
4400,434.34098906162353,438.96305093451826,439.75988121058543,873.0153368446199,875.3721332983425,875.3721332983425,876.1714992439787,,,,,876.7090796000518
4399,434.2272248769235,438.94623717270053,439.76885501084985,873.2606582188158,873.7446528288039,873.7446528288039,876.2852012144032,,,,,876.8722264841247
4405,434.95696571238386,439.4470925147295,440.24869829227055,874.1347897809229,874.6741335107828,874.6741335107828,875.97950296007,,,,,876.8732330391724
4409,435.70816497707324,439.75988121058543,440.91483146713375,875.057696470279,875.3856722108197,875.3856722108197,875.9691422389025,,,,,877.1714188397641
4413,436.16700581503954,440.24869829227055,441.3385610723369,875.3856722108197,876.1932796868036,876.1932796868036,876.4901785618106,,,,,877.3341346889439
4421,436.6681482972469,440.9236151347877,441.6003994298525,876.0725228789156,876.6461389787618,876.6461389787618,876.681182186301,,,,,877.5616403975575
4410,435.87980053429453,439.76885501084985,440.89679003956206,874.6924463914381,875.8790378370394,875.8790378370394,876.5460057712361,,,,,877.6278416557197
4418,436.51177887064006,440.89679003956206,442.03726547017334,876.883605620746,876.9653521818328,876.9653521818328,877.0877661382956,,,,,877.7870655580562
4407,435.5878027926782,439.64853182936196,440.4433758159958,874.4406614504497,874.6851643225345,874.6851643225345,877.4447769510833,,,,,878.109452755407
4417,436.4328581465696,440.7087871576901,441.80874144838555,876.2922331518484,877.4611569676308,877.4611569676308,878.17037878228,,,,,878.8802906020004
4408,435.6517436237039,439.66256035128674,440.25477147965375,874.3468437240496,874.8631766955235,874.8631766955235,878.062355356702,,,,,878.9744535083759
4404,434.83206758432425,439.39418363793874,440.7087871576901,874.6851643225345,876.0725228789156,876.0725228789156,878.3163879265423,,,,,879.0281242784106
4420,436.6233295787281,440.91483146713375,441.8596082656927,876.6461389787618,878.1144900652276,878.1144900652276,878.1440440611309,,,,,879.0904385814966
4403,434.60406632281564,439.3442795478485,440.12776739900113,873.7446528288039,874.3468437240496,874.3468437240496,874.7837668031439,,,874.7837668031439,879.3140881391105,879.3140881391105
4414,436.3259687899602,440.25477147965375,441.6027148810886,876.1932796868036,876.883605620746,876.883605620746,878.5655968007435,,,,,879.3789537668074
4428,437.8237596703669,441.80874144838555,442.6875101398095,878.7301322191128,878.7988947285005,878.7988947285005,878.8498404783888,,,,,879.7669974862196
4426,437.59073191605177,441.6003994298525,442.47133207046073,877.6679723967756,878.7529684894913,878.7529684894913,879.1093671899556,,,,,879.9122232299168
4425,437.1721591944474,441.4817707722593,442.2677218878579,877.4611569676308,878.6711096107753,878.6711096107753,878.6917331660143,,,,,879.9880217224229
4422,437.0881145591127,441.0750922459707,442.03865694367465,876.9653521818328,877.6679723967756,877.6679723967756,879.3690493903505,,,,,879.9888439819557
4415,436.36267383212834,440.4433758159958,441.41132096629195,875.8790378370394,875.9578322435004,875.9578322435004,879.2511583661748,,,,,880.2674674824553
4412,435.9656117242326,440.12776739900113,441.0750922459707,875.3721332983425,878.7234284149345,878.7234284149345,879.0457450296619,,,,,880.3092127004094
4427,437.7061580364749,441.6027148810886,442.6755190783091,878.7234284149345,878.7301322191128,878.7301322191128,879.7970946984651,,,,,880.4926162815658
4429,437.82690343982915,441.8596082656927,442.6153308159717,878.6711096107753,879.4884443620616,879.4884443620616,879.812453433428,,,,,880.5023756149444
4406,435.5735195896744,439.56607404840156,440.8974410516439,874.8631766955235,875.2437438209888,875.2437438209888,876.5281372992966,,,876.5281372992966,880.527341965432,880.527341965432
4430,438.11712183277695,441.99524508065724,442.7711044700365,878.7988947285005,879.1011524781059,879.1011524781059,880.1295989757351,,,,,881.1400957133756
4423,437.12043240241024,441.3385610723369,442.7025102698512,878.7529684894913,880.9827171474503,880.9827171474503,881.1206526121994,,,,,881.9481356105197
4419,436.5579143020833,440.8974410516439,441.99524508065724,876.6632799319032,880.0220205560963,880.0220205560963,880.8766791333289,,,,,882.4533759435491
4424,437.1280544435405,441.41132096629195,442.58328810785576,878.1144900652276,880.7851216459147,880.7851216459147,881.499552105037,,,,,882.6227260041142
4434,438.910374384164,442.47133207046073,443.39072971217325,880.0712774334315,880.4058332781306,880.4058332781306,880.9136117264572,,,,,882.6302177176086
4438,439.0375524494877,442.6875101398095,443.74857052184376,881.661299133178,882.0673652206684,882.0673652206684,882.1717608014394,,,,,882.7843819499573
4440,439.4660996576091,442.7711044700365,443.62897691349036,880.4058332781306,882.2448425442996,882.2448425442996,882.3004388187219,,,,,883.0519366911633
4411,435.92691112293596,439.8255982945983,440.9236151347877,875.2437438209888,876.6632799319032,876.6632799319032,878.5046106198133,,,878.5046106198133,883.518972054895,883.518972054895
4450,440.2164267006118,443.79214811149495,444.69998181471954,882.9900270292197,883.1152040245274,883.1152040245274,883.1610897736779,,,,,883.6689275725648
4436,438.9411976278388,442.6153308159717,443.71659117452333,880.9827171474503,882.9568805937442,882.9568805937442,883.2660941107927,,,,,883.8280350906396
4442,439.5135945113317,442.8907595042201,443.8806207437878,882.2448425442996,882.2937777836531,882.2937777836531,883.3414865849257,,,,,883.9134931939126
4416,436.41743278481897,440.49350023213503,441.4817707722593,875.9578322435004,876.2922331518484,876.2922331518484,879.2297702994971,,,879.2297702994971,884.191189407551,884.191189407551
4433,438.63327971403055,442.2677218878579,443.0447842300205,880.0220205560963,881.8137549713883,881.8137549713883,883.1128598370027,,,,,884.2027713023465
4435,438.9156117680718,442.58328810785576,443.7291025397261,881.2842541248232,883.3783707729367,883.3783707729367,883.7184120447123,,,,,884.3968570785095
4445,439.69167123315145,443.62897691349036,445.01391423541247,883.8320900591577,883.8585023199706,883.8585023199706,883.9556613222761,,,,,884.9061210190278
4439,439.1521495551548,442.7025102698512,443.63692178438805,880.7851216459147,881.661299133178,881.661299133178,883.4483133161107,,,,,884.9345712981002
4431,438.5426974845001,442.03726547017334,442.87991813901255,879.1011524781059,880.0712774334315,880.0712774334315,880.0966241546789,,,880.0966241546789,884.9484845910652,884.9484845910652
4443,439.5765681241213,443.0447842300205,444.00897022655647,882.2937777836531,883.8936023876676,883.9556613222761,884.0610596775587,,,,,884.9538374273654
4447,440.1022267131109,443.71659117452333,444.7912790317943,883.2092052786636,883.6645165566946,883.6645165566946,884.560334634983,,,,,885.403198085696
4452,440.59868068278877,443.8806207437878,444.7788160237316,883.1152040245274,883.2092052786636,883.2092052786636,884.6157390777779,,,,,885.4223339902431
4455,440.6691129817973,444.60529054441645,445.4261840816095,883.8936023876676,884.5999422597362,884.5999422597362,884.7787056365529,,,,,885.5536227715378
4454,440.63888996027964,444.5753839886301,445.65108314991005,884.6872909070684,884.9544216727966,884.9544216727966,885.1323778184164,,,,,886.1659283083095
4449,440.1799135919893,443.74857052184376,444.60529054441645,882.9789146046783,882.9900270292197,882.9900270292197,885.0559905605525,,,,,886.2568785529593
4432,438.5458850897134,442.03865694367465,442.8907595042201,879.4884443620616,881.2842541248232,881.2842541248232,884.3752050963535,,,,,886.4725245977015
4453,440.6012021842094,444.00897022655647,445.3127898475004,883.8585023199706,884.6872909070684,884.6872909070684,885.9854433999973,,,,,886.5432558098175
4457,440.84516690479717,444.7788160237316,445.84350779497714,884.8651630929669,885.8309908092027,885.8309908092027,885.8682810933601,,,,,886.7530764078593
4444,439.6318468063658,443.39072971217325,444.5753839886301,882.9568805937442,884.7496301461989,884.7496301461989,886.0405398627526,,,,,886.7987986418935
4459,441.0941429635658,444.86459226765544,445.67892302895456,884.7496301461989,885.28587036035,885.28587036035,886.4937665790073,,,,,887.0489218907283
4437,439.02595946405444,442.6755190783091,443.79214811149495,881.8137549713883,884.8083421675033,884.8083421675033,884.8098569861569,,,,,887.3760858562999
4458,441.03750538043334,444.7912790317943,445.49244291958234,884.5999422597362,884.8651630929669,884.8651630929669,886.2265411577729,,,,,887.5922393394762
4448,440.13258075669484,443.7291025397261,444.91123534299186,883.6645165566946,883.8320900591577,883.8320900591577,885.9143023099261,,,,,887.6512864346789
4463,441.6175007841424,445.3127898475004,446.2019121160617,885.8309908092027,886.514755093767,886.514755093767,887.3262451804874,,,,,887.9134268855747
4456,440.67330644838125,444.69998181471954,445.838980958216,884.8083421675033,885.3905262306608,885.3905262306608,886.5612134080932,,,,,887.9737202080656
4460,441.29501301878867,444.87446137528286,445.8471221490039,884.9544216727966,886.0809620014004,886.0809620014004,887.3573166375256,,,,,888.0841414848795
4451,440.42259249471425,443.7982583626362,444.86459226765544,883.3783707729367,883.4053873510143,883.4053873510143,887.7075270283636,,,,,888.2324053519258
4441,439.4741209160135,442.87991813901255,443.7982583626362,882.0673652206684,882.9789146046783,882.9789146046783,886.5957767488151,,,,,888.3012239025835
4470,442.1615476787936,445.8471221490039,446.7185449055797,886.6101903778195,887.6926537987039,887.6926537987039,887.9118468429987,,,,,888.4642952779943
4461,441.36018217889756,444.91123534299186,446.17339723342377,885.3905262306608,886.8157949733671,886.8157949733671,887.7577485677502,,,,,888.4843324527408
4446,439.77089266940175,443.63692178438805,444.87446137528286,883.4053873510143,886.9895023402403,886.9895023402403,888.3196831108223,,,,,889.2774280862244
4468,442.1243031509093,445.838980958216,446.7604838883254,886.8157949733671,887.3208797435449,887.3208797435449,887.9897484379577,,,,,889.4314662387769
4462,441.58329690322097,445.01391423541247,446.16213517131587,885.28587036035,886.2972660289246,886.2972660289246,888.9104828786992,,,,,889.7424144587374
4469,442.1369127042987,445.84350779497714,447.06987434441766,887.2826845704845,887.9334986913589,887.9334986913589,888.9394649364145,,,,,889.805453187865
4473,442.3645609742942,446.2019121160617,447.7657711065074,888.9823538302547,889.0099237254251,889.0099237254251,889.7491568027945,,,,,890.3386634632789
4474,442.38554912898184,446.2716515314047,447.29832180113954,887.6926537987039,888.9823538302547,888.9823538302547,889.3828233447664,,,,,890.3426398862603
4478,442.64881128545625,446.7604838883254,447.6561574087839,888.6582214062166,889.7444760486205,889.7444760486205,889.8677402244379,,,,,891.00195968588
4466,441.9280992199072,445.65108314991005,446.49917531358284,886.514755093767,887.7375615978788,887.7375615978788,890.8754636533847,,,,,891.6952083246233
4472,442.36278582320824,446.17339723342377,446.8628342673277,886.9895023402403,889.5066289539748,889.5066289539748,890.6134630072628,,,,,891.7066432404117
4467,442.01560126819913,445.67892302895456,447.10820616839385,887.3208797435449,888.6582214062166,888.6582214062166,889.4884221505249,,,,,892.0315116960409
4484,443.32461087498405,447.51313376993267,448.059983915982,889.7444760486205,889.7671915452319,889.7671915452319,891.6882873008456,,,,,892.237132270263
4483,443.25141981991624,447.33833029053636,448.03158137196544,889.0099237254251,891.1874145863394,891.1874145863394,891.4390425998067,,,,,892.3847590569223
4471,442.2112314259374,446.16213517131587,447.33833029053636,887.7375615978788,890.7146902293142,890.7146902293142,891.3836517291547,,,,,892.782717524943
4480,442.94802256741536,447.06987434441766,448.0988170613078,889.7671915452319,891.9316143319745,891.9316143319745,892.2833997409866,,,,,892.7950771173159
4477,442.5906150120174,446.7185449055797,448.27846026664025,891.1874145863394,892.036253350348,892.036253350348,892.5409831609732,,,,,893.4827609136966
4465,441.74978635892535,445.49244291958234,446.2716515314047,886.0809620014004,886.6101903778195,886.6101903778195,887.086198585864,,,887.086198585864,893.5380740182115,893.5380740182115
4493,444.4349212085777,448.27846026664025,449.2253217694865,892.9210635724022,893.003936957562,893.003936957562,893.1627896754563,,,,,893.6739660621237
4476,442.5893899310868,446.49917531358284,447.51313376993267,887.9334986913589,888.2712638760765,888.2712638760765,888.5699992332997,,,888.5699992332997,893.7766177002327,893.7766177002327
4475,442.5026559349453,446.47345038970127,447.52917018862,888.2712638760765,892.6985956264575,892.6985956264575,893.0385658577309,,,,,893.7860670037807
4464,441.64893844484635,445.4261840816095,446.47345038970127,886.2972660289246,887.2826845704845,887.2826845704845,887.431375406258,,,887.431375406258,894.3105312946486,894.3105312946486
4494,444.54865980936336,448.2887455178091,449.2748055604872,893.1172365694408,893.1605124027595,893.1627896754563,893.90926891504,,,,,894.468298245768
4490,444.0688880538729,448.059983915982,448.8360136606024,892.6985956264575,892.9210635724022,892.9210635724022,894.0576324051859,,,,,894.5684437416678
4482,443.01463127647577,447.29832180113954,448.2887455178091,891.9316143319745,892.8662279852573,892.8662279852573,894.0280988105127,,,,,894.7028473151195
4488,444.04447487206187,448.03158137196544,449.2491863023489,893.003936957562,893.573068824273,893.573068824273,894.2062888159564,,,,,894.8459554664499
4487,443.7703750473273,447.7657711065074,448.536854564668,892.036253350348,892.6748427627177,892.6748427627177,893.3150578443565,,,,,894.9922312321852
4481,442.9815489915167,447.10820616839385,448.03296070678533,889.5066289539748,892.9034927988799,892.9034927988799,893.406497900887,,,,,895.0176294575695
4492,444.4308368231278,448.23119939197755,449.48162502087314,893.333593929486,893.4101979264219,893.4101979264219,893.5395210255998,,,,,895.0622457366837
4491,444.21276848992864,448.0988170613078,449.19650205286837,892.8662279852573,893.1172365694408,893.1172365694408,893.2001020094548,,,,,895.3461228789979
4486,443.74362845972735,447.6561574087839,448.64900585808095,892.6748427627177,893.333593929486,893.333593929486,894.790645235506,,,,,895.7771687270301
4485,443.4507679607794,447.52917018862,448.64738476724114,892.3259217489584,894.7490096449725,894.7490096449725,895.1129231075162,,,,,895.8020257283016
4479,442.6966086324864,446.8628342673277,448.23119939197755,890.7146902293142,892.3259217489584,892.3259217489584,894.681825532515,,,,,895.8663880096898
4498,444.76966858626156,448.8360136606024,449.99235763260816,893.4970782363719,894.9261087299571,894.9261087299571,894.9756706706187,,,,,895.87880615879
4496,444.69628968894403,448.64738476724114,449.91935365718103,893.4101979264219,893.4970782363719,893.5380740182115,895.0629487874446,,,,,895.8873421110471
4503,445.40681193283405,449.2748055604872,450.3793328525271,894.2576496421782,894.5967273172864,894.5967273172864,894.7905464916677,,,,,895.9961267523447
4507,445.78252547271705,449.91935365718103,450.9032119019213,894.9261087299571,895.187828216708,895.187828216708,895.3315211474577,,,,,896.0632437242595
4506,445.70360534125064,449.7198230841481,450.6956794587612,894.5967273172864,895.8727409371709,895.8727409371709,895.8731641416175,,,,,896.4619164114426
4502,445.4025737763996,449.2491863023489,450.24881293184967,894.2056274535108,894.2576496421782,894.2576496421782,895.2804157725654,,,,,896.6288923916675
4497,444.70661430087966,448.64900585808095,449.7198230841481,893.3779055067591,894.3693597470233,894.3693597470233,895.274924826193,,,,,896.6679550422365
4511,446.60320634137344,450.24881293184967,451.26576040469274,895.4990770588878,895.5633962759425,895.5633962759425,896.0455256343507,,,,,896.8306485085952
4489,444.0582843529141,448.03296070678533,449.21315533087153,892.9034927988799,893.578605876072,893.7766177002327,895.5944738969266,,,,,897.1506716649137
4505,445.6464659523149,449.48162502087314,450.7704913784142,894.8524452133532,895.0556674089777,895.0556674089777,896.011881235166,,,,,897.3811387414033
4495,444.6262191825717,448.536854564668,449.3997082991734,893.1605124027595,893.3779055067591,893.3779055067591,897.1657636239372,,,,,897.6691951165283
4500,445.27873079130063,449.21315533087153,450.4269346956703,894.3693597470233,895.4990770588878,895.4990770588878,896.8035492030133,,,,,897.8611184580976
4501,445.3193533376928,449.2253217694865,450.06291474246024,893.573068824273,894.8524452133532,894.8524452133532,897.2427221176633,,,,,897.9050165110908
4520,447.9885106192837,451.1170517711119,451.95677181545483,896.5705606045711,896.7924495148492,896.7924495148492,897.3740125130886,,,,,898.0128587835718
4513,446.69076173587086,450.4269346956703,451.445384320753,895.5633962759425,896.3045080608567,896.3045080608567,896.5617962414946,,,,,898.0237113799069
4509,446.36428583523,450.06291474246024,451.13482231842386,895.3317460341452,897.4064811452649,897.4064811452649,897.6751198628293,,,,,898.3116679306827
4499,445.0002554632233,449.19650205286837,450.19834933976364,893.578605876072,894.2056274535108,894.2056274535108,897.1033170364616,,,,,898.3429459465414
4510,446.3718602496135,450.19834933976364,451.1170517711119,895.187828216708,896.5705606045711,896.5705606045711,897.018472947759,,,,,898.5608173442529
4518,447.72444941733767,450.9032119019213,451.99074076181654,896.7924495148492,897.1687939369782,897.1687939369782,898.0752915344308,,,,,898.5887453811717
4512,446.6869939352148,450.3793328525271,451.0896433745314,895.0556674089777,896.3605631923532,896.3605631923532,897.0034491040182,,,,,898.6290781081386
4517,447.5291027737487,450.81359171821845,451.62784267333797,895.8727409371709,896.2420551441709,896.2420551441709,896.4724220224056,,,896.4724220224056,898.7817415516051,898.7817415516051
4515,446.94747389034876,450.7475643230766,451.8118978712811,896.3045080608567,897.3096470255999,897.3096470255999,897.9693271418798,,,,,898.8858033940621
4504,445.4869924832935,449.3997082991734,450.81359171821845,894.8847171927977,895.3317460341452,895.3317460341452,898.3287451470615,,,,,899.0666037022273
4528,448.7139993100793,451.95677181545483,452.73268869134955,898.3323288513855,898.6650120659477,898.6650120659477,898.7046160449344,,,,,899.3038368902613
4527,448.6443544216843,451.83441912326464,452.87501031231875,898.7088524361653,898.8497410367013,898.8497410367013,899.0017765791667,,,,,899.5401619066031
4514,446.7246998001121,450.6956794587612,451.83441912326464,896.3605631923532,898.7088524361653,898.7088524361653,898.880334017195,,,,,899.5959514178279
4521,448.2328749922136,451.13482231842386,452.3667169444776,897.4064811452649,897.7480970569319,897.7480970569319,898.5741093097521,,,,,899.8380139467329
4525,448.6045999411551,451.6903741188316,452.61512530684814,897.7480970569319,898.3323288513855,898.3323288513855,899.3644000097338,,,,,899.928142191057
4508,446.2789209701581,449.99235763260816,450.7475643230766,894.7490096449725,894.8847171927977,894.8847171927977,899.3506514376678,,,,,900.0113039718478
4535,449.38766937883065,452.73268869134955,453.63702388327073,899.7143316916364,899.7595944703437,899.7595944703437,899.9540366810461,,,,,900.6013848036213
4516,446.9571895791289,450.7704913784142,451.6903741188316,896.2420551441709,897.6190210915495,897.6190210915495,899.5215724708229,,,,,900.7725398173287
4532,449.0871929583993,452.3667169444776,453.7228197596422,899.7657668241027,899.8046515512247,899.8046515512247,899.9761692123125,,,,,900.8325756953647
4523,448.3614955673156,451.445384320753,452.4247992793329,897.6190210915495,898.9029555143796,898.9029555143796,900.0828923637853,,,,,901.1221320116645
4533,449.3101554171904,452.4247992793329,453.3003441491219,899.6941773404501,899.7143316916364,899.7143316916364,900.4547160112696,,,,,901.160592620672
4522,448.3217800112689,451.26576040469274,452.26880307803634,897.3096470255999,899.4195748757413,899.4195748757413,900.1962177820413,,,,,901.1827624171667
4526,448.612529073658,451.8118978712811,452.9480511899064,898.8497410367013,899.7657668241027,899.7657668241027,900.1485841811436,,,,,901.2294599048159
4537,449.5151692132374,452.87501031231875,453.7269037513084,899.8046515512247,900.3254184263916,900.3254184263916,900.9926050051449,,,,,901.6018055655891
4519,447.89625141684,451.0896433745314,452.0025612549141,897.1687939369782,899.6941773404501,899.6941773404501,900.7986026243801,,,,,901.6142372881806
4534,449.370844084617,452.61512530684814,453.70072052699135,899.7595944703437,900.1624295183015,900.1624295183015,900.3465992598243,,,,,901.7743010383168
4540,449.7123442307149,453.23131228160406,454.14571013262093,900.6778179680313,900.9976430063278,900.9976430063278,901.4571046098085,,,,,902.0109892219451
4542,449.87516491510576,453.3003441491219,454.5341522343062,900.7983130959377,900.9717313521179,900.9717313521179,901.6235365075149,,,,,902.1412279897894
4539,449.683086284696,453.0096188096262,453.9618846731268,899.8335439113641,900.7150639697529,900.7150639697529,901.3519268212076,,,,,902.3743777847063
4529,448.9583948047171,451.99074076181654,453.25892477931495,899.4195748757413,900.5405182328208,900.5405182328208,901.078811203148,,,,,902.8595739921236
4549,450.66588977666925,454.0661397734581,454.47920807020773,900.7150639697529,900.8058066739693,900.8058066739693,901.8511307468796,,,,,902.8955209999617
4524,448.56253849462576,451.62784267333797,452.8039932759591,898.6650120659477,899.8335439113641,899.8335439113641,900.3084474177172,,,,,903.1628486861557
4545,450.0630015659144,453.7228197596422,454.932073005522,900.9845540291496,901.6554732351318,901.6554732351318,902.2630148568813,,,,,903.2452527522478
4541,449.7847214172051,453.25892477931495,453.9800525186189,900.1624295183015,900.6778179680313,900.6778179680313,901.9058732707953,,,,,903.5723455663261
4538,449.66026345099687,452.9480511899064,454.067085792642,900.5405182328208,901.9458046694427,901.9458046694427,903.079046047803,,,,,904.1820950497223
4544,449.99031946695067,453.70072052699135,455.0655050123371,900.9976430063278,902.2650020219994,902.2650020219994,903.7470712271346,,,,,904.5173885535545
4548,450.27596397236135,453.9800525186189,455.15572167582263,902.2958929401657,902.7866209056459,902.7866209056459,903.9640289150269,,,,,905.0154304514585
4553,451.0019386648159,454.5341522343062,455.74734160450737,903.7278499161274,904.1483194855183,904.1483194855183,904.5384297093365,,,,,905.095676209645
4543,449.9172184415195,453.63702388327073,454.8142123075455,900.9717313521179,904.1787872380424,904.1787872380424,904.3986602034026,,,,,905.2519171992377
4552,450.9245750992099,454.47920807020773,455.6239523217931,902.9048114259684,903.9037972033968,903.9037972033968,904.8082799418925,,,,,905.3418845364116
4530,449.0454921229179,452.0025612549141,453.0096188096262,898.9029555143796,899.3444460646568,899.3444460646568,899.5770946492494,,,899.5770946492494,905.4079756370674,905.4079756370674
4547,450.2102487257969,453.9618846731268,455.13045112319844,902.2650020219994,902.2958929401657,902.2958929401657,904.8305364394037,,,,,905.4168312037425
4551,450.83927209013007,454.14571013262093,455.06676738823063,901.6554732351318,903.8837247190272,903.8837247190272,904.8516622094427,,,,,905.5293192084599
4556,451.31018086793443,454.932073005522,455.75313153563127,903.8837247190272,904.5868828878899,904.5868828878899,905.2265768586847,,,,,905.7711548817267
4562,451.76108673915564,455.5485798963087,456.4573328277771,904.8545641867693,905.090087808971,905.090087808971,905.2237537240163,,,,,905.793639582486
4550,450.8258458464537,454.067085792642,455.1135200959022,901.9458046694427,903.7278499161274,903.7278499161274,904.9733499152418,,,,,905.8086830129369
4536,449.4770030104528,452.8039932759591,454.0661397734581,900.3254184263916,902.9048114259684,902.9048114259684,905.4997376450783,,,,,906.0700094511802
4563,451.83802622690723,455.6239523217931,456.4978450252735,905.090087808971,905.2022747917805,905.2022747917805,905.3610740685822,,,,,906.0853331587025
4558,451.6062871991716,455.06676738823063,456.060788022202,904.1787872380424,904.569852158924,904.569852158924,904.860588160494,,,,,906.2972748714342
4567,452.20435466282595,456.05814932362637,457.05028873553647,905.833998739412,905.9610205271706,905.9610205271706,906.1044458166998,,,,,906.6345104173196
4565,451.8413408718871,455.75313153563127,456.62471723326263,905.2022747917805,905.5401627734574,905.5401627734574,905.5438311797307,,,,,906.6406866499764
4557,451.4832858829594,455.0655050123371,456.61341338709536,905.1249030299635,905.7197948906194,905.7197948906194,906.3312085661403,,,,,906.8967164703639
4546,450.09648257586866,453.7269037513084,454.68751086875136,900.8058066739693,900.9845540291496,900.9845540291496,902.2455579975099,,,902.2455579975099,907.3551693839438,907.3551693839438
4555,451.2588015343111,454.8142123075455,455.5485798963087,902.7866209056459,906.6442981780825,906.6442981780825,906.9459028564398,,,,,907.5592730480197
4560,451.6644346955439,455.13045112319844,456.05814932362637,904.1483194855183,904.8545641867693,904.8545641867693,906.4360078952442,,,,,907.6181680149555
4568,452.4823296250922,456.060788022202,457.0105321590193,905.7197948906194,907.1766196026731,907.1766196026731,907.2344209566251,,,,,908.639291124062
4531,449.0584098248834,452.26880307803634,453.23131228160406,899.3444460646568,900.7983130959377,900.7983130959377,906.8189235872543,,,,,908.6575351506646
4572,452.88294595594056,456.4978450252735,457.4999398748445,906.6442981780825,908.5278055054174,908.5278055054174,908.576654205028,,,,,909.077864860695
4559,451.6496731888999,455.1135200959022,456.0991182744421,904.569852158924,905.2162715831363,905.2162715831363,908.2874820931969,,,,,909.1128183713444
4569,452.54630472316217,456.0991182744421,457.4350876748342,906.0575130708006,907.5376633362179,907.5376633362179,908.3394531135534,,,,,909.1625845762869
4561,451.66556938607584,455.15572167582263,456.3101946262733,904.5868828878899,905.1249030299635,905.1249030299635,907.0928211369949,,,,,909.2238427792466
4564,451.84034398457436,455.74734160450737,456.9256856045657,905.5401627734574,906.0575130708006,906.0575130708006,906.2642046928516,,,,,909.5119693875911
4576,453.6573675919971,456.9256856045657,457.67487074799925,907.4723036147752,908.0822395923454,908.0822395923454,909.4201683778476,,,,,910.3651844087082
4582,454.38732408936465,457.58941290348554,458.3708668101549,909.469927816316,909.6445809268541,909.6445809268541,909.9303949862992,,,,,910.5894606975538
4571,452.6201747715465,456.4573328277771,457.91646780660665,907.9816151648049,908.2502355341018,908.2502355341018,908.5070769163615,,,,,910.5926077458113
4573,452.91393201725526,456.61341338709536,457.58941290348554,907.1766196026731,908.7419812414861,908.7419812414861,909.7482012775644,,,,,910.6388619341593
4570,452.5738175888971,456.3101946262733,457.22253775599273,905.9610205271706,907.9816151648049,907.9816151648049,910.1165187793752,,,,,910.744133319287
4580,453.98965633410785,457.4350876748342,458.1638225563242,908.5278055054174,908.8849638002065,908.8849638002065,909.7657209960566,,,,,910.8036347889905
4581,454.28822249420983,457.4999398748445,458.5074371738074,909.6445809268541,910.2414563686477,910.2414563686477,910.2994086522089,,,,,910.9326986933162
4578,453.9345053376502,457.05028873553647,458.0322267016084,908.2502355341018,909.469927816316,909.469927816316,910.3900860442235,,,,,910.9586203323513
4584,454.41174107043236,457.71129137554755,458.53801917155755,909.7702827095897,909.9304655618748,909.9304655618748,910.4523174214717,,,,,911.0925456543985
4575,453.3009509740895,456.80989224201534,457.99676107104256,908.0822395923454,909.7702827095897,909.7702827095897,910.4681333572635,,,,,911.2034540422139
4577,453.9047056924971,457.0105321590193,458.29454503926996,908.8849638002065,909.6063052835271,909.6063052835271,910.8450100214293,,,,,911.7578531956616
4554,451.1851975275267,454.68751086875136,455.8480251493125,903.9037972033968,905.833998739412,905.833998739412,911.1689735330872,,,,,911.8605786952733
4590,455.14430676109544,458.29454503926996,459.1117773999126,910.1624728738974,910.7795365875965,910.7795365875965,911.3070795293751,,,,,911.883828638146
4574,453.20092911211697,456.62471723326263,457.71129137554755,907.5376633362179,909.9160592696346,909.9160592696346,910.6101143278704,,,,,912.2599305574947
4583,454.40224504262994,457.67487074799925,458.8760854463402,909.9304655618748,910.5788099048468,910.5788099048468,910.9525390178796,,,,,912.376349631549
4585,454.57492620865037,457.91646780660665,458.6982295120305,909.9160592696346,910.1624728738974,910.1624728738974,911.8352813650678,,,,,912.7962062611579
4588,454.87614713324587,458.1638225563242,459.23611631783774,910.7795365875965,910.8945347789061,910.8945347789061,912.62068744728,,,,,913.240669453597
4595,455.6754005940559,458.6982295120305,459.6683703531883,911.0271159719557,911.3866871649877,911.3866871649877,911.9330659901525,,,,,913.2705486108666
4589,455.13682910828976,458.238719928561,459.3304204131537,910.8945347789061,911.0271159719557,911.0271159719557,912.8724713820012,,,,,913.3814280837042
4600,455.964167628864,459.23611631783774,460.087451522463,912.4005785710089,912.9488383770343,912.9488383770343,913.1059339926835,,,,,913.8468741152903
4598,455.8543567387097,459.14002966674065,459.7882743041695,911.2610745964281,912.4005785710089,912.4005785710089,913.0948661814275,,,,,914.1724121016204
4593,455.6056937089641,458.5074371738074,459.7571464162057,911.0318407331625,913.3635981427086,913.3635981427086,913.6471462615589,,,,,914.1747147423953
4586,454.59258851776735,457.99676107104256,459.14002966674065,910.2414563686477,911.7394755474484,911.7394755474484,912.3878573073047,,,,,914.3716018808317
4592,455.46366211893377,458.42940920820035,459.189110011917,910.5788099048468,913.1409663326526,913.1409663326526,913.5309784786132,,,,,914.4496017352811
4594,455.62311934828244,458.53801917155755,459.5737266605377,910.9899290691873,911.0318407331625,911.0318407331625,911.6293787869567,,,,,915.0544000955238
4605,456.4710891667435,459.7571464162057,460.8245309660447,913.991720555213,914.1091597387558,914.1091597387558,914.2227441106637,,,,,915.1503604569648
4597,455.83604934570974,459.1117773999126,459.80688008189645,911.3866871649877,913.6950391879255,913.6950391879255,914.0278755731916,,,,,915.2379692133384
4591,455.34143130147663,458.3708668101549,459.23906442330247,910.8831112179855,910.9899290691873,910.9899290691873,914.4792538744109,,,,,915.3516338873043
4602,456.167858044737,459.3304204131537,460.20172805762036,912.9488383770343,913.4357613197963,913.4357613197963,914.6861456395342,,,,,915.4201441658378
4601,456.0927283253824,459.23906442330247,460.40154266572114,913.1409663326526,914.2706700996206,914.2706700996206,914.6656506887731,,,,,915.4356226792361
4596,455.8132627092123,458.8760854463402,459.9901531801086,912.0592459201583,913.991720555213,913.991720555213,914.824869765946,,,,,915.4642729390544
4579,453.967837919079,457.22253775599273,458.238719928561,908.7419812414861,910.8831112179855,910.8831112179855,914.82673340806,,,,,915.5985584562616
4566,451.977863868675,455.8480251493125,456.80989224201534,905.2162715831363,907.4723036147752,907.4723036147752,909.1029530704537,,,909.1029530704537,915.6036866351601,915.6036866351601
4599,455.88527528747176,459.189110011917,459.9163539280154,911.7394755474484,912.0592459201583,912.0592459201583,912.1028078018576,,,912.1028078018576,915.7838964155142,915.7838964155142
4607,456.5729482623979,459.80688008189645,460.82837924491514,914.1091597387558,914.9174183520695,914.9174183520695,914.9837480124218,,,,,916.0201875510892
4608,456.58291543553275,459.9163539280154,460.4528071234781,913.3635981427086,914.8556420814194,914.8556420814194,915.5188047630332,,,,,916.7305258136387
4606,456.53094699059136,459.7882743041695,460.90149187951147,914.2706700996206,915.4026577737384,915.4026577737384,915.4639426130608,,,,,917.1646476466741
4613,456.8764405560767,460.4528071234781,460.993845212919,914.660807421007,915.6972642562993,915.6972642562993,916.5808123908599,,,,,917.245764992821
4618,457.3882382474104,460.90149187951147,461.5173233886152,915.8829162899192,916.1457254351292,916.1457254351292,916.293064085916,,,,,917.8940765195243
4615,457.15730594267285,460.5829738453986,461.77039498478115,916.1457254351292,917.2105429513375,917.2105429513375,917.2372353056522,,,,,917.9986270410374
4611,456.7887948428222,460.20172805762036,461.2958368641055,915.4026577737384,917.7216638835971,917.7216638835971,918.3935657438417,,,,,919.0451375803228
4617,457.21160712215953,460.82837924491514,461.8216455864152,916.9956283891934,917.0277042884802,917.0277042884802,918.3866031285085,,,,,919.1189070171711
4612,456.8247465259775,460.40154266572114,461.4363737741693,915.6972642562993,915.8829162899192,915.8829162899192,918.525308188153,,,,,919.1433047611619
4609,456.63753853057676,459.9901531801086,461.08117415760734,914.9174183520695,916.9956283891934,916.9956283891934,917.4068490921009,,,,,919.5259585383563
4603,456.25548893356205,459.5737266605377,460.5829738453986,913.6950391879255,917.55573099091,917.55573099091,917.6873378600603,,,,,919.7622824838411
4614,456.89302089695803,460.56784785875334,461.7834598172777,916.6258597666651,917.7794648133657,917.7794648133657,919.0673060549586,,,,,919.8535090110807
4587,454.7329824034335,458.0322267016084,458.42940920820035,909.6063052835271,911.2610745964281,911.2610745964281,913.4353761426505,,,913.4353761426505,920.0849857647542,920.0849857647542
4622,458.0603210861981,461.2958368641055,462.4400220882208,917.8819808721821,918.2635527403938,918.2635527403938,919.768409267556,,,,,920.4495487539937
4616,457.1812919078161,460.8245309660447,461.87543649161887,917.0277042884802,917.8819808721821,917.8819808721821,920.1406759643626,,,,,920.717355417105
4623,458.1038656071445,461.4363737741693,462.48929693584347,919.3551764644513,920.0809726093878,920.0809726093878,920.1850539087446,,,,,920.9255010540465
4604,456.4640564294442,459.6683703531883,460.56784785875334,913.4357613197963,914.660807421007,914.660807421007,919.4938696630506,,,,,920.9600828278103
4610,456.7805765806027,460.087451522463,461.0447166336373,914.8556420814194,916.6258597666651,916.6258597666651,920.4944461385638,,,,,921.1018336271445
4621,458.0600117476271,461.08117415760734,462.3676637074549,917.7216638835971,919.3551764644513,919.3551764644513,920.4955668556045,,,,,921.2636149990442
4634,459.5580877645523,462.4456606373202,463.3909598367643,920.4814884458182,920.8860191848191,920.9364829039877,921.0420877106807,,,,,921.5861711114712
4636,459.7756546821604,462.48929693584347,463.27834550592286,920.1733557700596,920.4814884458182,920.4814884458182,920.9364829039877,,,,,921.8471690121656
4620,457.90199115092923,461.0447166336373,461.93530646065005,917.2105429513375,920.0787319369824,920.0787319369824,920.1525443761856,,,,,921.8473187482374
4624,458.3471988725029,461.5173233886152,462.4845941863952,918.2635527403938,919.6306347365305,919.6306347365305,920.3532236783419,,,,,921.8743592844696
4627,458.87837107271537,461.8216455864152,462.4155545224992,917.7794648133657,920.6682438232193,920.6682438232193,921.023374917571,,,,,921.8784759412755
4625,458.37616454275,461.77039498478115,463.04484943986364,919.6306347365305,920.1733557700596,920.1733557700596,921.1146636841439,,,,,921.9113183386902
4619,457.8612891654041,460.993845212919,462.25419816598725,917.55573099091,918.2332753568246,918.2332753568246,921.1172212742479,,,,,922.0018258652525
4643,460.2805218988654,463.3909598367643,464.1158960272158,920.8860191848191,921.132911948827,921.132911948827,921.7713920777851,,,,,922.280418906543
4631,459.38332495552373,462.3676637074549,463.5489025233103,920.7932950952265,920.8490042893449,920.8490042893449,921.5491421555078,,,,,922.494151496273
4637,459.8272914246021,463.04484943986364,463.8042120106109,920.8490042893449,920.8709937447447,920.8709937447447,922.0569207202938,,,,,922.5700921359626
4629,459.33929795138886,461.93530646065005,463.3126327168472,920.3855927344403,920.7932950952265,920.7932950952265,922.4240151672396,,,,,923.09142625645
4635,459.6125684435525,462.4845941863952,463.3053192164973,920.2465252562638,920.3855927344403,920.3855927344403,922.5195952678299,,,,,923.376391173422
4632,459.51789433686497,462.4155545224992,463.45372804977103,920.6682438232193,922.1662170164363,922.1662170164363,922.1958042468411,,,,,923.9362760592244
4645,460.3936047148637,463.4982832648793,464.38505002237235,921.4460294642971,922.5421285462276,922.5421285462276,922.8951529795614,,,,,924.0095987784243
4638,459.84250702056653,463.0753767781737,464.19770629244186,920.8898768794387,921.4460294642971,921.4460294642971,922.8480572633065,,,,,924.1283453691282
4628,459.201030959168,461.87543649161887,463.0753767781737,920.0787319369824,920.7853656904028,920.7853656904028,922.4088703426338,,,,,924.309307620937
4640,460.00644193745177,463.27834550592286,464.0898529701775,920.8709937447447,923.1078832546414,923.1078832546414,924.1440193152837,,,,,924.6837997601571
4646,460.4220453293906,463.5489025233103,464.43235314627054,922.4958124904269,923.8496073345549,923.8496073345549,924.1412502987596,,,,,924.7726647535969
4641,460.1028744536978,463.3053192164973,464.85538952402004,923.1078832546414,923.9019127906547,923.9019127906547,924.4435652619125,,,,,925.1985774404718
4626,458.83565352819903,461.7834598172777,462.4456606373202,918.2332753568246,920.8898768794387,920.9616234763978,921.8087355966071,,,921.8087355966071,926.3499808883212,926.3499808883212
4649,460.8175066137643,464.1158960272158,464.9926502561682,923.9458100454351,924.1496498581154,924.1496498581154,925.2454672028229,,,,,926.4088012363827
4639,459.91090152560037,463.22982063184406,464.4224166817198,922.1662170164363,925.4059827508623,925.4059827508623,925.7790389479884,,,,,926.5974425905072
4652,460.9467674528506,464.38505002237235,465.2051168659143,924.1496498581154,924.9500322769076,924.9500322769076,926.1167347266529,,,,,926.6459064729536
4630,459.36513624335765,462.25419816598725,463.22982063184406,920.0809726093878,920.2465252562638,920.2465252562638,920.9616234763978,,,921.023374917571,926.6655177755582,926.6655177755582
4642,460.20016363455335,463.3126327168472,464.35303931385704,921.132911948827,925.8839773838115,926.3727671422852,926.4532052579375,,,,,926.9572685359311
4653,461.1852580688842,464.4224166817198,465.58283858543723,924.9500322769076,925.4227591390444,925.7790389479884,926.3727671422852,,,,,927.5018392703189
4660,461.7563071696884,465.2051168659143,466.3093142994036,925.8593964277687,926.2548504024344,926.6655177755582,926.8737815718144,,,,,927.5047224782052
4659,461.6766546586712,464.9926502561682,465.9115888958437,925.4227591390444,925.8593964277687,926.3499808883212,927.1892200719964,,,,,927.8986544610138
4654,461.19892643069807,464.43235314627054,465.74239304794685,925.2494037619642,925.4010178643919,925.4010178643919,927.3698964725237,,,,,927.9599028932063
4647,460.73651925054764,463.8042120106109,464.97505148143637,923.9019127906547,924.7323512202892,924.7323512202892,927.4542082387617,,,,,928.0057455384378
4662,462.0265348562793,465.5487578970515,466.5773021810436,925.8839773838115,926.3154881060257,926.8737815718144,927.7651394856763,,,,,928.5069455165706
4648,460.7403007723001,464.0898529701775,465.3393887322939,924.7323512202892,924.8381840662478,924.8381840662478,927.8206577229646,,,,,928.7663529405836
4655,461.31416911123534,464.72575924655104,466.0913959571095,925.7756059527649,926.551666475497,927.1892200719964,928.4458422821789,,,,,929.0760023189802
4650,460.89068595408514,464.19770629244186,464.72575924655104,922.5421285462276,923.9458100454351,923.9458100454351,924.4149569006545,,,924.4149569006545,929.3833614892848,929.3833614892848
4633,459.52389089354574,462.4400220882208,463.4982832648793,920.7853656904028,922.4958124904269,922.4958124904269,923.0871010342036,,,923.0871010342036,929.566460570408,929.566460570408
4657,461.4660523940213,464.91855545086645,465.8503697747549,925.4059827508623,927.3628302502358,927.7626655303321,928.8160778319824,,,,,929.8292238468878
4661,461.82596126996134,465.3393887322939,466.6856820083194,926.551666475497,926.8439990798805,927.4542082387617,927.7626655303321,,,,,930.0626022537293
4663,462.1369939493338,465.58283858543723,466.78130238080814,926.8439990798805,928.4795668752134,929.1270220923305,929.351986516986,,,,,930.1570152762883
4669,462.8421635369182,466.0913959571095,467.0922222722604,927.7738388744375,928.4440852515993,928.8160778319824,929.5946332916907,,,,,930.2025699610924
4656,461.4590078449943,464.85538952402004,465.917232117426,925.4766745340709,925.7756059527649,925.9381732044458,929.2328566968098,,,,,930.5333353939494
4644,460.3460595762453,463.45372804977103,464.91855545086645,923.8496073345549,927.7920835703867,928.4458422821789,930.1000921219464,,,,,930.6556302865149
4671,463.0394242379263,466.5773021810436,467.34152746672646,928.4795668752134,928.8777921299402,929.2328566968098,930.445978294305,,,,,931.0303821732791
4668,462.7381691756296,465.917232117426,466.60464554616743,926.2548504024344,927.7461894298784,927.7651394856763,929.5762302941959,,,,,931.091050323201
4665,462.3899062235746,465.8044313322079,466.92802777880263,927.7461894298784,929.396169610881,929.5946332916907,929.6999213629988,,,,,931.0923261560599
4666,462.45375486987615,465.8503697747549,466.6647697804248,926.3154881060257,926.5559907315194,927.3698964725237,930.3375085341061,,,,,931.1250525911116
4672,463.3127256219651,466.60464554616743,467.33355602630417,928.4440852515993,929.707316904132,929.707316904132,930.1806551032266,,,,,931.2340740699681
4675,463.4199585804671,466.68759283857753,467.5530308424812,929.085827112276,930.3399657660036,930.3399657660036,930.5133136561635,,,,,931.2517144884047
4670,463.0379030358058,466.3093142994036,467.4735107980383,928.8777921299402,929.2594526479736,929.566460570408,930.2958205241681,,,,,931.3784854402954
4658,461.49116360885415,464.97505148143637,465.8044313322079,925.4010178643919,925.4766745340709,925.8266559896922,925.9381732044458,,,926.4532052579375,931.4459946424462,931.4459946424462
4667,462.4606760218408,465.9115888958437,466.68759283857753,926.5559907315194,929.085827112276,929.351986516986,930.6867570288622,,,,,931.5097957102311
4682,464.2619694585556,467.34152746672646,468.18269055570386,930.7022443253469,931.0613060349013,931.0613060349013,931.2127836666114,,,,,931.8309979444277
4676,463.5942168854675,466.78130238080814,467.55406110584704,929.2594526479736,929.3857846219948,929.5762302941959,930.8990420197899,,,,,931.8498450645718
4674,463.35347641154675,466.6856820083194,467.296753434164,927.7920835703867,929.8974953318544,930.1000921219464,931.1062936252401,,,,,932.0189231066627
4681,464.1333775105052,467.33355602630417,468.1485419667801,930.513547417502,931.1377730127507,931.1377730127507,931.2257302354302,,,,,932.0359170585631
4673,463.3195382747215,466.6647697804248,467.69525668347393,929.396169610881,930.7022443253469,930.7022443253469,931.2655677427842,,,,,932.3900383302591
4651,460.93587534959596,464.35303931385704,465.5487578970515,924.8381840662478,925.2494037619642,925.2494037619642,925.8266559896922,,,926.1167347266529,932.4885596354181,932.4885596354181
4686,464.5360557843734,467.6935641682076,468.6138591024907,931.1377730127507,931.2938114436959,931.2938114436959,931.7651043088956,,,,,932.6553608462021
4687,464.54564763055714,467.69525668347393,468.616994480734,931.1753428321888,932.0024792031764,932.0024792031764,932.4202127825794,,,,,933.1673395018951
4678,463.73337547154256,466.92802777880263,467.6935641682076,929.3857846219948,931.1753428321888,931.1753428321888,932.486597500773,,,,,933.6774289404418
4677,463.62981394743815,466.8631208318817,467.88242945916113,929.8974953318544,932.405966303283,932.405966303283,932.9718212333229,,,,,933.9149703631164
4691,464.99967118747105,468.1485419667801,468.996332755448,932.405966303283,932.7718365451266,932.7718365451266,933.0679515178771,,,,,934.0293615451932
4684,464.445295671816,467.5530308424812,468.5019768182791,931.0613060349013,932.5763104041386,932.5763104041386,932.637406108276,,,,,934.072561901011
4683,464.3631042361012,467.4735107980383,468.7121769583906,931.2938114436959,932.1246100446792,932.1246100446792,932.1651099634547,,,,,934.2724619089233
4680,463.9274827390883,467.296753434164,468.1463900907048,930.3399657660036,932.4873978849023,932.4873978849023,933.7200431228009,,,,,934.3730136119618
4689,464.87530228959065,467.88242945916113,468.7547606716541,932.0024792031764,932.0997446564483,932.0997446564483,932.1224906929344,,,,,934.3759744827986
4690,464.8969434242882,468.1463900907048,468.96329281008303,932.0997446564483,933.1622191438852,933.1622191438852,933.4949682705188,,,,,934.5369152556672
4688,464.82264778818006,467.7406789058109,469.03892662231533,932.4873978849023,933.2165052952206,933.2165052952206,933.5449838767971,,,,,934.6539121231878
4679,463.91930378947626,467.0922222722604,467.7406789058109,929.707316904132,930.513547417502,930.513547417502,934.002638107213,,,,,934.715821068073
4685,464.5192108280396,467.55406110584704,468.9761625801488,932.1246100446792,933.6794067330908,933.6794067330908,933.9705106306376,,,,,935.0910954857777
4692,465.1329359874906,468.18269055570386,469.4266911088124,932.5763104041386,933.9574980680086,933.9574980680086,935.1689775012721,,,,,935.7761080830167
4664,462.2581506239993,465.74239304794685,466.8631208318817,927.3628302502358,927.7738388744375,927.8206577229646,929.1270220923305,,,929.3833614892848,935.8033194880223,935.8033194880223
4701,465.8259442732695,469.03892662231533,469.5917314773166,933.7132680966876,934.2285013542693,934.2285013542693,935.3842065891212,,,,,936.0203290910654
4695,465.45514912091744,468.616994480734,469.580885526351,933.6794067330908,933.804928149368,933.804928149368,935.592896043863,,,,,936.5758862714092
4694,465.23598420755707,468.6138591024907,469.6397958263328,933.804928149368,934.0395947150391,934.0395947150391,935.7697185340803,,,,,936.8283287740197
4703,465.92273570429415,469.49356082596665,470.1411752407738,934.0395947150391,934.5864120817372,934.5864120817372,936.2226988184921,,,,,937.0407698702937
4707,466.41544677312146,469.5917314773166,470.72956514670364,935.9229249721737,936.0289289920569,936.0289289920569,936.1787293763022,,,,,937.0669139504542
4700,465.8166003748675,468.996332755448,470.224574040915,934.2285013542693,935.5946821023197,935.5946821023197,937.037506161716,,,,,937.5915363297948
4710,466.5592528692078,469.85229122599566,470.76419361623283,936.0289289920569,936.1510521072242,936.1510521072242,936.5061678104685,,,,,937.8077318931622
4704,465.93448954458313,469.52625109371235,470.3895792886427,934.5864120817372,936.0029200745232,936.0029200745232,937.1966207196331,,,,,937.8992983382385
4699,465.80570657803605,468.9761625801488,469.73203553031647,933.9574980680086,937.085218079431,937.085218079431,937.1007404241436,,,,,938.1053699222139
4693,465.17436894721817,468.5019768182791,469.49356082596665,932.7718365451266,936.3011258500245,936.3011258500245,937.549553873249,,,,,938.286193496444
4698,465.6290687138113,468.96329281008303,469.85229122599566,933.9877429207196,935.9229249721737,935.9229249721737,937.4799176262658,,,,,938.2962933322649
4708,466.5128046641902,469.6397958263328,470.8629200119129,936.6290708530504,938.059107406182,938.059107406182,938.3093596406414,,,,,938.9384493095129
4720,467.4640832052352,470.8629200119129,471.7516859529436,937.5832493162025,937.9371892189646,937.9371892189646,938.209673000661,,,,,939.1584917515715
4697,465.55446848002254,468.7547606716541,469.5415188253378,933.2165052952206,933.9877429207196,933.9877429207196,934.6956587149139,,,934.6956587149139,939.2097013066741,939.2097013066741
4702,465.8321822214141,469.4266911088124,470.7307355382323,936.0029200745232,936.6517268366016,936.6517268366016,938.3525683466559,,,,,939.2460161726235
4711,466.72318240417934,470.1411752407738,471.0400472481529,936.6517268366016,937.5832493162025,937.5832493162025,938.7972534625552,,,,,939.3801853923271
4706,466.15782285521584,469.580885526351,470.7827452957786,936.3011258500245,936.830842469683,936.830842469683,937.493121500537,,,,,939.4757727380805
4696,465.5283034412944,468.7121769583906,469.52625109371235,933.1622191438852,933.7132680966876,933.7132680966876,934.8069930105929,,,934.8069930105929,939.5990479790664,939.5990479790664
4718,467.35018525705175,470.7784366393872,472.17623303121513,938.318023509613,938.5013400509388,938.7972534625552,939.2049265376417,,,,,939.7213224758757
4722,467.71720614799847,471.2080483063094,472.2708094819195,938.322288254392,938.751601241709,938.8561027166908,939.1780366711818,,,,,939.9943347926278
4705,465.95460391664926,469.5415188253378,470.4252695122624,935.5946821023197,936.6290708530504,936.6290708530504,938.9915812774207,,,,,940.0568770233383
4721,467.654673475214,471.0400472481529,471.8033706502248,938.059107406182,938.318023509613,938.318023509613,939.008234824941,,,,,940.1570894995971
4715,467.1852772732405,470.72956514670364,471.80111856526366,937.9371892189646,938.2095665146937,938.2095665146937,938.8561027166908,,,,,940.2899957644963
4716,467.1888916757811,470.7307355382323,471.38701052663146,937.3162896653267,937.399935037006,937.399935037006,939.2125011560986,,,,,940.7543414155475
4712,466.7867098576409,470.224574040915,471.5873945710856,937.399935037006,939.0217554890238,939.0217554890238,939.7668314601052,,,,,940.9568001738132
4714,467.12806247770186,470.4252695122624,471.294629810558,937.085218079431,937.3162896653267,937.3162896653267,940.502584177768,,,,,941.0198137969094
4725,468.21739111260734,471.5873945710856,472.3002055075318,938.5013400509388,939.5520007317139,939.5520007317139,939.571457163417,,,,,941.3327981938406
4717,467.33342315414666,470.76419361623283,471.82833039583227,938.2095665146937,939.5462781732966,939.5462781732966,940.343375636181,,,,,941.4856523379669
4723,467.8570664641456,471.294629810558,472.5662354408246,939.5520007317139,939.8645971423266,939.8645971423266,941.1746958025362,,,,,941.9684638771654
4730,468.75960753085167,471.98642059158743,472.7909256438524,939.8645971423266,941.125446717554,941.125446717554,941.3646290459518,,,,,942.1145213174709
4726,468.2263392486322,471.7516859529436,473.0258079430942,940.4715057593828,940.7657085524155,940.7657085524155,941.1463195450377,,,,,942.2195573979134
4729,468.50411813852463,471.82833039583227,473.0744635705191,940.7657085524155,941.0543443753717,941.0543443753717,941.4697341948943,,,,,942.3585567719608
4736,469.005094785858,472.5596492183687,473.4728440700362,941.2577361525242,941.5104098767255,941.5104098767255,941.6398978674267,,,,,942.5153298853222
4724,468.19781113273046,471.38701052663146,472.4793689143104,938.751601241709,941.0062902947873,941.0062902947873,941.0587229279914,,,,,942.5259932523836
4741,469.7241779987594,473.0744635705191,473.88923120060224,941.6439770244359,941.8548634794428,941.8548634794428,941.9616141106602,,,,,942.5809331573565
4732,468.8394027070547,472.2708094819195,472.85192008678706,940.1278528813837,940.4715057593828,940.4715057593828,941.2177028306385,,,,,942.6865973348797
4713,466.8605945714544,470.3895792886427,471.2080483063094,936.830842469683,940.1278528813837,940.1278528813837,942.4063442049121,,,,,942.9725369894318
4743,469.78856366593845,473.34280443971284,474.1209898316931,941.8548634794428,942.0248539262503,942.0248539262503,942.4340008640887,,,,,943.0247231797098
4735,468.9891880910324,472.5085959329941,473.7295261502268,941.5104098767255,941.6738398019068,941.6738398019068,942.43508483649,,,,,943.3266509664777
4737,469.01204170516684,472.5662354408246,473.3930974452498,941.125446717554,941.6439770244359,941.6439770244359,941.9184545131635,,,,,943.7387071774268
4727,468.44364932513537,471.80111856526366,472.5085959329941,939.0217554890238,941.2577361525242,941.2577361525242,941.4123113300844,,,,,943.768332694667
4719,467.42646205072623,470.7827452957786,471.98642059158743,938.2132594326022,938.322288254392,938.3525683466559,941.917696581707,,,,,943.8710997538988
4733,468.84468059306977,472.3002055075318,473.4094044942047,941.2388172113709,941.5017771921672,941.5017771921672,943.6061909937548,,,,,944.2438620706783
4749,470.00216852646196,473.88923120060224,474.8381429233895,943.0793375025168,943.621546857898,943.621546857898,943.6400396511713,,,,,944.3311435217543
4731,468.7977048064593,472.17623303121513,473.32539751473774,941.0062902947873,942.4788629723984,942.4788629723984,943.8192867795062,,,,,944.39936131438
4747,469.87950821270863,473.4987967878043,474.4384919637324,942.0611065520891,943.0793375025168,943.0793375025168,943.3005947208911,,,,,944.4194006694086
4734,468.9557031001783,472.4793689143104,473.4987967878043,941.5017771921672,941.7071806030289,941.7071806030289,943.8290394674583,,,,,944.4834884532856
4738,469.13238562749945,472.7909256438524,473.34280443971284,941.0543443753717,941.2388172113709,941.2388172113709,942.212466366757,,,,,944.5006440848081
4709,466.5183976524633,469.73203553031647,470.7784366393872,936.1510521072242,938.2132594326022,938.2132594326022,940.0176650450203,,,,,944.785841887755
4745,469.82664126708147,473.4094044942047,474.36347612364136,941.8864364635405,942.0611065520891,942.0611065520891,943.6416380030838,,,,,944.9413045896713
4748,469.98670727420074,473.7295261502268,474.86843205580226,943.1639485866236,943.5411615236667,943.5411615236667,944.2383197081751,,,,,944.987214163025
4752,470.47812872138,474.1209898316931,474.9846363579638,943.4330145060713,944.4408488027484,944.4408488027484,944.7120261572871,,,,,945.5567813133573
4740,469.4096120662674,473.0258079430942,473.99079702467,941.6738398019068,944.1612608365022,944.1612608365022,945.1360807188233,,,,,945.6852847469888
4739,469.18409756492207,472.85192008678706,474.03212306625466,941.7071806030289,941.8864364635405,941.8864364635405,944.8409847523234,,,,,945.765940655362
4744,469.825725752265,473.3930974452498,474.87473207300974,943.3931295472605,943.4330145060713,943.4330145060713,944.6290916276313,,,,,945.8253106700976
4755,470.8085699501677,474.4384919637324,475.1579722032896,943.6735026483466,944.3834133288359,944.3834133288359,945.6007920217593,,,,,946.2343426377892
4742,469.7651650016374,473.32539751473774,474.40623613570034,942.0248539262503,943.6735026483466,943.6735026483466,945.8821701783852,,,,,946.5429919168464
4758,471.0071070250669,474.86843205580226,475.9426967173464,945.0443261930271,945.2425418838106,945.2425418838106,945.6538133058756,,,,,946.748459076051
4751,470.39316883712195,474.03212306625466,475.0952312596899,943.621546857898,944.7491894282462,944.7491894282462,946.3137513401934,,,,,947.0308014693237
4754,470.77357138216126,474.40623613570034,475.3507584284768,944.1612608365022,945.1079775540176,945.1079775540176,946.4429535944699,,,,,947.2556896213081
4753,470.64202116673124,474.36347612364136,475.36457684907083,944.3834133288359,946.0836551771116,946.0836551771116,946.2354004646437,,,,,947.3216617952293
4765,471.6610920012274,475.36457684907083,476.28083547241437,946.0836551771116,946.4676754073993,946.4676754073993,946.907891489142,,,,,947.4884651299187
4746,469.8360249840441,473.4728440700362,474.48167972832897,942.4788629723984,943.3931295472605,943.3931295472605,944.7364240094962,,,,,947.531741442124
4750,470.1998714770774,473.99079702467,475.0694586647823,943.5411615236667,945.0443261930271,945.0443261930271,946.4225573948021,,,,,947.7100412311217
4760,471.163733706243,474.9846363579638,475.9649660598877,945.1079775540176,946.0131515203675,946.0131515203675,947.2688427746508,,,,,947.810850951793
4769,471.97166139976696,475.9649660598877,477.07405722075936,946.8360269281694,947.2484114425133,947.2484114425133,947.3335334447098,,,,,947.8535419409197
4766,471.81127343818326,475.64836747425375,476.6583497504966,946.6828881128787,946.6952281271499,946.6952281271499,946.8245642154036,,,,,947.903386270505
4728,468.49012165264475,471.8033706502248,472.5596492183687,939.5462781732966,943.1639485866236,943.1639485866236,946.2870337833344,,,,,948.0223408507522
4757,470.96694976146495,474.8381429233895,475.79489462706454,944.7491894282462,946.777017851773,946.777017851773,946.9196875228199,,,,,948.2218068559037
4771,472.10911964472996,476.0726084419091,476.4554660457873,946.5079848136521,947.0083634718233,947.0083634718233,947.5046317956071,,,,,948.4227149901262
4776,472.8073844403132,476.4554660457873,477.4054745248889,947.5164039777305,947.7427769753895,947.7427769753895,947.8897394270152,,,,,948.6822534845451
4759,471.13182879247336,474.87473207300974,475.64836747425375,944.4408488027484,945.4769374606889,945.4769374606889,945.9692894204962,,,,,948.7843092736837
4767,471.8636858843263,475.79489462706454,476.59560604926446,946.5519785010891,946.6828881128787,946.6828881128787,947.472446710071,,,,,948.894864884421
4761,471.19452745177864,475.0694586647823,476.15383820804345,946.0131515203675,946.5079848136521,946.5079848136521,947.9245225965338,,,,,949.1453891296455
4782,473.9470199219756,477.16605707852386,477.93672720076245,948.0657875012084,948.5708573431232,948.6154401735294,948.6395792634715,,,,,949.3922947986802
4770,472.08528919156464,476.0674422010836,477.04077077055996,946.777017851773,947.130571648497,947.130571648497,948.8150134239202,,,,,949.5174252648682
4778,473.1669009584133,476.6583497504966,477.8526410998381,947.910998864039,948.7501978694677,948.8150134239202,948.8771444638519,,,,,949.5980387358018
4774,472.7147253560773,476.28083547241437,477.18601479566195,947.130571648497,947.7400213906826,947.7400213906826,949.0329906276478,,,,,949.626680171325
4764,471.35540386667964,475.3507584284768,476.37286332469125,946.4676754073993,946.8360269281694,946.8360269281694,949.317693207311,,,,,949.8319207180182
4779,473.29495723980705,476.90595990821623,477.8426006305605,947.7840243178708,948.0894080918216,948.313129436232,948.6154401735294,,,,,949.8963528339594
4763,471.2552001162533,475.1579722032896,476.0726084419091,945.4769374606889,947.5164039777305,947.5164039777305,949.1157070813115,,,,,949.9298953830623
4772,472.45974104691976,476.1033924216175,477.3025201154414,947.2484114425133,947.682483311076,947.682483311076,947.9520374341371,,,,,950.1743256368891
4787,474.2724364489713,477.7022389859554,478.7533764052502,948.807921814522,949.1939814679708,949.1939814679708,949.508538164531,,,,,950.2468072174223
4786,474.25158559563096,477.448162901236,478.4206426601067,948.7501978694677,949.0383803504286,949.0383803504286,950.1465530640843,,,,,950.6556476801323
4792,474.76797891604156,477.93672720076245,479.0068884016472,949.7948369941541,950.017772252732,950.017772252732,950.3132734865121,,,,,950.870388529454
4775,472.76769895875316,476.37286332469125,476.90595990821623,946.6952281271499,947.7840243178708,947.8897394270152,950.319813420197,,,,,950.8926063641914
4781,473.7891926425744,477.07405722075936,477.7022389859554,947.7110323662265,947.910998864039,947.9245225965338,948.4866040702408,,,,,950.9108369875024
4783,473.98293051534654,477.18601479566195,478.2551184468629,948.5708573431232,948.728947190274,948.728947190274,949.4050071707492,,,,,951.2426106556211
4788,474.30210334430365,477.83006794915167,478.885728943457,949.1939814679708,949.3810402963398,949.3810402963398,949.7823665414887,,,,,951.2526757081915
4791,474.7236400467567,477.8526410998381,478.8141654193593,949.0383803504286,950.5901400996081,950.5901400996081,950.7205832202154,,,,,951.6412676267779
4762,471.21052327913895,475.0952312596899,476.0674422010836,945.2425418838106,945.7799397007753,945.7799397007753,951.1645779348502,,,,,951.9036355112629
4793,474.88104436493944,478.10282310527685,478.94744289186144,949.7948066662609,951.300402355729,951.300402355729,951.3048365813776,,,,,952.000017376234
4777,473.08453784151794,476.59560604926446,477.8307756862158,947.7427769753895,950.4032037959613,950.4032037959613,950.8726652588128,,,,,952.1309637292104
4797,475.6143501564448,478.7533764052502,479.2920219540999,950.496416278676,951.6025897048395,951.6025897048395,951.6990282114357,,,,,952.5906493916863
4789,474.3310173887563,477.8307756862158,478.9216084477273,949.3810402963398,950.496416278676,950.496416278676,951.0146911436999,,,,,952.8406861928497
4785,474.1075916982437,477.4054745248889,478.39872088999806,948.728947190274,949.7948066662609,949.7948066662609,952.3067364012288,,,,,953.0296830945905
4784,474.0454766401761,477.3025201154414,478.10282310527685,948.0894080918216,949.7948369941541,949.7948369941541,952.0137954755935,,,,,953.199039697887
4804,476.4505479687751,479.2450333522219,480.21013793336897,952.1826695699287,952.4432461197783,952.4432461197783,952.6806997099644,,,,,953.2374576412442
4800,476.00442862713123,478.9216084477273,479.75165593048933,951.6025897048395,951.8596903385147,951.8596903385147,952.7797149767142,,,,,953.2986366312678
4773,472.66354846582925,476.15383820804345,477.448162901236,947.682483311076,948.0657875012084,948.0657875012084,948.9358030053237,,,948.9358030053237,953.6010249097808,953.6010249097808
4798,475.83768686219076,478.8141654193593,479.46357184356265,951.5314156712275,951.702726845737,951.702726845737,952.7486611246122,,,,,953.73542864797
4756,470.813193091086,474.48167972832897,476.1033924216175,945.7799397007753,946.5519785010891,946.5519785010891,948.313129436232,,,948.4866040702408,953.7709019960015,953.7709019960015
4794,475.199083658098,478.2551184468629,479.4595435071874,951.300402355729,951.5314156712275,951.5314156712275,953.5350864797879,,,,,954.1434737774401
4768,471.95952904434813,475.9426967173464,477.16605707852386,947.0083634718233,947.7110323662265,947.7110323662265,952.637837091607,,,,,954.1527033267649
4801,476.1891427980101,478.94744289186144,479.88848733332225,951.702726845737,951.7455374029364,951.7455374029364,952.1929229811965,,,,,954.324281711459
4805,476.4932332103172,479.2920219540999,480.2906949763932,952.4432461197783,953.2786356305759,953.2786356305759,953.8905693741503,,,,,954.4756747631073
4780,473.57511447324043,477.04077077055996,477.83006794915167,947.7400213906826,948.807921814522,948.8771444638519,949.6814492415375,,,949.6814492415375,955.3274850687587,955.3274850687587
4802,476.20347810843106,479.0068884016472,480.0302083914854,951.7455374029364,952.1826695699287,952.1826695699287,954.4913864664121,,,,,955.6504378096454
4807,476.5933681102392,479.4595435071874,480.2931076569622,953.0700903626615,953.9302822824935,953.9302822824935,954.897016468558,,,,,955.7673484627297
4803,476.25752255219436,479.035828883538,480.18360176977563,951.8596903385147,953.0700903626615,953.0700903626615,953.3381128402876,,,,,955.93517496723
4817,477.20075022524435,480.3348836782251,481.27531616630034,955.225944696041,955.4199436931281,955.4199436931281,955.5648115658367,,,,,956.1342078518516
4812,476.97326536579635,480.18360176977563,480.8255771023979,953.9356093748728,954.4236962895183,954.4236962895183,955.683172919272,,,,,956.391284616057
4796,475.55436785428077,478.4206426601067,479.3617653386509,950.5901400996081,953.9356093748728,953.9356093748728,954.2983859247713,,,,,956.4104919470278
4795,475.31892442980404,478.39872088999806,479.2450333522219,950.4032037959613,955.225944696041,955.225944696041,955.9972251425401,,,,,956.5246834233005
4818,477.28070053383334,480.41923464876487,481.3455145733952,955.4199436931281,955.6955365121414,955.6955365121414,955.738582554637,,,,,956.574370588309
4809,476.72362321507035,479.75165593048933,480.51655962743064,953.9302822824935,955.5829895878343,955.5829895878343,955.5895393993329,,,,,956.6916453578676
4810,476.90117025415634,479.88848733332225,481.20374422047587,954.4753515339851,955.3206048964291,955.3206048964291,956.1112493521816,,,,,956.7203911521993
4808,476.61329576349294,479.46357184356265,480.41923464876487,953.6789236559904,954.17965756164,954.17965756164,955.8563241902584,,,,,956.7784429546256
4819,477.3064465336322,480.51655962743064,481.3490770476476,955.5829895878343,955.8667538532735,955.8667538532735,956.2097957159322,,,,,956.7810339401027
4799,475.86635200569054,478.885728943457,480.2715961768778,952.3316252590786,954.3665445995258,954.3665445995258,955.1012275928292,,,,,956.8420226187508
4806,476.50061274607947,479.3617653386509,480.3348836782251,953.2786356305759,953.6789236559904,953.6789236559904,955.3889822019283,,,,,957.1397528264291
4814,477.00469932084195,480.2715961768778,481.11274422841484,954.4236962895183,954.4753515339851,954.4753515339851,956.6964602666102,,,,,957.3980696265861
4813,476.9906201051912,480.21013793336897,481.0187711251163,954.3665445995258,956.0794481772637,956.0794481772637,956.1483119206064,,,,,957.402883637862
4815,477.0452769958652,480.2906949763932,481.29242573954167,955.3206048964291,957.16114581882,957.16114581882,957.2632313423205,,,,,957.8792759005829
4811,476.9011918423782,480.0302083914854,480.8952810143178,954.17965756164,956.6926201104152,956.6926201104152,957.5269905494879,,,,,958.2926675735076
4821,477.41021399743704,480.8952810143178,481.75976564656486,955.8667538532735,957.7031222361835,957.7031222361835,957.7286012224833,,,,,958.4449752280087
4826,478.0007273008398,481.29242573954167,482.1231009141352,956.6926201104152,957.5097984090835,957.5097984090835,957.5407797702882,,,,,958.4789611395389
4790,474.6289929791082,477.8426006305605,479.035828883538,950.017772252732,952.3316252590786,952.3316252590786,952.4862729126627,,,952.4862729126627,958.4812910032335,958.4812910032335
4816,477.0580250008266,480.2931076569622,481.39219865778995,955.6955365121414,958.0694976480814,958.0694976480814,958.0710255022221,,,,,958.8569351522939
4822,477.70979231001405,481.0187711251163,482.1777313091544,957.7031222361835,958.06498482827,958.06498482827,958.4889503864888,,,,,959.1073853540689
4820,477.390871936909,480.8255771023979,481.962453116791,956.0794481772637,958.7691063672748,958.7691063672748,959.3078394902741,,,,,959.9082956355029
4828,478.15887173017927,481.3490770476476,482.2140882664761,958.0694976480814,958.5742768012527,958.5742768012527,960.3786062795325,,,,,961.2451768455591
4825,477.924121200697,481.27531616630034,482.2685431947145,958.1419197351678,959.3342033947285,959.3342033947285,960.1661435422063,,,,,961.4869342063384
4830,478.19200306488005,481.75976564656486,482.81051371522244,958.7691063672748,959.3029637955452,959.3029637955452,959.8425232219738,,,,,961.5834085905515
4837,479.29092042652076,482.2140882664761,483.0926478852083,959.9411639622283,960.5604581773056,960.5604581773056,960.8069533709727,,,,,961.6790628544188
4827,478.13965476190924,481.3455145733952,482.15135666117516,957.16114581882,958.1419197351678,958.1419197351678,960.5999127725872,,,,,961.8933847254455
4834,478.9876016964811,482.1639006758369,483.30725464917464,961.1699385808366,961.4592660122242,961.4592660122242,961.487682040851,,,,,962.2172573005809
4829,478.1773242964896,481.39219865778995,482.39440966351276,958.5742768012527,959.1186090604385,959.1186090604385,960.9747358592066,,,,,962.5556329209516
4824,477.9161593417529,481.20374422047587,482.1639006758369,957.5097984090835,961.0771711117516,961.0771711117516,961.7462653959808,,,,,962.6031694548793
4833,478.76175871358436,482.15135666117516,483.03420078560237,959.9115897946572,960.7729369627878,960.7729369627878,961.7789404116099,,,,,962.6226384749788
4832,478.54833176006116,482.1231009141352,483.24026180664964,960.7729369627878,962.1236708838755,962.1236708838755,962.2051277524139,,,,,962.8836146696289
4838,479.30435883662153,482.2685431947145,483.02242781257047,959.3342033947285,959.9115897946572,959.9115897946572,961.6146567129699,,,,,963.062312147517
4836,479.1904466101137,482.18512102572794,483.0174670181891,959.3029637955452,961.1699385808366,961.1699385808366,961.7232625584747,,,,,963.4068463754452
4849,480.5908755176334,483.30725464917464,483.94939136312973,962.1236708838755,962.885445373395,962.885445373395,963.0722841394067,,,,,963.6542304685394
4845,480.0347367653806,483.0926478852083,483.8655680842653,961.8142954531658,962.4524133106028,962.4524133106028,963.5283132721254,,,,,964.3596066839688
4831,478.3274481552784,481.962453116791,482.9827655935453,959.1186090604385,959.9411639622283,959.9411639622283,963.3077028044237,,,,,964.5399385718109
4841,479.5779687500476,482.9827655935453,483.81980414725984,961.6864833220062,961.8142954531658,961.8142954531658,962.0106639936906,,,,,964.7679165204269
4848,480.58273314761345,483.3006996532208,484.0888765899535,962.4524133106028,962.5924907308727,962.5924907308727,963.9979886740981,,,,,964.7945471910984
4846,480.17292989801444,483.2145315935082,484.43276789364046,962.9086024537071,963.5880983493985,963.5880983493985,964.7670712327771,,,,,965.3905837979545
4847,480.4308326927985,483.24026180664964,484.3993051033679,962.8941163104296,963.6415245610619,963.6415245610619,964.9538531228479,,,,,965.511983773212
4839,479.3382867793132,482.39440966351276,483.3006996532208,961.0771711117516,962.3387241864631,962.3387241864631,964.0144707136338,,,,,965.6488547777869
4840,479.46601628174517,482.81051371522244,483.78398801139804,961.4592660122242,964.659545242491,964.659545242491,964.6638391502959,,,,,965.6723727114527
4835,479.05242041108016,482.1777313091544,483.2145315935082,960.5604581773056,961.6864833220062,961.6864833220062,962.9727626851848,,,,,965.9097715745215
4842,479.80586162955836,483.0174670181891,484.0548266442297,962.3387241864631,962.9086024537071,962.9086024537071,962.9745002315352,,,962.9745002315352,966.388243296151,966.388243296151
4851,480.96116914905076,483.81980414725984,484.9265009937792,963.6415245610619,965.6014408977182,965.6014408977182,965.8100108805828,,,,,966.6777474553509
4844,479.9440227683551,483.03420078560237,484.2267253005306,962.885445373395,965.8233836283051,965.8233836283051,966.0843487873155,,,,,967.1015962186383
4823,477.8036973165641,481.11274422841484,482.18512102572794,958.06498482827,963.1392870574749,963.1392870574749,965.107536257072,,,,,967.287229932245
4857,481.42227402237853,484.2267253005306,485.3226355210345,965.8233836283051,966.3643008378172,966.3643008378172,966.7475150481,,,,,967.3888608738531
4843,479.808139710737,483.02242781257047,484.12975922277343,962.5924907308727,962.8941163104296,962.8941163104296,965.2710874535444,,,,,967.8423203003358
4856,481.376122779317,484.12975922277343,484.8755488017491,963.5880983493985,964.3994687149358,964.3994687149358,966.1760696987203,,,,,967.88916238919
4862,481.5524060704803,484.9265009937792,485.94932500367673,966.2017747588362,966.3615980283272,966.3615980283272,966.8719817608056,,,,,968.3131726163714
4855,481.3332455397117,484.0888765899535,485.1466568245809,964.3994687149358,965.8298418254109,965.8298418254109,968.0129342570918,,,,,968.5653270653243
4861,481.53111683568153,484.8755488017491,485.6581900179387,966.0602166343646,966.2017747588362,966.2017747588362,966.9144208367251,,,,,968.6614793463559
4863,481.5634525871299,485.0673856723869,486.16753978445274,966.7645574653126,966.9365416369935,966.9365416369935,966.9941554622251,,,,,968.6942927813683
4858,481.43058320901554,484.3993051033679,485.5455553713393,965.8298418254109,965.9879966315353,965.9879966315353,967.7962165760007,,,,,968.7623063847827
4853,481.0607801712179,483.94939136312973,485.29471396738626,964.659545242491,966.064164032133,966.064164032133,967.2490783071221,,,,,968.7934306481117
4859,481.4581336411045,484.43276789364046,485.6528849710086,965.9879966315353,967.2281258700402,967.2281258700402,967.8027274203678,,,,,968.7941234235747
4868,482.33535301797843,485.5455553713393,486.36907104540063,966.8442183415788,967.7657801461431,967.8027274203678,968.1817615692285,,,,,968.8709902318925
4864,481.6506555544438,485.1466568245809,485.9535529546263,966.3615980283272,966.8442183415788,966.8442183415788,968.4846249821279,,,,,969.2540693282465
4854,481.1460129033417,484.0548266442297,485.29900652064913,965.6014408977182,967.7136600827047,967.7962165760007,968.5373601240995,,,,,969.2745862695253
4860,481.48573431520606,484.793520875551,485.6962044278705,966.064164032133,966.7645574653126,966.7645574653126,968.1512963479624,,,,,969.3955708996918
4873,482.9563616332806,485.9535529546263,486.810635392547,967.7136600827047,968.2050939998383,968.2050939998383,968.2692821782829,,,,,969.4526340478525
4874,482.9568841457705,486.1580777585428,487.3536211512605,968.9019807673345,969.1187177193709,969.1187177193709,969.4400840266997,,,,,969.940948613751
4869,482.4275651645029,485.6528849710086,486.5171977200158,966.9365416369935,967.1744669313532,967.1744669313532,968.6903877751358,,,,,970.1438783611102
4878,483.7804157755123,486.5171977200158,487.48859019104,969.1292342846526,969.1687480323897,969.1687480323897,969.3515791470487,,,,,970.1966555104397
4875,483.16005198845414,486.16753978445274,487.175208423904,968.7165735714774,968.9019807673345,968.9019807673345,969.3145811784049,,,,,970.7423959400129
4850,480.9402623247703,483.78398801139804,484.793520875551,963.1392870574749,963.991729665642,963.991729665642,964.7263922215141,,,964.7263922215141,970.9194790582875,970.9194790582875
4877,483.5856932680045,486.36907104540063,487.0610584125549,968.2050939998383,969.1292342846526,969.1292342846526,970.7541430973776,,,,,971.4773021538572
4879,483.8464895267694,486.6074403299103,487.43489307775917,969.1187177193709,970.309457645965,970.309457645965,970.9080436290484,,,,,971.5946985957077
4876,483.363310608239,486.2030038366928,486.9005962010295,967.7657801461431,970.6869182371548,970.6869182371548,970.8285427136273,,,,,971.6859310307885
4852,481.05514482096794,483.8655680842653,485.0673856723869,963.991729665642,966.0602166343646,966.0602166343646,966.5751969738253,,,966.5751969738253,971.8471146456806,971.8471146456806
4881,483.8807758476395,486.80940183593157,487.932962094443,970.8219583739013,971.1771353313612,971.1771353313612,971.4214067048008,,,,,971.9236304504802
4884,484.13224095266884,486.9151057977252,487.76177268091845,970.5793948987025,970.8219583739013,970.8219583739013,971.3082017158517,,,,,972.1186328823214
4867,482.2549986038986,485.3226355210345,486.6074403299103,967.1744669313532,967.285603383288,967.285603383288,968.4575288364008,,,,,972.1188484322738
4865,481.94170662953036,485.29471396738626,486.1580777585428,966.3643008378172,966.7933629129097,966.7933629129097,971.4197376465675,,,,,972.3218157977685
4866,482.08909336256374,485.29900652064913,486.2030038366928,966.7933629129097,969.7890624691663,969.7890624691663,971.9987107037252,,,,,972.6450086414378
4871,482.59092648731314,485.6962044278705,486.80940183593157,967.285603383288,970.9929153823441,970.9929153823441,971.6856335888031,,,,,972.8189136890722
4886,484.3258218819971,487.175208423904,488.1325193711009,970.9929153823441,972.3371967148737,972.3371967148737,972.492453685627,,,,,973.1306942584714
4888,484.5604930901365,487.43489307775917,488.241473999045,971.1771353313612,972.7391714587662,972.7391714587662,972.8577739969288,,,,,973.814219058146
4872,482.71300933593795,485.94932500367673,486.9151057977252,968.199046972692,968.7165735714774,968.7165735714774,971.4408979398441,,,,,974.114423357514
4896,485.60299052425694,488.1325193711009,488.85082226577566,973.051299006331,973.48255669104,973.48255669104,973.5846612800199,,,,,974.1813874255873
4880,483.8731388077062,486.6912664418091,487.62779176362466,969.1687480323897,970.5793948987025,970.5793948987025,973.5438699276077,,,,,974.2032124903624
4894,485.25958058908105,487.8887268361066,488.8641075545084,973.0780538958613,973.5942997203584,973.5942997203584,973.7860569346116,,,,,974.4053342012079
4887,484.34364135914825,487.3536211512605,488.43420885883484,972.6437161199028,972.848837474899,972.848837474899,973.0318218772827,,,,,974.7079298468618
4882,483.89029507429274,486.810635392547,487.8887268361066,970.6869182371548,972.6437161199028,972.6437161199028,974.2209591149581,,,,,974.9454306548831
4890,484.86672772387954,487.62779176362466,488.8080274810496,972.848837474899,973.0780538958613,973.0780538958613,973.7590754171102,,,,,975.3219016556957
4870,482.5640182019958,485.6581900179387,486.6912664418091,967.2281258700402,968.199046972692,968.199046972692,969.4593815006272,,,969.4593815006272,975.4255764066609,975.4255764066609
4898,485.7763556846972,488.2456192040944,489.0107191492115,973.48255669104,974.5840818055692,974.5840818055692,974.6459969674164,,,,,975.517535602329
4889,484.833335842107,487.48859019104,488.2456192040944,971.369927081629,973.4342378441512,973.4342378441512,974.6559238775232,,,,,975.7080820518279
4883,484.1219083150528,486.9005962010295,487.7149441867509,969.7890624691663,971.369927081629,971.369927081629,971.8280239006364,,,971.8280239006364,975.9048428259237,975.9048428259237
4899,485.85411933205455,488.2858418081705,489.15020032924815,974.5840818055692,975.3496989668802,975.3496989668802,975.3804738732014,,,,,975.9395186100764
4885,484.1327536245385,487.0610584125549,487.7433938384584,970.309457645965,973.051299006331,973.051299006331,974.6374093423723,,,,,976.4270196316589
4895,485.3916417992073,487.932962094443,488.92099981051774,973.4342378441512,974.5999856423208,974.5999856423208,976.0580300602343,,,,,976.5589672817378
4901,486.0167482674175,488.5556678466096,489.727457646552,975.4790514521079,975.814863370897,975.814863370897,976.1577108934512,,,,,976.71012578175
4907,486.8669633109985,489.0224041992374,490.15220710218705,976.0808421601415,976.1266364786953,976.1266364786953,976.3709281404696,,,,,976.8805052586375
4893,485.2592152544823,487.76177268091845,489.0224041992374,973.5942997203584,974.9676450421473,974.9676450421473,975.985175596908,,,,,976.9397125756915
4908,486.87631496395016,489.15020032924815,490.06138172214463,975.8345818332352,976.2265281290024,976.2265281290024,976.3721224676871,,,,,977.0503735850494
4906,486.5668305480874,489.0107191492115,490.3195014076655,976.2635586805035,976.4273800569133,976.4273800569133,976.5845698857695,,,,,977.1080751386427
4892,485.14001288890654,487.7433938384584,488.5556678466096,972.7391714587662,975.4790514521079,975.4790514521079,976.396354265959,,,,,977.256152923877
4891,485.11665429200224,487.7149441867509,488.2858418081705,972.3371967148737,975.8345818332352,975.8345818332352,976.4789286719207,,,,,977.2566690412349
4910,487.08193133112616,489.49656899236294,490.5466931513433,976.402224870936,976.7444392205967,976.7444392205967,976.9444109692607,,,,,977.6039641893142
4897,485.6634822307844,488.241473999045,489.18473818640615,974.5999856423208,976.0405726526602,976.0405726526602,976.3176596328718,,,,,977.7424912639597
4914,487.2801214484688,490.06138172214463,490.67290902722135,976.4273800569133,976.7649206497308,976.7649206497308,977.6500991081439,,,,,978.2621086728233
4904,486.31192255837925,488.8641075545084,489.6528843100789,975.3496989668802,976.0808421601415,976.0808421601415,977.6109329897708,,,,,978.2861815143619
4903,486.23130970030024,488.85082226577566,489.74132553790736,975.814863370897,976.2635586805035,976.2635586805035,977.6463007003184,,,,,978.2967196651093
4902,486.09393505104237,488.8080274810496,490.1504156309378,976.0405726526602,977.5879305848007,977.5879305848007,977.907618572636,,,,,978.4121216558003
4911,487.1194993565742,489.6528843100789,490.9148505014531,976.9967674125953,977.7631162339162,977.7631162339162,977.976200754276,,,,,978.5381212053403
4915,487.44612113951223,490.1504156309378,491.0112187094511,977.6130257959651,978.027955725938,978.027955725938,978.0499809130663,,,,,978.5770831199468
4900,486.0060599677164,488.43420885883484,489.49656899236294,974.9676450421473,976.9967674125953,976.9967674125953,977.3712602743602,,,,,978.7877515530305
4916,487.5106155877802,490.15220710218705,490.9089524722115,976.9575783507748,978.278149147292,978.278149147292,978.4178819183603,,,,,979.6707864551755
4918,487.61173741010435,490.2154946372682,490.99210440024586,977.5879305848007,977.7861180418721,977.7861180418721,978.428715118936,,,,,979.8403580008408
4917,487.57459422040824,490.1994165691036,491.2754868090184,977.7861180418721,979.3706054715433,979.3706054715433,979.4090961641526,,,,,980.1697391845962
4913,487.27084201061155,489.74132553790736,490.75378078032566,976.7649206497308,977.6130257959651,977.6130257959651,977.949868118096,,,,,980.4649648439032
4912,487.1368171291203,489.727457646552,490.74008917072973,976.7444392205967,979.0291549152558,979.0291549152558,979.7329253624708,,,,,980.6988902636286
4919,487.6963010085301,490.3195014076655,491.08518523015033,977.7631162339162,978.3014208019201,978.3014208019201,980.2411763205201,,,,,980.9245646982281
4905,486.3560795455259,488.92099981051774,490.1994165691036,976.1266364786953,976.9575783507748,976.9575783507748,980.3772974537729,,,,,981.052515644768
4922,487.8763390694216,490.74008917072973,491.8539923760555,979.3706054715433,980.3380455028397,980.3380455028397,980.4955522226323,,,,,981.5448227551942
4932,488.5614430018274,491.65225531990114,492.7595300599187,981.7487795016428,981.8130004301654,981.8130004301654,982.0150667903151,,,,,982.693553520383
4921,487.854689516614,490.67290902722135,491.6363547371063,978.278149147292,981.000297173176,981.000297173176,981.311394236283,,,,,982.7226413239033
4934,488.70106366897375,491.8539923760555,492.4415746730841,980.9091658613113,981.4305480480078,981.4305480480078,981.7146007958023,,,,,982.8002972768442
4926,487.95674838852295,490.99210440024586,491.98845660760264,980.3380455028397,980.3949521435119,980.3949521435119,980.9658877668913,,,,,983.0218668083648
4927,488.18262143816025,491.0112187094511,491.81751202301575,979.0291549152558,982.4269973120927,982.4835119109584,982.5706630299602,,,,,983.1421184199135
4933,488.6560456511504,491.81751202301575,492.4600112372949,981.000297173176,981.6233247898693,981.6233247898693,981.8537707183083,,,,,983.1449423867317
4924,487.9149070243862,490.9089524722115,492.0294605044426,980.3949521435119,980.7070352292736,980.7070352292736,981.9479187742123,,,,,983.1485607734854
4923,487.9111381726631,490.75378078032566,491.8649183498465,979.9669774147077,981.9772254953476,981.9772254953476,982.4835119109584,,,,,983.2696802443534
4925,487.9238105252231,490.9148505014531,491.57233363573596,978.027955725938,980.5868281115897,980.5868281115897,982.7737963716814,,,,,983.4606063974619
4941,489.3395792018933,492.4415746730841,493.3329472639871,982.4269973120927,982.5717588852231,982.5717588852231,982.9411281754983,,,,,983.587563623675
4935,488.78363796000673,491.8649183498465,492.51773130715446,981.4305480480078,981.7487795016428,981.7487795016428,983.1967357471503,,,,,983.8102842133659
4931,488.4560006669313,491.6363547371063,492.5245496508642,981.6233247898693,983.0768599584331,983.0768599584331,983.216515381345,,,,,983.8304905485594
4929,488.3178166783202,491.2754868090184,492.2598627861297,980.7070352292736,981.8445916657233,981.8445916657233,982.9230295003291,,,,,983.841491879397
4909,486.96402979020144,489.18473818640615,490.2154946372682,976.2265281290024,976.402224870936,976.402224870936,976.9790509740953,,,976.9790509740953,984.1223918540842,984.1223918540842
4939,489.28214373284106,492.2598627861297,493.27575903728723,981.9772254953476,982.9158570954052,982.9230295003291,983.4558122520842,,,,,984.3954119370312
4938,489.04018262131206,492.1766772847757,493.36328854026743,982.5717588852231,983.2708330066814,983.2708330066814,983.7962680370199,,,,,984.4655800147921
4920,487.82293011114535,490.5466931513433,491.65225531990114,978.3014208019201,979.9669774147077,979.9669774147077,983.8241298632857,,,,,984.5053067857843
4948,489.88988863623706,493.12308017812427,493.5771655780415,982.9158570954052,983.462597534348,983.462597534348,983.8821759118042,,,,,984.6571251087638
4947,489.73909318660293,493.0571942419994,493.7896774405282,983.1616827040707,983.3582930215036,983.3582930215036,983.8796081154081,,,,,984.7570789484679
4936,488.8695924835654,491.98845660760264,493.0299301420554,981.8130004301654,981.8990403561758,981.8990403561758,982.8506993134024,,,,,984.9587145180867
4944,489.44673611830353,492.5245496508642,493.0571942419994,981.8445916657233,982.3988301631558,982.3988301631558,984.176670474537,,,,,984.9675354594042
4945,489.538601645249,492.7595300599187,493.61772473612484,983.0768599584331,983.1616827040707,983.1967357471503,983.6766134872703,,,,,985.0933685121115
4949,490.0763690069129,493.27575903728723,494.1298759939427,983.3582930215036,984.0639426198463,984.0639426198463,984.1053590056248,,,,,985.1304993950914
4940,489.28950101945475,492.3781528263381,493.12308017812427,981.8990403561758,982.7676995328554,982.8506993134024,984.5513504652193,,,,,985.1590190073252
4942,489.3634632162817,492.4600112372949,493.5356606222607,982.7676995328554,984.3244495350173,984.3244495350173,984.5118606772943,,,,,985.5725100559187
4930,488.3390265659381,491.57233363573596,492.3781528263381,980.7578890657084,980.9091658613113,980.9091658613113,983.2122871103646,,,,,985.6403663356975
4950,490.3963699704181,493.32166921787405,494.5078696476677,984.0639426198463,984.4070930275885,984.4070930275885,985.1601610275554,,,,,985.7923735088096
4928,488.2336111415097,491.08518523015033,492.1766772847757,980.5868281115897,980.7578890657084,980.7578890657084,985.0618960965763,,,,,985.8283696981982
4946,489.706374543149,493.0299301420554,493.9032352750085,983.2708330066814,983.9871617698058,983.9871617698058,985.1491614447359,,,,,985.856667662874
4937,488.97895595484016,492.0294605044426,493.32166921787405,982.3988301631558,982.5990679772979,982.7737963716814,985.5339343705093,,,,,986.1123219907581
4953,490.7938305457529,493.52369402628403,494.6330570885693,984.9019007735253,985.6147263548071,985.6147263548071,985.7090670652233,,,,,986.8193043651704
4951,490.41539142332886,493.3329472639871,494.5405156616881,984.3244495350173,985.4019282034703,985.4019282034703,986.3088148236317,,,,,986.9233667240118
4952,490.70629601532517,493.36328854026743,494.2020456542686,983.462597534348,984.9019007735253,984.9019007735253,986.771795696966,,,,,987.3205832735856
4943,489.40672530813174,492.51773130715446,493.52369402628403,982.5990679772979,986.1008310129387,986.1008310129387,986.3013671997069,,,,,987.3331897565732
4956,490.97107160653366,493.61772473612484,494.3160701952469,983.9871617698058,985.9916862300337,985.9916862300337,986.129002569822,,,,,987.3767514055659
4955,490.9397434208618,493.5771655780415,494.6966520922075,985.4019282034703,985.5489012285087,985.5489012285087,986.5545407809233,,,,,987.6162315730757
4960,491.58362263756726,494.2020456542686,495.2626128114609,985.6147263548071,986.2263093488209,986.2263093488209,986.9979705569449,,,,,987.7072889516088
4958,491.3688370781859,493.9032352750085,494.79707508311174,985.5489012285087,986.0839977818044,986.0839977818044,986.4781646879003,,,,,988.0901533681262
4969,492.29247695809306,495.2626128114609,496.14597213002554,987.0297121397394,987.4171821472777,987.4171821472777,987.7298944524391,,,,,988.2892558484632
4961,491.68983714481834,494.3160701952469,495.3648862328855,986.0839977818044,987.1416127760499,987.1416127760499,987.5720256970135,,,,,988.4881896819619
4965,491.799422185569,494.6330570885693,495.6493961031842,986.7076850865487,987.4923260812989,987.4923260812989,987.6376979647791,,,,,988.5782660607024
4966,491.8305132829361,494.68176602486585,495.2892130051067,985.9916862300337,986.962721408964,986.962721408964,987.4491976200821,,,,,988.6231308410705
4971,492.6127113997365,495.3648862328855,496.46232955796575,987.4923260812989,987.7230153694487,987.7230153694487,987.9345158503191,,,,,988.7471745983662
4963,491.7401515403233,494.5405156616881,495.8521088546302,986.962721408964,987.6955560357769,987.6955560357769,987.8521072920091,,,,,988.804365924554
4964,491.77041305987865,494.6081599307579,495.42976335487305,986.1008310129387,986.518917651974,986.518917651974,987.374274233909,,,,,988.8823563443561
4970,492.57161020693667,495.2892130051067,496.18888561396994,987.1416127760499,987.6566665180189,987.6566665180189,987.7416579763191,,,,,988.9614455042931
4959,491.485540005693,494.1298759939427,495.56869573646657,986.2566474063146,986.3271587078142,986.3271587078142,988.9250445106735,,,,,989.5019146893362
4977,492.8494532339362,495.6493961031842,496.4317551698579,987.4171821472777,988.1847083258116,988.1847083258116,988.6540353694876,,,,,989.5289671112125
4954,490.8708598355115,493.5356606222607,494.6081599307579,984.4070930275885,985.3910880719974,985.3910880719974,988.288552072394,,,,,989.5681668527926
4975,492.82475884796594,495.6377796696632,496.8661126459554,987.7230153694487,988.710641839816,988.710641839816,989.2212696869724,,,,,989.7688367821208
4973,492.82354949957437,495.4837299922299,496.52795693893546,987.6955560357769,988.5434302028335,988.5434302028335,989.1485064577322,,,,,989.9312944495479
4957,491.1922332857754,493.7896774405282,494.68176602486585,985.3910880719974,987.0297121397394,987.0297121397394,988.9552531448246,,,,,990.0357317473748
4962,491.70323929920875,494.5078696476677,495.4837299922299,986.2263093488209,986.2566474063146,986.2566474063146,987.9734903061598,,,,,990.3317723981396
4968,492.04307042718483,494.79707508311174,495.64719993272803,986.518917651974,988.5991372049878,988.5991372049878,988.6432873202624,,,,,990.4134093689862
4974,492.8237275390936,495.56869573646657,496.52238952326235,987.6566665180189,987.8114831196935,987.8114831196935,990.1962887292834,,,,,990.7336172249135
4978,492.93482456130124,495.8521088546302,496.95391146060985,988.1847083258116,988.752407493297,988.752407493297,990.7251891998566,,,,,991.2300407300249
4984,493.1848178428933,496.52795693893546,497.6235122188042,989.0957421703267,989.8109139810932,989.8109139810932,990.5476912397673,,,,,991.6927315820586
4972,492.80950988913816,495.42976335487305,496.9449471560225,987.8114831196935,990.9814263777241,990.9814263777241,991.0883430582433,,,,,991.9261690188441
4976,492.8451780630801,495.64719993272803,497.18178393833716,988.5991372049878,989.0957421703267,989.0957421703267,990.0044609786519,,,,,991.9604475635596
4982,493.131675405691,496.46232955796575,497.4801839605425,988.752407493297,990.907909126284,990.907909126284,991.5115509047237,,,,,992.1958276931937
4991,494.0248648017233,497.4801839605425,498.2949067348351,991.204800058903,991.4568619521481,991.4568619521481,991.9015843240901,,,,,992.5203894268832
4980,492.9536439106736,496.18888561396994,497.26379375867134,988.710641839816,990.8792908272817,990.8792908272817,991.7737394203422,,,,,992.6369209052043
4987,493.5158754786523,496.95391146060985,498.0559362909378,991.199919736828,991.4542073543124,991.4542073543124,991.7255404131275,,,,,992.6543824463445
4985,493.2067822843175,496.8661126459554,498.0145620964602,991.1533986919766,991.199919736828,991.199919736828,991.8513591996889,,,,,992.6944752654048
4988,493.54542209229777,497.0893171605458,498.58771186574535,991.7027836619284,991.7450736991664,991.7450736991664,992.0506715146608,,,,,992.8698961645968
4981,493.019256478616,496.4317551698579,497.8208980282416,990.8792908272817,991.204800058903,991.204800058903,991.5693859603416,,,,,992.888292873582
4986,493.2762978662886,496.9449471560225,497.99117118928103,990.907909126284,991.1533986919766,991.1533986919766,993.0594254586421,,,,,993.5752106833005
4967,492.0423294707715,494.6966520922075,495.6377796696632,986.3271587078142,986.7076850865487,986.7076850865487,988.5062227090096,,,988.5062227090096,994.0043206309634,994.0043206309634
4992,494.1133943626574,497.6235122188042,498.6758348235367,991.7450736991664,992.0310941755172,992.0310941755172,993.2770641577952,,,,,994.2211194572959
4979,492.9513808057148,496.14597213002554,497.0893171605458,988.5434302028335,991.7027836619284,991.7027836619284,993.7406715312189,,,,,994.3243665092372
4990,493.91089878085285,497.26379375867134,498.3472423287734,991.4542073543124,992.8861927965552,992.8861927965552,993.4621429211398,,,,,994.5189733677977
4989,493.5500558610489,497.18178393833716,497.9914912231647,990.9814263777241,994.2254584440116,994.2254584440116,994.5878790803167,,,,,995.1551621116964
4983,493.1561745630353,496.52238952326235,497.6914486751125,989.8109139810932,992.4041710636375,992.4041710636375,994.6216255933984,,,,,995.6204774310179
4998,494.71642899959653,498.0559362909378,498.84582481427685,992.0310941755172,993.3923874085581,993.3923874085581,995.6433901988036,,,,,996.4891520008518
4994,494.292309575979,497.8208980282416,498.84747381150925,992.4041710636375,995.6111115780302,995.6111115780302,995.8670629484088,,,,,996.7055912400249
4995,494.3849314709195,497.99117118928103,498.87452457761805,993.3923874085581,995.0832291790201,995.0832291790201,996.3507781681836,,,,,996.9009233154167
4999,494.7422628343886,498.2949067348351,499.2716976130075,995.0832291790201,995.6216271973028,995.6216271973028,996.4173594181568,,,,,997.2702465456105
5001,494.8009661667655,498.50430501944805,499.48016564691363,995.6111115780302,996.0017104942879,996.0017104942879,997.4690599776156,,,,,998.1509070368018
4993,494.21591418620363,497.6914486751125,498.50430501944805,991.4568619521481,995.3564779851199,995.3564779851199,996.6492451912095,,,,,998.1617460997059
4996,494.4193976476,497.9914912231647,499.0976104688264,994.2254584440116,996.4431511404213,996.4431511404213,997.9237524769462,,,,,998.4585470486712
5000,494.7506008660014,498.3472423287734,499.46001390835215,995.3564779851199,996.343546826986,996.343546826986,997.3466195726177,,,,,998.6530071166485
5004,495.10215993488987,498.84582481427685,499.7802451979876,996.343546826986,997.3496002461546,997.3496002461546,997.8990394582288,,,,,998.8662416995087
5014,496.3032979004673,499.7485006002904,500.4772722318931,997.8991264670999,998.5754731826186,998.5754731826186,998.6928463935543,,,,,999.2988682897445
5007,495.7572233687682,498.87452457761805,499.9380071101286,997.3496002461546,997.8991264670999,997.8991264670999,998.9488693956926,,,,,999.4736573980539
5006,495.67254857101767,498.84758596604837,499.7075823785031,996.0017104942879,998.4984032172603,998.4984032172603,998.680650706013,,,,,999.5831409059225
5003,495.07548870645144,498.6758348235367,499.65332906324494,995.6216271973028,997.3573372843819,997.3573372843819,998.4168318319124,,,,,999.5944378193501
5011,496.1534725861515,499.48016564691363,500.3547362767947,997.5789834459576,998.6083937219992,998.6083937219992,999.157056712993,,,,,999.6602866133497
5009,496.00332490643694,499.2716976130075,500.65512335483714,998.5419108699912,998.622779140961,998.622779140961,999.241724284635,,,,,999.8470048419342
4997,494.4758379067042,498.0145620964602,498.84758596604837,992.8861927965552,996.3316153974454,996.3316153974454,996.8291723122829,,,,,999.8555411449564
5010,496.0425439855494,499.46001390835215,500.9545783943567,998.7630124263505,999.3623426106075,999.3623426106075,999.4690113894384,,,,,1000.2829067984693
5017,497.0477979698762,499.9380071101286,500.8924655231702,998.622779140961,999.5663268699279,999.5663268699279,1000.1915493133445,,,,,1000.8841275062174
5005,495.39432166851077,498.84747381150925,499.9149957558358,996.4431511404213,997.5789834459576,997.5789834459576,1000.1697212482021,,,,,1001.0388164479554
5002,495.01022524807473,498.58771186574535,499.7485006002904,996.3316153974454,998.8682689636448,998.8682689636448,1000.220297402029,,,,,1001.1102747226676
5008,495.88767085607554,499.0976104688264,500.2931551888092,997.3573372843819,998.5419108699912,998.5419108699912,1000.5075829574944,,,,,1001.2109188194516
5021,497.33409295738744,500.6319682837711,501.61054457759855,999.7541168696893,1000.4110492267125,1000.4110492267125,1000.5476422744943,,,,,1001.5647434197155
5020,497.3139493626489,500.4772722318931,501.5173777242803,999.6321960439327,1000.0760999339734,1000.0760999339734,1000.6594618544738,,,,,1001.8316939557564
5019,497.28961735173414,500.3547362767947,501.6386108855154,1000.0760999339734,1001.2380295426044,1001.2380295426044,1001.5924914143961,,,,,1002.4495386702439
5023,497.62561517728625,500.6775043359527,501.69806926469715,1000.4110492267125,1001.5470023160773,1001.5470023160773,1001.7409565520145,,,,,1002.9012454910124
5024,497.76993125923616,500.8137066037282,501.6526338600091,1000.3483816751075,1000.4203607280502,1000.4203607280502,1001.6052569878543,,,,,1003.1248851232231
5016,496.7754341997763,499.9149957558358,501.02119945303895,998.8682689636448,999.6321960439327,999.6321960439327,1000.7445784216942,,,,,1003.1611624144808
5015,496.52411158743354,499.7802451979876,500.6775043359527,998.5754731826186,999.7541168696893,999.7541168696893,1000.6004174690959,,,,,1003.2671249315163
5012,496.23790974848794,499.65332906324494,500.6319682837711,998.4984032172603,998.7630124263505,998.7630124263505,1001.1406375577816,,,,,1003.3118885015762
5033,498.60676997804836,501.6526338600091,502.3025899512827,1001.6166778077173,1002.1602553582561,1002.1602553582561,1003.0066566568399,,,,,1003.6265825918467
5018,497.0949396460156,500.2931551888092,501.4463600186209,999.5663268699279,1002.4253673282896,1002.4253673282896,1002.7935943156161,,,,,1003.6767578526807
5031,498.26143984125207,501.61054457759855,502.69175427126413,1002.1602553582561,1002.19602602692,1002.19602602692,1003.5388977879481,,,,,1004.0968881323087
5032,498.43401677412106,501.6386108855154,502.7382799347881,1002.19602602692,1002.8312391410149,1002.8312391410149,1003.5753200439761,,,,,1004.1379664950209
5025,497.80785299486826,500.8924655231702,501.8024618541848,1000.4203607280502,1002.4305369723459,1002.4305369723459,1003.2559483207583,,,,,1004.3789132601156
5026,497.8664868007723,500.9545783943567,501.87394023516197,1001.2380295426044,1001.5892221180787,1001.5892221180787,1003.3034388449094,,,,,1004.5063647995523
5027,497.93009520499174,501.02119945303895,501.97212147798615,1001.5470023160773,1001.6166778077173,1001.6166778077173,1003.0660023963085,,,,,1004.7840421008835
5022,497.6102749036253,500.65512335483714,501.371642116994,999.3623426106075,1000.3483816751075,1000.3483816751075,1003.8964029465533,,,,,1004.8628770735119
5013,496.2854989609591,499.7075823785031,500.8137066037282,998.6083937219992,1003.8181910981339,1003.8181910981339,1004.2979493549605,,,,,1004.9473133432938
5028,497.9811482136992,501.371642116994,502.045676747695,1001.5892221180787,1001.8250794070221,1001.8250794070221,1004.6465718482585,,,,,1005.5543394005056
5029,498.0778280185267,501.4463600186209,502.41259184287713,1001.8250794070221,1002.1596861127314,1002.1596861127314,1005.0852066396753,,,,,1005.597307979785
5030,498.2128342588901,501.5173777242803,502.8070876822192,1002.4253673282896,1004.4238302519174,1004.4238302519174,1005.5705639008617,,,,,1006.1636093528483
5038,498.79514112830145,502.045676747695,503.0412485864485,1003.8181910981339,1005.1405100503727,1005.1405100503727,1005.3126794700077,,,,,1006.2648301321694
5039,498.89028157787305,502.3025899512827,503.52920192569474,1005.1405100503727,1005.7167983952255,1005.7167983952255,1006.0352264972125,,,,,1006.5371796953182
5043,499.1948873765002,502.7382799347881,503.5839764963896,1005.2654976937192,1005.805858942431,1005.805858942431,1006.190282976435,,,,,1006.7792755551308
5035,498.71103366551705,501.8024618541848,502.88571227561465,1002.8312391410149,1005.4758828573641,1005.4758828573641,1006.6165908258012,,,,,1007.1919300292066
5044,499.30856737684206,502.8070876822192,503.67249824816037,1005.7167983952255,1005.9868108939512,1005.9868108939512,1006.7970669176498,,,,,1007.3827003929905
5037,498.7468599258659,501.97212147798615,503.10473951622885,1004.4238302519174,1005.2654976937192,1005.2654976937192,1005.9643999322146,,,,,1007.4207692108507
5036,498.74337437735875,501.87394023516197,502.83463935325557,1002.4305369723459,1006.2961409547642,1006.2961409547642,1006.6657439813041,,,,,1007.5160108301529
5042,499.19157204473765,502.69175427126413,503.97585346976166,1005.9868108939512,1005.9970816528046,1005.9970816528046,1006.3276004555808,,,,,1007.6181985998293
5040,499.1079118663342,502.41259184287713,503.4729723115302,1004.4440082292898,1005.8275697070502,1005.8275697070502,1006.6844555571076,,,,,1007.8468687008316
5046,499.7827643340666,502.88571227561465,503.8785441782568,1005.8275697070502,1006.0177632555216,1006.0177632555216,1006.5946365319446,,,,,1007.9286584622229
5034,498.68760951212926,501.69806926469715,502.57204499919817,1002.1596861127314,1004.4440082292898,1004.4440082292898,1006.8790520986076,,,,,1008.0117357128321
5048,499.94853912728917,503.10473951622885,504.2562422025256,1005.9970816528046,1006.3862738109667,1006.3862738109667,1007.0667162689263,,,,,1008.0496248432803
5051,500.0213573917119,503.5839764963896,504.3424005326714,1006.0177632555216,1006.0856288648617,1006.0856288648617,1006.1701746801654,,,,,1008.2424255172494
5045,499.41126461499175,502.83463935325557,503.66479555080565,1005.4758828573641,1007.8784191231588,1007.8784191231588,1007.9897288301978,,,,,1008.5887412248019
5055,500.26920514364167,503.8785441782568,504.96240141911164,1007.9200497771096,1008.0737515887337,1008.0737515887337,1008.1038234815946,,,,,1008.7306633170336
5041,499.1848872318912,502.57204499919817,503.7861599815862,1005.805858942431,1007.5989532342217,1007.5989532342217,1008.1141345987944,,,,,1008.8827541289539
5050,499.9891558902012,503.52920192569474,504.4779408072144,1007.5989532342217,1008.3128604463516,1008.3128604463516,1008.5578311737811,,,,,1009.1242011629854
5049,499.95180762306813,503.4729723115302,504.6400358262326,1007.6696755159576,1007.9200497771096,1007.9200497771096,1008.4299207030123,,,,,1009.1941777555326
5052,500.0254010131663,503.66479555080565,504.47047929085585,1006.3862738109667,1007.6696755159576,1007.6696755159576,1009.4922015668452,,,,,1010.1004527801771
5053,500.06655105059633,503.67249824816037,504.87168107732043,1007.8784191231588,1008.4749169453395,1008.4749169453395,1009.5200719897267,,,,,1010.3751624476239
5062,500.79979716569903,504.4779408072144,505.0968570651732,1008.3128604463516,1009.0649284289766,1009.0649284289766,1010.0327634559756,,,,,1010.9171765102441
5068,501.5805089084987,505.10864295061043,506.199775376652,1010.565489356539,1010.5824067672165,1010.5824067672165,1010.6584403158627,,,,,1011.2177423882262
5059,500.59432816608074,504.36647987132,505.31897397135964,1009.0649284289766,1010.1462563692171,1010.1462563692171,1010.8828425274636,,,,,1011.3911293065712
5054,500.1461051997614,503.7861599815862,504.36647987132,1006.0856288648617,1009.0324763773363,1009.0324763773363,1010.457010494457,,,,,1011.4605700020098
5057,500.53565519895454,504.2562422025256,505.10864295061043,1008.4749169453395,1008.7289034207648,1008.7289034207648,1010.9720597443852,,,,,1011.5996326718473
5061,500.7075285263489,504.47047929085585,505.47776956779416,1009.6508142719026,1010.565489356539,1010.565489356539,1010.8500636367974,,,,,1011.6449993622448
5058,500.54932040789004,504.3424005326714,505.1620306686702,1008.7289034207648,1009.6508142719026,1009.6508142719026,1011.1760699642739,,,,,1011.6826373354186
5064,500.86098680350693,504.87168107732043,505.83342089989554,1010.1462563692171,1010.394991596343,1010.394991596343,1011.0825542656635,,,,,1011.9116338288495
5047,499.8975694308044,503.0412485864485,504.40815986671583,1006.2961409547642,1010.080306541685,1010.080306541685,1011.4848762371438,,,,,1012.1801848243817
5056,500.3870759962653,503.97585346976166,505.0855580969791,1008.0737515887337,1010.2958249113567,1010.2958249113567,1010.9475677570174,,,,,1012.2040148947749
5065,501.09016950837014,504.96240141911164,505.8944496240345,1010.2958249113567,1010.9853956041144,1010.9853956041144,1011.0662309632406,,,,,1012.3103995093442
5072,502.3660705406087,505.47776956779416,506.2506223716881,1010.9853956041144,1011.1473556416104,1011.1473556416104,1011.9507001153137,,,,,1012.4666667063173
5066,501.1242342956267,505.0855580969791,506.2019479482312,1010.5824067672165,1010.7670413059067,1010.7670413059067,1011.8121017606211,,,,,1012.4778338972977
5063,500.8491203478992,504.6400358262326,505.6835763161727,1010.080306541685,1011.3071300688379,1011.3071300688379,1011.9232717850007,,,,,1013.1269412166411
5079,503.2784282577456,506.2277277950031,507.06670388738917,1012.2510353065562,1012.3895704956782,1012.3895704956782,1012.5305720331835,,,,,1013.5555365019183
5073,502.4208678831845,505.6835763161727,506.298447289805,1011.1473556416104,1012.6746123843951,1012.6746123843951,1012.8462223777825,,,,,1013.7076493839326
5071,502.2502476400046,505.31897397135964,506.4327273612664,1011.4164872572592,1011.962320325352,1011.962320325352,1012.6441102106164,,,,,1013.8225414052654
5076,502.7044239036962,506.0087883040606,507.1708428775189,1012.6226139880048,1012.9344336395887,1012.9344336395887,1013.3310646116793,,,,,1013.9256616351998
5075,502.6303094812923,505.8944496240345,507.12106864665276,1012.3895704956782,1012.8221401156809,1012.8221401156809,1013.2778876147739,,,,,1013.9469744472079
5067,501.17244358924773,505.0968570651732,506.0087883040606,1010.394991596343,1012.2510353065562,1012.2510353065562,1013.5824734977235,,,,,1014.1360026255206
5074,502.45269269294096,505.83342089989554,506.9265803883026,1011.7374425495124,1012.6226139880048,1012.6226139880048,1012.7554083036931,,,,,1014.1534960858203
5069,501.85354241382095,505.1620306686702,506.2277277950031,1010.7670413059067,1011.7374425495124,1011.7374425495124,1013.255771926522,,,,,1014.4425990629718
5080,503.49129027223506,506.2506223716881,507.41453708055906,1012.8221401156809,1013.670472516854,1013.670472516854,1013.8483065669196,,,,,1014.6169770907873
5060,500.5997410762961,504.40815986671583,505.3038703813374,1009.0324763773363,1012.7292413334867,1012.7292413334867,1014.1529459502091,,,,,1014.6735496905654
5070,501.854150134172,505.3038703813374,506.36742259768994,1011.3071300688379,1011.4164872572592,1011.4164872572592,1013.5416801982211,,,,,1014.8288666967317
5088,504.1419887731228,507.1708428775189,508.1793592315295,1013.670472516854,1013.9387245500479,1013.9387245500479,1014.1349711927687,,,,,1014.9044879758065
5083,503.8450613597385,506.4327273612664,507.77366256855055,1013.123096401329,1013.4801872165988,1013.4801872165988,1014.3117311073672,,,,,1015.1453121342197
5090,504.5953130342006,507.2409663622739,508.2648721096884,1014.0684568620273,1014.1787664559887,1014.1787664559887,1014.4824910529908,,,,,1015.2265019030574
5095,505.28771128071156,507.9459172905148,509.1772460552756,1014.6355894554316,1014.7430731667566,1014.7430731667566,1014.7784823174985,,,,,1015.3173655824103
5078,502.8155492712612,506.2019479482312,507.41492487055456,1012.9344336395887,1014.1085089004544,1014.1085089004544,1014.4266595943799,,,,,1015.4334897903316
5085,503.9684154801618,506.9392964102721,507.9427784199289,1013.36737930953,1013.5030366767548,1013.5030366767548,1014.9126589099782,,,,,1015.4471688004028
5081,503.53049194174577,506.298447289805,507.2302675597881,1012.6746123843951,1013.123096401329,1013.123096401329,1014.100642414669,,,,,1015.4817206982101
5089,504.42430110106926,507.2302675597881,508.24003932000335,1014.0451785116063,1014.1520928246002,1014.1520928246002,1014.9406732023224,,,,,1015.7179092331179
5084,503.9121932291275,506.9265803883026,508.23226068630066,1013.9397046780936,1014.0451785116063,1014.0451785116063,1014.2777760922806,,,,,1015.8041632912211
5093,504.81039864746236,507.77366256855055,508.91006591317455,1014.1520928246002,1014.2068562941184,1014.2068562941184,1014.4311343502703,,,,,1015.843745719866
5099,506.4206481915006,508.23226068630066,509.2746418498141,1015.0589058157598,1015.1749790496517,1015.1749790496517,1015.5191837918961,,,,,1016.3755734887234
5082,503.65735257173367,506.36742259768994,506.9392964102721,1011.962320325352,1013.36737930953,1013.36737930953,1013.3873789308814,,,1013.3873789308814,1016.7338768101699,1016.7338768101699
5094,505.1077300622666,507.9427784199289,508.9253599589379,1014.1787664559887,1015.5344969080785,1015.5344969080785,1015.9575547210757,,,,,1016.8490207951832
5077,502.7245715562554,506.199775376652,507.2409663622739,1012.7292413334867,1014.0684568620273,1014.0684568620273,1015.3039736162128,,,,,1016.950788320486
5092,504.7313349470135,507.41492487055456,508.22563836607117,1013.9387245500479,1015.6945351647387,1015.6945351647387,1016.625262771283,,,,,1017.3318277010644
5100,506.5174900347227,508.24003932000335,509.1783476939486,1014.7430731667566,1015.0589058157598,1015.0589058157598,1016.6805660497354,,,,,1017.424466994209
5091,504.68343522579966,507.41453708055906,508.4594771743239,1014.1085089004544,1016.6124380543544,1016.6124380543544,1016.9180335405567,,,,,1017.5467010597446
5096,505.60647399023895,508.0686659436266,509.3376733891863,1015.5344969080785,1016.2671856511593,1016.2671856511593,1017.1909215777274,,,,,1017.7178932159402
5086,503.9792430104342,507.06670388738917,508.0686659436266,1013.5030366767548,1014.6355894554316,1014.6355894554316,1015.7296122857992,,,,,1017.7878609624912
5101,506.5181860630476,508.2648721096884,509.5067315153188,1015.6945351647387,1016.1996932827522,1016.1996932827522,1017.1096891542488,,,,,1017.8572677182734
5102,506.70600374690355,508.4594771743239,509.6954145938346,1016.2671856511593,1016.4195433820222,1016.4195433820222,1017.1324899842075,,,,,1018.1712730556351
5104,506.79399747121823,508.9253599589379,509.73085580970485,1016.4195433820222,1016.7024964359842,1016.7024964359842,1017.4644830373328,,,,,1018.5730923254384
5103,506.72806150217235,508.91006591317455,510.1686252072086,1017.1666738341855,1017.9760378933101,1017.9760378933101,1018.6885037425077,,,,,1019.2593850697704
5114,507.5091542212463,509.73085580970485,510.67274623340853,1018.1195116635176,1018.322345868214,1018.322345868214,1018.8782181416699,,,,,1019.664720325217
5087,504.0200844423845,507.12106864665276,507.9459172905148,1013.4801872165988,1013.9397046780936,1013.9397046780936,1015.735999653212,,,1015.735999653212,1019.7859027235074,1019.7859027235074
5105,506.9775648572826,509.11553585460746,509.60584529640806,1016.1996932827522,1019.3558282316608,1019.3558282316608,1019.5019870845026,,,,,1020.1359345231787
5115,507.54329943418736,509.93669160340795,510.3682646852075,1017.3116902955948,1017.9597595833867,1017.9597595833867,1018.5965632598509,,,,,1020.1536388337875
5107,507.21832292506656,509.1783476939486,510.11101382657176,1017.1108974816474,1017.1666738341855,1017.1666738341855,1019.8235603597977,,,,,1020.4709075418031
5113,507.49571006706,509.6954145938346,510.6854493624845,1018.322345868214,1018.7292286585873,1018.7292286585873,1020.1747932281174,,,,,1020.6972419873223
5111,507.3768432868087,509.5067315153188,511.00992228093315,1018.7292286585873,1018.8682967943458,1018.8682967943458,1019.339838655058,,,,,1020.7401887209015
5109,507.3311276109913,509.31049912681124,510.0520753230393,1016.7024964359842,1019.8986607789878,1019.8986607789878,1020.0373357565051,,,,,1020.7870423707924
5106,507.0381946365443,509.1772460552756,509.93669160340795,1016.6124380543544,1017.3116902955948,1017.3116902955948,1018.8098748968312,,,,,1021.238657859361
5110,507.3758742341456,509.3376733891863,510.4405852526061,1017.9760378933101,1019.909903143203,1019.909903143203,1020.6949655474475,,,,,1021.2732448430972
5119,507.84500709975515,510.3682646852075,511.1736862099355,1019.3558282316608,1019.5718081069446,1019.5718081069446,1020.1163564007686,,,,,1021.3845666804228
5116,507.55557018402243,510.0520753230393,511.06146223397013,1018.8682967943458,1020.2654190434997,1020.2654190434997,1020.531958603947,,,,,1021.4249342594021
5097,505.86803425382584,508.1793592315295,509.11553585460746,1014.2068562941184,1018.1195116635176,1018.1195116635176,1020.6849109294069,,,,,1021.6717725133624
5108,507.258074856061,509.2746418498141,510.42375199500856,1017.9597595833867,1018.5896552014588,1018.5896552014588,1020.4391115185053,,,,,1021.842782804932
5124,508.2289708114637,510.97067488351666,512.2729321945169,1021.2777947508431,1021.3098523799013,1021.3098523799013,1021.4848244530334,,,,,1022.1612412410346
5128,508.37452693165926,511.19837914285137,512.1790446691617,1021.2391588314284,1021.336802012539,1021.336802012539,1021.4571319559452,,,,,1022.2629993806814
5098,506.102158647226,508.22563836607117,509.31049912681124,1015.1749790496517,1017.1108974816474,1017.1108974816474,1018.4474945338401,,,1018.4474945338401,1022.3317125288136,1022.3317125288136
5122,508.03463021002756,510.67274623340853,511.88483936093434,1020.5182969889412,1021.2777947508431,1021.2777947508431,1021.7402544928768,,,,,1022.3335208184136
5117,507.6993757796865,510.11101382657176,511.19837914285137,1019.5718081069446,1020.983728081206,1020.983728081206,1021.7085872452875,,,,,1022.7891550873471
5126,508.35463186313905,511.06146223397013,511.7569798779164,1020.386610571645,1021.2391588314284,1021.2391588314284,1021.669603130153,,,,,1022.8134182342752
5125,508.2503405358297,511.00992228093315,512.0712077517209,1020.983728081206,1021.4683191235766,1021.4683191235766,1022.5313105497294,,,,,1023.1780935921945
5112,507.38322243463534,509.60584529640806,510.97067488351666,1018.5896552014588,1020.8533545973295,1020.8533545973295,1021.5246826743407,,,,,1023.2413278957634
5129,508.4067423108487,511.4252441468083,512.3077579441203,1021.3098523799013,1022.0450369126847,1022.0450369126847,1022.4167858893246,,,,,1023.2507956099992
5123,508.12030516653675,510.6854493624845,511.8954240287417,1020.8533545973295,1022.2010686665325,1022.2010686665325,1022.5140200444091,,,,,1023.897179450207
5140,509.2545770147927,512.528216297929,513.2730996975112,1022.932723394293,1022.9879766742863,1022.9879766742863,1023.1906887292258,,,,,1024.0843887441683
5130,508.46504229712036,511.6960844652595,512.9748710639077,1022.2010686665325,1022.6338292450986,1022.6338292450986,1023.4196796889661,,,,,1024.2252703353254
5131,508.5185553924395,511.71805223014735,512.528216297929,1021.4683191235766,1022.203466497862,1022.203466497862,1023.5096057169308,,,,,1024.479828241152
5133,508.6655957145603,511.88483936093434,512.9743532207422,1022.0450369126847,1023.1738605750511,1023.1738605750511,1023.5726293874018,,,,,1024.5186245928396
5118,507.7009240590102,510.1686252072086,511.4252441468083,1019.8986607789878,1020.386610571645,1020.386610571645,1023.3810311834935,,,,,1024.5852710987795
5137,509.0330424093741,512.2729321945169,513.2867225958053,1022.9879766742863,1024.1590684995479,1024.1590684995479,1024.1677303470083,,,,,1025.0901191935857
5139,509.211007442836,512.330983388751,513.2439204946096,1022.8792014744995,1022.932723394293,1022.932723394293,1023.9145516599252,,,,,1025.2780226429745
5121,507.9112466660203,510.4405852526061,511.71805223014735,1020.2654190434997,1021.9643800189352,1021.9643800189352,1024.6834229093402,,,,,1025.4044894627107
5132,508.6001026104161,511.7569798779164,512.6799698029918,1021.9643800189352,1024.586411258017,1024.586411258017,1024.669049434872,,,,,1025.521055244648
5138,509.1510451396454,512.3077579441203,513.3682052499455,1023.4575072983416,1025.2187554669422,1025.2187554669422,1025.2811035576028,,,,,1025.860963456256
5135,508.8592444808049,512.0712077517209,513.2240453370696,1022.6338292450986,1022.8792014744995,1022.8792014744995,1024.1081698047951,,,,,1026.3534044857647
5142,509.3569747183889,512.9743532207422,513.7788255630028,1024.586411258017,1024.7144386203013,1024.7144386203013,1026.1148310015167,,,,,1026.6277636031402
5127,508.3589735345961,511.1736862099355,512.330983388751,1021.336802012539,1023.4575072983416,1023.4575072983416,1026.0174258940058,,,,,1026.667584527697
5134,508.75294903201484,511.8954240287417,513.1175448079831,1022.203466497862,1025.1854473146348,1025.1854473146348,1025.8539392629168,,,,,1026.6975762504394
5141,509.2560161076007,512.6799698029918,513.5754537113601,1024.1590684995479,1025.504144371821,1025.504144371821,1026.3348054650248,,,,,1026.8676582156165
5136,508.9641746502971,512.1790446691617,513.3251795712489,1023.1738605750511,1025.060501763589,1025.060501763589,1026.3474623706356,,,,,1027.0865882801988
5149,509.97927320275204,513.3251795712489,514.274053719402,1025.504144371821,1025.5940035954675,1025.5940035954675,1026.202408218357,,,,,1027.6088952309258
5146,509.764592105467,513.2439204946096,514.4755313297904,1025.793700686223,1026.3466472674263,1026.3466472674263,1027.2459501061542,,,,,1027.7955261384564
5120,507.907937567555,510.42375199500856,511.6960844652595,1019.909903143203,1020.5182969889412,1020.5182969889412,1021.0468672780088,,,1021.0468672780088,1027.9923897050464,1027.9923897050464
5147,509.8841975132192,513.2730996975112,514.0851362013976,1025.1854473146348,1025.9557831605662,1025.9557831605662,1027.2550603002744,,,,,1028.1965103289153
5154,510.4764271943797,513.9604771728344,514.9483519389263,1026.3466472674263,1027.4679781894788,1027.4679781894788,1027.6570216276336,,,,,1028.839642557227
5150,509.99138192467876,513.3682052499455,514.6404950317087,1026.2762866942521,1027.7783508519076,1027.7783508519076,1028.5562523274589,,,,,1029.2587733236023
5155,510.5797975912555,514.0851362013976,515.1017894499595,1027.7783508519076,1028.5406975551505,1028.5406975551505,1028.9438457963356,,,,,1029.4810199617482
5159,511.11492576090825,514.4755313297904,515.3708243649543,1028.1667895698301,1028.8867574933556,1028.8867574933556,1029.0531745415608,,,,,1029.7140813279748
5152,510.3302481474922,513.7788255630028,515.1799792077825,1027.8416839425404,1027.9514337259168,1027.9514337259168,1029.3402724035238,,,,,1029.9649357444712
5151,510.18808869542573,513.5754537113601,514.4556872392607,1025.5940035954675,1025.793700686223,1025.793700686223,1029.5513904677948,,,,,1030.0730725758992
5143,509.4050446697011,512.9748710639077,513.8768266299666,1024.7144386203013,1026.2762866942521,1026.2762866942521,1028.6654449923824,,,,,1030.1305896770841
5153,510.40076745284915,513.8768266299666,514.9579373587181,1027.4679781894788,1027.6153341986249,1027.6153341986249,1029.6042013815975,,,,,1030.6402776657387
5158,510.93809039469363,514.4556872392607,515.6548833606521,1028.8867574933556,1029.9089604021333,1029.9089604021333,1030.2812150245325,,,,,1030.8740566066267
5145,509.6591892027989,513.2240453370696,514.5764563611541,1025.9557831605662,1027.8416839425404,1027.8416839425404,1029.1555430417968,,,,,1031.2930129613394
5166,511.7707805556576,515.1799792077825,516.0561666897937,1029.9089604021333,1030.0328398352945,1030.0328398352945,1030.2860277993368,,,,,1031.422747611166
5156,510.87991869672504,514.2629679773298,515.2045242205684,1027.9514337259168,1029.6298589590053,1029.6298589590053,1030.5835723963291,,,,,1031.487704739284
5163,511.3350653937405,514.9579373587181,515.7363335540277,1029.5412969274532,1030.023081206494,1030.023081206494,1030.5357199640011,,,,,1031.6649096032615
5157,510.92811342005723,514.274053719402,515.0232318702477,1027.6153341986249,1028.1667895698301,1028.1667895698301,1030.357861983766,,,,,1031.6773133977085
5148,509.9394807273856,513.2867225958053,514.2629679773298,1025.2187554669422,1028.7692955269818,1028.7692955269818,1031.1030314587888,,,,,1031.7086742395759
5164,511.3577848607599,515.0232318702477,516.0615714228547,1030.023081206494,1030.3330351464954,1030.3330351464954,1030.9845964114234,,,,,1032.1162872541736
5171,512.7842339180221,515.6548833606521,516.3852802393452,1031.020994275073,1031.134690218447,1031.134690218447,1031.5808821708592,,,,,1032.212210215674
5168,511.91284054544315,515.3708243649543,516.5683946612501,1031.1910757403261,1031.4908690411557,1031.4908690411557,1031.730010533589,,,,,1032.4385670944014
5162,511.32969849597896,514.9483519389263,515.9455665249427,1029.6298589590053,1031.4029178890212,1031.4029178890212,1032.3091101814439,,,,,1033.0452436005246
5172,513.2238287116305,515.7363335540277,516.5724746168454,1031.4029178890212,1031.611911832041,1031.611911832041,1031.6710098080234,,,,,1033.2399250633894
5165,511.7076381069984,515.1017894499595,516.0778657703926,1030.0328398352945,1031.5421050790173,1031.5421050790173,1032.520937599052,,,,,1033.2992904285334
5167,511.88221550913835,515.2045242205684,516.1784153539505,1030.3330351464954,1031.020994275073,1031.020994275073,1032.0213559973174,,,,,1033.3687175405141
5174,513.4234919537394,516.0561666897937,516.743314360993,1031.4908690411557,1031.9627643306642,1031.9627643306642,1032.7093365970054,,,,,1033.72149152343
5169,512.1594621689218,515.5538773514678,516.524561103421,1031.134690218447,1031.4791225618696,1031.4791225618696,1033.1579946347701,,,,,1033.8149586602328
5161,511.2684931143677,514.6404950317087,515.5727900128946,1028.7692955269818,1031.1910757403261,1031.1910757403261,1031.914850877633,,,,,1034.0403860017902
5144,509.56957604207827,513.1175448079831,513.9604771728344,1025.060501763589,1032.715077901867,1032.715077901867,1033.7004691580307,,,,,1034.3177890967022
5175,513.5285254061474,516.0615714228547,516.9859391182117,1031.611911832041,1031.687700535782,1031.687700535782,1033.6584666767103,,,,,1034.63180452223
5160,511.2099111175371,514.5764563611541,515.5538773514678,1028.5406975551505,1029.5412969274532,1029.5412969274532,1032.9119720262481,,,1032.9119720262481,1034.6343924640523,1034.6343924640523
5182,513.7213863289501,516.6532957434696,517.4559296146208,1032.715077901867,1034.1888026784156,1034.1888026784156,1034.4870140862706,,,,,1035.0907546927651
5173,513.2863191696852,515.9455665249427,516.826640373568,1031.5421050790173,1034.1584408754366,1034.1584408754366,1034.6188267051277,,,,,1035.1616937205563
5181,513.7067931447419,516.5724746168454,517.6353389236559,1033.22475015683,1033.4118802203432,1033.4118802203432,1034.4423928123454,,,,,1035.7285574961998
5183,513.728192494504,516.743314360993,517.8134228533369,1033.427545983472,1033.8072914940333,1033.8072914940333,1033.8381188908236,,,,,1035.7328788444506
5191,514.3352665962568,517.6649257562423,518.4035707824808,1034.1888026784156,1034.5554010255246,1034.6343924640523,1035.0070415532807,,,,,1035.737975775137
5178,513.6149758905087,516.3852802393452,517.6649257562423,1033.3383302611223,1034.3151843745002,1034.4423928123454,1034.4768198452773,,,,,1035.9645692757335
5193,514.3686081521756,517.8134228533369,518.6148704591575,1034.501056890319,1034.506475882131,1034.6188267051277,1034.9146357383997,,,,,1036.0985404347168
5188,514.1055480111283,517.3842329136398,518.4631407157495,1034.3151843745002,1034.703447627557,1034.7502506658777,1035.7563143624766,,,,,1036.3421047608144
5177,513.5675431373435,516.1784153539505,517.3777666802697,1031.9627643306642,1033.427545983472,1033.427545983472,1035.0394030194052,,,,,1036.344344136275
5184,513.7284872403662,516.826640373568,518.1638877406276,1034.1584408754366,1034.501056890319,1034.501056890319,1035.2528139353958,,,,,1036.3584034215746
5185,513.8049244535367,516.9859391182117,517.9540029682643,1033.8072914940333,1034.3201743780453,1034.4768198452773,1035.6656639083797,,,,,1036.3639463098596
5179,513.6904739078628,516.524561103421,517.3842329136398,1032.196829943501,1033.3383302611223,1033.3383302611223,1035.3257647650485,,,,,1036.4659683195587
5187,514.0313174569218,517.3777666802697,518.273182627711,1034.1751035180353,1035.0590146227166,1035.0590146227166,1035.0670143850007,,,,,1036.5789099668757
5189,514.1373895504538,517.4559296146208,517.9751861520452,1034.05860196508,1034.1751035180353,1034.1751035180353,1035.1561658918754,,,,,1036.5990131122571
5197,514.779556004578,518.273182627711,519.1102263645603,1034.8185630463556,1035.4506731165875,1035.4506731165875,1035.714687549912,,,,,1036.6519299592399
5186,513.9881469498716,517.1960389047861,518.6399664601715,1034.5554010255246,1035.949944500299,1035.949944500299,1036.5343632107185,,,,,1037.4583632801464
5192,514.3475795615614,517.7128605298392,518.6243816416066,1034.506475882131,1036.315490975706,1036.315490975706,1036.934120717924,,,,,1037.4659269367323
5203,515.1756336395906,518.6399664601715,519.8695897886208,1036.6034028543424,1036.844266153343,1036.844266153343,1037.136866731093,,,,,1038.111343430033
5195,514.6416822712679,517.9751861520452,519.0428859567311,1034.703447627557,1035.364850019495,1035.364850019495,1037.487503415501,,,,,1038.3222110172278
5200,514.9378509072959,518.5547283086364,519.4829154601796,1035.949944500299,1036.7444316957765,1036.7444316957765,1037.8311021525367,,,,,1038.3848056659863
5180,513.6929662882255,516.5683946612501,517.7128605298392,1033.4118802203432,1034.05860196508,1034.05860196508,1037.644334659525,,,,,1038.550615137809
5199,514.8896145647496,518.4631407157495,519.5296246338957,1036.0766489095315,1037.589691349935,1037.589691349935,1038.0272532719991,,,,,1038.5551901792194
5201,514.9732014921714,518.6148704591575,519.5439724463173,1036.315490975706,1036.6034028543424,1036.6034028543424,1037.128848889656,,,,,1038.6408925880626
5207,515.5985783356066,519.3961083497953,520.2907463278063,1037.69641825476,1037.7378158439471,1037.7378158439471,1037.8474570209182,,,,,1038.706328253936
5176,513.556101508211,516.0778657703926,517.1960389047861,1031.687700535782,1033.22475015683,1033.22475015683,1033.3605028793256,,,1033.3605028793256,1038.7627412294548,1038.7627412294548
5194,514.5321828912565,517.9540029682643,519.2035680618925,1035.0590146227166,1037.7198632096631,1037.7198632096631,1037.9185706272738,,,,,1038.8745707658532
5204,515.2783598214822,519.0428859567311,520.0209612878597,1037.589691349935,1037.69641825476,1037.69641825476,1038.4774275149553,,,,,1039.297028492099
5190,514.1672920775549,517.6353389236559,518.5547283086364,1034.3201743780453,1034.8185630463556,1035.0070415532807,1038.3643663193905,,,,,1039.3181450350962
5214,516.5854231627799,520.0194653354241,521.2950389248989,1039.089818447836,1039.2076050773753,1039.2076050773753,1039.3849363803477,,,,,1039.9197309646102
5198,514.8388236816537,518.4035707824808,519.3961083497953,1035.364850019495,1036.0766489095315,1036.0766489095315,1038.963814133921,,,,,1040.0042929828087
5170,512.6758509329994,515.5727900128946,516.6532957434696,1031.4791225618696,1032.196829943501,1032.196829943501,1034.7502506658777,,,1034.9146357383997,1040.034436094435,1040.034436094435
5202,515.0614422515694,518.6243816416066,520.0194653354241,1036.844266153343,1037.6575411564402,1037.6575411564402,1039.098881793713,,,,,1040.069984710599
5196,514.6806750026046,518.1638877406276,519.4410503353301,1035.4506731165875,1037.8309019891067,1037.8311021525367,1038.9330761145484,,,,,1040.1741452291742
5217,516.747598522373,520.2907463278063,521.3434399719122,1039.2076050773753,1039.4076363587758,1039.4076363587758,1039.8364877823178,,,,,1040.6826332864744
5213,516.4590045155545,519.9777052040893,520.8676718182419,1038.4059194509111,1039.089818447836,1039.089818447836,1040.0698688539624,,,,,1041.0308615181095
5210,515.844066287607,519.5296246338957,520.4159067946556,1037.7198632096631,1038.3155611806137,1038.3155611806137,1040.6054266909268,,,,,1041.2397523960165
5209,515.706855616652,519.4829154601796,520.5548140779667,1037.8309019891067,1038.8728259144707,1038.8728259144707,1040.0739998567124,,,,,1041.3118305519502
5215,516.683453351684,520.0209612878597,520.9596998334363,1038.845015082156,1040.0650348179333,1040.0650348179333,1040.6594944032054,,,,,1041.4414923161694
5222,517.0512752817642,520.7084896693291,521.6498491451451,1040.1396179074068,1040.251352384806,1040.251352384806,1040.5857266973255,,,,,1041.561634349687
5211,515.9458780592894,519.5439724463173,520.562814640719,1038.0290518799661,1040.2974674862553,1040.2974674862553,1040.8926355552674,,,,,1042.0535236212017
5221,517.0141141199342,520.562814640719,521.6900208396472,1040.251352384806,1041.083133752293,1041.083133752293,1041.3756752665886,,,,,1042.0787258560522
5208,515.6031658867814,519.4410503353301,520.5122942854919,1037.7378158439471,1038.4059194509111,1038.4059194509111,1040.5719707401342,,,,,1042.1311730586685
5224,517.2742247627405,520.9596998334363,521.9516210317877,1040.2974674862553,1040.6371561849417,1040.6371561849417,1041.5921826409185,,,,,1042.155809734979
5205,515.3078645585117,519.1102263645603,519.9777052040893,1036.7444316957765,1038.845015082156,1038.845015082156,1041.5331017259466,,,,,1042.3001062095775
5226,517.2937743951586,521.2950389248989,522.3053793643688,1041.083133752293,1041.4559664394487,1041.4559664394487,1041.759246914501,,,,,1042.3455378317487
5219,516.9580962182279,520.5122942854919,521.1413686267292,1038.8728259144707,1040.5682620782468,1040.5682620782468,1041.1125791970424,,,,,1042.42673948187
5212,516.2543443879008,519.8695897886208,520.7084896693291,1038.3155611806137,1040.131981238921,1040.131981238921,1041.8142241006547,,,,,1042.6007093417966
5225,517.283638657973,521.1413686267292,522.1911597171475,1040.6371561849417,1041.254756740715,1041.254756740715,1043.4969020134495,,,,,1044.2053406382415
5227,517.3221169427991,521.3434399719122,522.3352865290179,1041.254756740715,1041.7835481559393,1041.7835481559393,1043.6532720824218,,,,,1044.2414445245408
5206,515.3248613511195,519.2035680618925,520.1303561617385,1037.6575411564402,1038.0290518799661,1038.0290518799661,1038.5582708025586,,,1038.5582708025586,1044.5100969543619,1044.5100969543619
5228,517.326602973107,521.3993144184072,522.424971560676,1042.9397329935503,1043.7255292264458,1043.7255292264458,1044.068064600965,,,,,1044.6538923338053
5220,517.0115661519815,520.5548140779667,521.3993144184072,1039.4076363587758,1040.1396179074068,1040.1396179074068,1042.131848561698,,,,,1044.7707436561718
5235,518.0572143474084,522.1911597171475,522.8018593306003,1043.7255292264458,1043.8305935481508,1043.8305935481508,1044.1885351570675,,,,,1044.8821646079828
5223,517.263953805206,520.8676718182419,522.0667723103643,1040.5682620782468,1044.064173260473,1044.064173260473,1044.4698708362296,,,,,1045.4566733963998
5233,517.9813871708416,521.9516210317877,523.0964799558676,1043.7681283156908,1044.435065745428,1044.435065745428,1044.950189481329,,,,,1045.6870261138113
5237,518.146570225647,522.3352865290179,523.0867977020803,1043.7566070606676,1043.7681283156908,1043.7681283156908,1044.4891383570744,,,,,1045.9878145990888
5229,517.4474573126166,521.4256536862187,522.3888710364987,1041.4559664394487,1043.4984821416792,1043.4984821416792,1043.6818415048497,,,,,1046.004238377561
5240,518.5601015763757,522.424971560676,523.4820794229291,1044.615421098404,1044.857728323845,1044.857728323845,1045.3233339782673,,,,,1046.108330088388
5230,517.6375099324388,521.6193916904875,522.3942642497304,1041.7835481559393,1043.9756727628692,1043.9756727628692,1044.2374754818343,,,,,1046.1917492911437
5246,519.3256122492899,523.1015275495832,523.7840306124524,1045.019326587918,1045.1454797451504,1045.1454797451504,1045.7474068533531,,,,,1046.3040934371372
5231,517.6985892632214,521.6498491451451,522.667404884237,1043.4984821416792,1044.615421098404,1044.615421098404,1044.7480840170333,,,,,1046.3563457007476
5241,518.635942791097,522.667404884237,523.7110916236921,1044.9558119001128,1045.9342978650432,1045.9342978650432,1046.0913413420915,,,,,1046.5932612844965
5239,518.3611229223532,522.3942642497304,523.1015275495832,1043.8305935481508,1045.8736520893399,1045.8736520893399,1046.0843891009652,,,,,1046.619428058031
5243,518.815935978968,522.8103117717692,523.7851789343783,1045.040583661471,1045.5985080025134,1045.5985080025134,1046.0127461352438,,,,,1047.065025638116
5236,518.0906499793462,522.3053793643688,523.1925207072125,1044.064173260473,1045.019326587918,1045.019326587918,1046.4435118922197,,,,,1047.101949872545
5247,519.4575710548252,523.1067230036684,524.0094949856426,1045.281728433149,1045.9922358472954,1046.0127461352438,1046.713588549031,,,,,1047.273803347823
5251,520.2668558747253,523.6680391531103,524.4654400359847,1045.9342978650432,1046.2062505893928,1046.2062505893928,1046.7251380681455,,,,,1047.3038946822846
5216,516.7143555657434,520.1303561617385,521.4256536862187,1040.0650348179333,1043.7360052804445,1043.7360052804445,1046.7553726424007,,,,,1047.4881703619712
5232,517.8580865104396,521.6900208396472,522.8103117717692,1043.7360052804445,1043.7566070606676,1043.7566070606676,1046.2660891329688,,,,,1047.6722533070954
5242,518.6390670378316,522.8018593306003,523.6680391531103,1044.857728323845,1044.9558119001128,1044.9558119001128,1046.7332368736759,,,,,1047.7905778674506
5248,519.6262007583507,523.1925207072125,523.9888309694962,1045.1454797451504,1046.887271786949,1046.887271786949,1047.1957450801679,,,,,1048.025960445812
5249,520.0238084200058,523.2667925348687,524.5253243866277,1046.1210670350074,1047.1365919158586,1047.1365919158586,1047.2243760479646,,,,,1048.1816203552391
5245,519.3026684170759,523.0964799558676,524.1939421332632,1045.5985080025134,1046.1210670350074,1046.1210670350074,1047.039254194781,,,,,1048.1894290321572
5238,518.2872268978799,522.3888710364987,523.1067230036684,1043.9756727628692,1045.281728433149,1045.281728433149,1047.0126762189032,,,,,1048.6824489014646
5254,520.4639722105992,523.7851789343783,524.9737548914148,1047.4362608366782,1047.8045599380148,1047.8045599380148,1047.9914734865413,,,,,1048.7225810798286
5252,520.2872568213,523.7110916236921,524.8466139542252,1046.887271786949,1047.4362608366782,1047.4362608366782,1047.8310929677234,,,,,1048.863043698833
5250,520.0726075220383,523.4820794229291,524.2303993082601,1045.8736520893399,1046.2121804208648,1046.2660891329688,1048.432662549273,,,,,1049.235166977859
5260,520.8945929812203,524.4683637846664,525.1893197896597,1047.8045599380148,1048.7467286008437,1048.7467286008437,1049.1259569914907,,,,,1049.7658414947139
5258,520.7611376367167,524.2303993082601,525.2753183148905,1048.513120196561,1049.403682657193,1049.403682657193,1049.527120103562,,,,,1050.1180701827207
5234,518.0486337796791,522.0667723103643,523.2667925348687,1044.435065745428,1045.040583661471,1045.040583661471,1048.994275191615,,,,,1050.2331747998064
5264,521.3313898653857,524.8466139542252,526.0897109630929,1049.403682657193,1049.5769464454947,1049.5769464454947,1049.6926494434279,,,,,1050.3433387556368
5261,520.9273319459282,524.5253243866277,525.5366909959185,1048.7467286008437,1049.42896118177,1049.42896118177,1049.7288084538857,,,,,1050.3889727914984
5265,521.8139691165215,524.8605007565055,525.5423988058484,1049.3662809968182,1049.645561735107,1049.645561735107,1050.2391899506483,,,,,1050.8275066042243
5255,520.4712945187295,523.9888309694962,524.8605007565055,1047.1365919158586,1049.975416658067,1049.975416658067,1050.0706466735978,,,,,1050.9671251065988
5262,521.1903390062214,524.7861028650268,526.1122629156099,1049.42896118177,1049.5266494908467,1049.5266494908467,1050.6277663991336,,,,,1051.3128294753033
5253,520.4303868366695,523.7840306124524,524.8100682364799,1046.2121804208648,1048.733719998312,1048.733719998312,1050.0921688629332,,,,,1051.3189971511258
5257,520.6978424982982,524.1939421332632,525.2976078703496,1048.733719998312,1050.3642879705314,1050.3642879705314,1050.3917050695848,,,,,1051.3214873946465
5259,520.8632391854251,524.4654400359847,525.264989850494,1047.9598664821983,1049.3662809968182,1049.3662809968182,1050.989253132945,,,,,1051.6574169343903
5269,522.3590429717161,525.2753183148905,526.3718841435661,1050.3642879705314,1050.6822493562117,1050.6822493562117,1051.0529275166489,,,,,1052.0189429772095
5218,516.8033671000608,520.4159067946556,521.6193916904875,1040.131981238921,1042.9397329935503,1042.9397329935503,1050.9437887576203,,,,,1052.0284707038566
5244,519.2800877817463,523.0867977020803,524.4683637846664,1045.9922358472954,1048.513120196561,1048.513120196561,1049.914432939535,,,,,1052.1592237474808
5268,522.3214861185519,525.264989850494,526.4616242665545,1050.398372220705,1051.2026410868311,1051.2026410868311,1051.990593545455,,,,,1052.5344272636403
5256,520.5551343555065,524.0094949856426,524.7861028650268,1046.2062505893928,1047.9598664821983,1047.9598664821983,1048.623461494163,,,1048.623461494163,1052.6146425815234,1052.6146425815234
5263,521.2737353957198,524.8100682364799,526.2245771640529,1049.5769464454947,1050.398372220705,1050.398372220705,1051.4786475276958,,,,,1052.8630035641445
5266,522.0168119758379,524.9737548914148,526.1474266532645,1049.5266494908467,1051.4941081430902,1051.4941081430902,1052.0724680021458,,,,,1052.8693765244518
5271,522.5667322399681,525.5366909959185,526.2832802896703,1049.645561735107,1050.7988791430864,1050.7988791430864,1052.1923519822506,,,,,1052.898426110504
5270,522.4268792175676,525.2976078703496,526.7942162157989,1050.7988791430864,1051.923309630707,1051.923309630707,1052.724981879134,,,,,1053.2386696538476
5267,522.1866865235962,525.1893197896597,526.3077578219893,1049.975416658067,1051.7645433457383,1051.7645433457383,1052.629883709963,,,,,1053.3165205248606
5273,522.6430152063799,526.0897109630929,527.1346204866992,1051.7645433457383,1052.0147382045875,1052.0147382045875,1052.0212592469616,,,,,1053.420795025848
5278,523.0067515150141,526.3077578219893,527.1668819989048,1052.0147382045875,1053.397945278343,1053.397945278343,1053.4876008966803,,,,,1054.3866854493642
5279,523.1557827342639,526.3718841435661,527.1644919069679,1051.923309630707,1053.101382410649,1053.101382410649,1053.8589541046783,,,,,1055.0985483326667
5280,523.1706446685002,526.4616242665545,527.3499200327617,1052.8106585858495,1053.5110193818894,1053.5110193818894,1054.0001085070533,,,,,1055.3606699029112
5283,523.5997994247037,526.800989478983,527.626522905271,1053.397945278343,1053.4805543026157,1053.4805543026157,1054.620719749628,,,,,1055.4641874889192
5272,522.6011942323292,525.5423988058484,526.800989478983,1051.2026410868311,1053.0039321044967,1053.0039321044967,1054.9180237247494,,,,,1055.7616292792693
5281,523.4748499707014,526.7085130761401,527.870215444007,1053.5110193818894,1054.424864261791,1054.424864261791,1054.918515482003,,,,,1055.9378214793862
5287,523.9617038755752,527.1668819989048,527.8697137134319,1053.4805543026157,1054.7295964157393,1054.7295964157393,1054.8566104962888,,,,,1055.979525529369
5282,523.5686156558844,526.7942162157989,528.0364665616088,1053.9589687288178,1054.4468628923266,1054.4468628923266,1055.3524985364995,,,,,1056.084424457265
5277,522.9434807235857,526.2832802896703,527.5001868978048,1053.101382410649,1053.9589687288178,1053.9589687288178,1054.6284958424944,,,,,1056.284630957835
5291,524.3154382456047,527.626522905271,528.5507541933312,1055.168768767214,1055.1983676357856,1055.1983676357856,1055.4456625921875,,,,,1056.346666265127
5275,522.8534578118868,526.1474266532645,526.8903890453857,1051.4941081430902,1055.7434440876434,1055.7434440876434,1055.9290833279772,,,,,1056.8961887255641
5289,524.0505921622434,527.3911250553153,528.3454646152073,1054.4468628923266,1055.0149676005426,1055.0149676005426,1055.4406821399186,,,,,1056.9213419451708
5288,524.0366196235324,527.3499200327617,528.3873853683184,1054.7295964157393,1055.582584093899,1055.582584093899,1055.9403782923773,,,,,1056.9588855894642
5290,524.1300640100732,527.5001868978048,528.6985246892389,1055.1983676357856,1055.8164251922153,1055.8164251922153,1056.3360736092463,,,,,1057.141118125063
5284,523.8810693940477,526.8903890453857,528.2617360570273,1054.0273375709066,1055.4109935682359,1055.4109935682359,1056.4918563422452,,,,,1057.2619000776779
5276,522.9355272310025,526.2245771640529,527.3911250553153,1053.0039321044967,1054.0273375709066,1054.0273375709066,1057.0125474922556,,,,,1057.5206929782155
5299,525.0869202062004,528.4063608282408,529.5777888235943,1056.5182512845233,1057.0402078427724,1057.0402078427724,1057.2466456770376,,,,,1057.7541051503645
5285,523.9217233133743,527.1346204866992,528.4063608282408,1055.0149676005426,1055.4744117515352,1055.4744117515352,1055.7968630162236,,,,,1057.9921292119564
5302,525.2720871914196,528.9526460142437,529.8707763028565,1056.9869394871407,1057.0004451045409,1057.0004451045409,1057.2065110791132,,,,,1058.0017281069472
5294,524.5161121793637,528.0364665616088,529.1959965189781,1055.582584093899,1056.3962017317992,1056.3962017317992,1057.6678621587016,,,,,1058.3222643112508
5298,525.038776769289,528.3873853683184,529.5187805582551,1055.9846417860158,1056.9869394871407,1056.9869394871407,1057.3619531609268,,,,,1058.4888204400027
5295,524.5213987842058,528.2617360570273,529.1938672346834,1055.4744117515352,1057.6715636190263,1057.6715636190263,1057.8094034006297,,,,,1058.5955481627182
5274,522.7318522351192,526.1122629156099,526.7085130761401,1050.6822493562117,1052.8106585858495,1052.8106585858495,1057.7434245822722,,,,,1058.648346346779
5303,525.2733342151695,529.1242802794269,530.330987988855,1057.4651444085712,1058.152505915209,1058.152505915209,1058.2747917925694,,,,,1058.822902550516
5305,525.4343407481714,529.1959965189781,530.1111968652357,1057.276673831019,1057.8311434578598,1057.8311434578598,1057.9148505044884,,,,,1058.8301851798599
5296,524.5852644139708,528.3105344477831,529.2916956499449,1055.7434440876434,1055.9846417860158,1055.9846417860158,1055.988607214879,,,,,1058.888658460884
5297,524.7441290811956,528.3454646152073,529.3008761993285,1055.8164251922153,1056.5182512845233,1056.5182512845233,1058.3730413738806,,,,,1059.5002891329514
5307,525.555803067921,529.3008761993285,530.0169840189035,1057.0402078427724,1057.4651444085712,1057.4651444085712,1058.9372622034264,,,,,1059.6348000716962
5306,525.5115896556156,529.2916956499449,530.4397763159093,1057.6715636190263,1058.593331432805,1058.593331432805,1059.1021463053107,,,,,1059.8582098823026
5286,523.926430093199,527.1644919069679,528.3105344477831,1054.424864261791,1055.168768767214,1055.168768767214,1056.9609056596285,,,,,1060.184750641653
5293,524.4480691473589,527.870215444007,529.1242802794269,1055.4283045717639,1057.694530038774,1057.694530038774,1059.817649251322,,,,,1060.3773443542837
5313,526.181479584801,529.9625316380124,531.1176798454416,1058.9685863363243,1059.4483241452026,1059.7022802166955,1059.7281884234114,,,,,1060.4349202551375
5320,527.1712877880437,530.5297392920494,531.6138556346045,1059.4502104024548,1059.81676579629,1059.817649251322,1059.9359006856444,,,,,1060.7089500512939
5316,526.8895362432853,530.330987988855,531.2732406945064,1059.2753134146487,1059.848330972812,1059.9359006856444,1060.0187550978042,,,,,1060.7813127796114
5315,526.5223731119747,530.1111968652357,531.5144126208367,1059.3250589527956,1059.4502104024548,1059.7281884234114,1060.0434931291911,,,,,1060.9499376741223
5321,527.2784346671937,530.6329102111793,531.1502791850899,1059.249588089892,1059.2958721767893,1059.2958721767893,1060.4265728154794,,,,,1061.029320989961
5314,526.4914711052954,530.0169840189035,531.1421529087754,1059.055600926181,1059.249588089892,1059.249588089892,1060.2360727140326,,,,,1061.1469636244808
5304,525.3637948515457,529.1938672346834,529.9625316380124,1057.0004451045409,1057.276673831019,1057.276673831019,1058.6411930601862,,,,,1061.2093391513208
5309,525.880369338335,529.5736949690954,530.6329102111793,1058.3722931450661,1058.9685863363243,1058.9685863363243,1059.7022802166955,,,,,1061.2605771998387
5323,527.3704154543012,531.1176798454416,532.0444146316102,1059.848330972812,1060.225801622136,1060.225801622136,1060.811985569797,,,,,1061.3435288688554
5325,527.4039661107984,531.1502791850899,532.0705019164249,1060.178961875474,1060.638696816233,1060.811985569797,1061.153274569694,,,,,1061.8045244322693
5310,525.9223158370498,529.5777888235943,530.4840576352933,1057.694530038774,1059.055600926181,1059.055600926181,1061.3676518718898,,,,,1061.879525399956
5292,524.3227093724082,527.8697137134319,528.9526460142437,1055.4109935682359,1055.4283045717639,1055.4283045717639,1055.8640427923438,,,1055.8640427923438,1061.960411879304,1061.960411879304
5301,525.2165054869847,528.6985246892389,529.7427293141656,1056.923895971356,1060.178961875474,1060.178961875474,1060.7194126530499,,,,,1061.9962759517446
5317,526.9391422623171,530.4397763159093,531.3735578077608,1059.2958721767893,1059.3250589527956,1059.3250589527956,1061.5454594927405,,,,,1062.2029738820913
5330,527.8762205920003,531.6138556346045,532.3066745219845,1060.225801622136,1061.2712866711304,1061.3676518718898,1061.5071020971402,,,,,1062.2692374769103
5312,526.094477552336,529.8707763028565,530.5297392920494,1058.152505915209,1058.3722931450661,1058.3722931450661,1061.7091708354333,,,,,1062.273680351162
5319,527.0792119596239,530.4843529497341,531.7128923807038,1059.5772990269318,1060.3398363849858,1060.4265728154794,1061.2924360205363,,,,,1062.2826911032903
5322,527.3665557675697,530.6801035256842,531.9810976621924,1059.81676579629,1060.2840434843395,1060.2840434843395,1061.7845297239962,,,,,1062.6929049885516
5328,527.7210873881864,531.5144126208367,532.3490418735807,1060.5807402898251,1060.7442047086204,1061.153274569694,1061.522921109075,,,,,1062.719397513825
5311,525.9616154034704,529.7427293141656,530.4843529497341,1057.8311434578598,1059.2753134146487,1059.2753134146487,1059.7524573417547,,,,,1062.924252093516
5308,525.8643563436219,529.5187805582551,530.6801035256842,1058.593331432805,1059.5772990269318,1059.7524573417547,1061.5973844238072,,,,,1062.946786547871
5336,528.5025274218043,532.3177504900931,533.1792819384507,1061.7909704169351,1061.8211056935495,1061.8211056935495,1062.5771480510928,,,,,1063.3518269736985
5318,527.0597641118106,530.4840576352933,531.5235388626993,1059.4483241452026,1061.507254699518,1061.507254699518,1061.5676202109382,,,,,1063.3553104186499
5300,525.0882778747987,528.5507541933312,529.5736949690954,1056.3962017317992,1056.923895971356,1056.923895971356,1062.2071677764939,,,,,1063.4090670599362
5327,527.6586149647867,531.3735578077608,532.3177504900931,1060.2840434843395,1060.5807402898251,1060.7194126530499,1062.9227819676998,,,,,1063.462684374943
5333,528.1199791585849,532.0444146316102,532.736988265396,1061.2143084281697,1062.1324942527622,1062.1324942527622,1062.8089783523283,,,,,1063.473577544389
5337,528.603267224964,532.3489037510599,533.4416391170954,1062.1845285641914,1062.2938134736153,1062.2938134736153,1063.4747524221718,,,,,1064.046770915734
5329,527.8491589434271,531.5235388626993,532.5057270117236,1060.638696816233,1063.0700686092325,1063.0700686092325,1063.1036340474666,,,,,1064.2185129305742
5332,528.0134896758957,531.9810976621924,533.2927038975272,1061.8211056935495,1062.1845285641914,1062.1845285641914,1063.5539777420654,,,,,1064.2285393548236
5339,528.7535952669845,532.5057270117236,533.4817476480197,1062.5702053935167,1063.3159567139983,1063.3159567139983,1063.504665736456,,,,,1064.4626028638916
5338,528.6976800049483,532.3490418735807,533.4002426230138,1062.1324942527622,1062.5702053935167,1062.5702053935167,1063.339828373143,,,,,1064.5471714575842
5340,528.8352237259187,532.5065577036793,533.4772343559262,1062.2938134736153,1063.5722855670356,1063.5722855670356,1063.8156511394818,,,,,1064.7878150985223
5344,529.1264097977984,533.1792819384507,534.2892163507597,1063.5722855670356,1064.3542956129863,1064.3542956129863,1064.5203496809318,,,,,1065.1850557640205
5345,529.258676003456,533.2927038975272,534.5163418668502,1064.9813423630444,1065.1263728248728,1065.1263728248728,1065.201534658812,,,,,1065.8257540245918
5335,528.2823138362012,532.3066745219845,533.5096044941195,1063.3159567139983,1063.3210064188343,1063.3210064188343,1064.2971253818782,,,,,1065.9371679760363
5334,528.1463456296369,532.0705019164249,533.1339383545857,1061.507254699518,1064.261318575652,1064.261318575652,1064.5389586915119,,,,,1066.0343418952586
5359,530.4228357210608,534.4629246370887,535.3499076521027,1065.3162139678743,1065.3668466261672,1065.527987052139,1065.6138845594785,,,,,1066.1675712574506
5341,528.8929618120503,532.736988265396,533.6688054445488,1063.3210064188343,1063.6183532327736,1063.6183532327736,1063.904823284312,,,,,1066.226637650265
5351,530.0760643392526,533.5096044941195,534.4162135540157,1064.3542956129863,1064.5684596786234,1064.5684596786234,1065.527987052139,,,,,1066.3061169050607
5346,529.4595401876603,533.4002426230138,534.3925969228762,1064.266007838072,1064.9813423630444,1064.9813423630444,1065.6163487328054,,,,,1066.362227464195
5343,529.0871921975536,533.1339383545857,534.1834231633709,1063.515567611471,1065.0078191655462,1065.0078191655462,1065.9074615787304,,,,,1066.55993745035
5324,527.3867186600008,531.1421529087754,532.3489037510599,1060.3398363849858,1061.2143084281697,1061.2924360205363,1061.6346646749432,,,1061.6346646749432,1066.8268989681806,1066.8268989681806
5331,527.9950412884582,531.7128923807038,532.5065577036793,1060.7442047086204,1063.515567611471,1063.515567611471,1066.2749033003172,,,,,1066.8655207603313
5342,528.9352621369346,532.7398794110151,533.4902433582237,1063.0700686092325,1064.266007838072,1064.266007838072,1065.8299150130877,,,,,1066.8745211802031
5348,529.7809736696386,533.4772343559262,534.3131082209261,1063.6183532327736,1065.3934819174765,1065.6138845594785,1065.9747906824794,,,,,1066.9889720528633
5349,529.9813082817668,533.4817476480197,534.5436037066396,1065.0078191655462,1066.3800457768525,1066.3800457768525,1066.5623236874624,,,,,1067.0985874359105
5356,530.3279039749954,534.3469132588133,535.1998579158889,1065.1859359001146,1065.4936428896146,1065.6350922787262,1066.6274414217673,,,,,1067.3185578274197
5352,530.1215974952341,533.6688054445488,534.863112790515,1065.1263728248728,1065.1859359001146,1065.1859359001146,1066.6502946935639,,,,,1067.5419446904061
5353,530.2417281833045,534.1834231633709,535.4808230764934,1065.4426884656377,1066.1935321352198,1066.1935321352198,1067.1930993443198,,,,,1067.7750295937944
5347,529.6103084436114,533.4416391170954,534.4629246370887,1064.5684596786234,1065.1703310824334,1065.1703310824334,1065.6350922787262,,,,,1067.9323355728595
5358,530.3709649277342,534.4162135540157,535.4389960499839,1065.3934819174765,1065.7165793671809,1065.8299150130877,1066.6978745185152,,,,,1068.0120965381732
5355,530.30438286578,534.3131082209261,535.4231428999867,1065.3668466261672,1066.927701446151,1066.927701446151,1067.1801143610119,,,,,1068.1915927141638
5350,530.0055219512757,533.4902433582237,534.3469132588133,1064.261318575652,1065.4426884656377,1065.6163487328054,1068.1488199404575,,,,,1068.6603688694706
5371,531.8171000016692,535.775684217151,536.6213161652861,1067.5668994748671,1067.6070960392326,1067.6070960392326,1068.27951925101,,,,,1068.8417172592394
5361,530.8350480358275,534.5436037066396,535.6951423444275,1065.7165793671809,1066.6064815599366,1066.6064815599366,1067.9682912713943,,,,,1069.0012687757621
5367,531.4807717675789,535.4389960499839,536.5960140016603,1067.5077959528962,1068.0731439737622,1068.1488199404575,1068.2381085446152,,,,,1069.0866035348906
5368,531.4898584522521,535.4808230764934,536.506795792242,1067.2503558837368,1067.5077959528962,1067.5077959528962,1068.2027271038637,,,,,1069.220171600188
5373,532.5848964627198,536.2163641720887,537.1234144844977,1068.3857374468384,1068.4214687432504,1068.4214687432504,1068.6175854796086,,,,,1069.2955208983087
5364,531.047554582065,535.1998579158889,536.2556788281533,1066.6064815599366,1066.7719052710106,1066.7719052710106,1068.8665280056057,,,,,1069.5448345698258
5363,531.0054486431067,535.0668081059634,536.3292601976389,1066.927701446151,1067.2503558837368,1067.2503558837368,1068.2792312562372,,,,,1069.6469891057245
5357,530.3589881571039,534.3925969228762,535.6749627656836,1065.4936428896146,1065.8406590160225,1065.9074615787304,1068.4855267625,,,,,1069.6576756534455
5326,527.4392472812718,531.2732406945064,532.7398794110151,1061.2712866711304,1061.7909704169351,1061.7909704169351,1063.3128709883085,,,1063.3128709883085,1069.8723210956562,1069.8723210956562
5360,530.6137558539408,534.5163418668502,535.775684217151,1065.8406590160225,1067.6835966661,1067.9682912713943,1069.4417005337818,,,,,1070.0865098445208
5365,531.1349210547282,535.3499076521027,536.2163641720887,1066.3800457768525,1068.3857374468384,1068.3857374468384,1069.7116621515147,,,,,1070.373921491626
5354,530.2764023718374,534.2892163507597,535.0668081059634,1065.1703310824334,1065.3162139678743,1065.3162139678743,1066.4568266631422,,,1066.4568266631422,1070.684457916056,1070.684457916056
5376,533.1387377859611,536.3292601976389,537.4092716272108,1069.6259649648814,1069.6715736918118,1069.6715736918118,1070.2524810540608,,,,,1071.2950892719007
5372,532.4209881755469,535.8893446894367,536.6744417116166,1067.6070960392326,1069.2290959854279,1069.2290959854279,1070.7419351934038,,,,,1071.547525901779
5370,531.556919756672,535.6951423444275,537.1883242447983,1068.4214687432504,1068.8317314974358,1068.8317314974358,1069.5130396333877,,,,,1071.565768614658
5379,533.4192591213513,536.6213161652861,537.2363322198379,1068.8317314974358,1069.7913218553406,1069.7913218553406,1070.4612486593421,,,,,1071.9323476861018
5385,534.2053920057956,537.2363322198379,538.0196694216972,1070.5238746377704,1070.6351935748025,1070.6351935748025,1071.4041101739047,,,,,1072.0491064426822
5377,533.2909459411219,536.506795792242,537.5786849823555,1070.1529603065615,1070.6181120380093,1070.6181120380093,1071.2840865679416,,,,,1072.1052086796694
5380,533.4850728723696,536.6744417116166,537.5387021971076,1069.6715736918118,1070.5471922406894,1070.5471922406894,1070.9873665213427,,,,,1072.1271465751704
5374,532.7044509616633,536.2556788281533,537.1101622830328,1068.0731439737622,1070.4863856916677,1070.4863856916677,1071.4365042100214,,,,,1072.239934106928
5390,534.7461064814394,537.5786849823555,538.3561345347703,1071.140604242064,1071.3180139574433,1071.3180139574433,1071.7087488550292,,,,,1072.26771847291
5378,533.3909053194193,536.5960140016603,537.5425990469603,1069.7913218553406,1070.1529603065615,1070.1529603065615,1071.6062028321567,,,,,1072.3806539181678
5383,533.8323630351817,537.1234144844977,538.2359824210375,1070.6914455327108,1071.140604242064,1071.140604242064,1071.150552936034,,,,,1072.423666349202
5362,530.8542937891013,534.863112790515,535.8893446894367,1066.1935321352198,1070.5238746377704,1070.5238746377704,1071.909754946388,,,,,1072.4679832049158
5382,533.7331152509832,537.1101622830328,538.3469268171544,1070.8799109809127,1071.786484222242,1071.786484222242,1071.8902917768878,,,,,1072.6922240177685
5375,532.7834340943116,536.3145289381838,537.2519348885595,1069.2290959854279,1070.8799109809127,1070.8799109809127,1072.6244679855424,,,,,1073.3099503940302
5386,534.4071189892112,537.2519348885595,538.0959191727413,1070.6181120380093,1070.6914455327108,1070.6914455327108,1072.400811253575,,,,,1073.6224350204814
5398,535.5656483642407,538.3561345347703,539.104846351313,1072.7558367293616,1073.1165594443041,1073.1165594443041,1073.2611409997528,,,,,1074.0560709380989
5369,531.5268810433137,535.6749627656836,536.6852384535799,1067.6835966661,1069.6259649648814,1069.6259649648814,1070.3502980649978,,,,,1074.56442554893
5388,534.5583715652922,537.5387021971076,538.6255510629583,1071.3180139574433,1072.7095079318858,1072.7095079318858,1073.7296755316713,,,,,1074.7247193806315
5393,535.1123245521158,538.0408213543888,539.004575278517,1072.7095079318858,1072.7558367293616,1072.7558367293616,1073.8888902605372,,,,,1075.063610464114
5381,533.4888139433515,536.6852384535799,537.9703373941218,1070.4863856916677,1073.6077606806066,1073.6077606806066,1074.277931513495,,,,,1075.4277477609994
5366,531.3966660729728,535.4231428999867,536.3145289381838,1066.7719052710106,1067.5668994748671,1067.5668994748671,1070.0783871544918,,,1070.0783871544918,1075.6255381196404,1075.6255381196404
5387,534.4822371772367,537.4092716272108,538.1730679218862,1070.6351935748025,1072.7053018358906,1072.7053018358906,1074.9995168232508,,,,,1075.8063215076893
5391,534.767494844137,537.9703373941218,538.822262295363,1072.6902853416025,1075.0638911166125,1075.0638911166125,1075.3377598442553,,,,,1076.0564299788093
5408,537.1365169633392,539.4535645767819,540.40674939751,1075.6838879258949,1075.7577809139455,1075.7577809139455,1075.7894568561476,,,,,1076.341920806484
5403,535.8637154230294,539.004575278517,540.1771619079896,1075.2526480630638,1075.3514891670497,1075.3514891670497,1075.6001012400236,,,,,1076.423411272483
5399,535.616198518189,538.6255510629583,539.8509470511683,1075.0638911166125,1075.6838879258949,1075.6838879258949,1075.8171506952674,,,,,1076.5566114611458
5397,535.5198261081044,538.3469268171544,539.3144714359854,1073.209472890653,1074.9207756720004,1074.9207756720004,1075.7174124088497,,,,,1076.5823786585602
5404,536.1595211311709,539.104846351313,539.8746513866813,1075.0926089826312,1075.243857219134,1075.243857219134,1076.0539692930995,,,,,1076.640018384705
5405,536.5139224436184,539.1413950272236,539.8136822926502,1074.0544216697506,1075.8935130572688,1075.8935130572688,1076.0173984594069,,,,,1077.020146273717
5384,534.1011186999594,537.1883242447983,538.0408213543888,1070.5471922406894,1074.0544216697506,1074.0544216697506,1075.1604274425333,,,,,1077.2096178462864
5406,536.9906638414891,539.2544989704725,540.3106226522109,1075.3514891670497,1075.7173673960353,1075.7173673960353,1075.9792045946624,,,,,1077.2570105859463
5392,534.8064954498625,538.0196694216972,539.2544989704725,1073.1165594443041,1073.824429761352,1073.824429761352,1075.3057681841833,,,,,1077.2726337871816
5396,535.4127939765684,538.2359824210375,539.1413950272236,1072.9688715002123,1073.209472890653,1073.209472890653,1077.0835983942652,,,,,1077.6299617124464
5395,535.3796466373309,538.1730679218862,538.9757176250554,1072.7053018358906,1072.9688715002123,1072.9688715002123,1073.3854122203502,,,1073.3854122203502,1078.5987275393338,1078.5987275393338
5389,534.731493020376,537.5425990469603,538.7662706655905,1071.786484222242,1072.6902853416025,1072.6902853416025,1073.81691783672,,,1073.81691783672,1078.6272155306297,1078.6272155306297
5409,537.2641964542869,539.6592599208377,540.7119683285545,1075.8935130572688,1076.4151372620195,1076.4151372620195,1078.2026632418244,,,,,1078.7610068466468
5401,535.6996600028959,538.822262295363,539.8483640038768,1074.9207756720004,1075.2526480630638,1075.2526480630638,1076.8007327245837,,,,,1078.8942994555402
5414,537.6082800657128,539.8783206767158,540.6641483377923,1075.7577809139455,1077.7252618081568,1077.7252618081568,1078.1594181616567,,,,,1079.1087987025007
5410,537.2816660971093,539.8136822926502,540.9139790185833,1077.3721848427479,1077.7729988331876,1077.7729988331876,1078.3554600071686,,,,,1079.1825142100054
5400,535.6231698822955,538.7662706655905,539.8783206767158,1075.243857219134,1078.1409910966222,1078.1409910966222,1078.6012391734869,,,,,1079.612252440981
5413,537.585808348397,539.8746513866813,540.7889875155888,1076.4151372620195,1077.862744704987,1077.862744704987,1078.173821876005,,,,,1079.7529101452924
5407,537.0217511496758,539.3144714359854,540.4125428721779,1075.7173673960353,1077.3721848427479,1077.3721848427479,1078.7691889167959,,,,,1080.1089531002042
5402,535.7689654604551,538.9757176250554,539.6592599208377,1073.824429761352,1075.0926089826312,1075.0926089826312,1076.78168114516,,,1076.78168114516,1080.3145564308431,1080.3145564308431
5394,535.25620287938,538.0959191727413,539.4535645767819,1073.6077606806066,1078.31800038839,1078.31800038839,1079.9430370957127,,,,,1080.789336528927
5412,537.5296914449017,539.8509470511683,541.0562710804587,1077.7729988331876,1078.4657434967305,1078.4657434967305,1080.326021406543,,,,,1080.8503766942338
5422,538.2885254253679,540.9139790185833,541.9136297616429,1080.5347758133478,1080.9571457424365,1080.9571457424365,1081.0326745494742,,,,,1081.6031859359541
5418,538.174954017638,540.4125428721779,541.6005848898844,1080.3949248897186,1080.5868537723102,1080.5868537723102,1081.0031657833583,,,,,1081.6650981566909
5415,537.6087716174428,540.1771619079896,541.1565136762097,1077.862744704987,1080.8461883590112,1080.8461883590112,1081.539821441016,,,,,1082.5529008795434
5416,537.7780201163856,540.3106226522109,540.9806700324202,1077.7252618081568,1080.4321684411264,1080.4321684411264,1081.5778927159215,,,,,1082.5755073445346
5427,538.9589600012755,541.2971275923585,542.2146050829664,1081.0047335886604,1081.3758110185972,1081.3758110185972,1082.041295884722,,,,,1082.803447763014
5429,538.9684004734556,541.6001139271648,542.7316086109957,1081.9667441234992,1082.3292578746998,1082.3292578746998,1082.524145956857,,,,,1083.4972838464282
5431,539.061948883581,541.660302285925,542.854931314298,1082.4496880878307,1082.6992088718393,1082.6992088718393,1083.2554870121974,,,,,1083.8337931610417
5421,538.2297759860147,540.7889875155888,541.4681224792022,1078.4657434967305,1080.3949248897186,1080.3949248897186,1082.7321378509948,,,,,1084.0592690951544
5424,538.822045515264,541.0562710804587,542.130792563581,1080.9571457424365,1081.0047335886604,1081.0047335886604,1083.208169734544,,,,,1084.0764725699576
5417,537.8310025511232,540.40674939751,541.2971275923585,1078.31800038839,1080.222317729838,1080.222317729838,1082.129222709754,,,,,1084.0862951996708
5435,539.3498974555079,542.130792563581,542.8167826284497,1082.3292578746998,1082.4496880878307,1082.4496880878307,1083.407537477898,,,,,1084.440266107232
5411,537.4061429334619,539.8483640038768,541.1802169780249,1078.1409910966222,1080.5347758133478,1080.5347758133478,1082.9566154591585,,,,,1085.0020784249334
5430,539.0467557580109,541.6005848898844,542.6044994579083,1081.742174701088,1083.0160035361998,1083.0160035361998,1083.944171974882,,,,,1085.0309487253094
5423,538.4608506976917,540.9806700324202,542.0258413593847,1080.5868537723102,1083.0840946909336,1083.0840946909336,1084.2840848400067,,,,,1085.0511668325182
5433,539.1895008599295,542.0258413593847,543.0776327014778,1083.0840946909336,1083.7122037113156,1083.7122037113156,1084.4824245035695,,,,,1085.0627153657726
5419,538.2086689721942,540.6641483377923,541.6001139271648,1080.222317729838,1081.4793474601477,1081.4793474601477,1083.3673419868787,,,,,1085.631962612708
5426,538.9520512220294,541.1802169780249,542.5214317616492,1081.4793474601477,1084.1307747431767,1084.1307747431767,1085.0712566055834,,,,,1085.7873774080733
5437,539.5659554708236,542.3145947073942,543.491386486898,1083.4192187243443,1083.8552590272361,1083.8552590272361,1084.7231357805636,,,,,1086.005989822964
5428,538.9646719135234,541.4681224792022,542.3145947073942,1081.3758110185972,1081.742174701088,1081.742174701088,1084.8871958081997,,,,,1086.0655592626413
5436,539.548440964465,542.2146050829664,543.1073687527677,1083.2739027545945,1084.135891297229,1084.135891297229,1084.6394628854187,,,,,1086.23082839364
5432,539.0999119284733,541.9136297616429,543.0295608972573,1083.0160035361998,1083.4192187243443,1083.4192187243443,1085.0617264609025,,,,,1086.390366347621
5425,538.8712737964597,541.1565136762097,542.0904666909154,1080.8461883590112,1081.9667441234992,1081.9667441234992,1082.6489296437442,,,,,1086.515982811684
5434,539.288813271044,542.0904666909154,543.021671608256,1082.6992088718393,1085.3591178042611,1085.3591178042611,1085.4700878557733,,,,,1086.6337744289972
5448,540.8293756326813,543.5435034481466,545.0050027404675,1086.0403338140388,1086.1103457338404,1086.1103457338404,1086.1206906777516,,,,,1086.8837195114431
5439,539.8144834493402,542.6044994579083,543.6988478707668,1083.8552590272361,1084.4874832713776,1084.4874832713776,1086.1596011059512,,,,,1087.0149380971363
5445,540.7029597169377,543.0776327014778,543.9045304080257,1084.135891297229,1084.6962005647767,1084.6962005647767,1086.286594394546,,,,,1087.0433568319515
5449,540.8484695586397,543.6988478707668,544.8391259502017,1085.585487765127,1086.0403338140388,1086.0403338140388,1086.639204769439,,,,,1087.4978536425335
5443,540.2515435336268,543.021671608256,544.3129661682615,1085.4553754646586,1085.585487765127,1085.585487765127,1086.7598135382036,,,,,1087.6570615976116
5420,538.2195057718052,540.7119683285545,541.660302285925,1080.4321684411264,1083.2739027545945,1083.2739027545945,1083.6065317334653,,,1083.6065317334653,1088.1420312223652,1088.1420312223652
5446,540.8066292770235,543.1073687527677,543.9018351001732,1084.1307747431767,1086.2878048762714,1086.2878048762714,1086.913176840372,,,,,1088.185032436871
5447,540.8202618117556,543.491386486898,544.5055370548823,1085.5854221242682,1087.2755115336927,1087.2755115336927,1087.3531599151513,,,,,1088.2883606428568
5451,540.9742583620028,543.9018351001732,544.9085812843489,1085.8492079641014,1086.2064292965592,1086.2064292965592,1087.0075361137312,,,,,1088.3205785249195
5444,540.6393641768483,543.0295608972573,544.1396763708219,1085.3591178042611,1085.5854221242682,1085.5854221242682,1086.9042756966164,,,,,1088.493143540402
5453,541.1254643717718,543.9457086705133,545.2997627383257,1086.6108454029093,1087.30410933111,1087.30410933111,1087.3738142445163,,,,,1088.673154889153
5440,539.9838781997518,542.7316086109957,543.9457086705133,1084.4874832713776,1085.4553754646586,1085.4553754646586,1088.0031898442817,,,,,1088.6893508571204
5455,541.272685071949,544.1396763708219,545.0683068676354,1086.2064292965592,1087.3379536478,1087.3738142445163,1087.9201853005382,,,,,1088.8364457192874
5459,542.1564125904601,544.9085812843489,545.7566576110917,1087.3310181304123,1087.4714349919225,1087.9201853005382,1088.3428589795874,,,,,1089.0253800515113
5462,542.3186543058775,545.0683068676354,545.6971098713364,1087.30410933111,1087.3310181304123,1087.3531599151513,1088.5416496479552,,,,,1089.067722176589
5454,541.2237066228979,544.0471954219464,545.1184819172526,1086.2878048762714,1087.1070842752688,1087.1070842752688,1088.9153004564935,,,,,1089.6447629785393
5441,540.0855567257306,542.8167826284497,544.0471954219464,1084.6962005647767,1085.8492079641014,1085.8492079641014,1088.5581652120682,,,,,1089.6602543651068
5464,542.3743095625578,545.1549361494853,546.4245661379836,1088.7917620912085,1088.8790219574298,1088.8790219574298,1089.1479122909186,,,,,1089.7233963145864
5452,541.00390135721,543.9045304080257,545.1549361494853,1086.3330302067402,1087.040458628786,1087.040458628786,1088.622181807637,,,,,1089.878177387639
5465,542.4363380497797,545.2997627383257,546.2160487728491,1087.3379536478,1088.907695725242,1088.907695725242,1089.160789782267,,,,,1090.3406177675884
5442,540.0873959047817,542.854931314298,543.5435034481466,1083.7122037113156,1084.0049449683381,1084.0049449683381,1084.0257791928484,,,1084.0257791928484,1090.5541481825385,1090.5541481825385
5467,542.4824292787276,545.4009717785237,546.276761562007,1087.4714349919225,1087.6174856698528,1088.1420312223652,1088.220698196084,,,,,1090.6453112725687
5457,541.7233884558067,544.5055370548823,545.5672164690649,1087.2755115336927,1087.5945037703716,1088.0031898442817,1089.9439242783258,,,,,1090.851506157838
5468,542.6151053037046,545.5672164690649,546.7677508865694,1088.907695725242,1089.5272325675326,1089.5272325675326,1090.317653215661,,,,,1090.9801412463257
5470,542.8980084464736,545.7566576110917,546.8001879729715,1089.3014311764186,1089.8542993198307,1089.8542993198307,1090.195277125612,,,,,1091.0615843090338
5438,539.7753255017781,542.5214317616492,543.8373127050291,1084.0049449683381,1086.6108454029093,1086.639204769439,1090.4296756138078,,,,,1091.5225322754202
5479,543.3048316870756,546.7677508865694,547.4856234336165,1090.32362366367,1090.5752744111182,1090.8380618090941,1090.852797763793,,,,,1091.5399096196602
5469,542.8115962389944,545.6971098713364,546.5965834038814,1088.8790219574298,1090.1998834005844,1090.1998834005844,1090.8380618090941,,,,,1091.608225386356
5463,542.342605363355,545.1184819172526,546.3802115107145,1088.264836378668,1090.7682437002663,1090.852797763793,1091.223947631981,,,,,1091.8101643333039
5473,543.0410566065174,546.2971097959446,547.4174975810851,1089.9438457433444,1090.308690098099,1090.317653215661,1091.2413765981103,,,,,1091.9394816084966
5477,543.2190648702517,546.4245661379836,547.4848719467296,1090.308690098099,1091.1220791261087,1091.223947631981,1091.5449466473633,,,,,1092.1544391841608
5480,543.4450879189123,546.8001879729715,548.2268899267845,1091.1220791261087,1091.249318756663,1091.249318756663,1091.29281401882,,,,,1092.2328495608067
5472,543.038713268427,546.276761562007,547.3478870099101,1089.8542993198307,1091.6502973877834,1091.6502973877834,1091.7624654687454,,,,,1092.281395374096
5476,543.1152424420565,546.3802115107145,547.303887755089,1089.5272325675326,1090.3293320434877,1090.5541481825385,1091.2393934703514,,,,,1092.306781728433
5450,540.9257132097666,543.8373127050291,545.0059172675283,1086.1103457338404,1086.3330302067402,1086.3330302067402,1090.9365466755073,,,,,1092.383325748841
5466,542.4524926389286,545.3945857077906,546.3043664719801,1087.6174856698528,1089.3014311764186,1089.3014311764186,1091.4462014689523,,,,,1092.3955719525602
5461,542.2326084596145,545.0059172675283,546.339782109887,1087.805640187758,1088.264836378668,1088.3428589795874,1091.303663538826,,,,,1092.440252751106
5456,541.2761041963307,544.3129661682615,545.4009717785237,1087.1070842752688,1089.9438457433444,1089.9439242783258,1091.5484504986086,,,,,1092.648273281646
5484,544.140305677387,547.4288573313589,548.1267921588918,1090.8569027475005,1091.4960820381289,1091.4960820381289,1091.9064733266282,,,,,1092.6543506852483
5475,543.0727955121174,546.339782109887,547.4288573313589,1090.1998834005844,1090.32362366367,1090.4296756138078,1092.1629424623166,,,,,1092.7216906547285
5483,543.7706627610048,547.4174975810851,548.5417940829964,1091.8711691236251,1091.9577026945412,1091.9577026945412,1091.9662787694547,,,,,1092.8011616158828
5485,544.2865713994463,547.4848719467296,548.4084355975581,1091.5961485580099,1092.018143236258,1092.018143236258,1092.4125356026227,,,,,1092.9159332280162
5487,544.9219895431848,547.5178716782516,548.5121161236939,1091.6502973877834,1091.8711691236251,1091.8711691236251,1092.2463601078236,,,,,1093.0840373486533
5478,543.2597338505667,546.5965834038814,547.6505752769923,1090.7682437002663,1091.5961485580099,1091.5961485580099,1092.11679469783,,,,,1093.3277645297396
5471,542.9220503036352,546.2160487728491,547.5424033536193,1090.5752744111182,1090.8569027475005,1090.9365466755073,1092.9664462664678,,,,,1093.4814463491016
5458,541.8361842024555,544.8391259502017,545.3945857077906,1087.040458628786,1088.7917620912085,1088.7917620912085,1088.9591147282622,,,1088.9591147282622,1094.1052965630731,1094.1052965630731
5460,542.169395320421,545.0050027404675,546.2971097959446,1087.5945037703716,1087.805640187758,1088.220698196084,1088.4492067215983,,,1088.4492067215983,1094.9414234444114,1094.9414234444114
5497,545.7250889027783,548.5417940829964,549.2380004225893,1094.2626915304822,1094.4550715377875,1094.4550715377875,1094.5970903119317,,,,,1095.7354644862012
5481,543.524563085844,547.303887755089,548.3444474431546,1091.249318756663,1091.5366470697559,1091.5366470697559,1095.2865129542413,,,,,1096.160764366782
5474,543.059481290124,546.3043664719801,547.5178716782516,1090.3293320434877,1091.9640875605203,1091.9640875605203,1093.965677382675,,,,,1096.1879901489538
5498,545.7759876723724,548.5738769288669,549.9260419501225,1095.3621445732877,1095.3651239921721,1095.3651239921721,1095.5096365383438,,,,,1096.3814836752688
5496,545.5267852658222,548.5121161236939,549.5382703044335,1094.5261443258407,1095.6221070618722,1095.6221070618722,1095.802487832965,,,,,1096.4178608888535
5494,545.4258814356101,548.4051223622397,549.2928528646885,1094.447039257947,1095.4593256167775,1095.4593256167775,1095.917610854441,,,,,1096.5305810797822
5490,545.274400359548,548.1267921588918,549.092545241033,1092.018143236258,1094.211037260283,1094.211037260283,1095.4306313262152,,,,,1096.6394633662865
5488,544.9347119366792,547.5424033536193,548.4051223622397,1091.5366470697559,1092.5292719066204,1092.5292719066204,1093.8876816339762,,,,,1096.786291858409
5486,544.8203534171186,547.4856234336165,548.5738769288669,1091.9577026945412,1094.2626915304822,1094.2626915304822,1095.8166353749189,,,,,1096.8024428085182
5492,545.4199574182711,548.3444474431546,549.5506511672228,1095.0271675630581,1095.5788091011243,1095.5788091011243,1095.6878839848998,,,,,1096.9180890120622
5489,545.2124652162538,547.6505752769923,548.6206168052785,1091.9640875605203,1094.5261443258407,1094.5261443258407,1096.2593364433712,,,,,1096.9898313946942
5491,545.4006239015852,548.2268899267845,549.1400181964063,1094.211037260283,1095.3621445732877,1095.3621445732877,1096.9418438208334,,,,,1097.467466380728
5499,545.8542159755411,548.6206168052785,549.5344990112175,1094.4550715377875,1095.3450538489642,1095.3450538489642,1095.5520106794634,,,,,1098.137920630177
5495,545.4834071778862,548.4084355975581,549.6437678998078,1095.3450538489642,1095.4197660475213,1095.4197660475213,1096.623222165407,,,,,1098.3651978583364
5493,545.4215613078976,548.390767859108,549.1138296944296,1092.5292719066204,1095.0271675630581,1095.0271675630581,1096.901370025479,,,,,1098.5754124185728
5509,546.574832884551,549.9260419501225,550.8135029869127,1097.6263578387086,1098.0233542819408,1098.0233542819408,1098.2257698267986,,,,,1098.904300689808
5506,546.2930196572368,549.5382703044335,550.5031232781574,1097.181341445283,1097.8358492866257,1097.8358492866257,1098.0397180284592,,,,,1099.0436801841574
5516,547.0978436836411,550.4032336462844,550.9898818609506,1098.0151957341875,1098.8702125717666,1098.8702125717666,1098.8829317070742,,,,,1099.5980184996008
5500,545.8982996148331,549.092545241033,550.4032336462844,1097.1130159378984,1097.6263578387086,1097.6263578387086,1099.10342176991,,,,,1099.641900733867
5501,545.963019167985,549.1138296944296,550.1877736685187,1095.4509579424644,1097.181341445283,1097.181341445283,1099.0733572503384,,,,,1099.6441896394124
5502,546.0124673192807,549.1400181964063,549.9448500499399,1095.3651239921721,1095.4509579424644,1095.4509579424644,1099.1124819821143,,,,,1099.7290347874275
5482,543.7118339508571,547.3478870099101,548.390767859108,1091.4960820381289,1094.447039257947,1094.447039257947,1094.98896751636,,,1094.98896751636,1100.0369738444483,1100.0369738444483
5515,547.0830160052494,550.3076972494804,551.5283377296606,1099.0362733331526,1099.358807336765,1099.358807336765,1099.4765869644862,,,,,1100.1181657582456
5505,546.2828783030918,549.5344990112175,550.2900282591502,1095.5788091011243,1097.2750619468563,1097.2750619468563,1098.8756088338678,,,,,1100.1230441710518
5504,546.2809665514453,549.2928528646885,550.3076972494804,1095.6221070618722,1097.1130159378984,1097.1130159378984,1098.574968726673,,,,,1100.2496414586506
5508,546.4398315378975,549.6437678998078,550.7764726237788,1097.2750619468563,1098.0151957341875,1098.0151957341875,1099.0871053408782,,,,,1100.3754101464622
5525,547.9154383637622,551.1644026404886,551.9915995413435,1099.798796341363,1100.114220415258,1100.114220415258,1100.2721804219807,,,,,1100.8252824665751
5524,547.8947032526657,551.1165107017597,551.740529835572,1099.358807336765,1099.5890734641325,1099.5890734641325,1100.3746636355431,,,,,1101.1075406686518
5507,546.4271806136958,549.5506511672228,550.2716426742145,1095.4593256167775,1097.6633392612555,1097.6633392612555,1100.9368577073221,,,,,1101.5370084192357
5518,547.2138778177994,550.7764726237788,551.3618046492907,1098.9826098592016,1099.239638071656,1099.239638071656,1099.257503913292,,,,,1101.747128673167
5520,547.3664774905035,550.9181897776074,551.6006404084148,1099.239638071656,1100.544704322596,1100.544704322596,1101.057970096807,,,,,1101.9371735955424
5519,547.2733303343867,550.8135029869127,551.9392676190862,1099.5890734641325,1100.9292858841734,1101.0171253226797,1101.4362545943784,,,,,1101.9473944465192
5512,546.6659083212851,550.1877736685187,550.9584831631437,1097.8358492866257,1099.0362733331526,1099.0362733331526,1099.2715126550097,,,,,1101.992627526789
5510,546.5946293717252,549.9448500499399,551.0599659018272,1098.0233542819408,1099.542574748813,1099.542574748813,1101.5968252304126,,,,,1102.229148733659
5530,548.6235874840542,551.7411864037452,552.7969985640967,1100.8551075712335,1100.8626044110406,1100.9368577073221,1101.8031873497541,,,,,1102.3457419185704
5522,547.555633805258,550.9898818609506,552.1908835984053,1100.4263967980594,1100.5200716751829,1100.5200716751829,1100.7171916540187,,,,,1102.444663863918
5511,546.6113339778342,550.1065754797418,551.1165107017597,1098.8557213174354,1099.6061671893076,1099.6061671893076,1101.9310426476075,,,,,1102.484694152
5526,547.9343980827176,551.3618046492907,552.1379076772328,1100.114220415258,1101.3491057122817,1101.8031873497541,1101.9324452525827,,,,,1102.5009930418546
5533,548.7500993005787,551.9915995413435,553.1219535240253,1100.966573635304,1101.2016102458006,1101.4362545943784,1101.7596125096393,,,,,1102.751527348123
5531,548.692967970542,551.9392676190862,553.2490333590316,1101.203355543691,1101.5173395217723,1101.9324452525827,1102.0649828291967,,,,,1102.836388460922
5521,547.4133140102412,550.9584831631437,551.9888468940027,1099.6061671893076,1099.798796341363,1099.798796341363,1102.52679717499,,,,,1103.0839768404562
5539,549.6942737776702,552.7969985640967,553.3427782749505,1101.3724739776026,1101.6316405136379,1102.0649828291967,1102.5793329222406,,,,,1103.2929548777106
5540,549.7087814572359,552.9174003491488,553.8005164084061,1101.9888888978085,1102.0752166368661,1102.8823808203454,1102.9056392647203,,,,,1103.4854781769536
5529,548.4369981696943,551.740529835572,552.6930340161545,1100.6211691871263,1100.966573635304,1101.057970096807,1102.8823808203454,,,,,1103.6323990432306
5536,549.2428977179934,552.5295154081491,553.7287666629394,1101.8420273609463,1102.184426538742,1103.06177558501,1103.0686241987853,,,,,1103.7408413446408
5503,546.0154698745125,549.2380004225893,550.1065754797418,1095.4197660475213,1100.8551075712335,1100.8551075712335,1102.8955196155023,,,,,1103.8236275275374
5537,549.4217056983451,552.5985649352187,553.4380772343803,1101.5173395217723,1101.8420273609463,1102.52679717499,1103.0963141427674,,,,,1103.9156285301103
5534,549.1229497699169,552.1379076772328,553.3024404892672,1101.3491057122817,1102.156980884808,1102.8955196155023,1103.06177558501,,,,,1104.008598813496
5541,549.7644044842723,552.956737809007,553.9162503102697,1102.156980884808,1102.6095069339167,1103.0963141427674,1103.4408745700155,,,,,1104.1528266081975
5542,550.0017742744614,553.1219535240253,553.9000860625262,1102.0752166368661,1102.3866493877833,1103.0686241987853,1103.8499616153656,,,,,1104.410958729339
5527,548.1666139734157,551.5283377296606,552.5985649352187,1100.544704322596,1100.6211691871263,1100.6211691871263,1103.9205330651585,,,,,1104.4212049399396
5543,550.0207566084939,553.1896766353228,554.1045266957868,1102.1745984682536,1102.8445815289188,1103.889760556918,1104.020691215839,,,,,1104.5926447366207
5535,549.1714860411645,552.1908835984053,553.1896766353228,1101.2016102458006,1101.203355543691,1101.5968252304126,1104.0430228255384,,,,,1104.8260447445616
5538,549.6914517043264,552.6930340161545,553.5140164382613,1101.6316405136379,1102.699159251565,1103.4408745700155,1103.889760556918,,,,,1105.0200329285612
5523,547.6477657230242,551.0599659018272,552.5295154081491,1100.5200716751829,1101.3724739776026,1101.9310426476075,1104.3619779640212,,,,,1105.072733207817
5548,550.3228166869734,553.5140164382613,554.8535388650431,1103.1022526412282,1103.5830086400842,1104.2222430200984,1104.4676366950353,,,,,1105.084224409543
5546,550.1987063952232,553.3427782749505,554.5787390589811,1102.699159251565,1102.7909729635699,1103.8499616153656,1104.49302442962,,,,,1105.205657387269
5532,548.743361910778,551.9888468940027,552.956737809007,1100.9292858841734,1102.1745984682536,1102.9056392647203,1104.2222430200984,,,,,1105.6367538546342
5544,550.0994440740449,553.2490333590316,554.1049678634294,1102.184426538742,1103.1022526412282,1103.9205330651585,1105.1287977958941,,,,,1105.679255504034
5517,547.2079501009024,550.5031232781574,551.7411864037452,1099.542574748813,1100.4263967980594,1100.4263967980594,1104.3295771195346,,,,,1105.7021899228614
5555,550.8685421946568,554.1421037270242,555.266166988915,1103.659499105766,1103.8212432542807,1104.3619779640212,1104.3963987844534,,,,,1105.8757297241132
5545,550.1341675383752,553.3024404892672,554.1421037270242,1102.3866493877833,1103.191992458931,1104.020691215839,1105.4542006002632,,,,,1106.0023537704533
5514,547.0448841386559,550.2900282591502,550.9181897776074,1097.6633392612555,1098.8557213174354,1098.8557213174354,1101.0171253226797,,,1101.3059266096814,1106.120992491626,1106.120992491626
5554,550.678676124167,554.1049678634294,555.1544571205889,1103.5830086400842,1104.5931889846347,1104.5931889846347,1105.4767922654344,,,,,1106.1815812745706
5528,548.1873353301511,551.6006404084148,552.9174003491488,1100.8626044110406,1101.9888888978085,1102.5793329222406,1104.7148603610835,,,,,1106.3963605290253
5547,550.2033757561127,553.4380772343803,554.4453748023205,1102.6095069339167,1104.975492464726,1105.1287977958941,1105.6329194084117,,,,,1106.6041699276682
5513,546.9129348081702,550.2716426742145,551.1644026404886,1098.8702125717666,1098.9826098592016,1098.9826098592016,1101.3059266096814,,,1101.7596125096393,1106.6625005086546,1106.6625005086546
5557,550.9366131637798,554.5787390589811,555.5185601100301,1103.8212432542807,1104.9033524566316,1104.9033524566316,1105.7546121328428,,,,,1106.764938167141
5559,551.0292661833972,554.7814772687572,555.5574560185732,1104.4475502620382,1105.9177953368098,1105.9177953368098,1106.3091271797216,,,,,1107.1745480436327
5552,550.5974111837925,553.9162503102697,554.7814772687572,1102.8445815289188,1104.4475502620382,1104.4676366950353,1106.5098022162751,,,,,1107.3879357942624
5553,550.6299824807777,554.1045266957868,554.9801089172298,1103.191992458931,1103.659499105766,1104.3295771195346,1106.6062885098866,,,,,1108.0344055157677
5565,551.7004493916387,555.266166988915,556.0803504827161,1105.9177953368098,1106.9925963844848,1106.9925963844848,1107.4144733400574,,,,,1108.3227914442143
5563,551.408579507692,555.1544571205889,556.3474071551015,1106.9505618932988,1106.9778742952703,1106.9778742952703,1107.1562257421936,,,,,1108.4503066653724
5558,551.0124778147219,554.738230185042,556.0566739980512,1105.4820905534177,1106.3071078138112,1106.3071078138112,1107.8656585560593,,,,,1108.7819008762854
5551,550.5281193281672,553.9000860625262,554.738230185042,1102.7909729635699,1103.2698514221893,1104.0430228255384,1104.249553156977,,,1104.3963987844534,1109.2920142536746,1109.2920142536746
5569,552.0011974693545,555.662165887793,556.5509577759669,1106.9925963844848,1108.8666532320283,1108.8666532320283,1108.9891922835047,,,,,1109.5260452415441
5549,550.5153803262759,553.7287666629394,555.0322827732766,1103.2698514221893,1103.6195732957137,1104.249553156977,1108.9347386846928,,,,,1109.725658281777
5571,552.1285505372322,556.0566739980512,556.9386847056184,1108.8666532320283,1109.1702828619575,1109.1702828619575,1109.3668015847875,,,,,1110.0048521633714
5572,552.1582490709686,556.0803504827161,556.9181639699026,1108.8068952105116,1108.9603008665697,1108.9603008665697,1109.0904839023694,,,,,1110.0265796820518
5556,550.8987643902668,554.4453748023205,555.662165887793,1104.9033524566316,1106.9505618932988,1106.9505618932988,1109.5483613107679,,,,,1110.201951097922
5566,551.9629520832126,555.5185601100301,556.5809721625111,1107.1420758790728,1108.8720286664084,1108.8720286664084,1109.641901713745,,,,,1110.2702160021092
5550,550.5210498049986,553.8005164084061,555.1642733515722,1103.6195732957137,1107.1420758790728,1107.1420758790728,1108.8097907718231,,,,,1110.4120761329434
5561,551.3281278040092,554.9801089172298,555.6456216411121,1104.5931889846347,1105.4820905534177,1105.4820905534177,1107.1714666017297,,,,,1110.4829052047003
5562,551.332377306541,555.0322827732766,556.2524119624242,1106.3071078138112,1107.8463355938409,1107.8463355938409,1109.22529016157,,,,,1110.5055854909401
5574,552.3142893897631,556.3474071551015,557.5617095234688,1109.1702828619575,1109.8571717947018,1109.8571717947018,1110.349907872137,,,,,1110.9367796457311
5581,552.7059263630409,556.9386847056184,557.6752747730756,1109.8571717947018,1110.3426879060517,1110.3426879060517,1110.375830633236,,,,,1111.032567078228
5560,551.3028373253624,554.8535388650431,555.7088461077395,1104.975492464726,1108.8068952105116,1108.8068952105116,1108.862470548927,,,,,1111.3360018959345
5570,552.0767867132969,555.7088461077395,557.0207474162542,1108.8720286664084,1109.839133419926,1109.839133419926,1111.03248484654,,,,,1111.6034785457095
5568,551.9871569029443,555.6456216411121,556.6386522347765,1108.3318511753778,1109.9352993740963,1109.9352993740963,1110.6498646021703,,,,,1111.9464913209772
5582,552.7311474441979,557.0207474162542,558.0829790338942,1111.0036329118618,1111.272181135131,1111.272181135131,1111.5013927303341,,,,,1112.18431315721
5564,551.6417296621378,555.1642733515722,556.51085451452,1106.9778742952703,1110.125659394214,1110.125659394214,1111.5019222818983,,,,,1112.4693229460565
5567,551.9716630794205,555.5574560185732,556.5992396762573,1107.8463355938409,1108.3318511753778,1108.3318511753778,1112.2394680551831,,,,,1112.8560503886147
5578,552.6256765421614,556.5992396762573,557.8240967401772,1110.3426879060517,1110.957196247844,1110.957196247844,1112.3640102235245,,,,,1113.1828224614278
5575,552.5426329691388,556.51085451452,557.6834848385349,1109.9352993740963,1111.2812415780747,1111.2812415780747,1112.5661013100178,,,,,1113.3778099103433
5586,553.3894399525445,557.6752747730756,558.5250436461793,1112.5825842770414,1113.0004749442542,1113.0004749442542,1113.0103822839533,,,,,1113.9113244217071
5573,552.2207913805541,556.2524119624242,557.0732470938609,1108.9603008665697,1112.5825842770414,1112.5825842770414,1113.7250549606404,,,,,1114.6106907885367
5583,553.015369476877,557.0732470938609,558.1469200393851,1111.272181135131,1112.9525836695598,1112.9525836695598,1114.5820728286421,,,,,1115.2024766961051
5588,553.6946836762969,557.7579013947371,558.7267586355341,1112.9525836695598,1113.9478871087672,1113.9478871087672,1114.1896770794053,,,,,1115.4309135955425
5579,552.6297953180892,556.6386522347765,557.7579013947371,1110.125659394214,1114.1891337041507,1114.1891337041507,1114.7612272633255,,,,,1115.4904059021655
5580,552.6887821277923,556.9181639699026,558.2282536415869,1111.2812415780747,1113.2382816128895,1113.2382816128895,1114.4521551883952,,,,,1115.5318843945897
5576,552.5581006422157,556.5509577759669,557.9567015988473,1110.957196247844,1112.5458818963243,1112.5458818963243,1115.1417555737517,,,,,1115.7148876041404
5587,553.6001557994308,557.6834848385349,558.8417703531558,1113.0463447532318,1114.039278330546,1114.039278330546,1114.419496820165,,,,,1116.0142949729764
5593,554.5129136829736,558.2282536415869,558.8666620041018,1113.2382816128895,1114.065742880854,1114.065742880854,1115.535411303562,,,,,1116.0781809105167
5577,552.6081662616409,556.5809721625111,557.6693362037572,1109.839133419926,1111.0036329118618,1111.0036329118618,1114.8551130196415,,,,,1116.3348247398337
5590,553.8425074330933,557.9567015988473,559.1457597933497,1114.039278330546,1114.4068805507688,1114.4068805507688,1115.437600474523,,,,,1116.5716574027995
5605,555.4397004536728,559.4498054215983,560.3636135073159,1115.8612805111018,1116.022629918709,1116.0302395909841,1116.115588029025,,,,,1116.6428933802138
5597,554.8415413313849,558.7749909742377,559.4593647435574,1114.6834656462809,1115.1897016592898,1115.1897016592898,1115.431796073655,,,,,1116.829161594823
5591,554.1116438908845,558.0829790338942,559.1661459627559,1114.065742880854,1114.6834656462809,1114.6834656462809,1115.1805552563967,,,,,1116.896304449839
5585,553.0479262975657,557.6693362037572,558.7749909742377,1113.0004749442542,1113.0463447532318,1113.0463447532318,1116.3639163209107,,,,,1117.2114784480766
5601,555.1367471901738,559.1457597933497,560.2540303920753,1115.59521198521,1115.8612805111018,1115.8612805111018,1116.0302395909841,,,,,1117.4284548962974
5609,555.7230090901234,559.9299322589252,560.695427123987,1116.147748017482,1116.1881441170142,1116.4530861480382,1116.7630825626145,,,,,1117.5152872775413
5584,553.0292800104073,557.5617095234688,558.364613789001,1112.5458818963243,1115.69963872807,1115.69963872807,1117.1642585361487,,,,,1117.6939210666333
5599,555.0125699346951,558.8666620041018,559.4498054215983,1114.6344482661643,1115.5628588760762,1115.5628588760762,1116.4345451261408,,,,,1117.8481334601126
5614,556.1480533726542,560.3636135073159,561.540504433723,1116.4901977742095,1116.964124881722,1117.3481735539924,1117.3654987281852,,,,,1117.929489121552
5596,554.835697800623,558.7267586355341,559.9299322589252,1115.3901207854913,1115.7758561026099,1115.7758561026099,1117.4229601921788,,,,,1118.0339584860697
5595,554.7343052128268,558.5250436461793,559.5676851506175,1114.8456076616737,1115.3901207854913,1115.3901207854913,1116.4530861480382,,,,,1118.063053171442
5592,554.1446143641614,558.1469200393851,559.4106667803524,1114.4068805507688,1114.8456076616737,1114.8456076616737,1117.04368445222,,,,,1118.0862354808735
5603,555.3468751576427,559.3667549484412,560.3672530975289,1116.014817146962,1116.0369820796059,1116.115588029025,1116.6276375220868,,,,,1118.1068535643612
5607,555.6013595153331,559.5676851506175,559.9972294067945,1115.5628588760762,1116.014817146962,1116.014817146962,1117.4801338508364,,,,,1118.1121738132458
5589,553.8236944930132,557.8240967401772,559.1176502579841,1113.9478871087672,1114.6344482661643,1114.6344482661643,1116.862866045649,,,,,1118.171059914598
5621,556.5112885068162,561.1492676447402,561.9623650434517,1117.0264074871652,1117.1784834162197,1117.3840062854033,1117.424215433479,,,,,1118.3520154295998
5613,555.991306635353,560.3362537908463,561.4462603074245,1116.4774357503393,1116.4901977742095,1117.1642585361487,1117.8275829814802,,,,,1118.4344472028517
5619,556.3803856365922,560.695427123987,561.886747136033,1116.964124881722,1117.2936499132954,1117.424215433479,1117.865588505757,,,,,1118.444103648351
5594,554.5293005200034,558.364613789001,559.5965198577575,1115.1897016592898,1116.8949472420582,1117.34707912489,1117.3481735539924,,,,,1118.5025560073836
5600,555.0361805314418,559.1176502579841,560.428981567309,1116.0369820796059,1116.147748017482,1116.4345451261408,1117.5487681918428,,,,,1118.552120624825
5602,555.1917716076345,559.1661459627559,560.3362537908463,1115.7758561026099,1116.0399368595108,1116.3639163209107,1117.1665223438702,,,,,1118.6796391543808
5616,556.206251327281,560.3811509248708,561.1456433090178,1116.1881441170142,1117.0264074871652,1117.3654987281852,1118.1502557907395,,,,,1118.721081254889
5608,555.6125193007995,559.5965198577575,560.3109532428074,1115.69963872807,1116.2278851352428,1116.6276375220868,1117.1384254752743,,,,,1118.860470426389
5617,556.3499165977561,560.428981567309,561.4195542676075,1116.3962406325318,1117.6726308954583,1117.6726308954583,1118.3347271286066,,,,,1119.0329959442438
5620,556.4041385372085,561.1456433090178,562.0498874599617,1117.1784834162197,1117.2054439400683,1117.4229601921788,1118.7611610192957,,,,,1119.4895927354698
5606,555.4859537688202,559.4593647435574,560.6885930811393,1116.0399368595108,1116.6090806161383,1117.1665223438702,1117.5626327389705,,,,,1119.537606943578
5604,555.42269375258,559.4106667803524,560.3811509248708,1116.022629918709,1116.3918140277653,1116.862866045649,1118.3415277593965,,,,,1119.6963824451266
5623,556.6118143994217,561.2561841855185,562.1717801870336,1117.2936499132954,1118.7037128463646,1118.7037128463646,1119.2108385676736,,,,,1119.8362499296627
5625,556.8325769075409,561.4462603074245,562.1257183200194,1117.2054439400683,1118.8530329497007,1118.8530329497007,1119.0495921299764,,,,,1119.8363502652633
5622,556.5923205585017,561.1628158153043,562.2116616195922,1117.6726308954583,1119.3908983507067,1119.3908983507067,1119.6791167985662,,,,,1120.597275170212
5610,555.7441074820996,559.9972294067945,561.2561841855185,1116.3918140277653,1116.4774357503393,1117.1384254752743,1119.5390527383902,,,,,1120.659191107046
5628,557.2289559912839,561.6967161037363,562.6307307939654,1118.6470769004893,1119.0961095183027,1119.0961095183027,1119.3693322437898,,,,,1120.7639559305694
5615,556.1841488988769,560.3672530975289,561.6967161037363,1116.8949472420582,1118.5920843179251,1118.5920843179251,1119.733319252515,,,,,1120.8641978406765
5624,556.7325563991292,561.4195542676075,562.4658868450937,1118.5920843179251,1119.3008835798807,1119.3008835798807,1119.8737529926238,,,,,1121.074338514565
5632,557.9720489212866,562.1257183200194,562.8763798728215,1119.0961095183027,1119.6929520080353,1119.6929520080353,1119.832459184651,,,,,1121.1150127929166
5611,555.8130278234222,560.2540303920753,561.1628158153043,1116.3089563392853,1116.3962406325318,1117.04368445222,1117.3840062854033,,,1117.5487681918428,1121.127383524278,1121.127383524278
5598,554.9527401328797,558.8417703531558,559.3667549484412,1114.1891337041507,1115.59521198521,1115.59521198521,1115.8883929648323,,,1115.8883929648323,1121.168890589337,1121.168890589337
5627,557.2255713311351,561.6832564977415,562.8306791110559,1118.7037128463646,1120.7759219767934,1120.7759219767934,1120.9575051858903,,,,,1121.5010341341192
5618,556.3704785031658,560.6885930811393,561.6832564977415,1116.6090806161383,1118.6470769004893,1118.6470769004893,1118.8854009590689,,,,,1121.7604955313107
5635,558.3331285654525,562.4658868450937,563.4550113938939,1121.034164493475,1121.1969623270552,1121.1969623270552,1121.5629113688892,,,,,1122.1825543107102
5634,558.1672172146566,562.2116616195922,563.5615114003198,1121.1969623270552,1121.4450952308237,1121.4450952308237,1121.748245965144,,,,,1122.4005527434053
5631,557.85116102419,562.0498874599617,563.266166383025,1120.7759219767934,1121.366351533225,1121.366351533225,1121.9108918507104,,,,,1122.468115460281
5633,558.0158953788107,562.1717801870336,563.0587811483389,1119.6929520080353,1121.034164493475,1121.034164493475,1121.5049979237247,,,,,1122.586890130852
5637,558.4794224993561,562.8306791110559,563.5959579027698,1121.366351533225,1121.687866121849,1121.687866121849,1122.0792887270452,,,,,1122.7128453644577
5612,555.9854207190643,560.3109532428074,561.1492676447402,1116.2278851352428,1116.3089563392853,1116.7630825626145,1117.34707912489,,,1117.4801338508364,1122.8773836882556,1122.8773836882556
5629,557.2566521485095,561.886747136033,562.9962568875067,1119.3908983507067,1121.4521107663313,1121.4521107663313,1121.785050765872,,,,,1123.4795007145144
5639,558.7763663745908,562.8763798728215,563.9706004274392,1122.0624733208426,1122.3943090376101,1122.3943090376101,1123.196120452391,,,,,1124.2886955012257
5642,559.05471162062,563.0587811483389,564.0891255786274,1122.6722145355527,1123.19359182406,1123.19359182406,1123.7472362152205,,,,,1124.4281238188914
5630,557.3341600992841,561.9623650434517,562.8981681332525,1119.3008835798807,1122.6722145355527,1122.6722145355527,1123.529795738138,,,,,1124.653977428911
5641,558.9633341908516,562.9962568875067,564.0783095481237,1122.3943090376101,1123.0856752992668,1123.0856752992668,1124.385949720696,,,,,1124.984871611606
5645,559.2491568471798,563.5615114003198,564.5083520870625,1123.719225789639,1123.8584329110108,1123.8584329110108,1124.4172887028674,,,,,1125.3153921253693
5648,559.5921285804518,563.6068205275557,564.6215555311475,1123.7975456076178,1124.009779553575,1124.009779553575,1124.7393075462874,,,,,1125.4982688294497
5626,556.8958302964255,561.540504433723,562.8711494265966,1118.8530329497007,1123.719225789639,1123.719225789639,1124.7871096031852,,,,,1125.5479426735826
5644,559.234523018877,563.4550113938939,563.8413587313551,1121.687866121849,1121.9546159164263,1121.9546159164263,1125.049624407261,,,,,1125.5780818988303
5638,558.7470933518935,562.8711494265966,563.9517810420017,1121.9546159164263,1122.0624733208426,1122.0624733208426,1124.9435268475886,,,,,1125.5996162434403
5643,559.226341390635,563.266166383025,564.29008937807,1123.0856752992668,1123.7975456076178,1123.7975456076178,1124.6270770422775,,,,,1125.716287756274
5649,559.6565284568537,563.8413587313551,564.8558291491009,1124.0978748225627,1124.5175939985415,1124.5175939985415,1125.0456963043923,,,,,1125.79359835294
5655,560.0421175533944,564.3958710278134,565.2571798494274,1125.0688314174643,1125.1370154363426,1125.1370154363426,1125.6500955741942,,,,,1126.2703163281162
5646,559.4137995280561,563.5959579027698,564.3958710278134,1123.19359182406,1125.0688314174643,1125.0688314174643,1125.7551838068555,,,,,1126.2923306375696
5636,558.3621827541076,562.6307307939654,563.6068205275557,1121.4521107663313,1124.0978748225627,1124.0978748225627,1125.3055241804554,,,,,1126.3752418727845
5652,559.8887376992661,564.0783095481237,564.9650590262942,1124.5175939985415,1124.5264393527734,1124.5264393527734,1125.8723527341858,,,,,1126.624926702135
5640,558.8611658555293,562.8981681332525,563.6007332451251,1121.4450952308237,1125.4542629341504,1125.4542629341504,1126.0686990563547,,,,,1126.7187689966113
5663,560.6918953535488,565.0247409731766,565.824880683826,1125.5442436530334,1125.5611383470134,1125.5611383470134,1126.0436350463551,,,,,1126.8140337476832
5654,559.9952358735177,564.29008937807,565.0247409731766,1124.5264393527734,1125.0100460191309,1125.0100460191309,1125.9448179184153,,,,,1126.9852038030765
5661,560.5990372129984,564.9513241151849,566.0176959991559,1125.5989850940857,1126.079572017252,1126.079572017252,1126.2402949151717,,,,,1127.1179580482662
5651,559.7768514905964,563.9706004274392,564.8480918131529,1124.009779553575,1125.5989850940857,1125.5989850940857,1126.5162477019423,,,,,1127.4253325502568
5656,560.0652114394205,564.5083520870625,565.7291333948283,1125.4542629341504,1125.5442436530334,1125.5442436530334,1126.7810630879735,,,,,1127.564786251984
5659,560.3884326288174,564.8480918131529,566.0632060471975,1126.079572017252,1126.4157551504688,1126.4157551504688,1126.8823179181431,,,,,1127.662327092316
5660,560.5059658380665,564.8558291491009,565.9819590157045,1125.5611383470134,1126.8128235587021,1126.8128235587021,1126.9335133727811,,,,,1128.1345632440766
5665,560.7233744082586,565.2571798494274,566.2200854535812,1126.8128235587021,1127.6172534506657,1127.6172534506657,1128.2521218712359,,,,,1128.817296971828
5662,560.6462366712649,564.9650590262942,566.297368487247,1127.1790862898345,1127.921277231499,1127.921277231499,1128.4276217210634,,,,,1129.4885316144985
5679,562.3755073744024,566.7139000413301,567.4390378126216,1128.5041164960473,1128.8195208417117,1128.8195208417117,1128.9905499039853,,,,,1129.7113849675784
5647,559.4704830525047,563.6007332451251,564.7115594462988,1123.8584329110108,1124.4148933177546,1124.4148933177546,1124.6230778216413,,,1124.6230778216413,1129.8441674672138,1129.8441674672138
5664,560.7092012924088,565.2255315565181,566.2198313267784,1126.4157551504688,1127.7094895751773,1127.7094895751773,1128.496089323073,,,,,1129.9575780246412
5672,561.3454975906365,566.0632060471975,567.1002329391122,1127.9392224918,1128.5715370175978,1128.5715370175978,1129.155382073211,,,,,1129.9962792127396
5668,561.0589369405687,565.7291333948283,566.6729524731055,1127.7094895751773,1128.0731960464418,1128.0731960464418,1128.9503985955835,,,,,1130.044396239797
5673,561.366442729959,566.2198313267784,567.560622548274,1128.7115136996333,1129.2754000469633,1129.2754000469633,1129.2997355800437,,,,,1130.1004890687861
5657,560.1924856501328,564.6215555311475,565.6930907228706,1125.1370154363426,1127.1790862898345,1127.1790862898345,1129.4879579618207,,,,,1130.3970272040406
5670,561.1924944476747,565.9819590157045,567.1871065541825,1128.0731960464418,1128.9791934247653,1128.9791934247653,1129.2237980544046,,,,,1130.4405647682513
5653,559.9043161523239,564.0891255786274,565.2255315565181,1125.0100460191309,1125.3310482060788,1125.3310482060788,1128.8492997446622,,,,,1130.6727106248265
5650,559.723681231638,563.9517810420017,564.9513241151849,1124.4148933177546,1127.4106679714982,1127.4106679714982,1129.4012595770707,,,,,1130.8350251553509
5680,562.4025531064525,566.9227174738418,567.8125579793699,1128.9791934247653,1129.5684932633803,1129.5684932633803,1129.6708880046224,,,,,1130.946980821009
5676,562.0168663037548,566.5641057813108,567.4588450156967,1128.5715370175978,1128.7115136996333,1128.7115136996333,1128.8134169193077,,,,,1130.9532950890678
5671,561.2035150587861,566.0176959991559,566.9227174738418,1127.921277231499,1127.9392224918,1127.9392224918,1130.1584282921092,,,,,1131.400623282079
5666,560.8178421453737,565.6930907228706,566.7139000413301,1127.8742023642158,1131.2797829374204,1131.2797829374204,1131.3235820899918,,,,,1132.1162470979116
5675,561.3993502550004,566.297368487247,567.7966676965376,1128.84163500452,1130.3826568344516,1130.3826568344516,1131.3494711845647,,,,,1132.1394405356157
5681,562.4534956100109,567.1002329391122,568.1006696212842,1129.5684932633803,1131.2138110459318,1131.2138110459318,1131.5950582234884,,,,,1132.219914230121
5689,563.536803332365,567.8136978287491,568.5357483351792,1130.9793543217804,1131.2388300963644,1131.2388300963644,1131.6969948620251,,,,,1132.2743390852045
5667,560.994836172922,565.7260619376968,566.6156915455973,1127.6172534506657,1127.8742023642158,1127.8742023642158,1130.1947262806177,,,,,1132.3179047974281
5690,563.549696766179,568.1006696212842,568.9722113983765,1131.6383358417295,1131.6739636889956,1131.6739636889956,1131.771417805964,,,,,1132.349188962032
5682,562.7017644762885,567.1871065541825,568.2314514936888,1130.590855899242,1131.457958592054,1131.457958592054,1132.3544487006118,,,,,1133.0207207690294
5691,563.5665972480328,568.15235059571,568.8668074244454,1131.5224434093243,1131.6383358417295,1131.6383358417295,1132.5670159578585,,,,,1133.1455979179661
5686,563.2711753368731,567.5826400017859,568.7299516757407,1131.2797829374204,1132.1047335669539,1132.1047335669539,1132.1475993823842,,,,,1133.3047344201905
5669,561.171993269339,565.824880683826,566.5641057813108,1127.4106679714982,1128.5041164960473,1128.5041164960473,1130.7821897599513,,,,,1133.441090511202
5693,563.9974972632662,568.5357483351792,569.461489556775,1132.0506931765367,1132.2978380280342,1132.3544487006118,1132.3653000100521,,,,,1133.537576238914
5697,564.2842904516733,568.7528024238652,569.9857459872429,1132.3387601466015,1132.5193503133833,1132.5670159578585,1132.905748429882,,,,,1133.5826828216539
5695,564.1030420668734,568.6067777327158,569.6700652024344,1132.2978380280342,1132.3387601466015,1132.4766280775084,1133.1524854455786,,,,,1133.6668124689595
5699,564.3310150612713,568.8668074244454,569.5115118701611,1132.2448268084402,1132.3360033195383,1132.3653000100521,1133.1806733706885,,,,,1133.8173186908502
5678,562.1057014414567,566.6729524731055,568.15235059571,1130.3826568344516,1130.590855899242,1130.590855899242,1133.0082382968837,,,,,1133.9031159945214
5700,564.348451019792,568.9025161802676,570.0446651755383,1132.5193503133833,1132.5234573739235,1132.6282925165306,1132.74707795356,,,,,1133.911846654428
5658,560.2517036144734,564.7115594462988,565.7260619376968,1125.3310482060788,1128.84163500452,1128.8492997446622,1129.3780744161045,,,1129.3780744161045,1133.9422134135468,1133.9422134135468
5684,562.9395557882435,567.4588450156967,568.5981365213798,1131.2138110459318,1132.0506931765367,1132.0506931765367,1132.5329712040314,,,,,1133.978166932225
5698,564.2995111034536,568.7794314700955,569.9910064864588,1132.44110897621,1132.5355166076179,1132.74707795356,1133.1124081861299,,,,,1134.457021762147
5692,563.7455673686818,568.2314514936888,569.2099824064485,1131.6739636889956,1132.2448268084402,1132.2448268084402,1133.6806116052346,,,,,1134.569339569586
5687,563.4871556371638,567.7966676965376,568.9025161802676,1131.5524896091704,1132.665192898647,1133.0082382968837,1133.0919283409826,,,,,1134.677246097524
5708,565.7119553384731,569.9857459872429,571.0559340755381,1133.8121632305063,1134.166823435452,1134.166823435452,1134.3181657089985,,,,,1134.9864619105012
5702,564.7743285489166,569.2099824064485,570.2208546429497,1132.5355166076179,1133.4748372263414,1133.6806116052346,1134.082745094273,,,,,1135.0729628431366
5706,565.3341166253674,569.6700652024344,570.4703267597662,1132.8810014077253,1133.0333083013174,1133.1124081861299,1133.974468155035,,,,,1135.3777684718557
5694,564.0106941208727,568.5981365213798,569.7805561797604,1132.3360033195383,1133.1512217965405,1133.1524854455786,1134.763036722689,,,,,1135.460144717573
5705,565.3121897054731,569.5115118701611,570.6944747225726,1133.1512217965405,1133.4470579931635,1133.4470579931635,1134.026709308286,,,,,1135.5480630719921
5704,565.157026150706,569.5004345165937,570.3526726680362,1132.665192898647,1132.8810014077253,1133.0919283409826,1134.5358508730767,,,,,1135.747254397252
5677,562.0341926502615,566.6156915455973,567.8136978287491,1129.2754000469633,1131.495800089511,1131.495800089511,1132.4766280775084,,,,,1135.9031005693453
5709,565.803069121072,569.9910064864588,570.9529791123135,1133.4748372263414,1135.1543174308767,1135.1543174308767,1135.2340290236723,,,,,1135.9622670489618
5685,563.2045710420123,567.560622548274,568.7794314700955,1131.495800089511,1134.4867332016006,1134.4867332016006,1134.9370138856075,,,,,1136.4711989578373
5710,565.9770136587491,570.0446651755383,571.2870033470352,1134.166823435452,1134.6405564974407,1134.6405564974407,1135.7844861247552,,,,,1136.5413086542167
5674,561.3985739121499,566.2200854535812,567.5826400017859,1128.8195208417117,1130.9793543217804,1130.9793543217804,1131.3643839147587,,,1131.3643839147587,1136.8968168788724,1136.8968168788724
5707,565.6121847693729,569.7805561797604,570.7761232681472,1133.4470579931635,1133.9365459884941,1134.026709308286,1136.1207984659775,,,,,1137.0643795537846
5701,564.4375129731786,568.9722113983765,570.0924617949066,1132.5234573739235,1133.4983713749928,1133.9422134135468,1134.367571844513,,,,,1137.101635645955
5715,566.4978211025917,570.5718339216688,571.5065227250508,1134.883959777013,1135.8375710806972,1135.8375710806972,1136.5913320125235,,,,,1137.1469170344653
5703,565.0111216871012,569.461489556775,570.5718339216688,1133.0333083013174,1134.9833706453724,1134.9833706453724,1136.7312308823107,,,,,1137.4505497639007
5716,566.5090291533272,570.6944747225726,571.6165697265718,1135.1543174308767,1135.3501458023206,1135.3501458023206,1136.456981026893,,,,,1137.4568946785141
5711,566.0429399060476,570.0924617949066,570.9580770095558,1133.4983713749928,1133.8121632305063,1133.974468155035,1136.3479292094628,,,,,1137.5399563104368
5688,563.5076133111104,567.8125579793699,568.7528024238652,1131.457958592054,1131.5224434093243,1131.5224434093243,1132.6282925165306,,,1132.905748429882,1137.7825427003072,1137.7825427003072
5718,566.652733672328,570.9529791123135,571.5039412589056,1134.6405564974407,1137.1255638183004,1137.1255638183004,1137.6348896137386,,,,,1138.1576944788285
5717,566.5302942226348,570.7761232681472,572.0373452510544,1135.3501458023206,1136.2144605661952,1136.2144605661952,1137.3985154716347,,,,,1138.3166880196723
5712,566.1734469086957,570.2208546429497,571.5275321318037,1134.9833706453724,1137.107296567202,1137.107296567202,1137.558224215034,,,,,1138.3519764722726
5714,566.2979479340089,570.4703267597662,571.2507726815833,1133.9365459884941,1136.1104953888084,1136.1207984659775,1137.1300648224453,,,,,1138.4098868339227
5721,566.8340678161235,571.2507726815833,572.2004884242829,1136.2144605661952,1136.878472189042,1136.878472189042,1137.6446513778233,,,,,1138.4901222086253
5719,566.6801859672463,570.9580770095558,572.152743987427,1136.1104953888084,1137.0618109819034,1137.0618109819034,1138.0243088259476,,,,,1138.532406470082
5696,564.1096668337544,568.7299516757407,569.5004345165937,1132.1047335669539,1132.44110897621,1132.5329712040314,1138.2404797964857,,,,,1138.9284606585884
5729,567.6974126706035,572.1157799115416,573.0674627307403,1137.9669044695975,1138.0785618214109,1138.0785618214109,1138.5596860494516,,,,,1139.2484905135505
5683,562.796292830086,567.4390378126216,568.6067777327158,1131.2388300963644,1131.5524896091704,1131.5524896091704,1134.6715225648954,,,1134.6715225648954,1139.3753711782774,1139.3753711782774
5724,567.2853434224744,571.5039412589056,572.5500404938693,1137.3006247200399,1137.9669044695975,1137.9669044695975,1138.853583960201,,,,,1139.4075678674583
5730,567.7369861928156,572.152743987427,573.266827741394,1138.1571250234767,1138.2471181873816,1138.2471181873816,1138.8843987156645,,,,,1139.4446756835368
5727,567.527419433166,571.6165697265718,572.4153513753145,1137.107296567202,1137.4951801284196,1137.4951801284196,1138.0755703976718,,,,,1139.539678471952
5733,567.9121834782495,572.371702803152,573.4472155047855,1138.4575427985478,1138.7479298121957,1138.7479298121957,1138.7902970043826,,,,,1139.647843330311
5713,566.1953041022823,570.3526726680362,571.2945098543156,1134.4867332016006,1134.883959777013,1134.883959777013,1136.1571530434935,,,,,1139.7044325456277
5720,566.7035050342121,571.0559340755381,572.1157799115416,1135.8375710806972,1138.1571250234767,1138.1571250234767,1139.4117345320008,,,,,1140.105467685728
5728,567.6573732690728,572.0373452510544,573.2789116448928,1138.2471181873816,1138.8946464792807,1138.8946464792807,1139.3009757482014,,,,,1140.1637970019688
5732,567.8989701338752,572.3610301651828,573.2506183861441,1138.0785618214109,1139.5139672611783,1139.5139672611783,1140.348012826753,,,,,1141.0646884848516
5737,568.4172999071524,572.5959687578353,573.5655174182286,1139.0848507685073,1139.1734918285235,1139.1734918285235,1140.538141975783,,,,,1141.1697165682585
5723,567.1430705451922,571.2945098543156,572.371702803152,1137.0618109819034,1137.3006247200399,1137.3006247200399,1138.3594314976676,,,,,1141.1952929048257
5726,567.5017900255076,571.5275321318037,572.5959687578353,1137.4951801284196,1138.4575427985478,1138.4575427985478,1139.060528511023,,,,,1141.6017567873296
5739,568.989657213593,573.2506183861441,574.1743074934554,1139.5139672611783,1139.6951101567827,1139.6951101567827,1141.1039902634411,,,,,1141.650819313341
5738,568.8601766725907,573.0674627307403,573.9893783350984,1139.1734918285235,1139.8790702633855,1139.8790702633855,1140.8709371017428,,,,,1141.822279392225
5746,569.6176120409009,573.5655174182286,574.492395281869,1140.4890051246216,1140.7577301525298,1140.7577301525298,1140.8858878389701,,,,,1141.9971614304006
5741,569.1870720297682,573.2789116448928,574.3310616694469,1139.6951101567827,1140.4890051246216,1140.4890051246216,1141.718011967538,,,,,1142.2478679528147
5725,567.2972188616282,571.5065227250508,572.4757949379438,1137.1255638183004,1141.7635334809213,1141.7635334809213,1141.8432436563937,,,,,1142.3953888232272
5747,569.6204286471726,573.6845819421216,574.6322003564275,1141.3130644061312,1141.671420308317,1141.671420308317,1142.1669286759943,,,,,1142.842683279849
5722,566.9521530073636,571.2870033470352,572.3610301651828,1136.878472189042,1141.3130644061312,1141.3130644061312,1141.6702626261642,,,,,1142.9197662063568
5731,567.8095293358368,572.2004884242829,573.5069837673493,1138.8946464792807,1139.1362622090376,1139.1362622090376,1141.710114017116,,,,,1143.2298153515258
5749,569.7091032705164,574.1743074934554,575.2546408462117,1141.7635334809213,1141.822389778956,1141.822389778956,1142.220861168412,,,,,1143.4466487991754
5736,568.3828460475456,572.5500404938693,573.6845819421216,1139.1362622090376,1140.627326414011,1140.627326414011,1141.7211907442777,,,,,1143.5149698331447
5748,569.6925625727077,573.9893783350984,574.7319874095224,1141.6512455537018,1141.6772581807732,1141.6772581807732,1142.6061248741362,,,,,1143.7768934865637
5751,569.8436198820116,574.4437217964223,575.349569529321,1142.1738349848786,1143.3700806179506,1143.3700806179506,1143.5196629000252,,,,,1144.3832397318156
5744,569.5989940021954,573.5069837673493,574.8414415055132,1141.671420308317,1142.1738349848786,1142.1738349848786,1142.8040811130948,,,,,1144.4600197464779
5753,569.9523793231054,574.5006492563557,575.4208028146284,1143.0390625362857,1143.5052518627472,1143.5052518627472,1144.536691808689,,,,,1145.155578027061
5750,569.8135290355204,574.3310616694469,575.3091568832592,1141.822389778956,1144.2189462225622,1144.2189462225622,1144.8021705278484,,,,,1145.3036442000023
5735,568.0110798337191,572.4757949379438,573.5267628151623,1139.0116560535212,1139.0848507685073,1139.0848507685073,1141.685512122088,,,1141.685512122088,1145.3345484683427,1145.3345484683427
5740,569.0592278231145,573.266827741394,574.5006492563557,1140.627326414011,1144.1899303389227,1144.1899303389227,1144.4480543244722,,,,,1145.407818533808
5743,569.2951334230729,573.466261060283,574.5697552487496,1140.7577301525298,1141.4286267998098,1141.4286267998098,1141.8022060124545,,,1141.8022060124545,1145.4240382221847,1145.4240382221847
5745,569.6128356070263,573.5267628151623,574.6375392740823,1141.4286267998098,1143.0390625362857,1143.0390625362857,1144.3752390122713,,,,,1145.4722735941086
5742,569.2922714311036,573.4472155047855,574.4437217964223,1139.8790702633855,1141.6512455537018,1141.6512455537018,1145.032133338393,,,,,1145.6993430776488
5755,569.9933243139661,574.6322003564275,575.877858895824,1144.4630312285847,1144.8887834333639,1144.8887834333639,1145.1703086332145,,,,,1145.962523011922
5763,571.2738967495702,575.4208028146284,576.5739426960037,1145.0020159327169,1145.0752176155468,1145.0752176155468,1145.6558993034212,,,,,1146.1635404746933
5760,570.5912064201343,575.2546408462117,575.8600270067531,1144.232193253969,1144.4630312285847,1144.4630312285847,1145.2338853256508,,,,,1146.2130351298683
5758,570.31321093753,574.8414415055132,575.8555042064978,1144.2189462225622,1145.147202558062,1145.1703086332145,1145.7965242380149,,,,,1146.322308042177
5765,571.6396869703742,575.6448098630768,576.8529384517591,1145.2890223252602,1145.4930859500516,1145.4930859500516,1145.638113691278,,,,,1146.5281118197179
5734,567.9457029862623,572.4153513753145,573.466261060283,1138.7479298121957,1139.0116560535212,1139.0116560535212,1139.5567693989983,,,1139.5567693989983,1146.571674072253,1146.571674072253
5754,569.9609653185105,574.5697552487496,575.6448098630768,1143.5052518627472,1145.2520806589337,1145.2520806589337,1145.5792643263442,,,,,1146.7421243664273
5762,571.0834162256677,575.349569529321,575.8295420746529,1144.1899303389227,1144.8967987487874,1144.8967987487874,1145.422107126983,,,,,1146.8380791011796
5757,570.2254832371462,574.7319874095224,575.8360392844618,1144.196807788395,1145.2890223252602,1145.3345484683427,1146.1679941867671,,,,,1146.8443785234476
5756,570.1308498442216,574.6375392740823,575.6315400360271,1143.3700806179506,1144.196807788395,1144.196807788395,1145.6855317213988,,,,,1146.8578062384743
5761,570.592092996972,575.3091568832592,576.416953741844,1144.8967987487874,1145.0020159327169,1145.0020159327169,1146.0343688188393,,,,,1146.9802913248518
5752,569.8603960555155,574.492395281869,575.1255912670558,1141.6772581807732,1144.232193253969,1144.232193253969,1145.7090268954853,,,,,1147.0531201295241
5771,571.9972340277651,576.1213312991586,577.0642271492567,1145.9056099188901,1146.3258894738126,1146.3258894738126,1146.8368309149785,,,,,1147.3998293058658
5768,571.8488391302359,575.8555042064978,577.0584743275333,1145.875674632562,1145.9056099188901,1145.9056099188901,1146.702850808622,,,,,1147.4297348624461
5759,570.413368325559,575.1255912670558,576.1213312991586,1144.8887834333639,1145.875674632562,1145.875674632562,1146.6846083757682,,,,,1147.435326465971
5767,571.7908063784938,575.8360392844618,576.7381240323597,1145.2520806589337,1145.776638566133,1145.776638566133,1146.5638458233327,,,,,1147.4995360283215
5773,572.0247509889734,576.5739426960037,577.167102202043,1145.9972808777784,1146.4604953492096,1146.4604953492096,1147.357520387877,,,,,1147.9547990940187
5776,572.2767143798014,576.7381240323597,577.7479501360863,1146.6060381963478,1146.9632627468043,1146.9632627468043,1147.792680517936,,,,,1148.3761705110642
5777,572.280651659104,576.8529384517591,577.5420906315987,1146.3258894738126,1146.581803427345,1146.581803427345,1147.6570630358026,,,,,1148.510524200468
5774,572.2197310762751,576.6049634394906,577.6167185216491,1146.581803427345,1147.2585729243483,1147.2585729243483,1148.0835009447974,,,,,1148.6743626362413
5780,572.359924702129,577.0584743275333,577.8685573604728,1146.9632627468043,1147.569186707356,1147.569186707356,1147.9690958455747,,,,,1148.8645900827319
5769,571.8625471357213,575.8600270067531,576.6609237750113,1145.147202558062,1146.6060381963478,1146.6060381963478,1148.414633510543,,,,,1148.9349996914711
5764,571.346262969163,575.6315400360271,576.6049634394906,1145.0752176155468,1146.0853724776734,1146.0853724776734,1146.8452140684233,,,,,1149.0410320717353
5772,572.0108346787468,576.416953741844,576.8597430596684,1145.4930859500516,1147.1732448583796,1147.1732448583796,1147.9853894074574,,,,,1149.214198910469
5779,572.3458644785356,576.9348118504777,578.0366042507756,1147.569186707356,1148.0125664691743,1148.0125664691743,1148.1696379348757,,,,,1149.372448102516
5770,571.9552137591247,575.877858895824,576.9348118504777,1145.776638566133,1145.9972808777784,1145.9972808777784,1148.6124198016566,,,,,1149.6754252797941
5787,572.7993036614906,577.7479501360863,578.6734104818578,1148.3290908563781,1149.1623146232566,1149.1623146232566,1149.551836500239,,,,,1150.1192418761973
5782,572.4604230699613,577.167102202043,577.932125194743,1147.2585729243483,1148.3290908563781,1148.3290908563781,1148.453397194233,,,,,1150.1820964610497
5778,572.3201848469946,576.8597430596684,577.8796974568324,1147.1732448583796,1148.296558792361,1148.296558792361,1149.8467909085225,,,,,1151.0145305944034
5788,572.841319638006,577.8685573604728,579.0641717334188,1150.4380580891384,1150.4987480463942,1150.4987480463942,1150.8133595862498,,,,,1151.3190804051503
5792,573.2147516855632,578.0883703756689,578.8750905602658,1149.66814568282,1150.4318518897687,1150.4318518897687,1150.8639176391353,,,,,1151.6499752912885
5790,573.035616206182,577.932125194743,578.7788764461322,1148.5642957896007,1150.0915635592012,1150.0915635592012,1150.758723482976,,,,,1151.760622048038
5766,571.7167870453815,575.8295420746529,577.3925618002021,1146.0853724776734,1147.9008585664071,1147.9008585664071,1151.197109249934,,,,,1151.8882894086998
5794,573.4911022551032,578.6672581659341,579.1603118480026,1150.4987480463942,1151.2269475564651,1151.2269475564651,1151.247036906233,,,,,1152.068543554735
5789,572.960201833309,577.8796974568324,578.9421462126138,1150.4318518897687,1150.4380580891384,1150.4380580891384,1151.524410760624,,,,,1152.1641475688687
5781,572.4551792611817,577.0642271492567,578.0883703756689,1147.9008585664071,1151.3893423360935,1151.3893423360935,1151.6097241428645,,,,,1152.3499701446037
5783,572.4704459209848,577.3925618002021,578.4968806849868,1148.0125664691743,1148.3662418980905,1148.3662418980905,1151.2765961262603,,,,,1152.5069240570854
5795,573.5212003145588,578.6734104818578,579.7146723005112,1150.7609488194448,1151.1437627221655,1151.1437627221655,1152.1869454366397,,,,,1152.7264051833467
5786,572.712817641027,577.6167185216491,578.7598773443142,1148.3662418980905,1151.210268505066,1151.210268505066,1151.5897945565819,,,,,1152.7901057796737
5801,574.0711846317466,578.9421462126138,580.1015625487684,1152.1029447128017,1152.2058167227585,1152.2058167227585,1152.311278928935,,,,,1152.8269967433755
5798,573.7473957375342,578.8161854025377,579.3796927701931,1150.5889486301076,1150.726639474888,1150.726639474888,1151.0316176229358,,,,,1153.0986910464458
5796,573.595549587164,578.7598773443142,579.893148806334,1151.3893423360935,1152.2165293736857,1152.2165293736857,1152.6031501573013,,,,,1153.2043294463567
5804,574.4703363772768,579.3796927701931,580.2269347151221,1152.2165293736857,1152.565085348668,1152.565085348668,1152.8029132962847,,,,,1153.4828667574775
5803,574.3096995379018,579.1603118480026,580.3766650086676,1152.3811612276315,1152.4589511316892,1152.4589511316892,1152.746720727256,,,,,1153.5207305003073
5797,573.6317730504853,578.7788764461322,579.7404087197416,1151.1437627221655,1152.3811612276315,1152.3811612276315,1153.0074217803096,,,,,1153.5786737804137
5793,573.373323775938,578.4968806849868,579.5131700636538,1150.726639474888,1150.7609488194448,1150.7609488194448,1153.0256195726106,,,,,1153.6527083012254
5775,572.2216105542182,576.6609237750113,577.6019804613087,1146.4604953492096,1150.5889486301076,1150.5889486301076,1152.3845678498367,,,,,1153.8760690539232
5799,573.9674722958999,578.8750905602658,579.7797041027244,1151.2269475564651,1152.1029447128017,1152.1029447128017,1152.3215681279062,,,,,1153.9277407125335
5791,573.2079517131364,578.0366042507756,578.8161854025377,1149.1623146232566,1149.66814568282,1149.66814568282,1152.4819598937402,,,,,1154.4590471357174
5806,574.6032047263161,579.7146723005112,580.8294687908115,1153.5039874257245,1153.5200270274313,1153.5200270274313,1154.0530555123207,,,,,1154.699374045933
5810,575.023292746019,579.893148806334,580.7470827923587,1152.565085348668,1153.7426055306748,1153.7426055306748,1153.8379994303657,,,,,1154.7205079007995
5805,574.4762252274028,579.5131700636538,580.5580530171896,1152.4589511316892,1153.4654773876223,1153.4654773876223,1154.3014375376997,,,,,1154.8565762348087
5784,572.4882008893626,577.5420906315987,578.6672581659341,1148.296558792361,1148.5642957896007,1148.5642957896007,1149.2116008640132,,,1149.2116008640132,1154.9388185861812,1154.9388185861812
5808,574.6986135984248,579.7545311445188,580.9679046074746,1153.7426055306748,1154.0681154158815,1154.0681154158815,1154.3144884606209,,,,,1155.4571621729176
5807,574.6851366648287,579.7404087197416,580.9894521629012,1153.8511186238006,1154.8563857333897,1154.8563857333897,1154.9971883480887,,,,,1155.7733607425362
5812,575.188091811443,580.1575578069446,580.8688470303088,1153.5200270274313,1155.0804143352475,1155.0804143352475,1155.3012767226285,,,,,1155.9291756653988
5811,575.1013549747522,580.1015625487684,580.7872490476286,1153.4654773876223,1153.8511186238006,1153.8511186238006,1155.279438253391,,,,,1155.9464200942537
5802,574.2860678687808,579.0641717334188,579.7545311445188,1151.210268505066,1153.5039874257245,1153.5039874257245,1155.9305907458654,,,,,1156.5469068541186
5814,575.6424964745086,580.3766650086676,581.4336527631094,1155.0804143352475,1155.595655080522,1155.595655080522,1155.7138492738236,,,,,1156.6993055428507
5800,574.0661657803649,578.882287603934,580.1575578069446,1152.2058167227585,1155.5111543925157,1155.5111543925157,1156.7296159139346,,,,,1157.3528864171824
5817,576.0428209940636,580.7872490476286,581.3655336265087,1154.8563857333897,1155.7706186881899,1155.7706186881899,1156.503521966972,,,,,1157.371691349577
5820,576.497500426101,580.9679046074746,581.9821251146885,1156.062826568102,1156.2556131217998,1156.2556131217998,1156.4557078439534,,,,,1157.9410010968581
5819,576.4648546884367,580.8688470303088,581.8144782090309,1155.7706186881899,1156.550562729121,1156.550562729121,1157.1399721359148,,,,,1158.2504642515894
5828,577.4495993295858,581.8144782090309,582.5529229516471,1156.6113456478122,1157.4226512232367,1157.4226512232367,1157.9568013640944,,,,,1158.5009363806464
5822,576.9081000051874,581.0191150048455,581.7074717835852,1155.595655080522,1156.062826568102,1156.062826568102,1156.5149618463665,,,,,1158.527658483024
5809,574.9786310974225,579.7797041027244,581.0191150048455,1154.0681154158815,1156.0018923465275,1156.0018923465275,1157.581574901885,,,,,1158.553077795328
5821,576.558311609121,580.9894521629012,581.8579580978779,1156.0018923465275,1156.1835107711504,1156.1835107711504,1157.2624053289424,,,,,1159.1381005821338
5824,577.0974684304907,581.4336527631094,582.717022234347,1156.76266598833,1157.6114565430107,1157.6114565430107,1158.457266293728,,,,,1159.2704179180182
5827,577.3809588818269,581.7074717835852,582.4911805684421,1156.550562729121,1156.76266598833,1156.76266598833,1158.8619937547376,,,,,1159.4470758731634
5813,575.4128057339354,580.2269347151221,581.4851739433499,1155.3698344547192,1157.4974034001302,1157.4974034001302,1158.9303429793472,,,,,1159.4570524607448
5823,577.0005565225703,581.3655336265087,582.1580860569694,1156.2556131217998,1158.100353105986,1158.100353105986,1158.4939903488844,,,,,1159.4900776024938
5818,576.4515560053889,580.8294687908115,581.523327755886,1155.5111543925157,1155.853725372085,1155.853725372085,1158.3247352646601,,,,,1159.6326925741198
5835,578.4221127001264,582.4911805684421,583.6935116561444,1159.7571354485353,1159.824957913725,1159.824957913725,1159.8802186214452,,,,,1160.4375054245697
5833,578.1287471110218,582.1580860569694,583.2171947786899,1158.9766301055856,1159.1360524169206,1159.1360524169206,1160.1314315726847,,,,,1160.7882010804435
5785,572.6067277140229,577.6019804613087,578.882287603934,1150.0915635592012,1155.3698344547192,1155.3698344547192,1156.6617261146698,,,1156.6617261146698,1160.8644912474492,1160.8644912474492
5826,577.3530406846309,581.523327755886,582.3518176630573,1156.3718676457154,1159.573588171683,1159.573588171683,1159.722523841171,,,,,1161.1246510793471
5836,578.470608948336,582.5529229516471,583.634014424756,1159.604767009651,1159.7571354485353,1159.7571354485353,1160.3456201717236,,,,,1161.1993855048756
5842,579.3255011758337,583.2171947786899,584.3619139404207,1160.2380415781022,1160.5003682153174,1160.5407081533403,1161.1755190839617,,,,,1161.6947849430853
5825,577.2483399941392,581.4851739433499,582.754010000418,1157.4974034001302,1158.9766301055856,1158.9766301055856,1160.1331351234255,,,,,1161.7491453756572
5843,579.4460660292256,583.2884898192132,584.1092435244065,1160.2147436369648,1160.2380415781022,1160.3456201717236,1160.9769285813481,,,,,1161.9726991465204
5830,577.6965877896242,581.8579580978779,583.2884898192132,1159.1360524169206,1159.3987856854383,1159.3987856854383,1161.3539549397776,,,,,1162.0533845960642
5816,575.7948943938363,580.7470827923587,581.8246355028442,1155.853725372085,1156.6113456478122,1156.6113456478122,1158.5274227080668,,,1158.5274227080668,1162.17433379935,1162.17433379935
5834,578.2676983396093,582.3518176630573,583.2970153010402,1159.3987856854383,1159.902086098109,1159.902086098109,1161.594556643036,,,,,1162.1781644841144
5838,578.5576011889074,582.7453404988847,583.9498736331121,1160.0190740696808,1161.0010793866104,1161.1755190839617,1161.5898903750176,,,,,1162.3274783886902
5829,577.50553417231,581.8246355028442,582.8721700295412,1157.6114565430107,1160.2147436369648,1160.2147436369648,1161.794183049351,,,,,1162.3622007940628
5839,579.0977506738523,582.754010000418,583.5885896510159,1159.573588171683,1159.604767009651,1159.604767009651,1161.3249526989155,,,,,1162.5005961916193
5848,579.8284477047222,583.6935116561444,584.6005744433693,1160.5369148752325,1160.5984099536097,1160.8644912474492,1162.0563454886933,,,,,1162.660286203743
5815,575.7275821976087,580.5580530171896,581.99172267005,1156.1835107711504,1156.3718676457154,1156.3718676457154,1161.906017043049,,,,,1162.7242113172995
5849,580.0255818454117,583.829029713562,584.6338985652563,1160.5984099536097,1161.8270043223222,1161.8270043223222,1161.8275386296582,,,,,1162.7794938541304
5837,578.5226375273332,582.717022234347,583.8308769606107,1159.902086098109,1161.1898742769342,1161.3249526989155,1162.7440772974016,,,,,1163.5564030077508
5847,579.7690550305529,583.6857566780192,584.5738167840923,1160.5003682153174,1161.3801601897278,1161.3801601897278,1162.1411415573575,,,,,1163.9106295937618
5831,577.873670638543,581.9821251146885,582.8848695924714,1158.100353105986,1162.5548045928103,1162.5548045928103,1163.2555380793287,,,,,1164.3977241331454
5850,580.0331063701225,583.8308769606107,584.7575483814126,1161.1898742769342,1163.251317327169,1163.251317327169,1163.453412986471,,,,,1164.5821878296256
5841,579.3213971785191,582.8848695924714,583.829029713562,1159.824957913725,1160.0190740696808,1160.1314315726847,1160.5407081533403,,,,,1164.610178471492
5832,577.897889038921,581.99172267005,582.7453404988847,1157.4226512232367,1159.7108642768812,1159.7108642768812,1160.828334441792,,,1160.9769285813481,1164.6338570756684,1164.6338570756684
5840,579.1927978036347,582.8721700295412,583.6857566780192,1159.7108642768812,1160.5369148752325,1160.828334441792,1162.4350769568011,,,,,1164.7472449024312
5851,580.1567819779973,583.9498736331121,585.0689696156052,1162.5548045928103,1163.0270202646852,1163.0270202646852,1163.4233868506478,,,,,1164.8085453009576
5853,580.4567171717252,584.3619139404207,585.579149708791,1163.251317327169,1164.1296869114635,1164.1296869114635,1164.742494410586,,,,,1165.2563713130019
5857,580.6539256345901,584.6586492578494,585.5794654430493,1164.0142276722408,1164.4468888842473,1164.4468888842473,1164.8022481509108,,,,,1165.42661737441
5856,580.5559308360729,584.6338985652563,585.6655713204595,1164.0972133170005,1164.4517107097533,1164.4517107097533,1164.772115893247,,,,,1165.4562549166908
5860,581.0986906456693,584.8282532064816,585.4703270988158,1163.0270202646852,1164.0142276722408,1164.0142276722408,1165.4295968484882,,,,,1166.0317353583562
5845,579.636237848138,583.5885896510159,584.8237275586089,1161.3801601897278,1165.6068097581337,1165.6068097581337,1166.2161234287464,,,,,1167.050271397217
5861,581.1830336462643,585.0689696156052,586.3248664306224,1165.6068097581337,1165.8875891756359,1165.8875891756359,1166.559339134121,,,,,1167.1078447616273
5854,580.4642934128865,584.5738167840923,585.435032720655,1162.8101756861265,1163.1376946174016,1163.1376946174016,1163.2505434666357,,,1163.2505434666357,1167.3114145560153,1167.3114145560153
5852,580.3651005022828,584.1092435244065,585.4886643607839,1163.1376946174016,1164.0972133170005,1164.0972133170005,1166.7500144230985,,,,,1167.6595406530619
5862,581.2409036841194,585.435032720655,586.8654379175425,1165.9021286871289,1166.080341182889,1166.559339134121,1166.971531281344,,,,,1167.7812204599295
5858,580.6764406586911,584.7575483814126,586.0408786855006,1164.4517107097533,1165.218263977134,1165.218263977134,1167.3182004027992,,,,,1167.8229982836426
5859,580.7436231287164,584.8237275586089,585.6697988876047,1164.1296869114635,1165.633824349894,1165.633824349894,1167.7577204098604,,,,,1168.329805091294
5867,581.9573295430012,585.6655713204595,587.080057840142,1166.223499287272,1166.5103179959642,1167.287334232476,1167.364625436829,,,,,1168.7336500157917
5866,581.8291776358328,585.5794654430493,586.0951914966441,1165.218263977134,1165.7475777087038,1165.7475777087038,1167.287334232476,,,,,1168.8234188853244
5863,581.6073983981486,585.4703270988158,586.9363511040154,1166.080341182889,1167.8515672783835,1167.8515672783835,1168.766685528324,,,,,1169.288845164305
5864,581.710938743003,585.4886643607839,586.7550641312746,1165.8392303755159,1165.9736331587414,1166.2161234287464,1168.2311800037107,,,,,1169.2926892500527
5870,582.1362774496902,586.0408786855006,586.8143574796741,1165.8875891756359,1166.3098596542204,1166.971531281344,1168.5242342199904,,,,,1169.6521601944173
5855,580.4988047927042,584.6005744433693,585.6994897723439,1164.4468888842473,1165.8392303755159,1165.8392303755159,1168.7110040168834,,,,,1169.6961067817358
5844,579.5465217397866,583.2970153010402,584.6586492578494,1161.0010793866104,1166.223499287272,1166.7500144230985,1169.1417507120434,,,,,1169.7449177935364
5846,579.7080250994005,583.634014424756,584.8282532064816,1161.8270043223222,1162.8101756861265,1162.8101756861265,1168.611444045767,,,,,1169.8443938105077
5872,582.3144772525068,586.3248664306224,587.2734532415503,1166.5103179959642,1168.906754818779,1168.906754818779,1169.283230066577,,,,,1169.9648703207035
5865,581.7736572335987,585.579149708791,586.556573806716,1165.633824349894,1165.9021286871289,1165.9021286871289,1169.4140149443099,,,,,1170.0232826883775
5871,582.222161528863,586.0951914966441,587.3468444824521,1167.8515672783835,1169.2228307032105,1169.2228307032105,1169.527847481673,,,,,1170.0287747327595
5874,582.6936812550781,586.7282033130867,587.3396527606773,1167.326393337012,1168.3158747738587,1168.3158747738587,1168.929527139974,,,,,1170.254222754
5875,582.7467097592147,586.7550641312746,588.1269527503825,1169.2228307032105,1169.7995039134196,1169.7995039134196,1170.471454126111,,,,,1171.35202134025
5873,582.5233049601072,586.556573806716,587.2576413353597,1166.3098596542204,1167.326393337012,1167.326393337012,1170.244133111081,,,,,1171.597803086161
5877,582.940770732748,586.8654379175425,587.8042659953928,1168.3158747738587,1169.75160977073,1169.75160977073,1170.300274139677,,,,,1171.6562338670226
5884,583.8098488661534,587.3468444824521,588.221815483492,1169.9792348020512,1170.2789909517248,1170.2789909517248,1171.0543143507819,,,,,1171.8391834133677
5869,582.0971525906159,585.6994897723439,586.924215631578,1165.9736331587414,1168.6978665227857,1168.6978665227857,1170.3369535392326,,,,,1171.8475824735237
5886,583.9145460827127,587.8519650521722,588.755991589975,1170.7701571100047,1170.848193057627,1170.848193057627,1171.3244386384893,,,,,1171.858315174356
5880,583.313310850992,587.080057840142,588.3470307746962,1170.1272399538418,1170.7701571100047,1170.7701571100047,1170.79648908727,,,,,1172.0098317221662
5879,583.2237175209859,586.9363511040154,587.9268343490453,1168.6978665227857,1170.1272399538418,1170.1272399538418,1171.0277719168375,,,,,1172.080488014735
5878,583.0743173536163,586.924215631578,588.1250475652486,1168.906754818779,1169.9792348020512,1169.9792348020512,1170.5667785496787,,,,,1172.224796168703
5887,584.1168295577539,587.9268343490453,589.1491649912949,1171.5713877583282,1171.6326798968828,1171.6326798968828,1171.8101114484678,,,,,1172.5143295195169
5882,583.7298025902811,587.2734532415503,588.2127553403681,1169.7995039134196,1171.5713877583282,1171.5713877583282,1172.1479124692064,,,,,1173.2126050453508
5868,582.055839689766,585.6697988876047,586.7282033130867,1165.7475777087038,1168.3779018572775,1168.3779018572775,1169.2767094164476,,,1169.2767094164476,1173.8310275468968,1173.8310275468968
5876,582.8514317800164,586.8143574796741,587.8519650521722,1168.3779018572775,1172.8560548380653,1172.8560548380653,1173.0501387339168,,,,,1173.9042291341275
5885,583.8213919669159,587.8042659953928,589.028099308811,1170.8670769599717,1172.5683229361139,1172.5683229361139,1172.6268064935612,,,,,1173.9210777147127
5893,584.8400922470764,588.3470307746962,589.2685085535607,1171.79727012274,1172.5660357975519,1172.5660357975519,1173.146553694303,,,,,1174.024350502613
5891,584.7608541558957,588.2127553403681,589.139038641237,1171.2255744237928,1171.79727012274,1171.79727012274,1173.958822110041,,,,,1174.5392038527482
5881,583.3853489289353,587.2576413353597,588.1305009731709,1169.75160977073,1170.8670769599717,1170.8670769599717,1173.9724344986078,,,,,1174.9781224931278
5890,584.577476578307,588.1305009731709,589.5429867252628,1172.5683229361139,1173.1685704587803,1173.1685704587803,1174.150569313454,,,,,1175.0465085808507
5889,584.5566831298028,588.1269527503825,588.9904229786101,1170.848193057627,1171.2255744237928,1171.2255744237928,1174.6137504337983,,,,,1175.234566869883
5894,584.8506912003845,588.6449386174764,589.6750366577501,1172.8560548380653,1174.0138956395288,1174.0138956395288,1174.8122472536586,,,,,1175.3545502607253
5899,585.0465614461655,589.1491649912949,590.2512490173883,1174.5521282219802,1175.0656655094776,1175.0656655094776,1175.277248929549,,,,,1175.8187467451648
5902,585.3375617619565,589.2921966076239,590.114336620376,1174.100418622,1174.7096844215953,1174.7096844215953,1174.9371595432015,,,,,1175.8316804168414
5888,584.3753367460438,588.1250475652486,589.2921966076239,1172.5660357975519,1173.5800689969763,1173.5800689969763,1174.5428842383842,,,,,1175.8791206480184
5895,584.860142121341,588.755991589975,589.9031968783846,1173.5800689969763,1174.6237974707371,1174.6237974707371,1175.4216021836492,,,,,1176.1098041734022
5898,585.0203472516213,589.139038641237,590.1049473076739,1174.0138956395288,1175.4237701636214,1175.4237701636214,1175.5095029218,,,,,1176.1746013342429
5908,586.0280123570441,590.114336620376,591.1149017517886,1175.6573787244433,1175.9150370162713,1175.9150370162713,1175.9293473639984,,,,,1176.644095421652
5883,583.7488099943797,587.3396527606773,588.6449386174764,1170.2789909517248,1174.5521282219802,1174.5521282219802,1175.4090369318194,,,,,1176.7321861640692
5903,585.4688331827272,589.5429867252628,590.5638046477785,1175.0199805771213,1175.4790485429953,1175.4790485429953,1175.950985399989,,,,,1176.980164008823
5897,584.9562877247664,589.028099308811,590.2789464010224,1174.6237974707371,1174.9388700527822,1174.9388700527822,1176.1068529693734,,,,,1177.1050034070056
5900,585.1596202039816,589.2333153968161,590.3696885547155,1174.7096844215953,1175.0199805771213,1175.0199805771213,1176.4122271487745,,,,,1177.1526239801112
5912,586.2508222803428,590.4224475868087,591.2597665117596,1176.8952325943703,1177.0849066010255,1177.0849066010255,1177.349056251482,,,,,1177.8847309454206
5896,584.9337998322803,588.9904229786101,589.7157573854608,1173.1685704587803,1174.100418622,1174.100418622,1177.404464870927,,,,,1178.1274030338489
5905,585.5886058812678,589.7157573854608,591.0730518809715,1175.4790485429953,1175.6573787244433,1175.6573787244433,1176.1526051766198,,,,,1178.1620062644133
5910,586.0884317189883,590.2789464010224,591.095703306363,1175.5823374369397,1176.279456244325,1176.279456244325,1176.914264290782,,,,,1178.3136771991965
5906,585.7668963915014,589.9031968783846,590.7004883017905,1175.0656655094776,1175.5823374369397,1175.5823374369397,1177.361584671812,,,,,1178.3468195528767
5907,585.8949033905828,590.1049473076739,591.1956531031407,1175.9150370162713,1177.0501901732812,1177.0501901732812,1177.6136065340402,,,,,1178.8259989033272
5913,586.2874660311369,590.5638046477785,591.6470579008933,1177.0849066010255,1178.0716809765495,1178.0716809765495,1178.288802796016,,,,,1178.9226076919838
5901,585.2850834419803,589.2685085535607,590.4224475868087,1174.9388700527822,1176.8952325943703,1176.8952325943703,1177.206410636087,,,,,1179.0920976154944
5892,584.8317034340117,588.221815483492,589.2333153968161,1171.6326798968828,1177.3228292255171,1177.3228292255171,1178.2893792707462,,,,,1179.1765941380477
5917,586.528385816146,591.095703306363,592.0717230155002,1178.0716809765495,1178.5423824800114,1178.5423824800114,1178.9337397083536,,,,,1179.4986026767724
5909,586.0335632233764,590.2512490173883,591.2497270875406,1176.279456244325,1179.2266996489109,1179.2266996489109,1179.4305034039328,,,,,1179.9860905228877
5915,586.4296079462847,590.8433567466813,591.8947490251421,1177.3228292255171,1177.4916324590954,1177.4916324590954,1179.169558473087,,,,,1180.0211777148343
5919,586.5551515270625,591.1956531031407,592.0903809954896,1178.5423824800114,1179.1694298703978,1179.1694298703978,1179.30970891317,,,,,1180.3916496750312
5914,586.3759961999464,590.7004883017905,592.0516000902261,1177.4916324590954,1179.362586714951,1179.362586714951,1180.0774816232602,,,,,1180.7781613565821
5911,586.1167327476408,590.3696885547155,591.4113532973912,1177.0501901732812,1179.014427984496,1179.014427984496,1179.738839946698,,,,,1180.7871197413242
5904,585.5655784461162,589.6750366577501,590.8433567466813,1175.4237701636214,1179.8372406024914,1179.8372406024914,1180.8359338419334,,,,,1181.3376213195052
5928,587.9249237693449,592.2307212346833,593.1136893302714,1180.2294919350616,1180.441304300439,1180.441304300439,1180.9774345617445,,,,,1181.5574043347685
5920,586.7598051476887,591.2497270875406,592.4215637120467,1179.8372406024914,1180.2294919350616,1180.2294919350616,1181.2131457140902,,,,,1182.027216282248
5921,586.7850799213609,591.2597665117596,592.248657623207,1179.1694298703978,1180.15261567351,1180.15261567351,1181.2452659426963,,,,,1182.2363055326077
5927,587.7860339645396,592.0903809954896,593.2749240939116,1181.0532389515722,1181.3386075145602,1181.3386075145602,1181.5930485763683,,,,,1182.2648839114963
5923,586.9909811758356,591.6470579008933,592.4294751072072,1180.0761888326795,1180.8110736306949,1180.8110736306949,1181.6974136331041,,,,,1182.5867443094892
5924,587.4966257974895,591.8947490251421,593.1937460243126,1180.8110736306949,1181.0532389515722,1181.0532389515722,1181.4293093015765,,,,,1182.73004712563
5916,586.4389234077191,591.0730518809715,592.2307212346833,1179.014427984496,1180.0761888326795,1180.0761888326795,1180.696498313666,,,,,1182.7814449979949
5926,587.633829029164,592.0717230155002,593.1827502186957,1180.441304300439,1181.6011188016014,1181.6011188016014,1182.3087499042758,,,,,1182.95432550589
5931,588.164282197086,592.3605373995921,593.5505842162623,1182.3908864744908,1182.4203393575758,1182.4203393575758,1182.6585294518122,,,,,1183.3226375726329
5925,587.5013963363864,592.0516000902261,593.449365890951,1181.3386075145602,1182.3908864744908,1182.3908864744908,1182.525666041474,,,,,1183.4846586266474
5930,588.0062865200325,592.3111425338051,593.5220829864364,1181.6011188016014,1182.5782250052619,1182.5782250052619,1183.0562302425978,,,,,1183.7475973362798
5932,588.285659753414,592.4215637120467,593.4066578025685,1181.2835281829928,1182.9951457957118,1182.9951457957118,1183.269027788225,,,,,1183.8188020162058
5940,588.5977663576705,593.449365890951,594.1866594803522,1182.8458106676135,1183.1976573399459,1183.1976573399459,1184.074411453163,,,,,1184.864223030517
5936,588.3462700202556,593.1827502186957,593.8893117854426,1182.6309030901311,1182.8458106676135,1182.8458106676135,1183.2639282797866,,,,,1185.0105466409852
5934,588.3069593637294,592.8476734578302,593.7537086843461,1182.4203393575758,1182.8102060307824,1182.8102060307824,1184.5452389646332,,,,,1185.1373025789187
5937,588.4301383726361,593.1937460243126,594.2246520369129,1182.9730255235932,1183.4842388756865,1183.4842388756865,1184.011155437875,,,,,1185.3166677011088
5935,588.328139322544,593.1136893302714,593.9827388088344,1182.8102060307824,1184.8172489573635,1184.8172489573635,1184.8506898466187,,,,,1185.42150398344
5933,588.2915107778861,592.4294751072072,593.8140468904837,1182.5782250052619,1182.9730255235932,1182.9730255235932,1184.232217126415,,,,,1185.6655594109682
5922,586.8871584742581,591.4113532973912,592.3605373995921,1179.362586714951,1184.6401105908678,1184.6401105908678,1185.0661063190826,,,,,1185.8662999257701
5929,587.9638908504537,592.248657623207,592.8476734578302,1180.15261567351,1181.2835281829928,1181.2835281829928,1182.0561931150175,,,1182.0561931150175,1186.0635477504288,1186.0635477504288
5918,586.5378706398488,591.1149017517886,592.3111425338051,1179.2266996489109,1182.6309030901311,1182.6309030901311,1185.6434767815551,,,,,1186.4292438015761
5947,589.2099047663119,594.1866594803522,595.1807751446798,1185.7631292416684,1185.7717161015169,1185.7717161015169,1186.2478772148759,,,,,1186.826843442124
5943,588.879132349056,593.7537086843461,594.5091390228084,1183.8561771815505,1184.1527582501553,1184.1527582501553,1186.3772687903502,,,,,1187.0664766015163
5945,589.074778718321,593.8893117854426,594.7281393440777,1184.1777946551404,1185.632315582897,1185.632315582897,1186.062687997068,,,,,1187.16384291523
5944,588.8901721153693,593.8140468904837,595.0471125941087,1184.8172489573635,1185.7631292416684,1185.7631292416684,1186.3314021082658,,,,,1187.3164223503327
5941,588.7925538181629,593.5220829864364,594.5032955032742,1183.4842388756865,1183.8561771815505,1183.8561771815505,1185.7265429898544,,,,,1187.6076434436095
5949,589.3889856955019,594.3614797852109,595.3239460625196,1185.7717161015169,1185.926632692492,1185.926632692492,1187.4762912420058,,,,,1188.223111862523
5938,588.5414816344696,593.2749240939116,594.3614797852109,1182.9951457957118,1184.1777946551404,1184.1777946551404,1186.6486265667959,,,,,1188.883124033271
5950,589.5291178620687,594.4578810190346,595.4257607329072,1186.7600867060278,1187.3413233274578,1187.3413233274578,1187.5487874584403,,,,,1189.0077441687556
5948,589.3570802203371,594.2246520369129,595.0704268763587,1185.632315582897,1187.6355608651431,1187.6355608651431,1188.0950710747088,,,,,1189.037303531238
5946,589.1328978656283,593.9827388088344,594.9563203458309,1184.6401105908678,1186.7600867060278,1186.7600867060278,1186.8411930909022,,,,,1189.2585177261944
5951,589.7404858780724,594.5032955032742,595.5069659901678,1187.3413233274578,1187.6204539272912,1187.6204539272912,1188.1478181446041,,,,,1189.3689418531594
5953,589.8122906226952,594.5524662918718,595.4054170003332,1185.926632692492,1187.4953225318052,1187.4953225318052,1188.4652024807663,,,,,1189.4093234510926
5956,590.2240678794437,595.0471125941087,596.0820646412355,1187.7268861542261,1188.4237993042698,1188.4237993042698,1189.1247432415837,,,,,1189.6405682739255
5954,589.8554669855431,594.7281393440777,595.5401648299156,1187.4953225318052,1189.0915441905267,1189.0915441905267,1189.55335235928,,,,,1190.2271494174095
5952,589.7947241784277,594.5091390228084,595.7142449623402,1187.6204539272912,1187.7268861542261,1187.7268861542261,1189.3699813363723,,,,,1190.5106093590036
5958,590.5016162331308,595.1807751446798,596.2247340337738,1189.0915441905267,1189.897323412938,1189.897323412938,1190.2841523783377,,,,,1190.8314894027963
5942,588.8105547767773,593.5505842162623,594.5524662918718,1184.1527582501553,1188.5979475437794,1188.5979475437794,1190.236663702083,,,,,1191.0963005124636
5962,591.0530437415727,595.5069659901678,596.1711154243905,1188.5979475437794,1190.2595966486003,1190.2595966486003,1190.2744667637523,,,,,1191.2245776578
5964,591.1058222327225,595.7142449623402,596.5035609858693,1190.171256453133,1190.656559031183,1190.656559031183,1190.7514810256507,,,,,1191.4009822867097
5957,590.443537023112,595.0704268763587,596.1442116051098,1188.4237993042698,1190.171256453133,1190.171256453133,1190.9572802030334,,,,,1191.5434137774398
5973,591.4551086835057,596.5046957092595,597.0924330220657,1190.657176317054,1190.9246148270138,1190.9246148270138,1190.9424518414892,,,,,1191.7884231574412
5960,590.7113007298024,595.4054170003332,596.3136259212931,1189.8625701218268,1190.1907664618918,1190.1907664618918,1190.3847342458716,,,,,1191.8898675969588
5955,590.0899781002232,594.9563203458309,595.963920594237,1187.6355608651431,1189.8625701218268,1189.8625701218268,1190.5863035986547,,,,,1191.9588022017622
5967,591.1444629228812,596.1442116051098,597.1940189264582,1190.9246148270138,1191.1617823912798,1191.1617823912798,1191.605007033036,,,,,1192.1617423725875
5966,591.1375066772365,596.0820646412355,597.342319648668,1191.2574198985976,1191.270604716388,1191.270604716388,1191.6727710230466,,,,,1192.2284282288474
5959,590.5441063711689,595.3239460625196,596.4661682543305,1189.897323412938,1191.5912786927368,1191.5912786927368,1191.9702880827335,,,,,1192.83873067025
5963,591.0971163813847,595.5401648299156,596.5745779072408,1190.2595966486003,1190.6793243803788,1190.6793243803788,1192.1018838765024,,,,,1192.869609608071
5939,588.589675756333,593.4066578025685,594.4578810190346,1183.1976573399459,1190.3296845849081,1190.3296845849081,1192.2122227337627,,,,,1193.0659209411479
5970,591.3483399309921,596.3136259212931,597.7224402148439,1191.5912786927368,1192.246278389266,1192.246278389266,1192.5323703680199,,,,,1193.253955762936
5969,591.3298855442561,596.2247340337738,596.8383061977406,1190.3296845849081,1190.657176317054,1190.657176317054,1192.3391139981393,,,,,1193.6565292700247
5965,591.1145337534863,595.963920594237,596.898461556039,1190.656559031183,1192.968883663441,1192.968883663441,1193.0719786107104,,,,,1193.6585563306865
5961,590.8817144788721,595.4257607329072,596.5046957092595,1190.1907664618918,1191.8113848224184,1191.8113848224184,1192.538532342332,,,,,1194.2814000652988
5976,591.6737980988827,596.898461556039,597.7629614298601,1192.246278389266,1193.489637180637,1193.489637180637,1193.5290108116235,,,,,1194.311802247244
5979,592.358234388983,597.1940189264582,598.0863008109953,1192.968883663441,1193.6526644572073,1193.6526644572073,1193.9211746840867,,,,,1194.6958585119617
5980,592.3860122094704,597.2586142584331,597.9738360861359,1192.8331973464883,1194.192106650053,1194.192106650053,1194.2720281067368,,,,,1195.2432621686714
5974,591.5218408688601,596.5745779072408,597.703481802912,1191.270604716388,1192.5095348203972,1192.5095348203972,1194.8536852833174,,,,,1195.3945021921757
5975,591.6668760039998,596.8383061977406,597.7388525519788,1191.8113848224184,1192.8331973464883,1192.8331973464883,1194.188780774488,,,,,1195.6061133570022
5986,592.5327938954891,597.7684828050801,598.7277764156356,1194.192106650053,1194.4028278895166,1194.4028278895166,1195.5722126620476,,,,,1196.0818175545626
5972,591.4389557584467,596.5035609858693,597.7684828050801,1192.5095348203972,1193.5371214468464,1193.5371214468464,1195.3314730447341,,,,,1196.1213451368571
5981,592.4357857520719,597.342319648668,598.2411871223685,1193.6526644572073,1193.7740024987017,1193.7740024987017,1195.3208921905482,,,,,1196.394572547325
5987,592.534059315386,597.9738360861359,599.0509617093802,1195.6555931100372,1195.7090364484511,1195.7090364484511,1195.91348983167,,,,,1196.5831397308557
5985,592.4873333957681,597.7629614298601,598.3794503379187,1193.7740024987017,1195.6555931100372,1195.6555931100372,1195.6713977116624,,,,,1196.5983546988386
5977,591.7922979447766,597.0924330220657,598.1289360643049,1193.489637180637,1195.4202481552638,1195.4202481552638,1195.5628517393502,,,,,1196.8685274780744
5971,591.4070954214624,596.4661682543305,597.2586142584331,1191.1617823912798,1194.009636418254,1194.009636418254,1195.5433320486366,,,,,1197.4116329670562
5984,592.4580363288865,597.7388525519788,598.7668600805183,1194.4028278895166,1196.8456885577777,1196.8456885577777,1196.9147574797264,,,,,1197.8628599330223
5989,593.0180480592334,598.1289360643049,599.2317617312256,1195.9892363968165,1196.5779659550344,1196.5779659550344,1197.663957003059,,,,,1198.1679986523038
5982,592.437438801002,597.703481802912,598.9095718811599,1194.9780720577305,1196.1031738572608,1196.1031738572608,1197.6847940436267,,,,,1198.1994399777457
5993,593.8710489755713,598.5601401470802,599.573405151809,1196.8456885577777,1196.9842227922989,1196.9842227922989,1197.3345474038554,,,,,1198.8134247272033
5978,592.2617358280261,597.1074240962557,598.1852584961531,1193.5371214468464,1194.9780720577305,1194.9780720577305,1198.384962566137,,,,,1198.9481705047942
5992,593.8052961879764,598.3794503379187,599.5506711687863,1196.5779659550344,1197.8935340485332,1197.8935340485332,1198.811688838711,,,,,1199.4824135873384
5996,593.9499302842825,598.9095718811599,599.620196733256,1196.9842227922989,1198.521221583405,1198.521221583405,1198.709735331996,,,,,1199.5977462568653
5991,593.4806034375831,598.2411871223685,599.0668851533347,1195.7090364484511,1198.200980875755,1198.200980875755,1198.430591210303,,,,,1199.598451126294
5998,594.0473276173099,599.0509617093802,600.004606139575,1197.8935340485332,1197.9408424807973,1197.9408424807973,1198.3404222315655,,,,,1199.8195518195466
5983,592.4530823064302,597.7224402148439,598.5601401470802,1194.009636418254,1195.9892363968165,1195.9892363968165,1198.4934958388762,,,,,1199.82925262226
5995,593.8884592715624,598.7668600805183,599.6594735711401,1197.6042528973112,1197.647196467649,1197.647196467649,1199.1426314635225,,,,,1199.8947811890787
6004,594.6367641119606,599.620196733256,600.5662541591033,1198.684959292348,1198.7606624937312,1198.7606624937312,1199.0172602953085,,,,,1200.26792819418
5994,593.8806943842154,598.7277764156356,599.6762477266979,1197.647196467649,1197.9186584046215,1197.9186584046215,1199.0459358515095,,,,,1200.3214358589994
5999,594.1126880612505,599.0668851533347,600.0130086315961,1197.9186584046215,1198.684959292348,1198.684959292348,1199.2362569286558,,,,,1200.39217743404
5968,591.2525192262838,596.1711154243905,597.1074240962557,1190.6793243803788,1191.2574198985976,1191.2574198985976,1193.8913972170758,,,1193.8913972170758,1200.5983205977657,1200.5983205977657
5988,592.7774909113731,598.0863008109953,598.9331682599527,1195.4202481552638,1197.8896759332224,1197.8896759332224,1200.2259581262078,,,,,1200.8818384058557
6005,594.6500969776095,599.6594735711401,600.709531034462,1198.7606624937312,1199.1643441272251,1199.1643441272251,1200.630924541993,,,,,1201.1803753966667
5997,594.0416923521609,598.9331682599527,600.321639403912,1198.200980875755,1199.0126177350282,1199.0126177350282,1201.2553127368085,,,,,1201.8840228871886
6002,594.3992165239953,599.5506711687863,600.487704476383,1198.521221583405,1200.8565334228497,1200.8565334228497,1200.8806013569979,,,,,1202.3151453150801
6003,594.4269002761897,599.573405151809,600.9246300286163,1199.0126177350282,1200.0934277263698,1200.0934277263698,1201.49398201709,,,,,1202.5423079349373
6010,595.121404031066,600.070465858419,601.0345622259885,1200.0934277263698,1201.0204075410218,1201.0204075410218,1201.7431255547763,,,,,1202.710303040691
6014,595.5243510467336,600.709531034462,601.4934951203849,1201.599728404249,1201.924699903361,1201.924699903361,1202.162980906531,,,,,1202.7677060343576
6000,594.1292997386809,599.2317617312256,599.9367573664741,1197.8896759332224,1198.8740024507456,1198.8740024507456,1201.9188183318179,,,,,1203.2112845345716
6009,595.0446125802092,600.0130086315961,601.0332979688264,1199.1643441272251,1202.1287862481904,1202.1287862481904,1202.3165818270436,,,,,1203.5104219929178
5990,593.2498194721908,598.1852584961531,599.2677589869104,1196.1031738572608,1197.6042528973112,1197.6042528973112,1197.69307322604,,,1197.69307322604,1203.545969506589,1203.545969506589
6008,594.8781033908617,600.004606139575,601.2546858175568,1201.0204075410218,1201.241690705114,1201.241690705114,1202.352285585377,,,,,1203.551083646992
6001,594.2340364088435,599.2677589869104,600.070465858419,1197.9408424807973,1201.599728404249,1201.599728404249,1202.7298720174658,,,,,1203.656587820444
6013,595.4601877569711,600.5662541591033,601.4486784611214,1201.5110925148645,1202.1727009639574,1202.1727009639574,1202.6239156009556,,,,,1204.1708329083274
6016,595.8337367418998,600.9246300286163,601.9805397515072,1202.1727009639574,1202.3390376610364,1202.3390376610364,1203.0975273871352,,,,,1204.6953525582808
6012,595.3728125209432,600.487704476383,601.573677851578,1201.924699903361,1202.4385366432782,1202.4385366432782,1204.1082603176403,,,,,1204.8014919996594
6024,596.3685801000219,601.573677851578,602.2559427132668,1202.611589831656,1202.9960535902092,1202.9960535902092,1204.0555466417263,,,,,1204.9382350370233
6018,595.845700952655,601.0345622259885,601.7948758714141,1202.1287862481904,1203.0835436646191,1203.0835436646191,1203.971193492568,,,,,1204.996992027549
6017,595.8450242306171,601.0332979688264,602.0514714293053,1202.3390376610364,1204.1747245218096,1204.1747245218096,1204.4766196005564,,,,,1205.085019101571
6015,595.7781170250345,600.9095075396361,602.062295818409,1202.4385366432782,1204.1443445697978,1204.1443445697978,1204.5473235561788,,,,,1205.4145194751484
6021,596.1099825469752,601.2994930682655,602.3561667340174,1203.0835436646191,1204.812488458604,1204.812488458604,1204.933863261685,,,,,1205.6712642624666
6020,596.0153604990091,601.2546858175568,602.3970713838738,1203.6649780011558,1204.6369324846921,1204.6369324846921,1205.2509911115355,,,,,1206.08086412017
6026,596.468446727976,601.9805397515072,603.111462051716,1205.2655909876323,1206.2847247665065,1206.2847247665065,1206.7094785378956,,,,,1207.2562308241286
6023,596.2753565993999,601.4934951203849,602.3177496340909,1202.9960535902092,1204.6811116228741,1204.6811116228741,1206.7501994823433,,,,,1207.2629362955577
6028,596.5607763388169,602.062295818409,603.0621197435354,1204.812488458604,1205.1678497533444,1205.1678497533444,1206.7063425836425,,,,,1207.674858497036
6019,595.9188069256072,601.2492288933739,602.6129860155127,1204.6369324846921,1205.5781994693343,1205.5781994693343,1205.8899146941328,,,,,1207.9212337769568
6011,595.2646512474571,600.321639403912,601.2994930682655,1201.241690705114,1202.611589831656,1202.611589831656,1204.1599950167554,,,1204.1599950167554,1208.5640337744298,1208.5640337744298
6007,594.8143120097133,599.9367573664741,600.9095075396361,1198.8740024507456,1201.5110925148645,1201.5110925148645,1202.9845442088852,,,1202.9845442088852,1208.6734711609492,1208.6734711609492
6033,597.4262017629623,602.4135404063139,603.4001727283107,1206.4525371244176,1207.0712428438956,1207.0712428438956,1207.9442266670114,,,,,1208.7031234058918
6029,596.892860011235,602.2559427132668,603.0905587853066,1205.1678497533444,1208.0037723113553,1208.0037723113553,1208.3850098278751,,,,,1209.1874897574296
6025,596.4081728035177,601.7948758714141,602.6051749366203,1204.1747245218096,1206.4525371244176,1206.4525371244176,1206.896055228188,,,,,1209.3639472668428
6022,596.130889534033,601.4486784611214,602.4135404063139,1204.1443445697978,1206.123361003544,1206.123361003544,1207.7486464003139,,,,,1209.7364774180455
6027,596.4987642456756,602.0514714293053,602.9324024841286,1204.6811116228741,1205.2655909876323,1205.2655909876323,1206.7018618259485,,,1206.7018618259485,1209.7637261017176,1209.7637261017176
6036,598.0575013784967,602.9324024841286,603.8114426657486,1207.8370495956524,1209.0244459680564,1209.0244459680564,1209.3965243904163,,,,,1210.4870268322775
6037,598.0645179960372,603.0621197435354,603.8200736672372,1208.0037723113553,1209.7293152891234,1209.7293152891234,1209.9731764079086,,,,,1210.5700665662928
6006,594.6694848972897,599.6762477266979,601.2492288933739,1200.8565334228497,1203.6649780011558,1203.6649780011558,1204.2464455142742,,,1204.2464455142742,1210.7875463277583,1210.7875463277583
6035,597.9306570371441,602.6129860155127,603.5181144340652,1207.4868786859972,1208.6978540175028,1208.6978540175028,1210.2693218787244,,,,,1211.0771687831516
6041,598.5228071041915,603.2453208012994,604.4673201927484,1209.9752685577384,1210.388515943773,1210.388515943773,1210.573274368316,,,,,1211.413427839473
6039,598.4971155652263,603.111462051716,603.8859529261882,1208.4250168256829,1208.695508706259,1208.695508706259,1210.4570118228291,,,,,1211.8414381548696
6045,599.0270582728066,603.5181144340652,604.278042541761,1209.7293152891234,1210.7618621188296,1210.7618621188296,1211.3029821823864,,,,,1211.8701794516796
6043,598.7593805943972,603.4001727283107,604.2746600714377,1209.2791785549962,1209.9752685577384,1209.9752685577384,1211.3520306668352,,,,,1212.0140249652281
6044,598.7739716809734,603.5078342999983,604.7556544445284,1210.2952464300913,1211.3810794908165,1211.3810794908165,1211.7114207449322,,,,,1212.3880369893418
6032,597.0865852009796,602.3970713838738,603.2453208012994,1206.123361003544,1207.4868786859972,1207.4868786859972,1210.0942448929602,,,,,1212.3944917013132
6040,598.520585215422,603.1441475704852,604.137048180526,1208.6978540175028,1211.5237507607644,1211.5237507607644,1212.1383727204918,,,,,1212.940501383435
6053,600.0671569274829,604.278042541761,605.2864127659894,1211.3810794908165,1212.0435334976253,1212.1383727204918,1212.2729332231247,,,,,1212.9444711197696
6049,599.3365750780855,603.9338252377165,605.0834821522947,1210.825513115357,1211.915218120124,1211.9468684131386,1212.1749327238078,,,,,1213.0291799450956
6034,597.5751923487412,602.6051749366203,603.5078342999983,1207.0712428438956,1207.8370495956524,1207.8370495956524,1208.2089715456802,,,1208.2089715456802,1213.7154533359346,1213.7154533359346
6052,599.9368089615331,604.2746600714377,605.3622699471895,1211.5237507607644,1211.6265779993178,1211.7114207449322,1211.9468684131386,,,,,1213.737510292951
6051,599.8571240166634,604.1942520701039,605.6844341075827,1211.5762925624633,1212.152118082909,1212.1749327238078,1212.584286146128,,,,,1213.7678396626116
6038,598.4158573486574,603.0905587853066,603.9338252377165,1208.695508706259,1211.5762925624633,1211.5762925624633,1212.8129117335743,,,,,1213.9490185830966
6050,599.3531440907627,604.137048180526,605.0279026178175,1210.7618621188296,1210.825513115357,1210.825513115357,1213.8650044861101,,,,,1214.6602539953876
6048,599.3224470377016,603.8859529261882,604.7682620975753,1210.388515943773,1210.6430921156746,1210.6430921156746,1214.30238915508,,,,,1214.9032882324232
6042,598.6892355289407,603.3369371443837,604.1942520701039,1209.0244459680564,1210.2952464300913,1210.2952464300913,1214.416815652842,,,,,1215.0738562403762
6047,599.0879293770932,603.8200736672372,605.191277492954,1211.0949671793487,1212.7306477185236,1212.7306477185236,1214.4469857853524,,,,,1215.1477491543505
6031,597.0654358226537,602.3561667340174,603.3369371443837,1206.2847247665065,1208.4250168256829,1208.4250168256829,1208.7698837160888,,,1208.7698837160888,1215.1766977998445,1215.1766977998445
6030,597.0110528550401,602.3177496340909,603.1441475704852,1205.5781994693343,1209.2791785549962,1209.2791785549962,1212.6879302192879,,,,,1215.3584589453499
6046,599.05097014395,603.8114426657486,604.7899324384115,1210.6430921156746,1211.0949671793487,1211.0949671793487,1215.4695556707331,,,,,1216.361387873056
