ts,occ
0.0,0.0
1.2414085617016224,1.0
1.2597945641618393,2.0
1.3698187526385153,3.0
1.3824487378564045,2.0
1.598756524803707,1.0
1.6246763492074754,2.0
1.6811198735907131,3.0
1.7486124533627219,2.0
2.020824386772511,3.0
2.108803564689579,4.0
2.293678626056912,5.0
2.3310546734558564,6.0
2.3463250652369734,7.0
2.3555373144297826,8.0
2.416081957759037,7.0
2.4444948829201474,6.0
2.4672327256489712,5.0
2.471400141698254,4.0
2.631783633839124,3.0
2.6728457934490137,4.0
2.767161364332779,3.0
2.7814002854726887,4.0
2.8160864579621263,5.0
3.047617063083937,4.0
3.1060274321705004,3.0
3.130374380558565,2.0
3.2366067196232904,1.0
3.3296968369257733,2.0
3.4427274970013078,3.0
3.5573801387511135,4.0
3.5867354173314556,5.0
3.620634791537679,6.0
3.8481637962274737,7.0
4.019365107968891,6.0
4.019365107968891,7.0
4.070044539577482,6.0
4.070044539577482,7.0
4.124216630151417,6.0
4.25259043416012,5.0
4.29803898361614,4.0
4.349363024800965,5.0
4.494725380638901,4.0
4.548593045090463,5.0
4.555122809638779,4.0
4.610103995809906,3.0
4.647630339931377,2.0
4.66450556461985,1.0
4.711667261312688,2.0
5.002285673730933,3.0
5.051620965748991,4.0
5.077343722160838,3.0
5.1182817134390275,2.0
5.2096201289059545,1.0
5.329558178713738,2.0
5.412618398226765,3.0
5.43108100531304,2.0
5.6015275313892925,3.0
5.613058421182288,2.0
5.71884742020844,3.0
5.792676579556014,2.0
5.805686696275675,3.0
5.944395646440588,2.0
6.0182225465456,1.0
6.077970599395857,2.0
6.2377870852468185,1.0
6.827026969195273,2.0
6.8288832967387085,3.0
6.95451235325188,4.0
6.976782001650811,3.0
7.093112475251168,4.0
7.194264754874163,5.0
7.2125892901223665,4.0
7.338832939849956,3.0
7.381428158887494,4.0
7.4103631077250744,5.0
7.5608991251270306,4.0
7.5608991251270306,5.0
7.689812526878564,4.0
7.689812526878564,5.0
7.713371920972584,4.0
7.713371920972584,5.0
7.753232795602334,4.0
7.7856691107458325,3.0
8.02926577719407,4.0
8.08518661875765,5.0
8.208019277451262,4.0
8.29555684279795,3.0
8.300658786629807,4.0
8.511104501317243,5.0
8.555661289775069,4.0
8.555661289775069,5.0
8.570440726688913,4.0
8.578179713723694,5.0
8.688761057967888,4.0
8.83025273087631,5.0
8.854856040170498,4.0
8.87090513491405,3.0
8.92932834017205,2.0
8.950801667827783,3.0
8.996492173837082,2.0
8.996745384391506,1.0
9.055793154910367,2.0
9.163763921195523,1.0
9.24132872649478,0.0
9.44247562846862,1.0
9.580505840872354,0.0
9.70444305006203,1.0
9.793972797693037,2.0
9.866479236634401,3.0
9.924336506295479,4.0
10.007695940278735,3.0
10.057583251033424,4.0
10.112493422927795,3.0
10.14064210262538,4.0
10.243220038810458,3.0
10.48308637034962,4.0
10.489869854687537,3.0
10.551771504752615,4.0
10.593692306614603,3.0
10.618243599935942,2.0
10.706883119015512,1.0
10.812741287039977,2.0
10.83252696383566,3.0
10.980733545387627,2.0
10.994230677993114,1.0
11.04892295800384,2.0
11.154040647864012,1.0
11.235916843780187,2.0
11.287456725052541,3.0
11.441093207240762,4.0
11.486870302330814,5.0
11.58947481357943,4.0
11.639181203008384,5.0
11.94798120997488,6.0
11.965876393019355,5.0
11.965876393019355,6.0
11.99536345100615,5.0
12.047408350946094,4.0
12.065041239694395,3.0
12.43949477610893,2.0
12.466054217497241,3.0
12.504001444167804,2.0
12.518368373606334,3.0
12.600242345116007,4.0
12.618635086364893,3.0
12.666249295530967,2.0
12.679865281573951,3.0
12.686947404708778,4.0
12.705168329640523,3.0
12.858604417578086,2.0
12.890378420075068,3.0
12.901005684736704,2.0
13.0877048924816,3.0
13.315259020639962,4.0
13.33132415951711,3.0
13.356088659249897,2.0
13.457326830930525,1.0
13.65897238214592,2.0
13.761011995103317,1.0
13.761364521831066,0.0
14.425283400964787,1.0
14.543918930818924,2.0
14.62763515833834,1.0
14.641614561778198,2.0
14.780551854110353,1.0
14.846137181934392,2.0
15.093519284846792,3.0
15.100665543442823,4.0
15.161156146054696,3.0
15.27141055292801,4.0
15.28551978546521,3.0
15.303345699202048,2.0
15.322890907482778,3.0
15.361037354284607,2.0
15.365338706022754,3.0
15.421525197228027,4.0
15.428259944474132,3.0
15.488320097982854,4.0
15.539085997745724,5.0
15.655675280737572,4.0
15.772851148713722,5.0
15.778881276946748,4.0
15.832935362556034,3.0
15.923014760426996,4.0
16.000797345751497,5.0
16.071823544804058,4.0
16.11040861252328,5.0
16.222953130556807,4.0
16.386477835275315,5.0
16.46605198047696,4.0
16.538558890749474,3.0
16.5870980572014,2.0
16.716784017318282,3.0
16.717329737399954,4.0
16.77316393440338,5.0
16.82647238265084,4.0
16.899705057422786,3.0
16.961106390473976,4.0
16.993440758054728,5.0
17.016759941075843,6.0
17.173717459199963,5.0
17.183735233481055,4.0
17.224661727548565,5.0
17.243035475088554,6.0
17.338006382191324,5.0
17.348556080886933,6.0
17.415157754009012,5.0
17.49601682028777,4.0
17.500298958305926,5.0
17.560401774056444,6.0
17.581030014137138,5.0
17.61221962663593,4.0
17.70421186868647,3.0
17.76161458979377,2.0
17.94051381459373,3.0
18.075375055679306,2.0
18.117520898263646,1.0
18.25709699305618,2.0
18.317385682493477,1.0
18.321308002717675,2.0
18.33799522228838,3.0
18.380323542117626,2.0
18.41229448320012,1.0
18.419580282768184,2.0
18.44059858671725,3.0
18.517426077205183,2.0
18.575371852647653,3.0
18.58166500911678,4.0
18.60945746273452,3.0
18.68372584157645,4.0
18.71533581765908,5.0
18.74022842047115,4.0
18.81337583486111,5.0
18.866156117841705,6.0
18.988624446156557,5.0
18.989386228959027,6.0
19.017811319685343,7.0
19.022191575927085,6.0
19.03014437654916,5.0
19.076453740134802,6.0
19.07828084149357,5.0
19.104061341796182,4.0
19.15577997493998,5.0
19.16610696436445,6.0
19.322188120730196,5.0
19.324817318323912,4.0
19.382411821316005,5.0
19.40158689016569,4.0
19.46666032469483,5.0
19.514914753319392,6.0
19.57561160957953,7.0
19.629665477588375,6.0
19.6431573984119,5.0
19.646471240045063,6.0
19.66701019111402,5.0
19.715807379505414,6.0
19.776767467414235,5.0
19.80824299911996,6.0
19.830719026039862,5.0
19.83637210784647,4.0
19.844128955967786,5.0
19.898839085221905,4.0
20.09490862638518,3.0
20.169516282336563,4.0
20.176638590171436,3.0
20.192048276387247,2.0
20.207956628340657,1.0
20.31581227098993,2.0
20.4210499307971,3.0
20.43811566027686,4.0
20.465101623129936,5.0
20.508948308427176,4.0
20.664313935105504,5.0
20.664547233257178,6.0
20.743898340826124,5.0
20.751637282775214,4.0
20.752204779692416,5.0
20.76620713812861,4.0
21.014301635897823,5.0
21.05262657822945,6.0
21.197080627666665,7.0
21.253977260644024,6.0
21.253977260644024,7.0
21.33096681008684,6.0
21.33096681008684,7.0
21.373681768459583,6.0
21.373681768459583,7.0
21.737285877757806,6.0
21.737285877757806,7.0
21.75226225686776,6.0
21.75226225686776,7.0
21.768470771329504,6.0
21.768470771329504,7.0
21.89845631007071,6.0
21.89845631007071,7.0
22.176646105977927,6.0
22.176646105977927,7.0
22.279165504573733,6.0
22.279165504573733,7.0
22.30198154917731,6.0
22.30198154917731,7.0
22.352044932671436,6.0
22.352044932671436,7.0
22.473523513332992,6.0
22.473523513332992,7.0
22.473566806513283,6.0
22.473566806513283,7.0
22.505148627036732,6.0
22.505148627036732,7.0
22.55981400591984,6.0
22.55981400591984,7.0
22.62877493540243,6.0
22.62877493540243,7.0
22.690014400229966,6.0
22.690014400229966,7.0
22.888584950536973,6.0
22.895117895077615,5.0
23.027439177151393,4.0
23.053225357907284,3.0
23.099139885227917,2.0
23.135509894394854,1.0
23.197034895891868,0.0
23.519178706832122,1.0
23.676412820365286,2.0
23.75827863673081,3.0
23.76898383506439,2.0
23.888543812805025,3.0
24.002720142317408,4.0
24.01658305656224,3.0
24.101255361223988,4.0
24.12891039854808,5.0
24.26867457286116,4.0
24.273771890060182,5.0
24.336482297290672,6.0
24.436167573543834,7.0
24.502047259990537,6.0
24.59648716022551,7.0
24.616881397283205,6.0
24.702766113454377,7.0
24.7388323673805,6.0
24.782555200689806,7.0
24.847405277131347,6.0
24.847405277131347,7.0
24.95434714217477,6.0
24.976637077266968,5.0
24.995167127927743,4.0
25.041188564561075,5.0
25.094862246396723,4.0
25.114998667832094,3.0
25.187219346669856,4.0
25.265608099464473,5.0
25.272559671809365,4.0
25.27713993335156,3.0
25.28063294835173,2.0
25.44743757812726,1.0
25.469341261701214,2.0
25.472872751332574,1.0
25.59602669106746,2.0
25.60569976282121,3.0
25.740142565340825,2.0
26.233746200903614,1.0
26.375842391932995,2.0
26.456899142961937,3.0
26.658709440942715,4.0
26.675960981880152,3.0
26.793073109669816,4.0
26.834749592577936,5.0
26.86440090719533,6.0
26.87319235557259,5.0
26.923938053675368,4.0
27.075574286176415,5.0
27.07938541431335,6.0
27.09430365345819,7.0
27.135542907219158,6.0
27.135542907219158,7.0
27.269406978005257,6.0
27.269406978005257,7.0
27.36579586697313,6.0
27.36579586697313,7.0
27.406527274540014,6.0
27.406527274540014,7.0
27.478742744656763,6.0
27.478742744656763,7.0
27.48158108540119,6.0
27.48158108540119,7.0
27.679143610136727,6.0
27.72925553612641,5.0
27.99707835589545,4.0
28.000734336470046,3.0
28.000734336470046,4.0
28.18916431333297,3.0
28.18916431333297,4.0
28.218485454972985,3.0
28.218485454972985,4.0
28.328167381847223,3.0
28.328167381847223,4.0
28.407382139009023,3.0
28.420021910604174,2.0
28.559998425270457,1.0
28.74172149464515,2.0
28.804745725176215,3.0
28.83012478770819,2.0
28.850993120430278,3.0
28.883986817708763,4.0
29.119434209543602,3.0
29.119434209543602,4.0
29.194608287030423,3.0
29.194608287030423,4.0
29.308484515633843,3.0
29.308484515633843,4.0
29.337858344213732,5.0
29.45073441034261,4.0
29.45073441034261,5.0
29.882135586002377,4.0
29.882135586002377,5.0
29.923190974244537,4.0
29.923190974244537,5.0
30.0381752200171,4.0
30.0381752200171,5.0
30.098371902771778,4.0
30.098371902771778,5.0
30.200861478725603,4.0
30.200861478725603,5.0
30.258169617416833,4.0
30.258169617416833,5.0
30.263259395629877,4.0
30.503927330317126,3.0
30.503927330317126,4.0
30.537111269362335,3.0
30.653075066081225,2.0
30.653075066081225,3.0
30.72110831995372,2.0
30.72110831995372,3.0
31.096399520744775,2.0
31.096399520744775,3.0
31.25822032552304,2.0
31.25822032552304,3.0
31.434388493710408,2.0
31.434388493710408,3.0
31.565386615520406,2.0
31.565386615520406,3.0
31.75611363342748,2.0
31.75611363342748,3.0
32.34492800548633,2.0
32.34492800548633,3.0
32.69253111882311,4.0
32.76896889980771,3.0
32.76896889980771,4.0
32.79005696680635,3.0
32.79005696680635,4.0
33.02247411950048,3.0
33.02247411950048,4.0
33.047511388141615,5.0
33.05966269054078,4.0
33.05966269054078,5.0
33.14549046142221,4.0
33.14549046142221,5.0
33.156350700027716,4.0
33.156350700027716,5.0
33.245327729589945,6.0
33.41033259271308,5.0
33.41033259271308,6.0
33.422647609246326,5.0
33.422647609246326,6.0
33.59882592493382,5.0
33.59882592493382,6.0
33.6699952669785,5.0
33.6699952669785,6.0
33.7497462543463,5.0
33.7497462543463,6.0
33.759625681175,5.0
33.759625681175,6.0
34.20761440630092,5.0
34.20761440630092,6.0
34.5938692972823,5.0
34.5938692972823,6.0
34.67229661933309,5.0
34.67229661933309,6.0
34.67285322666074,5.0
34.67285322666074,6.0
34.69221121723373,5.0
34.69221121723373,6.0
34.74891574091633,5.0
34.74891574091633,6.0
34.81726528611931,5.0
34.81726528611931,6.0
34.83071770182777,5.0
34.83071770182777,6.0
34.87299075691218,7.0
34.88183205561249,6.0
34.88183205561249,7.0
35.01055840926468,6.0
35.01055840926468,7.0
35.07484329141612,6.0
35.07484329141612,7.0
35.24526973373338,6.0
35.24526973373338,7.0
35.27960522935869,6.0
35.27960522935869,7.0
35.29090345265738,6.0
35.29090345265738,7.0
35.30624092671456,6.0
35.30624092671456,7.0
35.44285599760287,6.0
35.44285599760287,7.0
35.45611081469813,6.0
35.45611081469813,7.0
35.54148498197268,6.0
35.54148498197268,7.0
35.56911589498352,6.0
35.56911589498352,7.0
35.66187555124498,6.0
35.66187555124498,7.0
35.69607463482053,6.0
35.69607463482053,7.0
35.71693876331036,6.0
35.71693876331036,7.0
35.82083665195822,8.0
35.84201863893401,7.0
35.84201863893401,8.0
35.85498874889931,7.0
35.85498874889931,8.0
35.88094822473387,7.0
35.88094822473387,8.0
35.98887734141983,7.0
35.98887734141983,8.0
36.1573577834197,7.0
36.20087689935822,6.0
36.20087689935822,7.0
36.20686376383787,6.0
36.20686376383787,7.0
36.30689921394932,6.0
36.30689921394932,7.0
36.46320083276264,6.0
36.46320083276264,7.0
36.58709160654415,6.0
36.58709160654415,7.0
36.6701148859078,6.0
36.6701148859078,7.0
36.682645224906636,6.0
36.682645224906636,7.0
36.70573505575681,6.0
36.70573505575681,7.0
36.7383211642279,6.0
36.93453957579268,5.0
36.93453957579268,6.0
37.0422065526493,5.0
37.0422065526493,6.0
37.04774223788823,5.0
37.04774223788823,6.0
37.21820508677212,5.0
37.21820508677212,6.0
37.22170372154208,5.0
37.22170372154208,6.0
37.27891282077407,5.0
37.27891282077407,6.0
37.316585923796474,5.0
37.316585923796474,6.0
37.35806824795715,5.0
37.35806824795715,6.0
37.46362962040594,5.0
37.46641863366714,6.0
37.48434793506759,5.0
37.503822679442706,6.0
37.62164716076481,5.0
37.62164716076481,6.0
37.799681231701854,5.0
37.799681231701854,6.0
37.94250487057227,5.0
37.94250487057227,6.0
38.07372822062001,5.0
38.07372822062001,6.0
38.15641130215686,5.0
38.15641130215686,6.0
38.1711501381288,5.0
38.1711501381288,6.0
38.17544296747674,5.0
38.17544296747674,6.0
38.207888299172254,5.0
38.207888299172254,6.0
38.250851103470744,5.0
38.250851103470744,6.0
38.327015681084475,5.0
38.327015681084475,6.0
38.33596611693798,5.0
38.367337145069655,6.0
38.42592151152562,5.0
38.45516294430125,6.0
38.484387237077726,5.0
38.55431445760122,6.0
38.60810132553057,5.0
38.619583248246755,6.0
38.638000983562286,5.0
38.64372499135103,4.0
38.75204928124012,3.0
38.845465109811755,4.0
38.88913082516577,3.0
38.90943243775823,4.0
39.344441354758885,3.0
39.41415640155154,2.0
39.54705451040844,3.0
39.55774383695942,4.0
39.624764205793916,3.0
39.631856725174,4.0
39.633129724168825,3.0
39.8390538438441,4.0
39.880025429235545,3.0
39.90711988919637,4.0
39.91444538692768,5.0
39.9583357691723,6.0
39.992148411268026,5.0
40.03664851169984,4.0
40.09907289554375,3.0
40.16861680343302,2.0
40.45285318939897,1.0
40.5439670456332,2.0
40.65194238896457,3.0
40.706438719409384,2.0
40.755031791342574,3.0
40.92458638132536,2.0
40.93037192195074,3.0
40.94726911367341,4.0
41.12962066384998,5.0
41.156938499560376,6.0
41.18782904296432,5.0
41.290321738677164,4.0
41.290321738677164,5.0
41.496859966106,4.0
41.496859966106,5.0
41.61701128259383,4.0
41.61701128259383,5.0
41.65094599407987,4.0
41.65094599407987,5.0
41.68827955527115,4.0
41.68827955527115,5.0
42.211408104278206,6.0
42.21779385027096,5.0
42.227858950245285,4.0
42.22968064815839,3.0
42.269809705130534,4.0
42.407179049053404,5.0
42.42053462798208,4.0
42.58605739486377,3.0
42.789520563796785,4.0
42.8043822688924,5.0
42.829231944843706,4.0
42.84683887393908,3.0
42.89319104308302,2.0
42.906700345383975,3.0
42.91874535079184,4.0
42.943906526075075,3.0
43.008325261048185,4.0
43.28953836567489,5.0
43.358135081453796,4.0
43.358135081453796,5.0
43.3975311180153,4.0
43.3975311180153,5.0
43.5027893328927,4.0
43.5027893328927,5.0
43.70225627864668,4.0
43.70225627864668,5.0
43.81319005842186,4.0
43.81319005842186,5.0
43.87249450946038,4.0
43.87249450946038,5.0
43.89425856998415,4.0
43.89425856998415,5.0
43.897179958965296,4.0
43.92145026752321,5.0
44.0107208847279,4.0
44.06124778039677,3.0
44.225048013164454,4.0
44.25349269411466,3.0
44.31968752844206,4.0
44.40529126654233,3.0
44.44501455335109,2.0
44.67087011857467,3.0
44.78179668476886,4.0
44.97281757603702,3.0
44.97421514279923,4.0
45.07258849377282,3.0
45.07258849377282,4.0
45.14244702770227,3.0
45.14244702770227,4.0
45.400993411474296,3.0
45.400993411474296,4.0
45.41708360438341,3.0
45.41708360438341,4.0
45.49326913647886,3.0
45.49326913647886,4.0
45.59209711327585,3.0
45.59209711327585,4.0
45.61126567462864,3.0
45.61126567462864,4.0
45.623735681827505,3.0
45.623735681827505,4.0
45.66356195140371,5.0
45.76896547472438,4.0
45.76896547472438,5.0
45.89497972246232,4.0
45.89497972246232,5.0
45.94423809328522,4.0
45.94423809328522,5.0
46.135479710157846,4.0
46.135479710157846,5.0
46.25945964513588,4.0
46.25945964513588,5.0
46.26387655365567,6.0
46.29156851402548,5.0
46.29156851402548,6.0
46.30390321304866,5.0
46.34712637492025,4.0
46.49145681914411,5.0
46.86853720080852,4.0
46.943008107816055,5.0
46.975183435088546,6.0
47.033943728334705,5.0
47.036344883022636,6.0
47.0384312857498,5.0
47.500680824861206,6.0
47.53664830412927,5.0
47.601009182374554,4.0
47.6127995706901,5.0
47.6952870050451,6.0
47.74657361997072,7.0
47.768514182054616,6.0
47.77874200650008,5.0
47.8268874018432,4.0
47.85012706060838,5.0
47.85035102896453,4.0
48.03537327339845,3.0
48.06363295076212,4.0
48.06867381762819,3.0
48.26759827208276,4.0
48.35451097132601,3.0
48.37593336362928,4.0
48.42583146170822,5.0
48.46346806368209,6.0
48.46533365629974,5.0
48.48794191534167,4.0
48.535405431873315,5.0
48.5735348973195,4.0
48.623079440525274,5.0
48.65072661595966,6.0
48.70596556056038,5.0
48.70847027419158,4.0
48.709351196928665,3.0
48.77268326157465,2.0
48.79513465780465,3.0
48.80994785999492,4.0
48.96989962909128,3.0
49.070931353956524,4.0
49.07728565147679,5.0
49.12324123187312,4.0
49.19703473642399,5.0
49.2495830752261,6.0
49.27139257142559,5.0
49.35035521819228,6.0
49.36993618486907,5.0
49.41470962808333,6.0
49.42403305407966,5.0
49.44171873555605,4.0
49.5007723103571,3.0
49.751658210647996,2.0
49.785703211819225,1.0
49.9674707139853,2.0
50.01136627406999,1.0
50.028556679167906,2.0
50.066623334645975,3.0
50.15530697483597,2.0
50.57203336473606,3.0
50.614690796875905,2.0
50.732856667053774,3.0
50.743489723976914,4.0
50.760217420683176,3.0
51.05140815426818,4.0
51.07944233853029,3.0
51.1016953926243,4.0
51.232228927144504,5.0
51.3222369809595,4.0
51.33474833605539,3.0
51.71855362197151,2.0
51.86452052171666,3.0
51.87967886390693,4.0
51.920040445333086,5.0
52.02992270039842,4.0
52.09602538904889,5.0
52.10450336735551,4.0
52.25469346194498,3.0
52.28072080558506,2.0
52.29413394735481,3.0
52.324938356910195,2.0
52.60549807341292,3.0
52.789907390863796,2.0
52.811316467060045,1.0
52.88432613532839,2.0
52.88446046989927,1.0
53.00699417648218,2.0
53.04116359795245,1.0
53.124688835334574,2.0
53.14492980133184,3.0
53.145314263751146,2.0
53.26237038502193,3.0
53.312053262208245,2.0
53.38863574775533,3.0
53.41823590591501,4.0
53.447557341548254,3.0
53.47406188817258,4.0
53.48208812558679,3.0
53.49028067037788,2.0
53.51895528116138,3.0
53.56824146221205,4.0
53.606710951073325,3.0
53.637835610006896,2.0
53.642071006231845,3.0
53.75000556883664,4.0
53.83445462379382,3.0
53.85510786207562,2.0
53.9427518037951,1.0
54.230096266733824,2.0
54.35681926541996,3.0
54.425786206624075,2.0
54.64258112350156,1.0
54.680182226041964,2.0
54.7649140793976,3.0
54.79739996246364,4.0
54.82141255254814,5.0
54.90278978175304,6.0
55.00315429903317,5.0
55.049107202465954,6.0
55.168337843740424,5.0
55.168337843740424,6.0
55.1760056991299,5.0
55.22224498413208,6.0
55.2657153620333,5.0
55.268646399057474,6.0
55.383695172504346,5.0
55.482067783592875,4.0
55.526742211335254,5.0
55.54962517881155,6.0
55.612919546426276,5.0
55.612919546426276,6.0
55.68859673643488,5.0
55.68859673643488,6.0
55.887984643090725,5.0
55.887984643090725,6.0
55.890449162567414,5.0
55.945805801377375,4.0
55.97323673350994,3.0
55.97927181749869,2.0
56.046577745939565,1.0
56.10642616264638,0.0
56.22343063258066,1.0
56.33117039515275,2.0
56.4070982945392,3.0
56.432115433000725,4.0
56.55060604500927,5.0
56.56834943583518,4.0
56.63221390150267,3.0
56.655817103644125,4.0
56.66037014442938,5.0
56.71097668161426,4.0
56.767872173966616,3.0
56.821269469301406,2.0
56.83327856000698,3.0
56.90026583932159,4.0
57.01724698885602,3.0
57.30114198066765,4.0
57.317050696897724,3.0
57.32185756885278,4.0
57.354098208983906,5.0
57.39908840644184,4.0
57.46616548605485,5.0
57.48843810615775,4.0
57.501267278408235,3.0
57.580714835467155,2.0
57.61781780591765,3.0
57.633100692429686,4.0
57.682715875666915,5.0
57.892026173384835,4.0
57.892026173384835,5.0
57.913071090176835,4.0
57.913071090176835,5.0
57.99062595462228,4.0
57.99062595462228,5.0
58.16154761417007,4.0
58.16154761417007,5.0
58.26292926664316,4.0
58.26292926664316,5.0
58.29360957100749,6.0
58.37153751288905,5.0
58.37153751288905,6.0
58.41853932702266,5.0
58.41853932702266,6.0
58.539474876060005,5.0
58.539474876060005,6.0
58.6032064198784,5.0
58.6032064198784,6.0
58.661975864575766,5.0
58.6784894186523,4.0
58.75062321959332,3.0
58.80571955911352,2.0
58.84144669649141,3.0
58.920192885485925,4.0
58.961735561465176,5.0
58.99948883247878,4.0
59.15928831188801,3.0
59.171274695764005,4.0
59.27129303784397,3.0
59.29749812108305,4.0
59.33497148421686,5.0
59.35797872096834,6.0
59.39390098244189,5.0
59.39390098244189,6.0
59.45352469538998,5.0
59.49342995447494,4.0
59.55719608883091,5.0
59.67270594129374,6.0
59.795292282217,5.0
59.8272741605462,6.0
59.87504420415641,7.0
59.930142165256235,6.0
59.97508673760538,7.0
60.13982485426558,6.0
60.18829112242645,5.0
60.19959101333188,4.0
60.235227863091254,3.0
60.33630715632583,2.0
60.36071490654044,1.0
60.55971041283781,2.0
60.593787631775825,3.0
60.64381934262182,2.0
60.73569333192903,3.0
60.794907331502664,4.0
60.840281397114154,3.0
60.91572006078218,4.0
60.92272177909527,3.0
60.97628762151227,2.0
61.06213554767388,1.0
61.0917793499864,2.0
61.15133418329169,3.0
61.46455490857291,4.0
61.4839210173927,3.0
61.48836825990411,4.0
61.76384155897059,3.0
61.80490860629885,4.0
61.839590782893985,5.0
61.83978016627527,6.0
61.846261240654535,5.0
61.85965690658309,4.0
61.98255718536665,3.0
62.23955552856895,2.0
62.31038618831472,3.0
62.36900313716139,4.0
62.42424904567719,5.0
62.4252594311653,4.0
62.49603073916941,5.0
62.593781228936415,6.0
62.599042462396056,5.0
62.74836349818611,4.0
62.76883786310104,5.0
62.785472573167574,6.0
62.79846323839008,5.0
62.87902860215958,6.0
62.89700536129933,5.0
63.020933325014454,6.0
63.02598373780547,7.0
63.03716962286512,6.0
63.053818553677075,7.0
63.064102696339965,6.0
63.25611510313301,7.0
63.256976116195084,6.0
63.27961501814926,7.0
63.296850235234494,6.0
63.58557509152063,5.0
63.61366429831998,6.0
63.74041176335025,5.0
63.860322173373035,6.0
63.87709229616314,7.0
63.957582615509025,8.0
63.988372228498406,7.0
63.99474871305486,8.0
64.03035306320388,7.0
64.06624280909034,6.0
64.08947698722505,7.0
64.15066715156082,6.0
64.18751770919391,5.0
64.31273736924831,4.0
64.3285956402092,5.0
64.34453726616883,4.0
64.44073372725848,3.0
64.44591489584508,4.0
64.59191368703746,5.0
64.68278834837238,4.0
64.69425805812118,3.0
64.70693203577456,4.0
64.74294209686097,5.0
64.76780206978626,6.0
64.78095328706031,5.0
64.80988245039146,4.0
64.90725929247729,3.0
64.9321910580385,2.0
64.97471288084232,1.0
65.00769812564472,2.0
65.23770476289474,3.0
65.30938639118288,4.0
65.33167728328657,3.0
65.51400930525476,4.0
65.59119147424441,5.0
65.59971794548125,4.0
65.60872264003508,3.0
65.68873702416866,2.0
65.7988562807347,3.0
65.90384940819115,4.0
66.03096703674707,3.0
66.06650797784648,4.0
66.07017945664131,5.0
66.1129906076748,4.0
66.13058339619835,5.0
66.13788140206566,4.0
66.14447187789152,5.0
66.20690651325306,4.0
66.20690651325306,5.0
66.27409139547964,4.0
66.47065088400103,5.0
66.55224400100305,4.0
66.74674363333713,5.0
66.81195296861003,4.0
66.81195296861003,5.0
66.85631141952105,4.0
66.85631141952105,5.0
66.88823844016586,4.0
66.9034387395299,3.0
67.02776836106588,4.0
67.0289718694656,3.0
67.02920740804822,2.0
67.0499983833685,3.0
67.06824654100774,2.0
67.09264554167213,3.0
67.17116569595497,4.0
67.21729015271148,3.0
67.24616805486824,4.0
67.27473607314904,3.0
67.31513628191055,4.0
67.33170485711229,3.0
67.41860675558847,4.0
67.4259016525275,3.0
67.63109639707163,4.0
67.65034827186388,5.0
67.74756251347785,4.0
67.79763002848205,5.0
67.95705453964467,4.0
68.07598789503041,5.0
68.11997350583461,4.0
68.12162535513956,3.0
68.28648905123957,2.0
68.32496511962003,3.0
68.40438129759659,4.0
68.40849702938083,3.0
68.41771430779384,2.0
68.72666179602886,1.0
68.8561911868077,0.0
69.39531653112675,1.0
69.42858675961477,2.0
69.55360530164195,3.0
69.73687813964676,4.0
69.74965844778868,5.0
69.90112693634694,4.0
69.90112693634694,5.0
70.49816724076845,4.0
70.49816724076845,5.0
70.56893840637419,6.0
70.78858115040244,5.0
70.78858115040244,6.0
70.83949344581129,5.0
70.83949344581129,6.0
70.871519137034,5.0
70.871519137034,6.0
70.9013377418488,5.0
70.9013377418488,6.0
70.91507195460169,5.0
70.91507195460169,6.0
71.00422043153912,7.0
71.02201562974957,6.0
71.02201562974957,7.0
71.06355930406086,6.0
71.06355930406086,7.0
71.06761187337061,6.0
71.06761187337061,7.0
71.09302884314035,6.0
71.15459047406155,7.0
71.17504739053062,6.0
71.25449107171497,5.0
71.25449107171497,6.0
71.38754281999168,5.0
71.46311940170797,4.0
71.46311940170797,5.0
71.50859581380249,4.0
71.50859581380249,5.0
71.72604343182668,4.0
71.72604343182668,5.0
71.85829169800746,4.0
71.85829169800746,5.0
71.98426135415141,4.0
71.98426135415141,5.0
72.14608359655041,4.0
72.14608359655041,5.0
72.17804124921273,4.0
72.17804124921273,5.0
72.22040319640627,4.0
72.22040319640627,5.0
72.23915110356972,4.0
72.23915110356972,5.0
72.36801856246586,4.0
72.36801856246586,5.0
72.51737490477686,4.0
72.51737490477686,5.0
72.52930155981014,4.0
72.52930155981014,5.0
72.56105340783257,4.0
72.56105340783257,5.0
72.71681554014062,4.0
72.71681554014062,5.0
72.85352698341025,4.0
72.85352698341025,5.0
72.87303010544002,4.0
72.87303010544002,5.0
72.92398732363641,4.0
72.92398732363641,5.0
72.9302281282008,4.0
72.9302281282008,5.0
73.03981933748042,4.0
73.03981933748042,5.0
73.57156048710434,4.0
73.57156048710434,5.0
73.62389801344355,4.0
73.62389801344355,5.0
73.75719928770374,4.0
73.75719928770374,5.0
73.81627866978404,4.0
73.81627866978404,5.0
73.90160994069103,4.0
73.90160994069103,5.0
74.1097881080306,4.0
74.1097881080306,5.0
74.18080960249591,4.0
74.18080960249591,5.0
74.21006348786638,4.0
74.21006348786638,5.0
74.54521632929375,4.0
74.54521632929375,5.0
74.67364922975918,4.0
74.67364922975918,5.0
74.84227237905534,4.0
74.94700866100801,3.0
74.94700866100801,4.0
75.12450752662369,3.0
75.12450752662369,4.0
75.20295888361515,3.0
75.20295888361515,4.0
75.23427463411095,3.0
75.23427463411095,4.0
75.27218388957479,3.0
75.27218388957479,4.0
75.30131283682977,3.0
75.30131283682977,4.0
75.3018425289927,3.0
75.3018425289927,4.0
75.49560852796269,3.0
75.49560852796269,4.0
75.59719716540414,3.0
75.59719716540414,4.0
75.63999217032413,3.0
75.63999217032413,4.0
75.79701354125176,3.0
75.79701354125176,4.0
75.80879377781612,3.0
75.82011021612232,2.0
75.92417422738832,3.0
76.13655945217606,2.0
76.3015333638028,3.0
76.39520034122954,4.0
76.40316263149349,5.0
76.51479219448201,4.0
76.55262592596323,5.0
76.5909400971151,4.0
76.6011864360902,3.0
76.65241302767713,2.0
76.80703010004878,1.0
76.81487179331369,2.0
76.97561488132848,3.0
77.04206071754923,4.0
77.07108377790736,3.0
77.14626869478148,4.0
77.16355501809166,5.0
77.30565313371798,4.0
77.3674322259064,3.0
77.45628380154832,2.0
77.77287619446433,3.0
77.77942050241059,4.0
77.82102832942626,3.0
77.83077767929291,2.0
77.90029890996455,3.0
77.90221762681898,4.0
77.92354090609604,5.0
77.9442862734018,6.0
78.00208969633918,7.0
78.01299173039043,6.0
78.05298851812775,5.0
78.070535441858,6.0
78.0921911636881,7.0
78.23850860598156,6.0
78.23850860598156,7.0
78.28419074296022,6.0
78.28419074296022,7.0
78.30191083180299,6.0
78.37714775530205,7.0
78.4441466398324,6.0
78.4441466398324,7.0
78.45616271001829,6.0
78.45616271001829,7.0
78.53587750738492,6.0
78.53587750738492,7.0
78.57355034750117,6.0
78.5757131294558,5.0
78.62894476413668,6.0
78.63271966936429,7.0
78.67548214844791,6.0
78.97722349849634,5.0
79.04856555726008,4.0
79.19621575480853,3.0
79.20922906114794,2.0
79.2622031196464,3.0
79.30434928712552,4.0
79.36704515363468,5.0
79.4289675112784,4.0
79.43854259046992,3.0
79.49744163588876,2.0
79.63539001244334,1.0
79.65136140030879,0.0
79.7105541663707,1.0
79.7339974114536,0.0
79.81832675518187,1.0
79.88875354834231,0.0
80.31499549782374,1.0
80.36615477193018,2.0
80.41124349605235,3.0
80.42595798151665,4.0
80.51352599276807,3.0
80.51593651322433,4.0
80.57267924049066,5.0
80.58307559626208,4.0
80.59927210667368,3.0
80.75584549946691,4.0
80.80461229844555,3.0
81.05567494448809,2.0
81.16297665494679,1.0
81.29071385583386,0.0
81.39611802865372,1.0
81.45408344889233,0.0
81.51559278118874,1.0
81.54859406333095,2.0
81.60629196247945,3.0
81.69258043637939,4.0
81.7312629051959,3.0
81.75366015352355,2.0
81.96401234090528,3.0
81.97910353449112,4.0
82.00847702128115,3.0
82.01483146896506,4.0
82.07200239378598,5.0
82.09390877626377,6.0
82.29011849629138,5.0
82.29011849629138,6.0
82.29574855804101,5.0
82.29909710937511,6.0
82.38494393708105,5.0
82.38494393708105,6.0
82.45615285744886,5.0
82.47983386320254,6.0
82.49798072004984,5.0
82.52077975926096,4.0
82.52645106026088,5.0
82.53290069691957,6.0
82.53791839030629,5.0
82.61391194137252,4.0
82.64236019918089,5.0
82.66330066912175,4.0
82.69459804851768,5.0
82.70720953725203,4.0
82.7733785730093,3.0
82.85656878455896,4.0
82.95173083011147,3.0
83.02503520569488,4.0
83.10654308855251,3.0
83.13630419916112,4.0
83.2529704365364,5.0
83.32336618309719,4.0
83.37210622241535,5.0
83.425352487505,4.0
83.5530827279663,5.0
83.57727336168051,6.0
83.9180110850391,5.0
83.9180110850391,6.0
83.96212368006877,5.0
83.96212368006877,6.0
84.18214581491154,5.0
84.18214581491154,6.0
84.3434106686494,5.0
84.3434106686494,6.0
84.34637894870335,5.0
84.34637894870335,6.0
84.40919506563695,5.0
84.40919506563695,6.0
84.4719701090293,5.0
84.4719701090293,6.0
84.53760723682058,5.0
84.53760723682058,6.0
84.55057670064153,5.0
84.55057670064153,6.0
84.56721170083962,5.0
84.56721170083962,6.0
84.58910174915411,5.0
84.61247414090572,4.0
84.6273580805556,5.0
84.66490725791242,6.0
84.73158725947458,5.0
84.73158725947458,6.0
84.76784846977641,5.0
84.91551551221595,4.0
85.03248816276424,3.0
85.12388293287756,4.0
85.17844678040275,5.0
85.32618778933774,4.0
85.32813477482577,3.0
85.4263247128792,2.0
85.43814102918718,3.0
85.46816261388827,4.0
85.52786588739905,3.0
85.57082804877336,4.0
85.60592303498005,5.0
85.61354041704831,4.0
85.67486502902439,5.0
85.94256328689204,4.0
85.94256328689204,5.0
85.97584614375788,4.0
85.97584614375788,5.0
85.99239619221812,4.0
85.99239619221812,5.0
86.23976741365115,4.0
86.23976741365115,5.0
86.30476826496447,4.0
86.32150928122222,3.0
86.32150928122222,4.0
86.33057983849099,3.0
86.33057983849099,4.0
86.85770219376062,3.0
86.85770219376062,4.0
87.05051169698547,3.0
87.05051169698547,4.0
87.16426816385345,5.0
87.21341400712642,4.0
87.21341400712642,5.0
87.45252555595205,4.0
87.45252555595205,5.0
87.47192731948502,4.0
87.47192731948502,5.0
87.53259360853929,4.0
87.53259360853929,5.0
87.5476941424521,4.0
87.55349208218308,5.0
87.78345009498886,4.0
87.78345009498886,5.0
87.85579763214545,4.0
87.85579763214545,5.0
87.92755033082376,4.0
87.93511000552347,3.0
88.02518526038304,4.0
88.06638900993433,3.0
88.0877324569446,4.0
88.10581581210133,3.0
88.12104591062494,4.0
88.1405836150687,3.0
88.24063228191584,2.0
88.25713899899239,3.0
88.27916746189474,4.0
88.46026210623126,3.0
88.46026210623126,4.0
88.49395931723954,3.0
88.58107328397294,4.0
88.66329487178966,3.0
88.9480196900002,4.0
89.0024193719859,3.0
89.03250155057113,4.0
89.04191202406423,5.0
89.15129487688105,6.0
89.29239403851165,5.0
89.29239403851165,6.0
89.52976890805256,5.0
89.52976890805256,6.0
89.5995505175198,5.0
89.5995505175198,6.0
89.64038584325004,5.0
89.64038584325004,6.0
89.69163765110241,5.0
89.69163765110241,6.0
89.71461510789659,5.0
89.71461510789659,6.0
89.90203527123107,5.0
89.90203527123107,6.0
89.98404594611581,5.0
89.98404594611581,6.0
90.06870904495025,5.0
90.06870904495025,6.0
90.08936886340598,5.0
90.11821675593374,4.0
90.20343008877178,5.0
90.26248934787965,4.0
90.36700835856169,3.0
90.42648375495035,4.0
90.45824054538106,3.0
90.78186057882742,4.0
90.81571896430107,5.0
90.87062484208538,4.0
90.88044577286163,3.0
90.91045498545564,2.0
91.0006402405237,1.0
91.02802640649666,0.0
91.07738612947065,1.0
91.08929676309494,0.0
91.14277844576978,1.0
91.17833924535046,2.0
91.25340531570181,3.0
91.29280428396198,4.0
91.40064429485008,5.0
91.45672076431312,6.0
91.51095155261838,5.0
91.52588370932409,6.0
91.85777266390218,5.0
91.85777266390218,6.0
91.88419019862151,5.0
91.88419019862151,6.0
91.9052795573797,5.0
91.96038031279481,4.0
91.96422616585454,3.0
92.04689654173961,4.0
92.09045217596105,5.0
92.12408738321514,4.0
92.18618903497021,3.0
92.31146119559457,4.0
92.35605349285687,5.0
92.4000711378676,4.0
92.4000711378676,5.0
92.54711780850563,4.0
92.56305959910615,5.0
92.60394640726668,4.0
92.73298465211089,5.0
92.7432411129492,4.0
92.75900862166931,5.0
92.8102347369986,4.0
92.91467517171715,5.0
93.10342765807282,6.0
93.10585079497918,5.0
93.11905090175911,4.0
93.14563963450674,5.0
93.15920541556143,4.0
93.19868421835207,3.0
93.48429249146724,4.0
93.51877897829894,5.0
93.5801394679751,6.0
93.66496418620937,7.0
93.81104410256313,6.0
93.96697971781064,5.0
94.04062505495827,4.0
94.04910992721776,5.0
94.13853750133731,4.0
94.15598950285018,3.0
94.18678011813802,4.0
94.30407685645137,5.0
94.35229183387162,6.0
94.4360377471822,5.0
94.45307884771334,4.0
94.68426568777446,3.0
94.6858101178783,4.0
94.68816114919018,5.0
94.71620616466654,4.0
94.72961567095767,5.0
94.73576311597286,6.0
94.74972547602506,5.0
94.8060004448288,6.0
94.913877298985,5.0
94.9152940673175,4.0
94.99592451405377,5.0
95.05591430582426,4.0
95.06346193082797,3.0
95.0687621092205,4.0
95.15968990928307,5.0
95.16408640426494,4.0
95.16759181826534,5.0
95.1944367815162,6.0
95.21415699678367,5.0
95.26651054725195,6.0
95.34220210285952,5.0
95.50118748945633,6.0
95.80630099370586,5.0
95.87558611746908,4.0
95.96156335936503,5.0
95.96803514670869,6.0
95.99474461720419,5.0
96.06979019788564,4.0
96.08295299594818,3.0
96.08767188500164,4.0
96.1719198531878,3.0
96.17594512610759,4.0
96.26706320889485,5.0
96.32512979482411,6.0
96.36687801011747,7.0
96.48360769621387,8.0
96.51129385733071,7.0
96.52913352429691,6.0
96.63538441032851,5.0
96.63671570761747,4.0
96.75976270469323,3.0
96.8404674771669,4.0
96.88689533997905,5.0
96.94802504760436,4.0
96.95099221996496,3.0
97.13410366615055,2.0
97.15165866150042,3.0
97.15267787953599,4.0
97.15402651384353,3.0
97.2938269914206,2.0
97.53664295282334,3.0
97.54152068513935,4.0
97.58868550717253,3.0
97.66246628604364,4.0
97.72518558687351,3.0
97.74528884407687,2.0
97.78133631164522,3.0
97.78779030600994,4.0
97.88281921288689,3.0
97.92906964695052,2.0
97.93744553024739,1.0
97.96815300802739,2.0
98.18544574982757,3.0
98.24341249775443,4.0
98.3178746789615,3.0
98.3473268221575,4.0
98.4121427583895,3.0
98.48692991472977,4.0
98.51229941367697,5.0
98.53056813444259,4.0
98.57082636359918,5.0
98.63162839104548,6.0
98.66498529330069,5.0
98.73557394171506,4.0
98.76318267773439,3.0
98.78954637461364,2.0
98.80169879596181,1.0
98.87175649378109,0.0
98.87822885528007,1.0
99.08408309408114,2.0
99.15119379597355,1.0
99.19440145167837,0.0
99.19941107992635,1.0
99.39380735173862,0.0
99.60277556770778,1.0
99.74485340581089,0.0
99.81602438052337,1.0
100.04579211818913,2.0
100.21581172711483,3.0
100.23284897411918,4.0
100.28137207268163,5.0
100.39128812795026,4.0
100.64955710575231,3.0
100.66310972266552,4.0
100.73374670712636,3.0
100.95626547303357,2.0
101.02121603247139,3.0
101.03097205175273,2.0
101.05820055933279,3.0
101.1115373752908,2.0
101.30403460203121,3.0
101.3517093275538,2.0
101.44393793877367,3.0
101.4961602452349,2.0
101.5476361582797,3.0
101.59854239707589,2.0
101.62681782490718,3.0
101.73706984247153,4.0
101.96029357733269,3.0
102.01022012822789,2.0
102.06420977281648,3.0
102.15908314849044,4.0
102.2067603171727,3.0
102.23015283961075,2.0
102.23102780295658,1.0
102.51880490798247,2.0
102.63180318072264,1.0
102.69136731987115,0.0
102.73962924203462,1.0
102.87232319493658,2.0
102.93139810454927,1.0
102.96604411432325,2.0
103.10242876936235,1.0
103.15847307780214,2.0
103.24057561334645,3.0
103.39742368358559,4.0
103.45326372643659,5.0
103.4703089775255,6.0
103.5200160949273,5.0
103.54460075246928,6.0
103.57101443396651,5.0
103.79018480318497,6.0
104.31541755012374,7.0
104.34422525531421,6.0
104.41489678054627,7.0
104.43891738692042,6.0
104.50525503295697,5.0
104.55640978056269,6.0
104.59772520983846,5.0
104.69631178534576,6.0
104.77748695848732,5.0
104.77748695848732,6.0
104.81090054058313,5.0
104.81090054058313,6.0
104.88915961387276,5.0
104.8898834254921,4.0
104.923991843264,3.0
105.0179091472014,4.0
105.027313935255,3.0
105.04943072436427,4.0
105.18226868575624,5.0
105.19427457354294,6.0
105.26059625200728,5.0
105.26059625200728,6.0
105.28290233966632,5.0
105.30102790614117,4.0
105.30260346726291,3.0
105.48181705645068,4.0
105.54928395860773,5.0
105.56056942849094,4.0
105.63838160786177,5.0
105.68822098423094,6.0
105.80310835145204,5.0
105.82236146729271,4.0
105.82430274595035,3.0
105.87975095367194,2.0
105.91849836790783,1.0
106.0856145652855,2.0
106.09324240279615,3.0
106.10814149952586,2.0
106.18300127726495,1.0
106.32665642418984,2.0
106.4060054587642,3.0
106.40750843864244,2.0
106.42872755701784,3.0
106.49372704037478,2.0
106.5622671963464,3.0
106.56626747841166,4.0
106.63551686946064,5.0
106.6854155469543,4.0
106.72617998052556,5.0
106.73174463783039,4.0
106.84601667518386,3.0
106.88199834566625,4.0
106.96408858713426,3.0
107.01257629304413,2.0
107.05914135037973,1.0
107.06876310526641,2.0
107.10366139154571,1.0
107.17564757764787,2.0
107.33182873898197,3.0
107.37346126575743,2.0
107.57610993728645,3.0
107.63057578361031,4.0
107.64500433254793,3.0
107.72523227915406,4.0
107.85249438644746,5.0
107.85551943643841,4.0
107.89348164474058,3.0
108.17445235668558,2.0
108.24853574698128,3.0
108.26905764626265,2.0
108.53027016957897,1.0
108.55231686788873,2.0
108.66441676534255,1.0
108.79181776078616,2.0
109.06134145690787,3.0
109.06380338801745,2.0
109.12609414639455,3.0
109.21961978416816,4.0
109.26176785616641,5.0
109.31758991686543,4.0
109.31758991686543,5.0
109.36035245934019,4.0
109.36035245934019,5.0
109.44315321385017,4.0
109.44315321385017,5.0
109.48360855870156,4.0
109.50730606710172,5.0
109.68265842075651,4.0
109.68265842075651,5.0
109.70395851347858,4.0
109.70395851347858,5.0
109.95952587990148,4.0
109.95952587990148,5.0
110.10661531255222,4.0
110.10661531255222,5.0
110.25218861730808,4.0
110.25218861730808,5.0
110.38996496359302,4.0
110.38996496359302,5.0
110.39077082163817,4.0
110.39077082163817,5.0
110.39779433906493,4.0
110.39779433906493,5.0
110.43723999951705,4.0
110.43723999951705,5.0
110.50365102372088,4.0
110.50365102372088,5.0
110.56793236512685,4.0
110.56793236512685,5.0
110.62296002461764,4.0
110.64704898605547,3.0
110.64704898605547,4.0
110.67965921090004,3.0
110.7960256349614,4.0
110.83316389741903,5.0
110.91622678264007,6.0
111.01901077068892,5.0
111.03701283443658,4.0
111.03742685023647,3.0
111.0495904450442,4.0
111.1232248225215,5.0
111.12905428616263,4.0
111.1785162699281,3.0
111.27812967306363,2.0
111.32439809113076,1.0
111.36698239850993,0.0
111.42554292822354,1.0
111.47155945002187,0.0
111.55874957882004,1.0
111.79203019672282,2.0
111.84598081869727,3.0
111.89126920796328,4.0
111.9416293054888,5.0
112.0318795418455,4.0
112.0318795418455,5.0
112.07611699957218,4.0
112.17105323096868,3.0
112.17105323096868,4.0
112.17388890757498,3.0
112.17388890757498,4.0
112.5666495009997,3.0
112.5666495009997,4.0
112.80854851640295,3.0
112.80854851640295,4.0
113.13906708697697,3.0
113.13906708697697,4.0
113.17181569176566,3.0
113.17181569176566,4.0
113.81983999612015,3.0
113.81983999612015,4.0
113.85544723904928,3.0
113.85544723904928,4.0
113.92933246273724,3.0
113.92933246273724,4.0
114.01982296288433,3.0
114.01982296288433,4.0
114.05687976068674,3.0
114.05687976068674,4.0
114.24054928931103,3.0
114.24054928931103,4.0
114.33696105436934,3.0
114.33696105436934,4.0
114.40419527948589,3.0
114.40419527948589,4.0
114.42555269262932,5.0
114.43266119936119,4.0
114.47580127546419,3.0
114.5847686396596,4.0
114.64601038140455,5.0
114.66253743356137,4.0
114.73335967313065,5.0
114.76241398873503,4.0
114.88794249484917,3.0
115.02556935873169,4.0
115.02778918600646,5.0
115.20112105927419,4.0
115.20112105927419,5.0
115.2544257956451,4.0
115.27373331524497,3.0
115.28708012704767,4.0
115.37863434977868,3.0
115.6018308495269,4.0
115.63993359935976,5.0
115.65679135411163,4.0
115.75873405670023,5.0
115.78921676751085,4.0
115.78921676751085,5.0
115.8260558982076,4.0
115.8260558982076,5.0
115.89174669287878,4.0
115.89174669287878,5.0
115.94532012584432,4.0
116.06446722193371,5.0
116.12173493424241,4.0
116.12798339210211,5.0
116.17792816270175,4.0
116.18925949555315,3.0
116.28576089605811,4.0
116.41251799570904,3.0
116.51835749823341,4.0
116.52086791172921,3.0
116.58432887906399,4.0
116.72724210370531,5.0
116.9507272588497,4.0
116.95390643617391,3.0
117.00047761277206,4.0
117.01061142516564,5.0
117.03523920886168,4.0
117.15312684125003,3.0
117.17180626751767,2.0
117.24828051504866,1.0
117.36842104852076,2.0
117.42333658610974,3.0
117.51411762366249,4.0
117.66190261151041,3.0
117.69863061180578,4.0
117.92596543759718,3.0
117.9311922370148,2.0
118.05258299305558,3.0
118.1921897467201,4.0
118.20414572685391,3.0
118.2542126418966,4.0
118.32191880795253,5.0
118.38526887516213,6.0
118.40625518166073,5.0
118.40654228673539,4.0
118.44305609194907,3.0
118.44920859507384,4.0
118.53293037186512,5.0
118.54215457557599,4.0
118.55439143116563,3.0
118.61915663526432,4.0
118.65119756915598,5.0
118.69968188986238,4.0
118.89952854093941,3.0
118.92870632882062,4.0
119.01029379122579,3.0
119.14509407165397,2.0
119.31918259889969,3.0
119.34833263927204,4.0
119.44332179589597,5.0
119.47988044683018,4.0
119.51821221079956,3.0
119.52995071228207,4.0
119.68728979455824,3.0
119.6936707724611,2.0
119.78082756459135,1.0
119.85614995153361,2.0
119.95462913754642,1.0
120.00169751516584,0.0
120.09584273321289,1.0
120.20102719176886,0.0
120.34329346401458,1.0
120.71603463913877,2.0
120.72156486857756,3.0
120.75636244127186,2.0
120.759591371283,3.0
120.86339060376042,2.0
120.94738498252609,1.0
121.0323690820414,2.0
121.12583133436378,3.0
121.25721144403184,4.0
121.36782420338392,3.0
121.40043334887092,4.0
121.50131362951383,3.0
121.56593738939893,4.0
121.5755948471749,5.0
121.57724760187271,4.0
121.62394326665758,3.0
121.70718887745181,2.0
121.84832689594558,3.0
121.92650691518747,2.0
121.92734187159819,3.0
122.08470022862754,4.0
122.14865889055885,5.0
122.16975475635802,4.0
122.2370106341897,5.0
122.3108839289853,4.0
122.32190382710732,5.0
122.33508142086359,4.0
122.40203072433525,5.0
122.47122716045317,6.0
122.49342403428895,7.0
122.73376338833762,6.0
122.73376338833762,7.0
123.02050607409409,6.0
123.02050607409409,7.0
123.06723974626095,6.0
123.06723974626095,7.0
123.14960525729062,6.0
123.14960525729062,7.0
123.17098521551247,6.0
123.17098521551247,7.0
123.28972267922774,6.0
123.28972267922774,7.0
123.32019478190593,6.0
123.32019478190593,7.0
123.32772039043596,6.0
123.32772039043596,7.0
123.5308386819993,6.0
123.5308386819993,7.0
123.58542690918644,6.0
123.66439581259806,5.0
123.66439581259806,6.0
123.7314897129096,5.0
123.7314897129096,6.0
123.73931256333582,5.0
123.73931256333582,6.0
123.74779552632974,5.0
123.74779552632974,6.0
123.8115685748473,5.0
123.8115685748473,6.0
123.83153586586914,7.0
123.87263134234523,6.0
123.87263134234523,7.0
124.07587368115773,6.0
124.07587368115773,7.0
124.09030250179876,6.0
124.09030250179876,7.0
124.0933515653799,6.0
124.0933515653799,7.0
124.17785368818365,6.0
124.21732644354022,5.0
124.22632134963504,4.0
124.27680745553293,5.0
124.30970442691901,4.0
124.31817161435015,5.0
124.33006924834353,6.0
124.36025464681619,7.0
124.46053830967315,6.0
124.47258452381513,5.0
124.53894497317829,6.0
124.55304743928963,5.0
124.5641381090999,4.0
124.61037046161736,3.0
124.63418644341648,4.0
124.67818362003584,3.0
124.81312947599899,2.0
124.94971512576593,3.0
124.96917825711087,4.0
125.01444149709322,3.0
125.03294254228449,4.0
125.06646813864862,3.0
125.10732640492469,4.0
125.11942924682971,3.0
125.18363950845342,2.0
125.19111208675346,1.0
125.21568015691767,2.0
125.24908787941106,3.0
125.31311915648136,4.0
125.44773958457304,5.0
125.5178573830874,4.0
125.56204781686823,3.0
125.61793191542294,2.0
125.75952773200603,3.0
125.82698515008869,4.0
125.90557293040304,3.0
125.97471170860501,4.0
125.97857440796788,3.0
126.09912000235022,4.0
126.1049839957682,3.0
126.16486911961157,2.0
126.18248975423106,3.0
126.22611930631004,4.0
126.34566757960634,5.0
126.41996607951256,4.0
126.58500791959443,5.0
126.76953021698107,6.0
126.80238963899018,5.0
126.84801310717006,4.0
126.84801310717006,5.0
126.89509186621916,4.0
126.89509186621916,5.0
127.09917103733044,4.0
127.09917103733044,5.0
127.17990922668956,4.0
127.2101744829471,3.0
127.27035973532516,4.0
127.29303694301743,5.0
127.29589165878679,4.0
127.47964393765845,3.0
127.47964393765845,4.0
127.50514670671116,3.0
127.50514670671116,4.0
127.51449729262897,3.0
127.51449729262897,4.0
127.73165702385035,3.0
127.73165702385035,4.0
127.79698850099669,3.0
127.79698850099669,4.0
127.80051987316897,3.0
127.83732148303253,4.0
127.8487824897637,3.0
128.05996866053863,2.0
128.16608741784046,3.0
128.17620865637093,4.0
128.3197686946738,3.0
128.3197686946738,4.0
128.3723134621693,3.0
128.56553377503926,2.0
128.56553377503926,3.0
128.7205099345445,2.0
128.7205099345445,3.0
128.79864907611093,4.0
128.8301988580456,3.0
128.8301988580456,4.0
129.0770658503797,3.0
129.0770658503797,4.0
129.24378536137496,3.0
129.24378536137496,4.0
129.32412881700694,3.0
129.32412881700694,4.0
129.44699123217174,3.0
129.44699123217174,4.0
129.52196736122443,3.0
129.52196736122443,4.0
129.56801789118487,3.0
129.56801789118487,4.0
129.81407519477764,3.0
129.81407519477764,4.0
129.86753473974727,3.0
129.86753473974727,4.0
129.99478471977415,3.0
129.99478471977415,4.0
130.04513422891245,3.0
130.04513422891245,4.0
130.09942605937806,3.0
130.09942605937806,4.0
130.19933145244482,3.0
130.19933145244482,4.0
130.20985914924873,3.0
130.23487253769483,2.0
130.35553498806303,1.0
130.35553498806303,2.0
130.4639264018863,1.0
130.53899318913062,0.0
130.66759569092534,1.0
130.69626577268681,0.0
130.89850763418272,1.0
131.20634341939137,0.0
131.3656352494256,1.0
131.41508902337642,2.0
131.45005084598338,3.0
131.4681400287879,2.0
131.52423680660206,1.0
131.53382321448314,2.0
131.59485914927188,1.0
131.66280298459398,2.0
131.682875373473,3.0
131.7361545805552,2.0
131.82009709805564,3.0
131.8827353962258,2.0
131.9857988638568,1.0
131.9875874950484,2.0
132.0223988292502,1.0
132.10668951442523,2.0
132.17492596504007,3.0
132.19720937337848,4.0
132.20175652603405,5.0
132.44484607002892,4.0
132.44484607002892,5.0
132.58274545942277,4.0
132.58274545942277,5.0
132.64801530686566,4.0
132.64801530686566,5.0
132.69868636851646,4.0
132.69868636851646,5.0
132.7040982289452,4.0
132.7040982289452,5.0
132.81403812773593,4.0
132.81403812773593,5.0
132.85213667134593,4.0
132.9857775262493,3.0
132.99100032356074,4.0
132.99760355668562,3.0
133.00028805110938,4.0
133.06838497194636,3.0
133.06838497194636,4.0
133.2552165263564,3.0
133.2552165263564,4.0
133.27157555155148,3.0
133.53820789715482,2.0
133.5426582265141,3.0
133.62973292135922,2.0
133.7963340017832,1.0
133.82073946874664,2.0
133.90567667987088,3.0
134.0430000297507,2.0
134.1535224704991,1.0
134.30823329661317,0.0
134.60409814476634,1.0
134.91605091120397,0.0
135.11414196666985,1.0
135.18048103646774,0.0
135.20514666835098,1.0
135.30518206417855,2.0
135.35005968672615,3.0
135.68790802497074,4.0
135.69750125899256,5.0
135.79724558920282,6.0
135.8002306192457,7.0
135.85828109259666,6.0
135.87907771543613,5.0
135.8848494420451,4.0
136.0372374834049,3.0
136.04158354983727,2.0
136.0896919608829,1.0
136.10922407336696,2.0
136.15260899462123,3.0
136.25036693014172,4.0
136.31662222229605,5.0
136.3291181780649,4.0
136.53033231689008,5.0
136.53075402968759,6.0
136.53466506032044,5.0
136.59471922055653,6.0
136.59472048999922,5.0
136.59518435848912,4.0
136.61567407898747,5.0
136.66343113198832,4.0
136.67177469428557,3.0
136.70969874166977,4.0
136.7821630199854,3.0
136.81060698550914,2.0
136.82018111636785,3.0
136.8249436109319,2.0
136.93157803727456,3.0
137.06152790122607,2.0
137.41843026787933,3.0
137.51848236887685,2.0
137.57956261737732,1.0
137.5805532746096,2.0
137.64069044877058,1.0
137.643398997552,2.0
137.67786973616168,1.0
137.69700449201798,2.0
137.81832074922488,3.0
138.12760936327155,4.0
138.21412169618003,3.0
138.26615731551337,2.0
138.27180282385982,1.0
138.36240199070846,2.0
138.47941979289402,1.0
138.484418125278,0.0
138.59798274868527,1.0
138.60960946247374,2.0
138.66754933785893,3.0
138.67892410473988,2.0
138.7686832155181,1.0
138.79585229171542,0.0
138.90639506433624,1.0
139.10921985462744,2.0
139.16660686971164,1.0
139.29316620260178,2.0
139.29343814197284,3.0
139.33988488098154,4.0
139.35326430189534,3.0
139.5074628429333,4.0
139.53657516253523,3.0
139.57156482108374,2.0
139.63690497537334,3.0
139.63693835956104,2.0
139.71900571396824,1.0
139.91041513167613,0.0
140.20384504086658,1.0
140.21612225040843,0.0
140.27365654377948,1.0
140.28982611514638,2.0
140.36718902607547,3.0
140.41137350990726,2.0
140.49098604415516,3.0
140.56592830561993,2.0
140.68490850105422,3.0
140.72364500724345,4.0
140.7364713646625,5.0
140.9678538305763,4.0
141.09775840139577,3.0
141.11725569646404,4.0
141.13330159282873,3.0
141.16452735605122,2.0
141.17377707117222,1.0
141.42627190738173,2.0
141.5578369123471,1.0
141.56018719102337,2.0
141.59597091193712,3.0
141.7145453647565,2.0
141.7398891441215,3.0
141.8583819151032,4.0
141.8587876167517,5.0
141.8798679712208,4.0
141.92247865362006,3.0
141.95880010720234,2.0
142.11198985678487,3.0
142.3373667369431,4.0
142.34397055814824,5.0
142.4530010305807,6.0
142.45335286201373,7.0
142.4670953407653,6.0
142.47613653632453,7.0
142.49932837220936,6.0
142.49932837220936,7.0
142.56679465730275,6.0
142.71417484368945,5.0
142.90039451894984,4.0
143.03378100585996,5.0
143.06395314140534,6.0
143.08772075931398,7.0
143.19687807496067,6.0
143.19687807496067,7.0
143.2053506211285,6.0
143.2053506211285,7.0
143.2103873817058,6.0
143.21704836727278,5.0
143.36931189849847,6.0
143.3700554611929,7.0
143.40975596006444,6.0
143.40975596006444,7.0
143.61084998132063,6.0
143.61084998132063,7.0
143.64489883638478,6.0
143.64489883638478,7.0
143.64763653875315,6.0
143.66230265799874,5.0
143.68924627768192,4.0
143.79761605298157,5.0
143.90474701038275,6.0
143.91773450083053,7.0
144.00975543467663,6.0
144.00975543467663,7.0
144.02548705878556,6.0
144.02548705878556,7.0
144.11148704619907,6.0
144.1186836960883,5.0
144.1186836960883,6.0
144.1302553794874,5.0
144.1302553794874,6.0
144.19686216377985,5.0
144.19686216377985,6.0
144.22771135482364,5.0
144.25942346636825,6.0
144.26343547891196,5.0
144.281200497927,4.0
144.2820321939493,3.0
144.28841274534687,2.0
144.37172867970548,1.0
144.53158113962544,2.0
144.6829448021142,1.0
144.93876516286062,2.0
145.1349172429097,3.0
145.25640953421149,2.0
145.33581583625127,3.0
145.60527801032882,2.0
145.74816434011794,3.0
145.7845531519097,2.0
145.82760829041717,3.0
145.90833102124526,4.0
145.96869200545257,3.0
145.99334216622515,4.0
146.01444529481125,5.0
146.04581905490235,6.0
146.06649363274192,5.0
146.24390235411707,4.0
146.2777926606069,3.0
146.5661416435241,4.0
146.57221228029283,3.0
146.6118916067907,2.0
146.6359647268172,3.0
146.63870607418255,2.0
146.69496076213673,3.0
146.8922796562384,4.0
146.95030230419954,5.0
146.9653078281431,4.0
146.98804272187712,5.0
147.03418145987132,4.0
147.18306140956182,3.0
147.21091524389445,4.0
147.2411692928784,3.0
147.26548592119167,2.0
147.56723684819573,3.0
147.63398746794292,4.0
147.63865410288366,3.0
147.77879377570625,4.0
147.7855482597461,5.0
147.8671172533401,4.0
147.94522467079557,3.0
147.98114155237326,2.0
148.03302427579328,1.0
148.04759148698707,2.0
148.06615931550564,3.0
148.06691565419376,2.0
148.1442690466578,3.0
148.20869960456707,4.0
148.29319201169167,3.0
148.43199472893,4.0
148.53359634655098,5.0
148.53994043073263,4.0
148.59694858918704,3.0
148.59915780926931,2.0
148.70421538114672,3.0
148.8026035759501,4.0
148.893426589322,5.0
149.09924096077856,4.0
149.16171330375667,5.0
149.22792815018536,4.0
149.2321093665132,5.0
149.23970825191708,4.0
149.30588760547363,5.0
149.35816689633793,6.0
149.38465532386445,5.0
149.4207711311081,6.0
149.430340952092,7.0
149.43384506706067,6.0
149.55538868761155,7.0
149.6009734751935,6.0
149.66368261681905,5.0
149.7310252177965,6.0
149.73949668542093,7.0
149.74710234545122,6.0
149.78359764129252,5.0
149.83188905968552,4.0
149.83782178785637,5.0
149.90231241273807,4.0
149.93751318872734,3.0
149.9965929286866,2.0
150.01352771058797,1.0
150.10105871962182,2.0
150.4250670884532,1.0
150.48055285838817,2.0
150.4885304020749,1.0
150.51213806887617,2.0
150.55325218750133,3.0
150.5665347934021,4.0
150.74216695651202,5.0
150.75443999012026,6.0
150.76963767426594,5.0
150.8144171234963,4.0
150.832457361204,3.0
150.9052129606393,4.0
151.0122658048259,3.0
151.23439943657877,4.0
151.2508924215612,3.0
151.26034896335088,2.0
151.26239946380366,1.0
151.3881808827746,2.0
151.40885660232107,3.0
151.48802696025737,4.0
151.55233819152122,3.0
151.7037820335231,4.0
151.8193553369391,3.0
151.8193553369391,4.0
151.9379475335162,3.0
151.9379475335162,4.0
152.09584029520227,5.0
152.09882904357798,4.0
152.09882904357798,5.0
152.1302883566419,4.0
152.27879733100198,3.0
152.28182042352955,4.0
152.3039288971706,5.0
152.41396113289707,4.0
152.41396113289707,5.0
152.4612837173966,4.0
152.4612837173966,5.0
152.47252834705245,4.0
152.5039843746669,3.0
152.51020237686535,2.0
152.7017535940673,3.0
152.7036956313349,2.0
152.71726133788428,1.0
152.8143119764328,2.0
153.09761067873697,1.0
153.1681499392076,2.0
153.28013604314387,1.0
153.3348066231776,0.0
153.51138902057482,1.0
153.53241754306714,2.0
153.561650186327,3.0
153.56518138506618,2.0
153.57986557806933,3.0
153.62037836169225,2.0
153.64566383901632,1.0
153.7199233026266,2.0
153.73454097253563,1.0
153.739944756799,2.0
153.78956960993997,3.0
153.84610675502907,4.0
153.89526871237132,5.0
154.05343732765436,4.0
154.05343732765436,5.0
154.10858210678444,4.0
154.10858210678444,5.0
154.15202175576698,4.0
154.15202175576698,5.0
154.15804497393114,4.0
154.15804497393114,5.0
154.42702630282335,4.0
154.42702630282335,5.0
154.74133312031285,4.0
154.74133312031285,5.0
154.78480697148723,4.0
154.78480697148723,5.0
154.79623178839327,4.0
154.79623178839327,5.0
155.05149595968695,4.0
155.07882294466393,5.0
155.08440053304182,4.0
155.19805526304543,5.0
155.207434923258,4.0
155.3220922937594,5.0
155.3811664895135,4.0
155.4632593802901,5.0
155.49888021494715,4.0
155.58773480209356,3.0
155.64205734641288,2.0
155.69774120260936,3.0
155.87605552299578,4.0
155.90212512377187,5.0
155.9343380161495,4.0
155.974194868248,5.0
156.04539159518467,4.0
156.05043942261682,3.0
156.05994437378016,4.0
156.24029724943773,5.0
156.31183036496301,4.0
156.32941453742475,3.0
156.40662389192357,2.0
156.63328537396504,3.0
156.66424009879097,2.0
156.6878536488731,3.0
156.77145578528464,4.0
156.78516116615887,5.0
156.816964504386,4.0
156.93902883916843,3.0
157.24794548201186,4.0
157.34230863370198,5.0
157.34655130138376,4.0
157.42424161666293,5.0
157.50223790392116,6.0
157.53987170614832,7.0
157.5816760271322,6.0
157.6877405203006,7.0
157.77061764463662,6.0
157.7710926545492,5.0
157.78334961374614,4.0
157.79782298546917,5.0
157.87860333679862,6.0
157.89325078985885,5.0
157.98712790453706,4.0
158.02743404501777,5.0
158.03757000660738,6.0
158.0477183738009,7.0
158.24072535680673,6.0
158.25672405347038,7.0
158.3259544480195,6.0
158.33340787266098,5.0
158.37524276970504,4.0
158.39524790655116,5.0
158.4166202193129,4.0
158.45079865460028,3.0
158.47436224968192,4.0
158.5564558507948,3.0
159.08613463174126,2.0
159.34788880613877,1.0
159.43010539500122,2.0
159.51781798309332,3.0
159.55343935025135,4.0
159.55470378716203,3.0
159.5734275393436,4.0
159.58779033151293,5.0
159.61676550850777,4.0
159.67295298953968,3.0
159.68398842667187,2.0
159.70265880853646,3.0
159.72137363944637,2.0
159.80023584334566,3.0
159.86357637025242,4.0
159.90982913510365,3.0
160.21572420014147,2.0
160.2321301462697,3.0
160.25941607963213,2.0
160.3061683474058,1.0
160.45958384962404,2.0
160.72859941092528,3.0
160.7927380215092,2.0
160.79419310828897,1.0
160.8664858399222,2.0
160.9954065430496,3.0
161.00690737041458,2.0
161.03546347227214,1.0
161.09295260054702,2.0
161.13961604231923,1.0
161.14537061250604,2.0
161.22346754012725,3.0
161.31735955184368,4.0
161.3326529492212,3.0
161.37079589967135,2.0
161.42041298144437,3.0
161.46356103208282,4.0
161.51178174015394,3.0
161.68729827701642,2.0
161.83768485280947,3.0
161.99594748827028,4.0
162.01221462377276,3.0
162.04447484746302,4.0
162.05414460299917,3.0
162.08716307075463,4.0
162.12387296566726,3.0
162.13622996439753,4.0
162.16720014469172,5.0
162.29786331838022,6.0
162.3073418355455,5.0
162.33960215901655,4.0
162.51296217310883,5.0
162.5323156236428,4.0
162.54846645167916,3.0
162.6003505866023,4.0
162.68481761180269,3.0
162.7198237806081,2.0
162.9634716047024,3.0
163.01726156827604,4.0
163.1175154984595,5.0
163.12191052132107,4.0
163.2673547057343,5.0
163.3006458393849,4.0
163.3323369293882,5.0
163.3686805062046,4.0
163.49169243364517,3.0
163.50661771258868,4.0
163.57498538971453,3.0
163.5905754716844,2.0
163.98776686800758,3.0
163.99212441762756,4.0
164.04676122303349,3.0
164.08107023698622,4.0
164.19211385917004,5.0
164.20450855354997,4.0
164.2433552486523,5.0
164.29471083204064,6.0
164.29819333544492,5.0
164.4344610281157,4.0
164.44208949509223,3.0
164.56126777756356,4.0
164.56239397884485,3.0
164.77362985242704,4.0
164.95551744332906,3.0
165.02957827740482,4.0
165.16279689546457,5.0
165.18085658876973,4.0
165.19837568976345,5.0
165.2289869242113,4.0
165.2864961966063,3.0
165.46471090694402,4.0
165.56743634380828,5.0
165.6087594680069,4.0
165.7998525283756,5.0
165.85207683724133,4.0
165.93857694180673,3.0
166.03694107353957,4.0
166.23507600989817,5.0
166.31906936247202,6.0
166.3973015957927,5.0
166.42478931194313,6.0
166.53998837769217,7.0
166.55529885776713,6.0
166.59007456877225,5.0
166.63689967333286,4.0
166.65110085738408,5.0
166.68812753803297,4.0
166.75158033287912,3.0
166.78045481634328,4.0
166.79622322986611,3.0
166.82397237099153,2.0
166.93125957536597,1.0
167.1289018293418,2.0
167.1431413052829,3.0
167.37733837026568,2.0
167.43302639939935,3.0
167.49735215889177,2.0
167.56524688798604,1.0
167.5832007383959,2.0
167.59168806527225,1.0
167.631474410574,2.0
167.67079822374913,3.0
167.691077640234,2.0
167.77573671077903,3.0
167.83193926908692,4.0
167.8821404154911,3.0
167.8842846780118,2.0
167.90803351254215,3.0
168.24790731904466,4.0
168.25304796526873,5.0
168.30564641224032,6.0
168.52538090919828,5.0
168.52538090919828,6.0
168.53120048572055,5.0
168.53120048572055,6.0
168.6423470168137,5.0
168.6423470168137,6.0
168.65511936303253,5.0
168.69311640374858,4.0
168.78693673493544,5.0
168.80097348921126,4.0
168.83559969775027,5.0
168.8791571009072,4.0
168.9133069532484,3.0
168.97936542937452,4.0
168.99024568826135,3.0
169.02563722613056,2.0
169.30503334142907,3.0
169.31471143007076,4.0
169.35028006434132,5.0
169.43478434533344,6.0
169.53108683110162,5.0
169.53108683110162,6.0
169.63154947129755,5.0
169.63154947129755,6.0
169.72795153416502,5.0
169.72795153416502,6.0
169.73959550463613,5.0
169.73959550463613,6.0
169.76811408135094,5.0
169.76811408135094,6.0
169.8969051016964,5.0
169.93246738346005,6.0
170.0221949494625,5.0
170.11912119070138,4.0
170.11912119070138,5.0
170.19315413207053,4.0
170.21699258892068,3.0
170.23012512287136,2.0
170.252095034573,3.0
170.26454669082426,2.0
170.38336316142951,1.0
170.3977050647992,2.0
170.5577960650154,3.0
170.5820126877904,4.0
170.90682841576466,3.0
170.90682841576466,4.0
170.95067221239103,3.0
170.95067221239103,4.0
171.03616813476495,3.0
171.03616813476495,4.0
171.14117643160563,3.0
171.14117643160563,4.0
171.3710192430909,3.0
171.3710192430909,4.0
171.38816606788967,3.0
171.38816606788967,4.0
171.39872602023732,3.0
171.39872602023732,4.0
171.5031025445008,3.0
171.5031025445008,4.0
171.57079625239862,3.0
171.57079625239862,4.0
171.71059029916617,3.0
171.71059029916617,4.0
171.78134544739478,3.0
171.78134544739478,4.0
171.82736167732975,3.0
171.82736167732975,4.0
171.9090450288866,3.0
171.9090450288866,4.0
171.91932342091422,3.0
171.91932342091422,4.0
172.03816682460223,3.0
172.03816682460223,4.0
172.49883580648526,5.0
172.64536925481733,6.0
172.71578481917606,5.0
172.71578481917606,6.0
172.82043935144725,5.0
172.82043935144725,6.0
172.8354310482989,5.0
172.8354310482989,6.0
172.91752587950393,5.0
172.91752587950393,6.0
173.20086991570588,5.0
173.20086991570588,6.0
173.2710797354521,5.0
173.2710797354521,6.0
173.28037468731512,5.0
173.28037468731512,6.0
173.34032946977513,5.0
173.34032946977513,6.0
173.4082509855169,5.0
173.4082509855169,6.0
173.52554169510447,5.0
173.52554169510447,6.0
173.59095373168245,5.0
173.59095373168245,6.0
173.59358331929766,5.0
173.6302858264267,6.0
173.6711866432528,5.0
173.69752840274128,4.0
173.77790949924395,3.0
173.78845542088203,4.0
173.99170935656053,5.0
174.07918331924725,6.0
174.08409063522785,5.0
174.15355092023196,6.0
174.2178707435546,7.0
174.29006097805646,6.0
174.29833891799862,5.0
174.33826255188617,4.0
174.38842649958883,5.0
174.50191714218946,4.0
174.50387222616166,5.0
174.52775542340294,6.0
174.59701175851745,7.0
174.60487456326766,6.0
174.61473278653912,7.0
174.7313532719209,6.0
174.74731801242427,5.0
174.76676602372126,4.0
174.79444256833264,3.0
174.98552477900537,2.0
175.00731737188977,3.0
175.04194269096476,4.0
175.10274262719994,3.0
175.14502499561442,4.0
175.16179502630422,5.0
175.23558276811625,4.0
175.2530782581519,5.0
175.42895572190784,4.0
175.48318647177027,3.0
175.56900869510687,4.0
175.57222050801184,3.0
175.6726327457847,4.0
175.71153401736856,5.0
175.7531859098472,6.0
175.77134835018464,7.0
176.00485594694868,6.0
176.0545083850248,7.0
176.05686118599795,6.0
176.0632475062481,5.0
176.09531763546815,4.0
176.19715421587125,5.0
176.2045021933229,6.0
176.24255904463942,5.0
176.29536901420045,4.0
176.35398137209214,5.0
176.46846713906046,6.0
176.49872109636397,7.0
176.54661834664822,6.0
176.57459185366196,5.0
176.58799796911035,4.0
176.71025710304775,5.0
176.8258719720968,4.0
176.90713282947337,5.0
176.92708946536104,6.0
176.93482191015661,7.0
177.2191511132748,6.0
177.2191511132748,7.0
177.28398072598833,6.0
177.28398072598833,7.0
177.28496186339856,6.0
177.28496186339856,7.0
177.3204746233764,6.0
177.3204746233764,7.0
177.35878008814908,6.0
177.35878008814908,7.0
177.38184481204814,6.0
177.39475719569333,7.0
177.4301187463311,6.0
177.44928766416268,7.0
177.50077405313172,6.0
177.50077405313172,7.0
177.53470891565325,6.0
177.53470891565325,7.0
177.61809996181597,6.0
177.61809996181597,7.0
177.641308865385,6.0
177.641308865385,7.0
177.69528735148572,6.0
177.69528735148572,7.0
177.77463262533405,6.0
177.77463262533405,7.0
177.96997757061732,6.0
177.96997757061732,7.0
178.01968393946356,6.0
178.01968393946356,7.0
178.02388891942283,6.0
178.04928393819546,5.0
178.0638054361692,6.0
178.08260339546595,7.0
178.19516044056124,6.0
178.19516044056124,7.0
178.20894897847728,6.0
178.2701772373631,5.0
178.30660057825608,4.0
178.4919081006821,3.0
178.57961548789748,2.0
178.64155589167171,1.0
178.76435135024215,0.0
178.91158047312794,1.0
178.9170144189108,2.0
178.92598246707453,1.0
178.93684480173607,0.0
178.9558675760962,1.0
178.97841600897442,2.0
178.99247335360573,3.0
179.14757723368322,2.0
179.15433689327597,3.0
179.22528738999964,4.0
179.25131130299368,3.0
179.31587857450432,4.0
179.3407432611691,3.0
179.41137510071857,4.0
179.4586441326832,3.0
179.45868942109007,4.0
179.46873651594674,5.0
179.4762007551839,4.0
179.56785242012765,3.0
179.7089535586746,2.0
180.10413437508623,3.0
180.12003360949004,4.0
180.12887547774108,5.0
180.2546839324899,4.0
180.30449865093752,5.0
180.3195736356199,4.0
180.46489571864714,5.0
180.5314346826979,4.0
180.63892486026245,3.0
180.6530770413273,4.0
180.655691177204,3.0
180.71831679090684,4.0
180.7414114897362,3.0
180.88189205447551,2.0
180.8850189591994,3.0
180.89483694635385,4.0
180.97420849272487,3.0
181.22017280119042,2.0
181.24761052051483,3.0
181.26541423903177,2.0
181.34541714644593,1.0
181.4598536925836,0.0
181.6224548463984,1.0
181.8885292309147,2.0
181.91284977535537,1.0
181.91849830003235,0.0
182.14847752698574,1.0
182.56949834211565,2.0
182.581124839018,3.0
182.8757344585569,4.0
182.90008704606404,3.0
182.9355913897092,4.0
182.9441586632881,3.0
183.0008795571108,2.0
183.01957669114418,3.0
183.02186784189294,4.0
183.06050671256116,5.0
183.066536194234,6.0
183.1777224637602,5.0
183.1777224637602,6.0
183.18738617924222,5.0
183.18738617924222,6.0
183.25461605009772,5.0
183.25461605009772,6.0
183.2601993051419,5.0
183.31500977279526,6.0
183.32061744960478,5.0
183.34458137054204,6.0
183.3536578535084,5.0
183.37276130702045,4.0
183.41284270883267,5.0
183.55388075327159,4.0
183.6660718193146,5.0
183.66730527537737,4.0
183.83646874993636,3.0
183.8724357509566,4.0
183.9609003923291,5.0
184.0332744143184,6.0
184.0358985067344,7.0
184.05448612010233,6.0
184.07801126571468,5.0
184.10081152300978,6.0
184.10671366755716,5.0
184.24156052289112,6.0
184.2970678419017,7.0
184.3591445547767,6.0
184.39330321589674,7.0
184.40850591939906,6.0
184.415229946666,5.0
184.5881261396833,4.0
184.75001634631477,5.0
184.7520998640481,4.0
184.81936056955516,5.0
184.83783639459125,4.0
184.87458490815857,5.0
184.8788223443847,6.0
184.9566631865918,7.0
185.1043003812862,6.0
185.1043003812862,7.0
185.13059111822994,6.0
185.21287232616075,5.0
185.21287232616075,6.0
185.25253221071972,5.0
185.25253221071972,6.0
185.2783235551819,5.0
185.2783235551819,6.0
185.38227564742238,5.0
185.38227564742238,6.0
185.44251195608598,5.0
185.44251195608598,6.0
185.51135299869676,5.0
185.51135299869676,6.0
185.54492326861154,5.0
185.54492326861154,6.0
185.72199932665328,5.0
185.93634064898123,4.0
185.93634064898123,5.0
186.22162209452992,4.0
186.22162209452992,5.0
186.23947124600028,4.0
186.29397410975162,5.0
186.3859518725385,4.0
186.4275896645626,5.0
186.47294323854717,6.0
186.58131649245686,5.0
186.58131649245686,6.0
186.6333696648196,5.0
186.64133582460704,6.0
186.7515399300232,5.0
186.7515399300232,6.0
186.77115814081608,5.0
186.77751072525848,6.0
186.80063682161565,5.0
186.842283031308,4.0
186.8444497389417,5.0
186.89469417556668,6.0
186.97837428909008,5.0
186.97837428909008,6.0
187.0453874590118,5.0
187.11231794619073,4.0
187.24794599084865,5.0
187.33377740628652,6.0
187.5488005101027,5.0
187.5488005101027,6.0
187.57722167441247,5.0
187.57722167441247,6.0
187.72295141731502,5.0
187.72295141731502,6.0
187.79735345455686,5.0
187.79735345455686,6.0
187.86952302740565,5.0
187.89429755786864,4.0
187.90937233251236,3.0
187.954323110693,4.0
188.00714328236867,5.0
188.0404870773939,6.0
188.1052740373925,5.0
188.1052740373925,6.0
188.11074208028384,5.0
188.11130914122134,4.0
188.15073172848693,5.0
188.17287148102287,4.0
188.17287148102287,5.0
188.30359963803954,4.0
188.3862611375711,5.0
188.4074450050982,4.0
188.4074450050982,5.0
188.54719772919145,4.0
188.71189095532264,3.0
188.71189095532264,4.0
188.8113961361703,3.0
188.8113961361703,4.0
189.2281525520757,3.0
189.2281525520757,4.0
189.5180155158174,3.0
189.84815457340218,2.0
189.84815457340218,3.0
189.98877487731696,2.0
189.98877487731696,3.0
190.39732733678798,2.0
190.39732733678798,3.0
190.45757987374515,2.0
190.45757987374515,3.0
190.59808662076256,2.0
190.59808662076256,3.0
190.67852863505533,2.0
190.67852863505533,3.0
190.71942078492862,2.0
190.71942078492862,3.0
190.79196039691266,2.0
190.79196039691266,3.0
190.85185931448237,2.0
190.85185931448237,3.0
190.8767906917575,2.0
190.8767906917575,3.0
190.98485557007584,2.0
190.98485557007584,3.0
191.07846964164145,2.0
191.07846964164145,3.0
191.15976862370331,4.0
191.21144043439458,3.0
191.21144043439458,4.0
191.25940032452496,3.0
191.25940032452496,4.0
191.31999973908844,3.0
191.31999973908844,4.0
191.3681840128973,3.0
191.3681840128973,4.0
191.47283159333557,3.0
191.47283159333557,4.0
191.54000085064766,3.0
191.54000085064766,4.0
191.5744282562534,5.0
191.84350557281968,4.0
191.84350557281968,5.0
192.03771432997635,4.0
192.03771432997635,5.0
192.09965889825114,4.0
192.09965889825114,5.0
192.51238932181212,4.0
192.51238932181212,5.0
192.5590838776532,4.0
192.5590838776532,5.0
192.7329878641042,4.0
192.7329878641042,5.0
192.87055507932584,4.0
192.87055507932584,5.0
192.9251393653873,4.0
192.9251393653873,5.0
192.93088319073027,4.0
192.93088319073027,5.0
193.02028497214857,4.0
193.02028497214857,5.0
193.05294310903727,4.0
193.05294310903727,5.0
193.11033758981563,4.0
193.11033758981563,5.0
193.12891116826236,6.0
193.2517485100421,5.0
193.2517485100421,6.0
193.40412109611032,5.0
193.40412109611032,6.0
193.40481814211861,5.0
193.40481814211861,6.0
193.5344517355854,5.0
193.5344517355854,6.0
193.58061875881722,5.0
193.58061875881722,6.0
193.7696319961397,5.0
193.7696319961397,6.0
193.770995308188,5.0
193.770995308188,6.0
193.78265437403797,5.0
193.78265437403797,6.0
193.80166732514633,5.0
193.80166732514633,6.0
193.8071162930592,5.0
193.8071162930592,6.0
193.96404007851837,5.0
193.96404007851837,6.0
194.0538760218912,5.0
194.0538760218912,6.0
194.07089463851568,5.0
194.07089463851568,6.0
194.22707466280946,7.0
194.27659493062507,6.0
194.27659493062507,7.0
194.358366092452,6.0
194.358366092452,7.0
194.3671441793472,6.0
194.3671441793472,7.0
194.40691329697185,6.0
194.40691329697185,7.0
194.45760087974358,6.0
194.50704587621837,5.0
194.5094008857128,4.0
194.53856611155337,3.0
194.6572094610465,2.0
194.69711060611053,3.0
194.70592335254943,4.0
194.77473893449886,5.0
194.8272502837401,4.0
194.90081426495578,5.0
194.96992686261135,6.0
195.01411317584825,5.0
195.01411317584825,6.0
195.02890045206038,5.0
195.04783754948036,4.0
195.12179910476016,5.0
195.43377154199183,4.0
195.47127054268105,3.0
195.5242220755469,4.0
196.0499942473359,3.0
196.06823531693883,4.0
196.071779998218,5.0
196.13678078774012,6.0
196.20005852745345,5.0
196.20822569210014,4.0
196.21293202880022,3.0
196.2191243741937,2.0
196.35024355971893,3.0
196.40061983241412,4.0
196.40898817146095,5.0
196.45493033596063,6.0
196.45663141842908,5.0
196.58329923668188,4.0
196.60852899931837,3.0
196.683595071109,4.0
196.71075589687695,5.0
196.71330301458622,6.0
196.76698019801006,5.0
196.79794295496262,4.0
196.8479090770476,5.0
196.9103090548862,6.0
196.9919798316221,5.0
196.9919798316221,6.0
196.99482343379037,5.0
197.00790315457036,6.0
197.02679434134535,5.0
197.04265593099706,6.0
197.08600616203822,5.0
197.11106860018992,4.0
197.15327461506013,3.0
197.20562683307276,2.0
197.35682199446913,3.0
197.40566369075492,2.0
197.42806267246863,3.0
197.70424353105108,4.0
197.7301447038302,5.0
197.74448045454338,4.0
197.74831594290822,5.0
197.76874115211533,4.0
197.7698405251253,5.0
197.78122273571591,4.0
197.92100964753988,3.0
198.01085517874841,4.0
198.13170421867116,5.0
198.25512944727012,4.0
198.3541195435857,5.0
198.3698322532415,6.0
198.38203397058064,5.0
198.38203397058064,6.0
198.39809142884926,5.0
198.4922853024043,4.0
198.50476937280513,5.0
198.67314101134292,4.0
198.73401075617485,5.0
198.7413057767687,6.0
198.84195484438885,5.0
198.84994246016157,4.0
198.8507303930188,3.0
198.91981048375672,4.0
198.97867012047197,5.0
199.0070959402085,4.0
199.0929683511344,5.0
199.10887230953213,6.0
199.28405692704928,5.0
199.28405692704928,6.0
199.32074395461586,5.0
199.32730921590147,4.0
199.3316406265908,5.0
199.3556715514201,4.0
199.5071220659696,5.0
199.5275226897636,6.0
199.52795735000151,7.0
199.52916083716443,6.0
199.55652846554952,7.0
199.6626491327056,6.0
199.8525805780449,5.0
199.86765029919454,4.0
199.99783592190792,3.0
200.01120352564845,4.0
200.094008195309,3.0
200.10707619327857,2.0
200.20929633795419,1.0
200.50934085235588,2.0
200.62729181971665,3.0
200.7030182186022,4.0
200.7875834005774,3.0
200.80958737819725,2.0
200.83564715114193,3.0
200.8366664785649,4.0
200.8610976905934,5.0
200.8804618235854,6.0
200.89941469771318,5.0
201.07994321009724,6.0
201.16534968898665,7.0
201.16708236152792,6.0
201.16811882702518,5.0
201.3144383255415,6.0
201.35353516373482,5.0
201.4266054309869,6.0
201.54230653470583,5.0
201.57115009617067,4.0
201.66796632656292,3.0
201.69440096699077,4.0
201.74756962449567,5.0
201.7670137176765,4.0
201.7732835162335,5.0
201.79958514131042,4.0
201.82488149343456,3.0
201.8339212157333,2.0
201.89481809095537,3.0
202.03966539542256,4.0
202.05172460753903,3.0
202.09591967864796,4.0
202.17974108675966,3.0
202.20534255455976,2.0
202.2841668029215,3.0
202.32775254264044,2.0
202.34112679464604,3.0
202.4242946786279,2.0
202.84160275396954,3.0
202.87551816608982,4.0
203.03366384212288,5.0
203.10057511974392,4.0
203.2415802077329,3.0
203.30445903313978,4.0
203.34832814417504,5.0
203.34873784620768,4.0
203.41655097749054,3.0
203.4468310445654,2.0
203.48346386342791,1.0
203.5089659334832,2.0
203.6090843803182,1.0
203.66475368386054,2.0
203.82117161284833,1.0
203.83411769969825,2.0
203.8692811322326,3.0
203.88587743306388,4.0
203.91072709156822,5.0
204.07234489737158,6.0
204.2111674951244,7.0
204.25920462065224,6.0
204.25920462065224,7.0
204.2747100573681,6.0
204.2747100573681,7.0
204.34619012659232,6.0
204.34619012659232,7.0
204.3541882703966,6.0
204.3541882703966,7.0
204.65749853113974,6.0
204.65749853113974,7.0
204.67222827066098,6.0
204.67222827066098,7.0
204.73326455818037,6.0
204.73326455818037,7.0
204.91802957370203,6.0
204.91802957370203,7.0
204.95073590940203,6.0
204.95073590940203,7.0
204.9858147280533,6.0
204.9858147280533,7.0
205.0433097656257,6.0
205.06086329104983,5.0
205.06250241186746,4.0
205.07779047285686,5.0
205.15040456718552,4.0
205.1611181993583,3.0
205.17690218428928,4.0
205.19387352354275,5.0
205.20290914979927,6.0
205.2392963936841,5.0
205.28302599208283,4.0
205.3847991201321,3.0
205.39662495848884,4.0
205.619092257353,3.0
205.67598473731167,2.0
205.70900987943622,1.0
205.8238112398592,2.0
205.8364883565535,3.0
205.8769688614247,4.0
205.92237477756262,5.0
205.9998532946156,6.0
206.0074181816406,5.0
206.0416028296553,6.0
206.0450461369723,7.0
206.0711593008493,6.0
206.16996412081826,7.0
206.1886539173216,6.0
206.20969347980503,5.0
206.21998696931698,4.0
206.2980184334056,3.0
206.35814342860198,2.0
206.36580834631397,1.0
206.46475093732053,2.0
206.51797934405243,1.0
206.70650053727917,2.0
206.73846441562594,3.0
206.74903809542943,2.0
206.883963697732,3.0
206.94580906155718,2.0
207.0237895549589,1.0
207.08567367623755,2.0
207.09239404591474,1.0
207.17174831912217,2.0
207.33210629167286,3.0
207.43269241833457,4.0
207.47834847888373,3.0
207.50828634549174,2.0
207.56356618373584,3.0
207.62734790526662,4.0
207.6742679385597,5.0
207.83192968248397,4.0
207.92430118223135,5.0
207.93768594050397,4.0
207.98315823220068,3.0
208.13200692559658,4.0
208.3819201639569,5.0
208.41884950207216,6.0
208.47111104583712,5.0
208.48278069138618,6.0
208.49590011039732,7.0
208.62953492257736,6.0
208.62953492257736,7.0
208.69513541041172,6.0
208.76946792118954,7.0
208.79963322169198,6.0
208.8122740656314,5.0
208.81348681286175,6.0
208.89657482323202,5.0
208.9155652357763,4.0
209.07656177040826,3.0
209.08161693317638,2.0
209.15934966154865,1.0
209.18638648312853,0.0
209.31380805429845,1.0
209.41173379896674,2.0
209.44045695935392,3.0
209.44450039526836,4.0
209.71448393567644,5.0
209.72737074509803,6.0
209.8650703149934,7.0
209.87169688856918,6.0
209.95377741960425,7.0
209.96528477081205,6.0
209.99346078015392,5.0
210.02163168599924,6.0
210.143133938746,7.0
210.19276357269285,6.0
210.19276357269285,7.0
210.23884166787624,6.0
210.23884166787624,7.0
210.3588868933888,6.0
210.3588868933888,7.0
210.37672964235216,6.0
210.41998422883196,5.0
210.56137684065118,4.0
210.57949820395118,3.0
210.61635459108183,4.0
210.63833158171494,3.0
210.6669109159301,4.0
210.73253721733022,3.0
210.7489366259455,4.0
210.87580851583195,3.0
211.1257313253679,4.0
211.2561003567348,5.0
211.30318314325746,6.0
211.3159807760313,5.0
211.33712772889612,4.0
211.34073993275987,5.0
211.39473818816873,6.0
211.5856542670324,5.0
211.5856542670324,6.0
211.66033164071862,5.0
211.66033164071862,6.0
211.74471319130203,5.0
211.74471319130203,6.0
211.84218265039956,5.0
211.84218265039956,6.0
211.89565211626547,5.0
211.914215178213,4.0
211.92191590946842,5.0
212.12827203916262,4.0
212.23727715687912,5.0
212.311165235494,4.0
212.36807065429113,3.0
212.48940524994546,2.0
212.7022278918852,1.0
212.89646103004114,2.0
212.9591155444645,3.0
213.19962839029148,4.0
213.33270287776656,3.0
213.34029365435532,4.0
213.35641868101047,5.0
213.36813978265292,4.0
213.37219084988774,5.0
213.39724158311776,4.0
213.4434145902383,5.0
213.4917805189341,6.0
213.5183799089085,5.0
213.66098543791074,4.0
213.70101542548386,5.0
213.72572448612854,6.0
213.78520473556668,5.0
213.7864170480228,6.0
213.86981658209152,5.0
213.86981658209152,6.0
213.88547089300582,5.0
213.88547089300582,6.0
213.9281654192419,5.0
214.0178600407304,4.0
214.0282166166311,5.0
214.04287433236203,6.0
214.21175190219742,5.0
214.28061624111325,4.0
214.30663674322076,5.0
214.35868733374235,4.0
214.3976226661837,5.0
214.51374575619573,6.0
214.577510355633,5.0
214.60217571574904,4.0
214.61665417507373,5.0
214.61977664130103,6.0
214.64588505040572,5.0
214.64752589489018,4.0
214.6778590260262,5.0
214.7277431492705,4.0
214.77874836894722,5.0
214.79616745188346,4.0
214.83016133219698,3.0
214.91501904465935,2.0
214.9488258294324,1.0
214.9877219313475,2.0
215.09006587956335,1.0
215.1261413732291,2.0
215.21439428501853,3.0
215.22140713573648,2.0
215.54148049175583,1.0
215.785584452373,2.0
215.90995723668843,1.0
215.97563356395239,2.0
216.04907928520612,1.0
216.0589651950804,0.0
216.37716910022888,1.0
216.53871810964466,2.0
216.59086411222003,1.0
216.68782033287226,0.0
216.85984708283746,1.0
216.8975534789385,2.0
216.92087933671013,3.0
216.92504910164575,4.0
217.03209849377876,3.0
217.0731555640357,4.0
217.11514175077997,3.0
217.19353414749227,4.0
217.20867724397766,5.0
217.3673233686916,4.0
217.4004026264785,3.0
217.48578722680583,4.0
217.50855542194702,3.0
217.52043189529826,4.0
217.55079995375985,3.0
217.7235850662642,4.0
217.79326744782313,3.0
217.83586905914,4.0
217.92166205867343,5.0
217.9888820920053,4.0
217.9908923241691,5.0
218.0384207955536,4.0
218.28313919380437,5.0
218.28577908491377,4.0
218.33522555309668,3.0
218.64661507658246,2.0
218.67479999834285,1.0
218.89885536326472,2.0
219.00893741159192,3.0
219.03043214450898,2.0
219.1515892803551,3.0
219.39838712309475,4.0
219.42743419411408,5.0
219.43052845563895,4.0
219.53579363729992,3.0
219.59667595876587,2.0
219.70159733104822,3.0
219.7149335246169,4.0
219.71741900719886,3.0
219.7672440495176,2.0
219.9325739577751,1.0
220.1288207348079,2.0
220.22963272704428,3.0
220.2464576963968,2.0
220.2506188678972,3.0
220.25173888254565,4.0
220.27666359068863,5.0
220.30823105826,6.0
220.36772493324563,5.0
220.37566371918004,6.0
220.40233073555098,5.0
220.407998175224,4.0
220.4380593317207,5.0
220.4604937118656,4.0
220.4900697837947,3.0
220.51433049096948,4.0
220.57632653787778,5.0
220.7071337485056,6.0
220.7620074674493,7.0
220.89896041054237,6.0
220.89896041054237,7.0
220.99504789248107,6.0
220.99504789248107,7.0
221.01717062639275,6.0
221.01717062639275,7.0
221.1210031957621,6.0
221.1210031957621,7.0
221.12944018437804,6.0
221.13576440552822,5.0
221.24841479543755,6.0
221.51576611782255,7.0
221.5537461651024,6.0
221.64109415029304,5.0
221.70419173346167,4.0
221.7444773125709,3.0
221.75796811610198,4.0
221.79190445516107,3.0
221.88497516559218,4.0
221.88860049380625,5.0
221.92629241779,4.0
221.95398258585936,5.0
222.040025787009,6.0
222.04806709685946,5.0
222.08604187892882,4.0
222.08747442684617,3.0
222.10486528225513,2.0
222.21078563098413,1.0
222.46264645879674,2.0
222.46985570493507,3.0
222.47102229184677,4.0
222.47976256011927,5.0
222.53536657183238,4.0
222.5739162797792,5.0
222.5982378544696,4.0
222.7080021667337,5.0
222.7148268387047,6.0
222.7202507418691,5.0
222.7518841762058,4.0
222.86017083914913,5.0
222.89581734969124,4.0
222.94667531586757,5.0
222.96050738845162,6.0
223.01149751057298,5.0
223.017606712812,4.0
223.16432094875105,5.0
223.20366421877586,4.0
223.263933947009,5.0
223.47074960615834,4.0
223.56018079310013,3.0
223.57326641510207,4.0
223.59392372254615,5.0
223.6295963210104,6.0
223.6345862532357,5.0
223.72235563557737,4.0
223.7569167053677,5.0
223.76030599841786,4.0
223.78824027375643,3.0
223.79064388825455,4.0
223.84573021259567,3.0
223.85795914190342,2.0
223.8639369094197,3.0
223.88921166835445,2.0
223.90937764398754,3.0
223.91731981119938,4.0
223.9666077788401,3.0
224.0247929050744,2.0
224.2204268539254,1.0
224.40304223114853,2.0
224.46394654241706,3.0
224.64127535074766,4.0
224.6673495165975,5.0
224.74769313007752,4.0
224.84740547095666,5.0
224.86812313930156,4.0
224.88364342128153,5.0
224.92650233398567,6.0
224.93334681107714,5.0
224.9547578775501,4.0
225.0885916401236,3.0
225.0971855567067,4.0
225.115249623211,3.0
225.12007048646876,2.0
225.22454112178215,3.0
225.23589735624407,4.0
225.42782465828347,3.0
225.5178002696152,4.0
225.53733941382808,5.0
225.54933827609338,6.0
225.5759780501638,5.0
225.58949136512913,4.0
225.74655436685174,5.0
225.75491205513907,4.0
225.8087447558066,3.0
225.84001283764135,4.0
225.87282527214623,5.0
225.9006385816603,6.0
225.93078255397896,5.0
225.95770234912274,6.0
225.9665532379108,5.0
225.99354736316866,4.0
226.0292410448845,5.0
226.05268537385564,4.0
226.06077384018266,5.0
226.17068537404248,4.0
226.17546721121573,3.0
226.41007997420647,4.0
226.42744620873736,3.0
226.504457477714,2.0
226.60316262615876,1.0
226.74913195622335,2.0
226.8370276509387,3.0
226.86932719225683,4.0
226.94615130698415,3.0
226.98862527100684,4.0
227.00320815001464,5.0
227.05484263838218,4.0
227.2396779307473,5.0
227.24176685406104,6.0
227.38188046864948,5.0
227.48380366965375,4.0
227.5093436697168,5.0
227.65438545404973,4.0
227.7127067369725,3.0
227.73165163300578,4.0
227.7354246658461,5.0
227.7920427892939,4.0
227.8323079058604,3.0
227.9209446278444,4.0
227.96090256021182,5.0
228.02873335065587,4.0
228.06310582343156,3.0
228.07244700250743,2.0
228.09632690964074,1.0
228.17138257115093,2.0
228.2276883893671,3.0
228.29151061159814,2.0
228.2988565560472,3.0
228.56242068920946,4.0
228.66653611929073,3.0
228.6674563932272,4.0
228.71925263859293,5.0
228.81670204117637,4.0
228.81670204117637,5.0
228.86018175239423,4.0
228.95716492724068,3.0
229.0164201425324,4.0
229.03306434986007,5.0
229.09629008603474,4.0
229.12653867514993,5.0
229.21066143425173,4.0
229.64148527948493,5.0
229.92005676461628,4.0
229.92005676461628,5.0
230.0024615966528,4.0
230.0024615966528,5.0
230.03488175040602,4.0
230.03488175040602,5.0
230.03509499178432,4.0
230.03509499178432,5.0
230.34600056174932,4.0
230.34600056174932,5.0
230.38034764375197,4.0
230.38034764375197,5.0
230.43847613914798,4.0
230.51750932306214,3.0
230.65675647567414,2.0
230.6645887716317,1.0
230.67688326646814,2.0
230.8797669071768,3.0
230.90684492274127,4.0
230.98376706384886,3.0
230.98376706384886,4.0
231.0239299844286,3.0
231.0249981870782,4.0
231.20393903126336,3.0
231.2635753143871,2.0
231.3171210470916,3.0
231.33091892280927,2.0
231.3641370617508,1.0
231.45912159729244,2.0
231.55626345188472,3.0
231.56555351428523,4.0
231.61044992042613,3.0
231.63182834609484,4.0
231.6562809423708,5.0
231.7729236737454,6.0
231.88335209708333,5.0
231.88335209708333,6.0
231.96076246468851,5.0
231.96076246468851,6.0
232.10699477041268,5.0
232.10699477041268,6.0
232.17161092230106,5.0
232.17161092230106,6.0
232.23363232418856,5.0
232.23363232418856,6.0
232.32058235769765,5.0
232.36272403340092,6.0
232.502573230955,5.0
232.502573230955,6.0
232.64396071690888,5.0
232.64396071690888,6.0
232.6691855926831,5.0
232.72952834696926,4.0
232.73665922692243,3.0
232.82496288022767,4.0
233.09931065642095,5.0
233.15379291842908,4.0
233.21512616966427,5.0
233.34703689156544,6.0
233.35110677298786,5.0
233.3729780684707,4.0
233.39444342947448,5.0
233.5947974673581,4.0
233.71696172870102,3.0
233.87000568638499,4.0
233.88539418152038,3.0
234.0305959919187,2.0
234.16675202033065,3.0
234.22399110262992,2.0
234.2601760310894,3.0
234.40550244934428,2.0
234.44848270123836,1.0
234.5019331385621,2.0
234.50656267118887,3.0
234.55290281650738,2.0
234.64344742216582,3.0
234.7637652639248,4.0
234.82658505656997,5.0
234.87825740044596,4.0
235.0057540504974,5.0
235.02021803838235,4.0
235.02433318889993,5.0
235.14606241781428,6.0
235.15075873695164,5.0
235.19382996072778,6.0
235.2054528232899,5.0
235.2413842621605,4.0
235.2956864844312,3.0
235.49379748873392,4.0
235.59315782594598,3.0
235.72967074790375,2.0
235.74915553584557,3.0
235.87812584589093,2.0
236.16263582858738,3.0
236.23590483423425,4.0
236.2808089550302,5.0
236.32636943174433,4.0
236.36092435405433,5.0
236.40341303587854,6.0
236.4509239933208,5.0
236.47413351827356,4.0
236.65935013848826,3.0
236.80395900601255,2.0
236.88879529556203,3.0
236.90550893784732,4.0
236.98180741758767,5.0
237.00445219418083,6.0
237.01476023396663,5.0
237.04884722119667,6.0
237.0553508630619,5.0
237.10938684784554,4.0
237.14967783722884,3.0
237.1707887138678,2.0
237.1790740004999,3.0
237.24355113402103,2.0
237.2987199024966,3.0
237.42152878049146,2.0
237.5312625410524,3.0
237.56342236553303,2.0
237.67130978479673,3.0
237.74132727658636,4.0
237.76993243637622,3.0
237.80311849259755,4.0
237.8801605791534,3.0
237.89412880102694,4.0
237.96483050946924,5.0
238.05659740358297,4.0
238.06458780262741,5.0
238.16756486588932,4.0
238.28387508595162,3.0
238.33171529136052,2.0
238.333147293791,3.0
238.39332665633043,2.0
238.39905562891934,3.0
238.4956495865143,4.0
238.51928884145724,3.0
238.52805856046615,4.0
238.534129629171,3.0
238.65874676669787,2.0
238.84712558833826,1.0
238.9103065439702,0.0
238.92402069954412,1.0
238.9861892405001,2.0
239.20106746653917,1.0
239.23540007680663,2.0
239.25576016259194,3.0
239.2659065555011,2.0
239.54405308104225,3.0
239.55187718880302,4.0
239.7031662533728,3.0
239.72111379276575,4.0
239.72983399351958,3.0
240.06846345733294,4.0
240.10593259673905,3.0
240.2595835721492,2.0
240.26106986440846,3.0
240.3340516045919,4.0
240.36966898504545,5.0
240.39449309644445,6.0
240.4121442469557,5.0
240.44088347633573,4.0
240.44816340590674,3.0
240.4864797880738,2.0
240.55452730322588,3.0
240.65945693199214,2.0
240.66530067411787,3.0
240.67557812451943,4.0
240.70649161070358,5.0
240.7982975520208,4.0
240.7982975520208,5.0
240.8394877623153,4.0
240.93478012612943,5.0
241.09675623289175,4.0
241.09675623289175,5.0
241.1006852265357,4.0
241.20784310382174,3.0
241.22762559955783,4.0
241.24398935981228,3.0
241.24922581272986,2.0
241.24960804445243,3.0
241.39647400615917,2.0
241.54183799624246,1.0
241.8081971826127,2.0
241.90038786913166,3.0
241.9655907788422,4.0
241.98946700022682,5.0
242.22836748833998,4.0
242.26182288781845,3.0
242.2629154400842,2.0
242.26727538338923,3.0
242.29512507131997,2.0
242.3083310772134,3.0
242.35815964279624,4.0
242.3950878807546,5.0
242.43709232361496,6.0
242.44094195695538,5.0
242.49185315790893,4.0
242.5724083017428,3.0
242.69659714593357,2.0
242.73598098016345,1.0
242.9171349825038,2.0
243.27592033803631,1.0
243.2995480728916,0.0
243.39145977058357,1.0
243.49325192847948,2.0
243.5486558611591,3.0
243.61709207094714,2.0
243.63702668881172,1.0
243.72842269366524,0.0
243.738323710351,1.0
243.7553851353481,2.0
243.82781103648585,3.0
243.8354810138078,4.0
243.84269457335108,3.0
243.85427757369564,4.0
243.99788576590655,3.0
243.99941670062216,2.0
244.30550113926262,1.0
244.4985728697312,2.0
244.7091196008288,3.0
244.7300667820181,4.0
244.84257045722183,5.0
244.85806877684809,4.0
244.86407202619563,5.0
245.06506653340435,4.0
245.06506653340435,5.0
245.16056973419126,4.0
245.17218201626153,3.0
245.34448994637714,4.0
245.38237707323393,3.0
245.39423934889828,2.0
245.64898546319313,3.0
245.68220031809213,2.0
245.6959388175832,1.0
245.80661855496513,2.0
245.8249089988626,3.0
245.83052214069446,2.0
245.90126378655717,3.0
245.97614368236083,2.0
246.09248853100434,3.0
246.4564655174215,4.0
246.4620060317281,5.0
246.48242778775457,4.0
246.73486517164352,3.0
246.74302293242135,4.0
247.0318803934634,3.0
247.12376608260598,4.0
247.2882815933714,3.0
247.32230529743018,2.0
247.39958107243922,3.0
247.41651811596373,4.0
247.50670966528023,3.0
247.50867651276621,2.0
247.52962146129113,1.0
247.666499508371,2.0
247.72777229988597,3.0
247.7956941198242,2.0
247.80748152933947,1.0
247.81185775989002,2.0
247.82823910776904,1.0
247.84181959731578,2.0
247.84415132573602,3.0
247.86886489303538,2.0
247.93765052957866,3.0
247.94043405177615,4.0
248.05649734916594,5.0
248.0572965024347,4.0
248.0943462837072,5.0
248.11985708432067,4.0
248.14750479976533,3.0
248.30159915384306,4.0
248.39820617471182,5.0
248.48934911005256,4.0
248.5275715360059,3.0
248.57459406235097,2.0
248.90394240665927,3.0
248.91354210903577,2.0
248.96254921708737,3.0
249.10643550255128,4.0
249.16973685792604,3.0
249.18442301785706,4.0
249.2629770321361,5.0
249.27713066464264,6.0
249.27864615594302,5.0
249.317055036827,4.0
249.3535821617054,3.0
249.41359832515144,4.0
249.65260219408992,3.0
249.92280706795017,4.0
249.96622875085336,5.0
250.01545410088906,6.0
250.02389932088616,5.0
250.05476938643537,4.0
250.17289449253073,5.0
250.18096617414554,6.0
250.22453853228814,5.0
250.23265121627813,4.0
250.29602337313676,3.0
250.30493973187347,4.0
250.32263635524095,5.0
250.34882161396746,4.0
250.39879175520036,3.0
250.4983843205741,2.0
250.70963014393183,3.0
250.77510570854864,4.0
250.7782390355791,5.0
250.81492573253996,4.0
250.82195918045574,3.0
250.9137276574765,2.0
250.94405319187382,3.0
251.05548890339958,4.0
251.121764656958,5.0
251.21095246405775,4.0
251.28804833166615,3.0
251.28880329842588,2.0
251.32691998703822,1.0
251.3383833275127,2.0
251.440056849607,1.0
251.62034170262388,0.0
251.62720060894569,1.0
251.62838511906787,2.0
251.87969028722824,1.0
251.88053953588687,2.0
251.94648759714622,3.0
252.0697548341433,2.0
252.1263005223491,3.0
252.12631885120962,4.0
252.1616544266682,3.0
252.16623727309548,4.0
252.21894575631683,5.0
252.24956784087667,4.0
252.26662729749899,5.0
252.27228362588784,4.0
252.2808783289878,3.0
252.47348642700422,2.0
252.47796926055125,1.0
252.80175628096055,2.0
252.86806733776316,1.0
252.96151545821607,0.0
252.99308047384184,1.0
253.32356894181797,0.0
253.3465475186518,1.0
253.35214475799106,2.0
253.39550638968322,1.0
253.53781266030234,2.0
253.5698103014129,3.0
253.5836175230953,4.0
253.6151902144806,5.0
253.63656938110483,4.0
253.64372902996584,5.0
253.71927088881617,4.0
253.72631877427327,3.0
253.84675348916406,4.0
253.97508685688143,3.0
254.21150101881815,4.0
254.2726485637213,5.0
254.28406933708203,4.0
254.40129447308448,3.0
254.46810532400568,2.0
254.49302866043166,3.0
254.58986628768074,4.0
254.60114029504365,3.0
254.70272547892716,2.0
254.7078715638851,3.0
254.74826966794708,2.0
254.89504876954453,3.0
254.9624940641394,4.0
254.9776485358414,3.0
254.97923240763788,2.0
255.01312604259107,3.0
255.019201672123,2.0
255.1233886519238,3.0
255.1461905919539,4.0
255.15560298856843,5.0
255.15562024506076,4.0
255.17373770831384,3.0
255.24041604476753,2.0
255.260309420575,3.0
255.39892948415476,4.0
255.43275325073378,5.0
255.47483188208702,4.0
255.52465567080904,5.0
255.62715224971151,4.0
255.68146853707407,5.0
255.70222420646812,6.0
255.72690593779214,5.0
255.78065040221787,4.0
255.93863536297803,3.0
255.94857057214827,4.0
256.1173963953092,3.0
256.3300357166482,4.0
256.3373331936572,5.0
256.3577647242975,6.0
256.5316948593448,5.0
256.54006462678916,6.0
256.57003829054304,5.0
256.5765085592123,6.0
256.59638815737526,7.0
256.82243537176055,6.0
256.82243537176055,7.0
256.8712799965678,6.0
256.8712799965678,7.0
256.89692230392046,6.0
256.89692230392046,7.0
256.9127387953475,6.0
256.93838282874646,7.0
257.1668731745882,6.0
257.1668731745882,7.0
257.19972199022044,6.0
257.19972199022044,7.0
257.21669170920734,6.0
257.21669170920734,7.0
257.3578721420874,6.0
257.3657344895055,7.0
257.56078069267596,6.0
257.56078069267596,7.0
257.8095574866624,6.0
257.8095574866624,7.0
257.96584049617354,6.0
257.96584049617354,7.0
257.9810536949619,6.0
258.076848722167,7.0
258.10825082803416,6.0
258.1513490549035,5.0
258.2017192192117,4.0
258.2977405492463,3.0
258.30983867506666,4.0
258.49587530051343,3.0
258.508808218499,2.0
258.55331922101624,3.0
258.6373886663733,2.0
258.8478879707189,3.0
258.9842270912466,4.0
259.0721764935044,3.0
259.0809335391361,2.0
259.28367814066775,1.0
259.2882525070028,2.0
259.3228648957646,3.0
259.3252439481738,4.0
259.3850149880193,3.0
259.4368292839834,4.0
259.61281913536357,5.0
259.6640513449294,4.0
259.6907913588019,5.0
259.7965871318675,6.0
259.80914594351526,7.0
259.89743534175955,6.0
259.9266234173045,7.0
259.9385177628354,6.0
259.9501260125217,7.0
259.96389754151676,6.0
259.96598254145493,7.0
259.9908592430617,6.0
259.9978329474664,5.0
260.00308682565935,6.0
260.06698027960584,7.0
260.0789725807488,6.0
260.10674408770586,5.0
260.4286691077915,6.0
260.43595114602317,7.0
260.4378874171978,6.0
260.4891134920602,7.0
260.5307142891633,6.0
260.5307142891633,7.0
260.58625770230816,6.0
260.58625770230816,7.0
260.5925226784325,6.0
260.625214541954,5.0
260.62587971412336,6.0
260.69445568297897,5.0
260.70227125756963,4.0
260.75089656560925,5.0
260.76485915699374,4.0
260.7866207145847,5.0
260.7908224255538,4.0
261.05737969151767,3.0
261.2360097992539,4.0
261.2459199035992,3.0
261.28861042949984,2.0
261.3480768414468,3.0
261.36234710624217,2.0
261.50449358201763,3.0
261.50693460596847,4.0
261.6345280701533,3.0
261.6786902091483,4.0
261.71530839405307,3.0
261.84051040270094,4.0
261.8956678897104,3.0
261.9155978923469,2.0
261.92397007849127,1.0
262.20605970325244,2.0
262.21831922426827,3.0
262.3045501531202,4.0
262.34820724220657,5.0
262.4047428993352,4.0
262.42030443479706,5.0
262.45104645845726,4.0
262.4550311821689,5.0
262.58692682772784,4.0
262.6559980459259,3.0
262.8366347285046,2.0
262.87662077057104,3.0
262.93386424589295,2.0
262.9835569425553,3.0
263.03972029929656,4.0
263.04005244823117,5.0
263.0818578064205,4.0
263.0878444484777,5.0
263.0918897790811,6.0
263.11700416323964,7.0
263.15757743986245,8.0
263.27997559002335,7.0
263.27997559002335,8.0
263.2971858828768,7.0
263.2971858828768,8.0
263.3705264862252,7.0
263.5125113940691,6.0
263.5125113940691,7.0
263.60887337173114,6.0
263.60887337173114,7.0
263.6308249438392,6.0
263.6308249438392,7.0
263.7591634795781,6.0
263.7591634795781,7.0
263.85791117241155,6.0
263.85791117241155,7.0
263.90446623032153,6.0
263.90446623032153,7.0
264.0036065475545,6.0
264.0036065475545,7.0
264.3321776411194,6.0
264.3321776411194,7.0
264.4191969281762,6.0
264.4191969281762,7.0
264.64553564890986,6.0
264.64553564890986,7.0
264.6592540243434,6.0
264.6592540243434,7.0
264.66850897630417,6.0
264.66850897630417,7.0
264.71733568297844,6.0
264.71733568297844,7.0
264.73277098886444,6.0
264.73277098886444,7.0
264.7558814327364,6.0
264.76415149061353,5.0
264.85189994724124,4.0
264.9238640246403,3.0
265.0590893151838,4.0
265.30990159098013,3.0
265.3875760675404,4.0
265.4777066143795,3.0
265.48796710621406,4.0
265.53830144296734,5.0
265.61589640504883,4.0
265.86180710360753,5.0
265.9914057815807,4.0
266.0074729886166,3.0
266.0422877060837,4.0
266.0591750801985,5.0
266.0651408750357,4.0
266.1019037686912,3.0
266.13393503375295,2.0
266.1639441156096,3.0
266.1671884813576,4.0
266.34975402447014,3.0
266.400608292082,2.0
266.4084766018839,1.0
266.46769947083146,2.0
266.53484844959854,3.0
266.5436721505634,2.0
266.6936969255997,3.0
266.9867222021147,4.0
266.9984424208384,3.0
267.0061734210954,2.0
267.0588591691703,3.0
267.2996693076394,2.0
267.3205120374038,1.0
267.61281882740633,2.0
267.6199595825644,1.0
267.8650624497306,2.0
267.86955787549346,3.0
267.9403313996773,4.0
267.971733627845,3.0
268.0209806185633,4.0
268.0284878485173,5.0
268.04648880811396,4.0
268.0630739259575,5.0
268.1106157824134,4.0
268.26162096156474,3.0
268.28176276484555,4.0
268.2862472194169,5.0
268.3755442934424,4.0
268.4290292012966,5.0
268.43523701084985,6.0
268.5689699488498,5.0
268.6531105660776,6.0
268.65539526474754,7.0
268.6820315835626,6.0
268.7534396397426,5.0
268.75791669788947,4.0
268.773974030079,3.0
268.8749276072769,4.0
268.8953371411601,5.0
269.12662755013815,4.0
269.1363120413861,3.0
269.16930570607315,2.0
269.2622525407944,3.0
269.2781987325704,4.0
269.2831340072016,3.0
269.8571490956983,4.0
269.8984801382492,5.0
269.9082359870021,6.0
270.0847139203201,5.0
270.0847139203201,6.0
270.1225859922375,5.0
270.25575725506064,4.0
270.3141772721516,3.0
270.39527732309807,4.0
270.5617765499798,5.0
270.5649676443041,6.0
270.65462918118095,5.0
270.65462918118095,6.0
270.698851587099,5.0
270.698851587099,6.0
270.7934807434469,5.0
270.7934807434469,6.0
270.88117737449335,5.0
270.88117737449335,6.0
271.37698826489213,5.0
271.37698826489213,6.0
271.66929721084665,5.0
271.66929721084665,6.0
271.77700667138834,5.0
271.77700667138834,6.0
271.92092233896784,5.0
271.92092233896784,6.0
271.96931760664006,5.0
271.96931760664006,6.0
272.0245333237235,5.0
272.0245333237235,6.0
272.0534440777084,5.0
272.0534440777084,6.0
272.1529839379688,5.0
272.1529839379688,6.0
272.1698543175298,5.0
272.1698543175298,6.0
272.29611276774006,5.0
272.29611276774006,6.0
272.34980029040247,5.0
272.34980029040247,6.0
272.4064092085091,5.0
272.4064092085091,6.0
272.42873055753034,5.0
272.42873055753034,6.0
272.4950630663773,5.0
272.4950630663773,6.0
272.5392372678664,5.0
272.5543210277498,4.0
272.63203439529224,5.0
272.7084239358448,4.0
272.7490314441345,5.0
272.752702862542,4.0
272.75730679035286,3.0
272.78164747648657,4.0
272.8014034585509,5.0
272.96922672174134,4.0
272.96922672174134,5.0
273.0472649800608,4.0
273.0472649800608,5.0
273.22643608817407,4.0
273.22643608817407,5.0
273.2321095408339,4.0
273.2321095408339,5.0
273.26638443484575,4.0
273.26638443484575,5.0
273.36110804288063,4.0
273.36110804288063,5.0
273.3799319802868,4.0
273.3799319802868,5.0
273.5488117930569,4.0
273.67248303186426,3.0
273.67248303186426,4.0
273.72434991132684,3.0
273.72434991132684,4.0
273.8098543192206,3.0
273.8098543192206,4.0
273.87928021790026,3.0
273.87928021790026,4.0
274.04372302682015,3.0
274.04372302682015,4.0
274.1007973069905,3.0
274.1007973069905,4.0
274.4091536951307,3.0
274.4091536951307,4.0
274.49030975438103,5.0
274.5649145207075,4.0
274.5649145207075,5.0
274.57413804326785,4.0
274.57413804326785,5.0
274.5918186927535,4.0
274.5918186927535,5.0
274.61512811791454,4.0
274.61512811791454,5.0
274.63165176747486,4.0
274.6667509669611,3.0
274.764540339835,2.0
274.77630714915017,3.0
274.84281042460026,4.0
274.8443149160561,3.0
274.9108533144515,4.0
274.91296249264127,5.0
274.9468116472976,4.0
274.958642398395,5.0
274.9698050331614,4.0
275.0272667660763,3.0
275.0315998169754,4.0
275.09874700947245,3.0
275.28041352931996,2.0
275.3922459425209,3.0
275.6495767381034,4.0
275.7209103927576,5.0
275.72278794975796,6.0
275.88086710661895,5.0
275.88086710661895,6.0
276.022077068997,5.0
276.022077068997,6.0
276.05372007151277,5.0
276.05372007151277,6.0
276.07971702436976,5.0
276.07971702436976,6.0
276.1271770709616,5.0
276.1271770709616,6.0
276.13248209641137,5.0
276.1620728217751,6.0
276.17743205743557,5.0
276.19912358404355,4.0
276.2245576267064,5.0
276.2617498905623,4.0
276.2805963512082,5.0
276.2815888089266,4.0
276.3073314481626,3.0
276.4280675543321,2.0
276.92348140304813,1.0
276.99539797965883,0.0
276.9985046632603,1.0
277.19251655829055,2.0
277.2731804852721,3.0
277.4601209132465,4.0
277.4850997517325,3.0
277.62500873774894,4.0
277.69764073389695,3.0
277.72288562930515,4.0
277.82271854882816,5.0
277.8291283651019,6.0
277.93468178723845,5.0
277.93468178723845,6.0
277.94071816606805,5.0
277.94071816606805,6.0
278.00794775132994,5.0
278.00794775132994,6.0
278.02680005930927,5.0
278.0762895603994,4.0
278.1388106278073,3.0
278.1530938887043,4.0
278.1883166338393,5.0
278.2075228591947,6.0
278.2151575724228,5.0
278.26539470941026,6.0
278.3138727080036,5.0
278.41401138203855,6.0
278.50339457549046,5.0
278.564036136266,4.0
278.6016808406613,5.0
278.61366521077497,4.0
278.6142833644544,5.0
278.63628660048465,6.0
278.77819523907476,5.0
278.90949998410025,6.0
278.95041404163226,5.0
278.9663068473113,6.0
279.1271348674064,5.0
279.1271348674064,6.0
279.16119813118826,5.0
279.18391452960293,4.0
279.231052919487,3.0
279.2883006172086,4.0
279.29525523509045,3.0
279.3596293837966,2.0
279.4399108644337,1.0
279.579567104116,2.0
279.68368984576665,3.0
279.7428486603216,4.0
279.78804751962446,3.0
280.0165354892838,2.0
280.0660369049848,3.0
280.1551116771399,4.0
280.24852254804966,3.0
280.32664958601856,4.0
280.41838418419275,5.0
280.4502937416929,6.0
280.5617909829107,7.0
280.5889524213837,6.0
280.78689198940737,5.0
280.9192745111571,6.0
280.97864144007565,5.0
280.9929735861163,4.0
280.9989241401336,3.0
281.1095968018007,2.0
281.2080812105651,3.0
281.41235729428763,4.0
281.5142087509947,5.0
281.5322807636978,4.0
281.7670844365916,3.0
281.8475446340672,2.0
281.93536920398986,3.0
282.0077698920878,2.0
282.14619466068524,3.0
282.23952786261026,4.0
282.47768081670364,5.0
282.5087123785772,6.0
282.54766324610296,5.0
282.5559223148195,6.0
282.6052980179763,5.0
282.7487616322096,6.0
282.74969682552506,5.0
282.94533616047937,4.0
283.071613323785,3.0
283.1424640929733,2.0
283.1645163950395,1.0
283.30387416775244,0.0
283.3321870697024,1.0
283.45885212602076,0.0
283.53712208409235,1.0
283.54042964304085,0.0
283.6145132472754,1.0
283.65377533895406,2.0
283.6722075446933,1.0
283.6918195085815,0.0
283.79404563875386,1.0
283.8279631895862,2.0
283.85334787947374,1.0
283.95184488317415,2.0
284.2153417152195,3.0
284.2199390585738,4.0
284.2405257967042,3.0
284.39493189860576,4.0
284.5105047389849,3.0
284.5957182166156,4.0
284.59663628444883,3.0
284.67326617350267,2.0
284.7654801695679,3.0
284.78002033120003,4.0
284.8172303144329,3.0
284.8497630128218,2.0
284.90985481337293,1.0
284.92450336385394,0.0
285.13524306636594,1.0
285.22365701263374,2.0
285.26389990942045,3.0
285.3679208345712,4.0
285.439805762449,5.0
285.6276558527915,4.0
285.67012039056374,5.0
285.8059109335998,4.0
285.82353823289054,5.0
285.85607104521813,4.0
285.8652486159335,5.0
285.918108664347,4.0
286.1540891775377,3.0
286.2044326419211,4.0
286.2770642004102,3.0
286.28253661183845,2.0
286.3880125555447,1.0
286.5055300229022,2.0
286.5563585144767,3.0
286.5980857328677,2.0
286.79479130334266,3.0
286.89506092995737,4.0
286.9400813774881,3.0
287.05588739658765,2.0
287.1256147551493,3.0
287.27482348859087,4.0
287.3682962681999,3.0
287.42522240248525,2.0
287.6750212801749,3.0
287.74183600418195,4.0
287.80441585716767,5.0
287.83365891696076,4.0
287.9638369263992,3.0
288.0417475150021,4.0
288.08613678776874,5.0
288.12213155195406,4.0
288.18006481334254,3.0
288.2511213457477,4.0
288.29560068605355,5.0
288.484483904321,4.0
288.484483904321,5.0
288.63870044034365,4.0
288.63870044034365,5.0
288.7024404651505,4.0
288.715811220942,3.0
288.8448515214119,2.0
288.87348105901964,3.0
288.92109938589743,4.0
288.9251478654294,3.0
288.9653183693963,4.0
288.97381938716643,3.0
288.97381938716643,4.0
288.9740897920233,3.0
289.06036447053344,2.0
289.0851302599603,3.0
289.17332121723234,4.0
289.1788097347107,5.0
289.2162484286513,4.0
289.21861902943124,3.0
289.2413937202523,4.0
289.25116718154163,3.0
289.3336565518038,4.0
289.52128876939986,5.0
289.5546552927108,4.0
289.76687614614985,5.0
289.88942284210196,4.0
289.9253492915315,3.0
290.0084641015804,4.0
290.0746582113382,3.0
290.0924581733692,4.0
290.2620978868275,3.0
290.3310205086018,2.0
290.36824322553423,3.0
290.37442811393765,2.0
290.4184363957206,3.0
290.4298268016138,4.0
290.51820840038476,3.0
290.5260740608178,4.0
290.614117809759,5.0
290.72714415282627,4.0
290.7300541769576,3.0
290.79884657791735,2.0
290.8116195178313,3.0
290.8517239197299,2.0
290.9122988841664,1.0
290.93967525802617,2.0
291.0109957976012,3.0
291.02073370885944,2.0
291.02320284321394,1.0
291.04420937942865,2.0
291.06591284026166,1.0
291.1787143397102,2.0
291.35479872643947,1.0
291.39310053773664,2.0
291.43715945822015,3.0
291.44093770354976,4.0
291.49239204146835,3.0
291.4995467117305,4.0
291.53110390824446,3.0
291.98037256127844,2.0
291.98983212620436,3.0
292.1421372469372,4.0
292.2629018745937,5.0
292.2915557545328,4.0
292.3290729184049,5.0
292.4571404010249,4.0
292.68803068217295,3.0
292.8961930789825,2.0
292.9142541650373,3.0
292.92315693742756,2.0
292.9894260281834,3.0
293.0015227451812,4.0
293.0185243011447,3.0
293.15843034586135,4.0
293.23651441213275,5.0
293.27572207497076,4.0
293.41468212182014,3.0
293.4695797152716,4.0
293.49564241075115,3.0
293.59166315496356,2.0
293.64785593289724,1.0
294.12988576590305,2.0
294.3657365050335,3.0
294.4080631864749,4.0
294.514417173496,3.0
294.5318261245929,4.0
294.5476773056491,5.0
294.6039843998107,4.0
294.87040928294357,5.0
294.973206928416,4.0
295.08778221769893,3.0
295.09025974998076,4.0
295.18378010779054,5.0
295.2380838648178,6.0
295.2703689705212,7.0
295.4798962091901,6.0
295.4798962091901,7.0
295.5855811374003,6.0
295.60027023946964,5.0
295.6359456429505,6.0
295.63714093934544,5.0
295.67976745460436,6.0
295.6941354172321,5.0
295.792276308898,4.0
295.79512872616357,5.0
295.80236845052997,4.0
295.8396462303479,3.0
295.9730103983346,4.0
296.0718509715021,5.0
296.10036742573845,4.0
296.101547428242,3.0
296.1615178135407,4.0
296.2127472444485,3.0
296.2435928240441,4.0
296.26909115602666,5.0
296.27974512694504,6.0
296.2982919811122,5.0
296.30331477811825,4.0
296.3768529825828,5.0
296.40583726097685,6.0
296.54972615640366,5.0
296.55627790224423,6.0
296.5769070334417,5.0
296.7732117603081,4.0
296.86516489570425,3.0
296.8843283318133,2.0
296.9412393396477,3.0
296.9793437190162,2.0
297.1567692838003,3.0
297.1586633089247,4.0
297.16825693940496,3.0
297.21082578157495,2.0
297.244701750477,3.0
297.28196733595274,4.0
297.35608917823106,5.0
297.3599707424205,6.0
297.40134267883616,5.0
297.4788967136717,4.0
297.50308123567623,5.0
297.7506208399865,6.0
297.9074679021782,5.0
297.9074679021782,6.0
298.22179549347874,5.0
298.22179549347874,6.0
298.2429897044729,5.0
298.2429897044729,6.0
298.2752963514716,5.0
298.2752963514716,6.0
298.41541782209407,7.0
298.5044419643641,6.0
298.5044419643641,7.0
298.691095143606,6.0
298.691095143606,7.0
298.82394957187745,6.0
298.82394957187745,7.0
298.9252928988999,6.0
298.9252928988999,7.0
298.9716826401048,6.0
298.9716826401048,7.0
299.05216146164565,6.0
299.05216146164565,7.0
299.1198036261916,6.0
299.13053627893015,5.0
299.13053627893015,6.0
299.2269821514812,5.0
299.2269821514812,6.0
299.37812964585936,5.0
299.37812964585936,6.0
299.4404839222771,5.0
299.4404839222771,6.0
299.47349588592704,5.0
299.47349588592704,6.0
299.49480926631617,5.0
299.51194605816954,6.0
299.6484709139965,5.0
299.6484709139965,6.0
299.74242036609434,5.0
299.74242036609434,6.0
299.85660151716627,5.0
299.85660151716627,6.0
300.192871601785,5.0
300.192871601785,6.0
300.2495858629521,5.0
300.2495858629521,6.0
300.3385805604932,5.0
300.3385805604932,6.0
300.3935927150313,5.0
300.3935927150313,6.0
300.4155244905063,5.0
300.4155244905063,6.0
300.4193335617546,5.0
300.4193335617546,6.0
300.7479121350055,5.0
300.7479121350055,6.0
300.76829735262874,5.0
300.76829735262874,6.0
301.0405548160463,5.0
301.0405548160463,6.0
301.2012709478771,5.0
301.2012709478771,6.0
301.33039630616247,5.0
301.33039630616247,6.0
301.4565359914144,5.0
301.4565359914144,6.0
301.65494963300665,5.0
301.65494963300665,6.0
301.8137953302998,5.0
301.8137953302998,6.0
301.8586135360175,5.0
301.8586135360175,6.0
302.02031709522606,5.0
302.02031709522606,6.0
302.0296959488409,5.0
302.0296959488409,6.0
302.08059648003405,5.0
302.08059648003405,6.0
302.09717313884687,5.0
302.1492070838179,4.0
302.1555702614593,3.0
302.2382514394386,4.0
302.2550885955928,5.0
302.376047925856,6.0
302.3923904047509,5.0
302.49309992186244,4.0
302.5627892615213,5.0
302.70930258137196,4.0
302.8967779870133,3.0
303.0376094313295,4.0
303.04646341872404,3.0
303.1084685375316,2.0
303.1398948541391,3.0
303.1625732853521,2.0
303.18462501658155,1.0
303.23436629942495,0.0
303.28809923202874,1.0
303.3206815765845,0.0
303.373495609526,1.0
303.46766841850587,2.0
303.4998084352903,1.0
303.5408982226895,2.0
303.5660449183711,3.0
303.6100776827283,2.0
303.7330187996658,3.0
303.74444449909157,4.0
303.8304282405793,5.0
303.87866723993164,4.0
303.9357107835878,3.0
303.9630934634251,4.0
304.0356474063278,3.0
304.0608201475283,4.0
304.06373067469144,5.0
304.09583041841904,4.0
304.1512150106606,5.0
304.2199441963108,4.0
304.2519532734566,5.0
304.28092729494364,4.0
304.2869941132564,5.0
304.2918114283024,4.0
304.3133712041829,3.0
304.35183748021973,2.0
304.36509536895227,3.0
304.4046185000748,2.0
304.73034883374044,3.0
304.8586634458056,4.0
304.8786528921355,3.0
304.88942249838635,4.0
304.9518146164481,3.0
305.02648560575915,4.0
305.0497766203361,5.0
305.07002892550855,4.0
305.0897534768483,3.0
305.139774700977,2.0
305.157480866836,3.0
305.23669096235636,4.0
305.29329358567855,5.0
305.4081827445159,6.0
305.4383819477253,5.0
305.4383819477253,6.0
305.4804908955037,5.0
305.5980918248311,4.0
305.5980918248311,5.0
305.60993029991545,4.0
305.60993029991545,5.0
306.24028268073306,4.0
306.24028268073306,5.0
306.241333179707,4.0
306.241333179707,5.0
306.2436005191183,4.0
306.2436005191183,5.0
306.3505714570772,4.0
306.4004679314567,5.0
306.708757356288,4.0
306.708757356288,5.0
306.8232734299982,4.0
306.8232734299982,5.0
306.83091870504404,4.0
306.9861769912812,5.0
306.99353607754523,4.0
307.00391623012183,5.0
307.1513369914172,6.0
307.15917011002864,5.0
307.1772806709323,6.0
307.30110937406795,5.0
307.30110937406795,6.0
307.407957995898,5.0
307.407957995898,6.0
307.4589021945907,5.0
307.48986935238963,4.0
307.5423014083184,3.0
307.542889515472,4.0
307.6658723946389,5.0
307.70138344199165,6.0
307.7534308027145,5.0
307.8117017903926,6.0
307.8178637006907,5.0
307.8327036451673,4.0
307.8703550361931,5.0
307.8861268885165,4.0
307.9415100598603,5.0
307.95062560535496,4.0
307.9902432738398,5.0
308.13490674671704,4.0
308.20385648560364,3.0
308.20809113362344,2.0
308.2311536215817,3.0
308.24132157581323,4.0
308.2690805809409,5.0
308.30157539566784,4.0
308.3636892702578,3.0
308.5012480863977,4.0
308.54190587861206,5.0
308.54462047247256,4.0
308.565347301838,5.0
308.679219425185,4.0
308.71617337260767,3.0
309.052400960698,2.0
309.14459246875606,3.0
309.19231738599103,2.0
309.2761445621706,3.0
309.29992380267936,4.0
309.48478194013256,3.0
309.48628369732467,4.0
309.62201862209344,5.0
309.6394088788486,4.0
309.9314720140518,3.0
310.19769341860246,2.0
310.3993398265891,1.0
310.4428225157647,2.0
310.5604473670445,1.0
310.6763156146942,2.0
310.7316906427379,1.0
310.7552748060377,2.0
311.02541079336305,1.0
311.032357220939,0.0
311.1794046988087,1.0
311.26905164742925,2.0
311.28044206807795,3.0
311.30200185817955,4.0
311.316869651549,3.0
311.42825934405647,2.0
311.51547949486616,3.0
311.53644347341395,2.0
311.5486120775704,3.0
311.54985675903964,4.0
311.5904187215159,3.0
311.72268246258295,4.0
311.7356604355887,5.0
311.75403858541574,6.0
311.9638641753143,5.0
312.0505123719774,6.0
312.110787392486,5.0
312.11984706434873,6.0
312.14678994855035,5.0
312.1846646355085,4.0
312.2039624424815,5.0
312.21664764116844,4.0
312.32499552552224,5.0
312.32941866797336,4.0
312.33067754488764,3.0
312.3403909374428,4.0
312.6633781353921,3.0
312.7224110918345,2.0
312.80247562501086,1.0
312.89001579725675,2.0
312.908802872506,1.0
312.97364690254756,2.0
313.128157972845,1.0
313.15168756185227,2.0
313.33749337100227,1.0
313.4635017248015,0.0
313.569420281102,1.0
313.8673271685792,2.0
313.919648427655,3.0
314.0868265873438,4.0
314.23462638124226,5.0
314.25588147184266,4.0
314.26437699692707,5.0
314.3669065171935,4.0
314.6221567932624,3.0
314.6529772744405,4.0
314.7967741025027,5.0
314.80202744275,4.0
314.8656196436734,5.0
314.9007234307305,6.0
314.9433936947669,5.0
315.05251470020363,4.0
315.08171985745673,3.0
315.12617369107744,4.0
315.2040555098852,3.0
315.3127713021169,2.0
315.35659710862546,1.0
315.5312330582888,2.0
315.63992262013056,3.0
315.6991599279371,4.0
315.85146611792567,5.0
315.86275094396933,4.0
315.9977756714021,3.0
316.14747994469343,4.0
316.2611619333372,5.0
316.34261980402334,6.0
316.36596697808915,5.0
316.4357522930236,6.0
316.4931005081719,5.0
316.5551445018978,6.0
316.5632343719222,5.0
316.93901132351544,6.0
316.9454564910537,7.0
316.94707248036474,8.0
316.965429014119,7.0
317.0585171811576,6.0
317.11938244217015,5.0
317.14223338646036,4.0
317.15363027142973,3.0
317.16628328552576,2.0
317.3912576240612,3.0
317.44996658960497,4.0
317.5195679406697,3.0
317.54952549507607,2.0
317.6382764355183,1.0
317.8492742269384,0.0
317.9461563556214,1.0
318.0539689838061,2.0
318.08158244009803,1.0
318.13369371990075,2.0
318.2987226154044,3.0
318.4750915272852,4.0
318.4752571052345,3.0
318.5019922120371,2.0
318.52144828017117,3.0
318.57408507009256,4.0
318.58857762303523,5.0
318.6150106472454,4.0
318.8866987327867,5.0
319.050549990295,6.0
319.0638956924683,5.0
319.1399564362708,6.0
319.14674477926206,5.0
319.1482471549244,6.0
319.1544822736738,7.0
319.2065708627442,6.0
319.2148281089399,7.0
319.2668000731021,6.0
319.3351293962286,5.0
319.35995893687453,4.0
319.3651705774598,5.0
319.42615567709896,4.0
319.435895170467,3.0
319.47357809900933,4.0
319.4871539574802,5.0
319.50721175680263,6.0
319.5358424842987,5.0
319.6006922635754,4.0
319.6167840148923,3.0
319.66427048908326,4.0
319.76150972814924,5.0
319.7811178797448,6.0
319.8556752577752,5.0
319.86263390824297,4.0
319.86735513373225,5.0
320.0428656200368,4.0
320.0428656200368,5.0
320.2085029390757,4.0
320.2085029390757,5.0
320.34238052603223,4.0
320.34238052603223,5.0
320.36058580306286,4.0
320.36058580306286,5.0
320.58949041270677,4.0
320.58949041270677,5.0
320.6401621132437,4.0
320.6401621132437,5.0
320.7279481474759,4.0
320.7279481474759,5.0
320.8346851099283,4.0
320.8346851099283,5.0
320.83625011446753,4.0
320.83625011446753,5.0
320.848611829367,4.0
320.848611829367,5.0
321.2386583215898,4.0
321.2386583215898,5.0
321.31455450395276,4.0
321.31455450395276,5.0
321.32072894583956,4.0
321.32416459219553,3.0
321.3449856108719,4.0
321.372595749992,5.0
321.4848880805846,4.0
321.5852692198888,3.0
321.5852692198888,4.0
321.73226906849766,3.0
321.73226906849766,4.0
321.80118026284634,3.0
321.80118026284634,4.0
321.86636492727206,3.0
321.86636492727206,4.0
321.921264268579,3.0
321.921264268579,4.0
321.9390612544932,3.0
321.9390612544932,4.0
322.05004271329324,3.0
322.05004271329324,4.0
322.0984520687145,3.0
322.0984520687145,4.0
322.23515566860124,3.0
322.49387786692307,2.0
322.49387786692307,3.0
322.5189778890643,2.0
322.5189778890643,3.0
322.93801017989114,2.0
322.93801017989114,3.0
322.9417817868394,2.0
322.9417817868394,3.0
323.1127664246183,2.0
323.1127664246183,3.0
323.122382484554,2.0
323.122382484554,3.0
323.137550561889,2.0
323.137550561889,3.0
323.55842943346556,2.0
323.55842943346556,3.0
323.65856086083824,2.0
323.65856086083824,3.0
323.70282256264346,2.0
323.70282256264346,3.0
323.71950758941847,2.0
323.84673331054756,1.0
323.84673331054756,2.0
323.9198006158645,1.0
323.9198006158645,2.0
324.02674242935257,1.0
324.02674242935257,2.0
324.22174545798026,1.0
324.22174545798026,2.0
324.4287031863307,3.0
324.8594420564146,2.0
324.8594420564146,3.0
324.91277776665044,2.0
324.91277776665044,3.0
324.95019570499227,2.0
324.95019570499227,3.0
325.1589246168519,2.0
325.1589246168519,3.0
325.20368243289073,2.0
325.20368243289073,3.0
325.26938132117255,4.0
325.4036610030296,3.0
325.4036610030296,4.0
325.43473344808024,3.0
325.43473344808024,4.0
325.6101305221931,3.0
325.68256512887996,4.0
325.77640399484255,3.0
325.7772631133944,4.0
325.8895143106098,5.0
325.89334914808506,6.0
326.00829480721694,5.0
326.0321792057587,6.0
326.17104541844765,5.0
326.2782647017256,6.0
326.4397456530505,5.0
326.4397456530505,6.0
326.50725686780885,5.0
326.50725686780885,6.0
326.5418007640395,5.0
326.5418007640395,6.0
326.5440980099745,5.0
326.5440980099745,6.0
326.60904280621367,5.0
326.60904280621367,6.0
326.6177663918897,5.0
326.631874574847,6.0
327.2732384865594,5.0
327.2732384865594,6.0
327.46018260031485,5.0
327.46018260031485,6.0
327.56028379818383,5.0
327.56028379818383,6.0
327.58738942224403,5.0
327.58738942224403,6.0
327.6284464718445,5.0
327.6284464718445,6.0
327.8004657666224,5.0
327.9692971352575,4.0
327.9692971352575,5.0
327.97360767787865,4.0
327.97360767787865,5.0
328.0541350436536,4.0
328.0541350436536,5.0
328.0842387895867,4.0
328.44898975922325,3.0
328.44898975922325,4.0
328.5375864111227,3.0
328.5375864111227,4.0
328.59867295821886,3.0
328.60285752430946,2.0
328.9059927780417,3.0
328.9381628792072,4.0
328.97256388800866,3.0
329.0311077692366,2.0
329.0509649230009,1.0
329.067539846527,2.0
329.21553570821237,1.0
329.28147936342737,2.0
329.3770905564813,3.0
329.4179346090151,2.0
329.67549666293297,3.0
329.7089589805738,2.0
329.77300733583326,1.0
329.88387689569726,2.0
329.99554248940194,1.0
330.0753401885891,2.0
330.2933782753146,3.0
330.30457211038504,2.0
330.3751176654253,3.0
330.7389276672363,2.0
330.7389276672363,3.0
330.7594616321756,2.0
330.7594616321756,3.0
330.84802110818475,2.0
330.84802110818475,3.0
330.92449598549996,2.0
330.92449598549996,3.0
330.9595390220578,2.0
330.9595390220578,3.0
330.9988657586084,4.0
331.09526186466377,3.0
331.17164647998356,2.0
331.17164647998356,3.0
331.58240184329355,2.0
331.6037373991575,1.0
331.6037373991575,2.0
331.842451262279,1.0
332.1874087654949,2.0
332.45334552358565,1.0
332.45334552358565,2.0
332.7402633762899,3.0
332.84387015996685,2.0
332.84387015996685,3.0
332.8681451909584,2.0
332.8681451909584,3.0
332.90509529110403,2.0
332.90509529110403,3.0
332.91400511241653,2.0
332.91400511241653,3.0
333.01481407899246,2.0
333.01481407899246,3.0
333.21787713801683,2.0
333.21787713801683,3.0
333.3787271716502,2.0
333.3787271716502,3.0
333.84695168421564,2.0
333.84695168421564,3.0
333.8584518197865,2.0
333.8584518197865,3.0
334.0610870930828,4.0
334.0788955596341,3.0
334.0788955596341,4.0
334.1172816656539,3.0
334.1172816656539,4.0
334.2145695422117,3.0
334.2145695422117,4.0
334.2429169358247,3.0
334.2429169358247,4.0
334.26192468275434,5.0
334.2727670734088,4.0
334.50539289970123,3.0
334.51880119043796,4.0
334.55972019341397,3.0
334.5649885085303,2.0
334.60274303381436,1.0
334.7497505085513,0.0
334.76485017251474,1.0
334.882881564767,2.0
334.93340242418105,3.0
334.9819540158418,4.0
335.00455613162956,3.0
335.0173979162036,4.0
335.03802081523776,5.0
335.1011924018142,4.0
335.1011924018142,5.0
335.17176457852923,6.0
335.1764802122715,5.0
335.1764802122715,6.0
335.3600115214909,5.0
335.3600115214909,6.0
335.5142006629779,5.0
335.5506337077601,4.0
335.6103396186171,3.0
335.70139995432527,4.0
335.78447918518793,5.0
335.8777106209799,6.0
335.9410702171488,5.0
336.02330589177336,4.0
336.03533520599916,5.0
336.1693746007617,6.0
336.26530319546237,5.0
336.272385330534,6.0
336.5243454494463,5.0
336.5243454494463,6.0
336.6534818838776,5.0
336.6534818838776,6.0
336.7217776660218,5.0
336.7217776660218,6.0
337.05543935791434,5.0
337.05543935791434,6.0
337.0889144404304,5.0
337.0889144404304,6.0
337.1059885682758,5.0
337.1059885682758,6.0
337.1242412952173,7.0
337.1442344013804,6.0
337.1442344013804,7.0
337.15514407698424,6.0
337.15514407698424,7.0
337.1892265589942,6.0
337.1892265589942,7.0
337.4443545390835,6.0
337.59961707164734,5.0
337.59961707164734,6.0
337.6118340156642,5.0
337.6118340156642,6.0
337.79231164677736,5.0
337.79231164677736,6.0
337.84858767186796,5.0
337.84858767186796,6.0
337.8951211738263,5.0
337.8951211738263,6.0
337.89812333899994,5.0
337.91468267809773,6.0
337.9486592267194,5.0
338.01867024974456,4.0
338.23450179703605,5.0
338.2958597462963,6.0
338.30028143225377,5.0
338.32928445644757,4.0
338.3465538915417,5.0
338.3468963159504,4.0
338.3640780510752,5.0
338.3658420435073,4.0
338.4082373318255,3.0
338.4910722490325,4.0
338.502558837203,5.0
338.52815046395625,6.0
338.6014403204539,5.0
338.93587905660326,4.0
339.00266564083273,3.0
339.02064095650434,4.0
339.1659118997799,5.0
339.3241094487085,4.0
339.5487521389053,5.0
339.6528788041204,4.0
339.66080199251195,3.0
339.70292210120226,4.0
339.8672160830562,3.0
339.952752388187,2.0
340.21896234606913,1.0
340.336499539622,2.0
340.40690098898017,3.0
340.4143918049106,2.0
340.63071262507844,1.0
340.6413093883637,0.0
340.7910981455913,1.0
340.9369902460966,0.0
340.96343752075677,1.0
341.092715074001,2.0
341.16358065324965,1.0
341.19173093217626,2.0
341.4159493441731,3.0
341.43728512742484,2.0
341.5650537595768,3.0
341.57805068747905,4.0
341.58193240173154,5.0
341.61980642061764,6.0
341.6697794561893,5.0
341.68756231847726,6.0
341.77966743572324,5.0
341.77966743572324,6.0
341.8947652953509,5.0
342.0561173405345,6.0
342.1258620034245,5.0
342.1258620034245,6.0
342.2592394653627,5.0
342.2592394653627,6.0
342.3401457588061,5.0
342.3401457588061,6.0
342.3805745212163,5.0
342.3805745212163,6.0
342.56866928690613,5.0
342.5755260045357,4.0
342.5883924455453,5.0
342.59864746422573,4.0
342.6327395144407,5.0
342.65543170943147,6.0
342.68495662221915,5.0
342.73502788417346,6.0
342.7994950532433,5.0
342.80138181570493,4.0
342.819530293443,5.0
342.8395241466483,6.0
342.92119480495575,5.0
342.93455444507396,4.0
342.9691434714629,3.0
343.01470618279814,4.0
343.07359229007346,5.0
343.24089731199024,4.0
343.4034759839802,3.0
343.438029639657,4.0
343.49267218620855,3.0
343.66342279880706,4.0
343.6711031737892,3.0
344.3868734213162,4.0
344.3929451168309,3.0
344.4172744795133,4.0
344.6695126455033,3.0
344.68208533846854,2.0
344.70894142541096,3.0
345.0394084345563,4.0
345.09878563032504,5.0
345.2070553975041,4.0
345.2325342410761,5.0
345.2972969378215,4.0
345.2993673816116,5.0
345.4316412205371,6.0
345.43273124872974,5.0
345.5483391981263,4.0
345.5612326519489,5.0
345.59468546930515,6.0
345.5992387606011,5.0
345.5992387606011,6.0
345.7231857477381,7.0
345.72876779468186,6.0
345.72876779468186,7.0
345.75077282096703,6.0
345.75077282096703,7.0
345.7715080586349,6.0
345.7715080586349,7.0
345.81597551703663,6.0
345.8230086738299,5.0
345.82703269095896,4.0
345.86671692514085,3.0
345.86843594161786,4.0
345.9201990806988,3.0
345.92620039789637,4.0
345.9361002641321,3.0
346.03641724343186,4.0
346.0602994128046,5.0
346.07438244416335,4.0
346.2273509600748,3.0
346.2767698276443,2.0
346.3407007042099,3.0
346.35066084214117,2.0
346.42096904048,3.0
346.476872548347,2.0
346.61259223971973,3.0
346.63387757425744,4.0
346.7186283592118,5.0
346.74806231259817,4.0
346.7967210437332,5.0
346.8596075423986,4.0
346.90629573104326,3.0
346.9068783498787,4.0
346.97782263987744,5.0
346.98791908504927,4.0
347.0981172307034,3.0
347.34791930543895,4.0
347.35818100192387,5.0
347.3676057019521,4.0
347.48657915962895,3.0
347.50071720206086,2.0
347.67103097872416,3.0
347.6759016288677,4.0
347.73242144401746,5.0
347.76659568021677,6.0
348.12778067909096,5.0
348.12778067909096,6.0
348.1438153531283,5.0
348.1438153531283,6.0
348.2410857768567,5.0
348.2410857768567,6.0
348.2638410497892,5.0
348.2638410497892,6.0
348.2661800337649,5.0
348.3268324205325,4.0
348.38199939539385,3.0
348.42334619301346,4.0
348.4729276381254,5.0
348.6551925959273,6.0
348.69678746421255,5.0
348.7225143503124,4.0
348.8523459739378,5.0
348.8825873306888,6.0
348.92768830299934,5.0
349.00292407849355,4.0
349.0428368659477,5.0
349.05824368758005,6.0
349.1035786938706,5.0
349.15422332341353,4.0
349.1695029656989,3.0
349.3136631358874,4.0
349.45332513976643,3.0
349.46826548144844,4.0
349.4747098100758,3.0
349.6648467804264,2.0
349.7507715673792,1.0
350.0263836623623,2.0
350.0423246792886,1.0
350.1778985831897,2.0
350.1896123506837,1.0
350.44402286642844,2.0
350.4899860618217,1.0
350.6182084795512,2.0
350.6187556989971,1.0
350.89788269317245,2.0
350.94957566542394,3.0
350.95906821631166,4.0
351.1983806846706,3.0
351.2729062636701,4.0
351.3220592700239,3.0
351.32311360232205,4.0
351.33481485851644,3.0
351.3718022677389,4.0
351.41373428088616,3.0
351.5119405380744,4.0
351.5431145337556,5.0
351.68675884594523,4.0
351.68759171419225,3.0
351.70244748277713,4.0
351.7434349130306,5.0
351.7753256426946,6.0
351.8237142022238,7.0
351.83371760328487,6.0
351.83731337782154,5.0
351.94829202922125,4.0
352.00025677372145,5.0
352.02927664224416,6.0
352.0740342992917,5.0
352.1422313163414,4.0
352.3969198352449,3.0
352.41189657450855,4.0
352.46042599940694,5.0
352.46671107664605,6.0
352.48371949054734,5.0
352.4980486229608,4.0
352.5056431901773,3.0
352.55326458686346,4.0
352.61038278855943,3.0
352.6151468122035,2.0
352.70123415145565,3.0
352.7592136534301,4.0
352.7880198676379,3.0
352.83612884129263,4.0
352.87178877393507,3.0
352.8919273375436,2.0
352.9201105963175,1.0
353.0113479340759,2.0
353.2275069731314,3.0
353.28767842353847,2.0
353.4133580691562,1.0
353.44922863926786,2.0
353.4944177797348,3.0
353.7720197909054,4.0
353.773123418659,5.0
353.96693036354014,4.0
353.9676440862765,3.0
354.0189742279477,4.0
354.10218394326824,3.0
354.14873591993984,4.0
354.19632844849724,5.0
354.20027747319983,6.0
354.2136649310951,5.0
354.316270069599,4.0
354.50277474349014,3.0
354.5475052741433,4.0
354.6052207779562,3.0
354.61146642605723,2.0
354.61459471343164,3.0
354.6922817329212,2.0
354.7814446767494,3.0
354.8172619566613,2.0
354.94698060929835,3.0
355.013275853127,4.0
355.0556757103615,5.0
355.18812084165927,4.0
355.2024146179564,5.0
355.2554093844967,4.0
355.4136798267204,5.0
355.44019407728837,6.0
355.6260120886379,5.0
355.6260120886379,6.0
355.6699856248729,5.0
355.67607142660165,6.0
355.75535784560293,5.0
355.8323479731166,6.0
355.8547572725462,5.0
355.9010788390599,4.0
355.90581891669586,3.0
355.9167079307831,4.0
356.07398061819873,5.0
356.09992668475337,6.0
356.1465039919252,5.0
356.1888603878675,6.0
356.3420393498903,5.0
356.3420393498903,6.0
356.39097252005774,5.0
356.39097252005774,6.0
356.5110169065029,5.0
356.5110169065029,6.0
356.5275952974651,5.0
356.5275952974651,6.0
356.58167921920176,5.0
356.58315371012884,4.0
356.5848849897304,5.0
356.58715559429334,4.0
356.68808397096046,5.0
356.7183254155244,4.0
356.7287139819503,3.0
356.7912832873812,4.0
356.79890763926977,3.0
356.85033179040494,4.0
356.88291937650473,5.0
356.8921611738322,6.0
356.9409852789628,5.0
356.9409852789628,6.0
356.9545825300193,5.0
357.06930278690106,4.0
357.2205348786868,3.0
357.30238026125113,4.0
357.3459096666086,5.0
357.39817106902154,4.0
357.4396356856726,3.0
357.45611447719426,4.0
357.6323609257084,5.0
357.7226491843008,6.0
357.78472278489573,5.0
357.78472278489573,6.0
358.0362799997135,5.0
358.0362799997135,6.0
358.1567753100279,5.0
358.1567753100279,6.0
358.22475138739327,5.0
358.22475138739327,6.0
358.35674491281026,5.0
358.35674491281026,6.0
358.44540733921565,5.0
358.44540733921565,6.0
358.4959667736943,5.0
358.5031436439254,4.0
358.5090750478426,5.0
358.6233337613383,4.0
358.68461041055724,3.0
358.7153584578523,4.0
358.7588877145413,3.0
358.7960098239711,2.0
358.8021615028982,1.0
358.8302230766033,2.0
358.93239457561026,3.0
358.94951730155975,4.0
359.01315920090553,3.0
359.12400052895475,4.0
359.297576087574,3.0
359.3657213613454,4.0
359.4696293305774,3.0
359.4759677538421,2.0
359.487465358135,3.0
359.64323569300234,4.0
359.6746929772585,3.0
359.7164997584243,4.0
359.8207785005254,5.0
359.9739637044089,4.0
359.9739637044089,5.0
360.0017413141399,4.0
360.0990299867773,5.0
360.3333125679626,4.0
360.3333125679626,5.0
360.33734136083024,4.0
360.35884154685886,5.0
360.4035702156022,4.0
360.41509681807696,3.0
360.4181400203569,2.0
360.4569172162105,1.0
360.5350296356047,2.0
360.5832566788252,1.0
360.7042046994016,2.0
360.7323810251464,3.0
360.74613165783524,2.0
360.7624234799157,3.0
360.8154394122978,4.0
360.84853166970277,3.0
360.84853166970277,4.0
360.85724456534547,3.0
360.8645471383443,2.0
361.02135859034325,3.0
361.0965196219624,4.0
361.1630150387938,3.0
361.447330048577,4.0
361.5242629764077,3.0
361.6757546544003,2.0
361.6779984666292,3.0
361.74549415246094,2.0
361.83439806979055,3.0
361.9290655687,4.0
362.04822687091183,3.0
362.11294945890756,2.0
362.12852331155835,3.0
362.1359109545527,2.0
362.1849607551453,3.0
362.2074787211909,4.0
362.3393002516484,3.0
362.3393002516484,4.0
362.3921318871644,3.0
362.42163073953407,2.0
362.6003189648525,3.0
362.9429149631537,2.0
363.10322796129475,1.0
363.1351553412642,2.0
363.29311403745,1.0
363.3612537326605,2.0
363.44466189246214,1.0
363.4554965356818,2.0
363.5278280324786,1.0
363.54771844854486,0.0
363.75825600994045,1.0
363.77808272500266,0.0
363.84066499986125,1.0
363.92429373977774,2.0
363.95868465052445,3.0
363.98453390227525,2.0
364.0501517324117,3.0
364.11994608473407,2.0
364.31712926218074,3.0
364.32697448101277,2.0
364.3282387060284,3.0
364.3757769759428,4.0
364.4344775131593,3.0
364.4344775131593,4.0
364.54707949430923,3.0
364.66965754686146,4.0
364.6910514209337,3.0
364.8929538956271,4.0
365.0033318352549,3.0
365.0667418257965,4.0
365.1490916434885,3.0
365.3079082851962,2.0
365.3601956620535,3.0
365.6999104723253,2.0
365.71538141362527,3.0
365.82196172161184,2.0
365.84224584990346,3.0
365.99026489206733,4.0
366.01193549180266,5.0
366.04306374831543,6.0
366.0935392004921,5.0
366.0935392004921,6.0
366.166318644628,5.0
366.194191158979,6.0
366.3544158619265,5.0
366.3544158619265,6.0
366.4070462561169,5.0
366.4070462561169,6.0
366.4913095580232,5.0
366.4913095580232,6.0
366.62338934220094,5.0
366.62338934220094,6.0
366.66587432868937,5.0
366.66587432868937,6.0
366.71025290559817,5.0
366.71025290559817,6.0
366.7675001363114,5.0
366.7675001363114,6.0
366.8098734938844,5.0
366.8098734938844,6.0
366.94485665893,5.0
366.94485665893,6.0
367.23064712588916,7.0
367.3490093582372,6.0
367.3490093582372,7.0
367.4311936481821,6.0
367.4311936481821,7.0
367.4641237135779,6.0
367.4641237135779,7.0
367.4665174770191,8.0
367.4681424099959,7.0
367.4694522169508,6.0
367.4785104672133,7.0
367.51127604076515,6.0
367.518523365964,5.0
367.77322987736176,4.0
367.79895432817824,5.0
367.84732335286924,4.0
367.8874052137956,3.0
368.049849522152,4.0
368.07820620190375,5.0
368.08551588499995,6.0
368.20096576624604,5.0
368.2914860079097,4.0
368.32972761718446,5.0
368.3931848351698,4.0
368.43513547975607,5.0
368.5562677585393,4.0
368.64697258404084,5.0
368.7712206952642,6.0
368.81376228266595,5.0
368.8254750182798,4.0
368.9419789328188,3.0
368.97257032384266,2.0
369.09817330578255,1.0
369.21392489096735,2.0
369.47662179126587,3.0
369.54262924144217,4.0
369.55456989149354,5.0
369.5935614122078,4.0
369.6334652869586,3.0
369.6465630051397,4.0
369.6946642281384,3.0
369.76645332379394,2.0
369.8571854307615,3.0
369.9883320187075,2.0
370.1771589966424,3.0
370.18002764664755,4.0
370.22196119516093,5.0
370.23993576548423,6.0
370.32817367878783,5.0
370.3712687162153,4.0
370.37597519441994,5.0
370.3779494301189,6.0
370.38875535919095,5.0
370.39699719228247,4.0
370.4934522014991,5.0
370.5504270753915,4.0
370.6642238833759,3.0
370.7919003935417,4.0
370.9150497537577,3.0
371.0308168137269,4.0
371.0936412689146,3.0
371.1283535490861,2.0
371.13733174933236,3.0
371.16496850230214,4.0
371.2252054598908,5.0
371.32126487354645,4.0
371.3414349173571,3.0
371.36851824719906,2.0
371.4674530796567,3.0
371.6150217210695,4.0
371.63046349602394,5.0
371.6496682198213,4.0
371.9341737947798,5.0
372.04995801404294,4.0
372.04995801404294,5.0
372.0934061058185,4.0
372.3141794306227,3.0
372.31957251567576,4.0
372.4453996333729,5.0
372.56222695185306,4.0
372.57566457338294,3.0
372.6113987111166,2.0
372.79432475290486,3.0
372.8588111653545,4.0
372.9808355977457,3.0
373.09014332879315,2.0
373.1101870594084,3.0
373.11028046124915,4.0
373.1214869376975,3.0
373.25445978212815,4.0
373.29620631412945,5.0
373.47140564152255,4.0
373.47140564152255,5.0
373.47790566093204,4.0
373.5079964936544,3.0
373.52306671518517,2.0
373.54974619438525,1.0
373.5999401917365,2.0
374.14855063486533,1.0
374.28572376790027,2.0
374.34264904431325,1.0
374.36883975113847,2.0
374.37700744792664,3.0
374.46993585839436,2.0
374.60685829930526,3.0
374.76381415934577,4.0
374.7835794836539,5.0
374.81586283035347,6.0
374.88394786722904,5.0
374.88394786722904,6.0
374.92295499177027,5.0
374.95056087456584,6.0
375.0045889894434,5.0
375.0105570633714,6.0
375.0109307672201,5.0
375.1313009761934,4.0
375.1511661849608,5.0
375.1642999525928,6.0
375.1768941379364,5.0
375.20264800813527,6.0
375.2051019241585,5.0
375.31305821532186,4.0
375.3473504599056,5.0
375.4132408063135,4.0
375.6488122173741,3.0
375.65498877605677,4.0
375.6793161501314,5.0
375.6947803832656,4.0
375.74836783349133,3.0
375.78107958228367,4.0
375.8524548190353,3.0
375.9243038810793,4.0
375.92904701608137,3.0
375.9449511937622,4.0
375.96104978610765,5.0
375.9809484875382,4.0
375.995719931139,5.0
376.0818662708469,6.0
376.1995192093336,5.0
376.1995192093336,6.0
376.20522303106765,7.0
376.2243484991659,6.0
376.2243484991659,7.0
376.31651330712174,6.0
376.33153344432156,7.0
376.3958797733945,6.0
376.3958797733945,7.0
376.5072440677047,6.0
376.5072440677047,7.0
376.5195672096713,6.0
376.56450858923563,5.0
376.5822128495218,4.0
376.5824470595352,5.0
376.6370024454109,6.0
376.6447151422499,7.0
376.66555008437103,6.0
376.6751527362222,7.0
376.79719858125776,6.0
376.84628612651125,7.0
376.89599899315687,6.0
376.924289879171,5.0
376.95718357273074,4.0
377.0657327130313,5.0
377.0846307920795,4.0
377.1694860902852,3.0
377.1861736815758,4.0
377.32165936127046,3.0
377.3414952113205,4.0
377.41358514777045,3.0
377.4501394147702,4.0
377.492246496855,5.0
377.54358551436917,4.0
377.6241697977776,3.0
377.6845912456286,4.0
377.70205332883165,5.0
377.813100371121,6.0
377.84897699683273,5.0
377.84897699683273,6.0
377.86939081827194,5.0
377.86939081827194,6.0
377.9202022449561,5.0
377.9202022449561,6.0
377.9873540879989,5.0
377.9873540879989,6.0
377.9926576774197,5.0
377.9926576774197,6.0
378.1372956833546,5.0
378.1372956833546,6.0
378.39039822558294,5.0
378.39039822558294,6.0
378.61325134841894,5.0
378.61325134841894,6.0
378.71922929532616,5.0
378.71922929532616,6.0
378.7350473095042,5.0
378.7350473095042,6.0
378.7425906958,5.0
378.7425906958,6.0
378.88232991232354,5.0
378.88232991232354,6.0
378.92745427476297,5.0
378.92745427476297,6.0
379.0585859426298,5.0
379.07162151572396,4.0
379.07162151572396,5.0
379.08373232664366,4.0
379.08373232664366,5.0
379.12695230794156,4.0
379.12695230794156,5.0
379.2008373292446,4.0
379.2008373292446,5.0
379.42567290210303,4.0
379.42567290210303,5.0
379.5261826999956,6.0
379.6767374272752,5.0
379.6767374272752,6.0
379.70794802748475,5.0
379.70794802748475,6.0
379.7128368739422,5.0
379.7128368739422,6.0
379.75249754395264,5.0
379.83123072696884,6.0
379.98694377468877,5.0
379.98694377468877,6.0
380.1256257870887,5.0
380.1256257870887,6.0
380.1736535266999,5.0
380.1736535266999,6.0
380.49116920309103,5.0
380.49116920309103,6.0
380.53493142686733,5.0
380.53493142686733,6.0
380.55310085827784,5.0
380.55310085827784,6.0
380.5696547208183,5.0
380.5696547208183,6.0
380.6459562422579,5.0
380.6459562422579,6.0
380.668234365501,5.0
380.668234365501,6.0
380.70893591216014,5.0
380.70893591216014,6.0
380.7244037620434,5.0
380.7244037620434,6.0
380.73005870592425,5.0
380.7416571509015,4.0
380.78678221716865,3.0
380.8332612328807,2.0
380.9924520502162,3.0
380.9947848132693,2.0
381.18227563090454,3.0
381.22959502507103,4.0
381.4172566602677,3.0
381.60973920864205,4.0
381.6893997830797,5.0
381.69683407358184,4.0
381.76991243832896,5.0
381.84942790187296,4.0
381.8814515436541,3.0
381.9951240953966,2.0
382.04988488323517,3.0
382.24202762997027,2.0
382.2430487517762,3.0
382.2695468088831,2.0
382.28880692333263,3.0
382.32509496855386,2.0
382.4303269368507,3.0
382.4442700692833,2.0
382.4772726385484,3.0
382.4922532115,4.0
382.50521595623013,5.0
382.65991486243104,4.0
382.66038590653926,3.0
382.70194311756194,2.0
382.73928489253285,3.0
382.7912630587147,4.0
382.84926593488206,3.0
382.91718976105057,4.0
382.92589501810903,5.0
382.9655712381161,6.0
382.9729850107691,5.0
383.0314198226735,6.0
383.0931003248895,5.0
383.145349267849,6.0
383.17705212737076,5.0
383.23444193175123,4.0
383.3469974688518,5.0
383.35525270802475,4.0
383.37123314921877,5.0
383.382981687443,4.0
383.47233567664716,5.0
383.47935892077567,4.0
383.51011305126235,5.0
383.5567116718584,6.0
383.57055628332466,5.0
383.6434529094596,4.0
383.6497843832374,3.0
383.70679141074805,4.0
383.72515186414375,5.0
383.88953934390844,6.0
383.97671228251585,5.0
384.0150269356706,4.0
384.0662848237382,5.0
384.1113499830614,4.0
384.13731618458434,3.0
384.1529051672576,4.0
384.25190601021154,5.0
384.3209719749181,4.0
384.42408233879127,3.0
384.4763052439566,4.0
384.70313488156717,3.0
384.83589675928823,2.0
384.846303369708,3.0
384.9321163472438,4.0
384.96784031414444,5.0
385.0330433097837,6.0
385.10214505410755,7.0
385.1195432668212,6.0
385.21776823898006,5.0
385.22233587728505,4.0
385.37655226161127,3.0
385.5389191960963,4.0
385.5739040699223,3.0
385.58093302805236,4.0
385.6393599975689,5.0
385.6494239340506,4.0
385.67421444882734,3.0
385.79547119531367,4.0
385.8308668431002,5.0
385.85361764052647,4.0
385.92702320047175,5.0
385.9781567460514,4.0
386.02249939059067,5.0
386.0541557348182,4.0
386.1244010440662,5.0
386.1301223121931,4.0
386.2100247022716,3.0
386.2771567480047,2.0
386.5285729745686,3.0
386.62730854608503,4.0
386.6754113619259,5.0
386.67632267851076,4.0
386.7145588629611,5.0
386.75999049442123,4.0
386.90332347257316,5.0
386.92272511119404,4.0
386.99957153433616,5.0
387.0104060152389,4.0
387.1355889945422,5.0
387.3298365639154,6.0
387.3610861406208,5.0
387.3623711632839,6.0
387.374843519972,7.0
387.40190180930125,6.0
387.51130725538076,5.0
387.5718513637984,4.0
387.6069357815839,3.0
387.77260776932326,2.0
387.8315178472262,1.0
387.89196748503105,0.0
387.89564500992924,1.0
387.8962452369315,0.0
388.13439460307177,1.0
388.69599512012155,0.0
388.81251479469944,1.0
388.819141985202,2.0
388.83372305986535,3.0
388.9288945577729,4.0
388.93028327038644,3.0
388.9436090322589,2.0
389.1163477723608,3.0
389.22406056835854,2.0
389.2536223691408,1.0
389.3694589220238,0.0
389.47030946493044,1.0
389.496941457699,2.0
389.80373926443053,3.0
390.0207571059678,4.0
390.0306044975206,5.0
390.05184910829325,6.0
390.1231935923156,5.0
390.23449558790077,4.0
390.2576319637563,3.0
390.27807640628447,4.0
390.35747010598425,5.0
390.4139416152003,4.0
390.4653526243022,3.0
390.4703010389601,2.0
390.52361080730617,1.0
390.6774283141083,0.0
390.95635438594724,1.0
390.968519043485,2.0
391.4137636411485,1.0
391.4509906993681,0.0
391.4792766904493,1.0
391.91174371901786,2.0
392.08341204744477,3.0
392.1248759967629,4.0
392.17731053914764,3.0
392.31379421114315,4.0
392.31842370714526,3.0
392.3241676023498,2.0
392.46588946033086,1.0
392.5799805969664,2.0
393.0689528442862,3.0
393.0910251956759,4.0
393.1568588021373,5.0
393.22897479652704,6.0
393.2357105403332,5.0
393.2357105403332,6.0
393.3013435824672,5.0
394.0469340735817,4.0
394.0469340735817,5.0
394.0861679091712,4.0
394.0861679091712,5.0
394.28993546966615,4.0
394.28993546966615,5.0
394.29545801724004,4.0
394.29545801724004,5.0
394.29992193113577,4.0
394.29992193113577,5.0
394.43758047206705,4.0
394.43758047206705,5.0
394.44055125448216,4.0
394.44055125448216,5.0
394.4452155531667,4.0
394.4452155531667,5.0
394.5309312166598,4.0
394.5309312166598,5.0
394.6128333655873,4.0
394.6128333655873,5.0
394.6151493674438,4.0
394.6151493674438,5.0
394.74085846071137,4.0
394.74085846071137,5.0
394.8307974617888,4.0
394.8307974617888,5.0
394.9082375192772,4.0
394.9082375192772,5.0
395.04234876147706,4.0
395.04234876147706,5.0
395.22586592872983,4.0
395.22586592872983,5.0
395.23056105081025,6.0
395.2343963204592,5.0
395.2403057930243,6.0
395.40619284167474,5.0
395.4112935715203,4.0
395.7598386810795,5.0
395.7609919624415,4.0
395.8554063742711,3.0
395.90252108013055,2.0
396.01673071291077,3.0
396.08541505385267,4.0
396.1199505804703,5.0
396.1484151764248,6.0
396.17837235600445,5.0
396.29895551490006,4.0
396.3217886360902,5.0
396.7048063650152,4.0
396.7295467960796,5.0
396.7596937473476,6.0
396.76578352522694,5.0
396.80987382956863,4.0
396.8479740615895,5.0
396.88630491789013,4.0
396.88882967447654,3.0
396.89336395442984,4.0
396.89940012008555,3.0
396.94343455241926,4.0
397.10888513377085,5.0
397.1906501073734,6.0
397.21498222774596,5.0
397.21498222774596,6.0
397.43215961400955,5.0
397.442977042879,4.0
397.47348044083,5.0
397.48667663757027,6.0
397.5801500319882,5.0
397.5801500319882,6.0
397.59928621890145,5.0
397.7006150176183,6.0
397.75888095048714,5.0
397.81573472807753,4.0
397.81997709696543,5.0
397.8366410616104,6.0
397.8620649542146,5.0
397.9191898773345,6.0
397.9281241888877,5.0
397.93105873555766,6.0
397.93242142439004,5.0
398.0664154052098,6.0
398.07991851081886,5.0
398.1433546311434,6.0
398.2528267253459,5.0
398.26740890115497,6.0
398.32963416707935,5.0
398.33984467729783,6.0
398.3458406648512,5.0
398.4612936267211,6.0
398.46131584731444,5.0
398.5219882489097,6.0
398.5619759553808,5.0
398.5627185632247,4.0
398.60931817520304,3.0
398.62513368438425,4.0
398.72472008448705,3.0
398.96102160469565,4.0
398.9830106535087,3.0
398.9892001570066,2.0
399.0796089232967,3.0
399.11389246707813,2.0
399.1657599574751,3.0
399.428560247195,2.0
399.43083378499426,3.0
399.4660741207419,2.0
399.5681430712209,3.0
399.64852706864923,2.0
399.67686038734723,3.0
399.6979547785637,4.0
399.7233310662419,5.0
399.78775710476526,4.0
399.79202722459956,5.0
399.8156573112649,4.0
399.8306364739672,3.0
399.8674499004317,2.0
399.86810999669507,3.0
400.1059651781128,4.0
400.1565315687122,3.0
400.22112846894424,2.0
400.2329676928668,1.0
400.34096559246063,0.0
400.39321137551843,1.0
400.65268827240686,2.0
400.69209958259154,3.0
400.73750138742946,4.0
400.78342878407904,3.0
400.8559366964796,4.0
401.09059384140625,3.0
401.1240878705282,2.0
401.17169302434655,3.0
401.22732719648303,4.0
401.3140593270988,3.0
401.355811871856,4.0
401.3951528595272,5.0
401.4208367294956,4.0
401.4901852386928,3.0
401.57085286171576,2.0
401.67468128204627,3.0
401.8175003149209,4.0
401.88829840818636,3.0
401.938476343768,4.0
401.94164885204043,3.0
402.1269696059115,2.0
402.13035854637974,3.0
402.14402906317514,2.0
402.24184200635176,1.0
402.7204291620752,0.0
402.8601860622568,1.0
402.86919013669564,2.0
402.9538330903345,1.0
403.01163102889166,2.0
403.01713139946145,1.0
403.07950738193574,2.0
403.2601955869784,1.0
403.50742420931294,2.0
403.5332208732081,3.0
403.6033243761311,2.0
403.6441259875602,1.0
403.67597981183656,2.0
403.8471829838938,3.0
403.8619829076132,4.0
403.9021788784533,3.0
404.0496434431103,4.0
404.08060458145064,3.0
404.23214010293907,2.0
404.2390339651482,3.0
404.34731518097266,2.0
404.4710217455895,3.0
404.5554859136077,2.0
404.79424330684634,3.0
404.81709331195,2.0
404.83055692305066,1.0
404.8502594790722,2.0
404.929787171651,3.0
405.062897905658,4.0
405.2186602587689,5.0
405.31929978061197,4.0
405.39993538278316,5.0
405.50772894705653,4.0
405.63203079801053,3.0
405.67014452844813,4.0
405.67142187947843,5.0
405.6752025650694,4.0
405.69311663653093,5.0
405.7568288384153,6.0
405.75757681172615,5.0
405.85066111716645,4.0
405.89019974307774,3.0
406.0275889314045,4.0
406.0337213512238,3.0
406.1511555984243,4.0
406.2247121863173,3.0
406.31099509126255,4.0
406.4739697993887,5.0
406.59930523989294,6.0
406.62555455627296,7.0
406.743333911067,6.0
406.76051254633154,7.0
406.89251413087106,6.0
406.91381711448366,5.0
406.930959067234,4.0
407.08615752643357,3.0
407.08861660630475,4.0
407.2886095247804,3.0
407.3507691909165,4.0
407.4275751389699,5.0
407.45921284723426,4.0
407.46236798208344,5.0
407.5343033549623,4.0
407.5990819240085,5.0
407.6460190316696,6.0
407.7296846391179,5.0
407.7404992141452,6.0
407.837413803693,7.0
407.90823084785467,6.0
407.9494731335145,7.0
407.9665248707074,6.0
408.0290048590772,7.0
408.0760770100871,6.0
408.0760770100871,7.0
408.12826993019445,6.0
408.25159310537964,7.0
408.31687292096035,6.0
408.31687292096035,7.0
408.353892232189,6.0
408.353892232189,7.0
408.505602994954,6.0
408.5198865345732,5.0
408.52020706939396,4.0
408.56938443648505,3.0
408.64943975051807,2.0
408.7624303989325,3.0
408.78252183287833,2.0
408.92623769362416,3.0
408.933337565224,4.0
408.95243760845443,5.0
409.01885147408376,6.0
409.0544830857421,5.0
409.0658462718288,4.0
409.1455681394687,5.0
409.1487282822861,6.0
409.15544859356487,7.0
409.4728281896333,6.0
409.4728281896333,7.0
409.51409492567467,6.0
409.51409492567467,7.0
409.82349993665895,6.0
409.82349993665895,7.0
409.86200563556565,6.0
409.86200563556565,7.0
410.0289522427119,6.0
410.0289522427119,7.0
410.0802544892128,6.0
410.0802544892128,7.0
410.08812373953117,6.0
410.09436468185163,5.0
410.113448097096,6.0
410.1679614467539,5.0
410.18044790771506,6.0
410.200127895432,5.0
410.2199491087345,4.0
410.3067035132826,5.0
410.3885664411334,4.0
410.447353585922,5.0
410.46343215596715,6.0
410.513181747233,7.0
410.6465831193788,6.0
410.6925513914327,5.0
410.69712552367207,6.0
410.71309806326724,5.0
410.77109461006916,6.0
410.8397759462709,5.0
410.84413392035293,4.0
410.9381210851573,5.0
410.9408539006707,4.0
410.9426129829755,3.0
411.0247497028054,4.0
411.11569002064846,3.0
411.22638322297985,2.0
411.4465289024845,3.0
411.59209316235126,2.0
411.72280945051966,1.0
411.7381368803326,2.0
411.78278163375654,3.0
411.94527685615117,2.0
412.3572974962176,3.0
412.50650035385775,4.0
412.5136235657248,5.0
412.5804233625509,4.0
412.58374031397915,3.0
412.72095593464354,4.0
412.74218996637626,5.0
412.8577479014007,4.0
412.87014339142513,3.0
413.04170740802186,4.0
413.1003155440295,5.0
413.1336155064891,6.0
413.14448319932336,5.0
413.1589037360992,6.0
413.17027929895085,5.0
413.23951252717035,4.0
413.27472768217814,3.0
413.3666448629997,2.0
413.6117970771857,1.0
413.62431725627636,0.0
413.6629555194417,1.0
413.8428566814907,2.0
414.18906592542413,3.0
414.25853424831877,4.0
414.2820834688175,5.0
414.3244014455154,4.0
414.3726029459392,3.0
414.38908376526877,4.0
414.41023882296906,3.0
414.43770162849336,4.0
414.4585626853959,3.0
414.52930220376834,2.0
414.5390357979078,1.0
414.63286198426755,2.0
414.8194438176876,3.0
414.8288749790448,2.0
414.88018858540676,1.0
414.88223329633644,2.0
414.9108096876984,1.0
415.0975345289729,2.0
415.2857790360927,1.0
415.7584242082726,2.0
415.7969217690246,3.0
415.8742104173502,2.0
416.0233885667469,3.0
416.14368238292093,4.0
416.1715731976141,3.0
416.21620716866784,4.0
416.2632349788121,3.0
416.7878598017587,4.0
416.85283576873763,3.0
416.86355863074624,4.0
416.8784466481954,5.0
416.89851634789983,4.0
416.9282957891576,3.0
417.02204138723437,4.0
417.09107689743155,3.0
417.1693582382017,2.0
417.19012466767117,1.0
417.5071163433794,2.0
417.8763270411514,1.0
418.22931808748325,2.0
418.38412597300334,1.0
418.38661054878946,0.0
418.4475929776576,1.0
418.479889815012,0.0
418.4965000787651,1.0
418.94532674739827,2.0
418.9640373036766,1.0
418.9978303685585,2.0
419.0503456129332,3.0
419.0607401608836,4.0
419.0921460848207,5.0
419.14689890665,6.0
419.1476376221017,5.0
419.1840461900738,4.0
419.2011414623055,3.0
419.30812633419407,4.0
419.3483987765297,3.0
419.6401711991204,2.0
419.88350865085516,1.0
420.12685849922724,2.0
420.1375119994669,3.0
420.2550166166315,2.0
420.40618535404803,3.0
420.4952513812635,2.0
420.66356715185987,3.0
420.6650136098702,4.0
420.67135703410327,3.0
420.67726981270755,4.0
420.8371776609674,5.0
420.8768902436627,6.0
420.87968983530897,5.0
420.8978464494627,6.0
420.901569212814,7.0
420.91285654966873,6.0
420.96957511891384,5.0
421.006309570116,6.0
421.0725787647638,7.0
421.10365024306765,6.0
421.2351742655257,5.0
421.37636435050337,6.0
421.38602715679974,5.0
421.4242305679338,6.0
421.4646866549619,5.0
421.505744869297,6.0
421.5190821051521,5.0
421.5779802428274,6.0
421.6819486273141,7.0
421.70099561236435,6.0
421.8009017051265,5.0
421.84812475742126,4.0
421.87516913206343,3.0
421.9304464312011,2.0
421.9533735599978,3.0
421.98767336587935,4.0
421.99018420989853,3.0
422.04770578988575,4.0
422.05137095206135,3.0
422.08484507431876,2.0
422.17825124883984,3.0
422.21389156678964,4.0
422.24768825461825,3.0
422.2537762093952,2.0
422.2853608682446,1.0
422.3928410299968,2.0
422.4481103151168,3.0
422.5668092170463,4.0
422.60564808039953,3.0
422.61458707902983,2.0
422.9447456138107,3.0
422.95017086324816,2.0
422.9521700587977,1.0
423.0142759831003,0.0
423.291688121127,1.0
423.36582658803263,2.0
423.38342366007737,3.0
423.4224853185601,2.0
423.64143238067845,1.0
423.71909014494395,2.0
423.7270963928168,3.0
423.7927636285834,4.0
423.8155627240324,5.0
423.8303614511966,6.0
423.83595870985533,5.0
423.9554890079148,4.0
424.0158684283473,5.0
424.033447469374,4.0
424.171351242716,3.0
424.23074691596736,2.0
424.42583786227453,1.0
424.4957201931094,2.0
424.5534018744836,3.0
424.5807971253494,4.0
424.61574250490264,5.0
424.65052374572866,6.0
424.67174166812396,5.0
424.6887959584118,4.0
424.7030395632069,3.0
424.7079846446983,4.0
424.911437052882,3.0
424.9589005915694,2.0
425.1614774419975,3.0
425.2384397296655,2.0
425.2501158775457,3.0
425.41789673179164,2.0
425.59869317986465,1.0
425.8465513928854,2.0
425.8606524575798,3.0
425.86594834875314,2.0
425.91688939946266,3.0
425.9375683759083,4.0
426.0476004411284,3.0
426.12380321418175,4.0
426.20380716201646,5.0
426.25325633646133,6.0
426.29602942954426,5.0
426.30727185953214,6.0
426.4818452224089,5.0
426.4818452224089,6.0
426.6408833404841,5.0
426.6408833404841,6.0
426.6571487114282,5.0
426.6571487114282,6.0
426.795989417019,5.0
426.795989417019,6.0
426.82259887512953,7.0
426.91033218753165,6.0
426.91033218753165,7.0
426.9151001314967,6.0
426.9151001314967,7.0
426.93074763946737,6.0
427.0431002238643,7.0
427.0458408522763,6.0
427.0845414493979,7.0
427.10493662066597,6.0
427.1549787803635,7.0
427.19789304112606,6.0
427.2115113659394,5.0
427.21445131746935,6.0
427.25794806719915,5.0
427.28233708416303,4.0
427.3215568567904,3.0
427.5148410487171,4.0
427.54031394308663,3.0
427.7044509287832,2.0
427.7082259875556,3.0
427.7124726706193,4.0
427.73902962175725,5.0
427.765650173968,4.0
427.8554515895972,3.0
427.914952962557,2.0
428.0279132416907,3.0
428.03845439010047,4.0
428.1009987383719,5.0
428.1508224262691,4.0
428.5582817455941,3.0
428.55996259750185,4.0
428.61663059498096,5.0
428.62276707855307,6.0
428.64595510091976,5.0
428.6622577239439,6.0
428.7068949754403,5.0
428.72589770282167,6.0
428.76378948125335,5.0
428.7697133661593,4.0
428.85012249466763,5.0
428.90154660783566,6.0
428.9693511671883,7.0
429.0222955921386,6.0
429.0270699050894,5.0
429.07068741158145,4.0
429.07893247619967,5.0
429.1111215251872,4.0
429.13569274524883,5.0
429.1541867550802,6.0
429.22855542810686,7.0
429.23359555994045,6.0
429.2375779126652,5.0
429.28468027235647,6.0
429.35144352711785,7.0
429.62557450426254,6.0
429.62557450426254,7.0
429.6841304020929,6.0
429.6841304020929,7.0
429.70949324287136,6.0
429.70949324287136,7.0
429.81384016875364,6.0
429.81384016875364,7.0
429.9690315328859,6.0
429.9690315328859,7.0
430.0887219402487,6.0
430.0887219402487,7.0
430.1623332432848,8.0
430.16981486543136,7.0
430.4844900704671,6.0
430.49822828576606,7.0
430.50069384226055,6.0
430.54497960661286,7.0
430.5493750133728,8.0
430.57017542725725,7.0
430.59856188959037,8.0
430.6149684045349,7.0
430.65141523980566,6.0
430.78408563632195,7.0
430.96384338842824,6.0
431.0158561590155,5.0
431.06439465629467,4.0
431.088267715434,3.0
431.09206320552147,4.0
431.1165494629151,5.0
431.29367715288095,4.0
431.3074194994187,5.0
431.3747563538823,4.0
431.55351937674044,3.0
431.57682473123276,2.0
431.6143526245517,3.0
431.6850964336255,2.0
431.8174068603543,1.0
432.04995867357627,2.0
432.38819033708205,1.0
432.51849072588885,2.0
432.7266239799362,3.0
432.7501419425767,2.0
432.78363486934325,3.0
432.8184015609436,2.0
433.06372504688255,3.0
433.25804824235985,4.0
433.3059673547082,5.0
433.37782509298904,4.0
433.37782509298904,5.0
433.38045882482237,4.0
433.38045882482237,5.0
433.4224372779939,4.0
433.4224372779939,5.0
433.5250068013398,4.0
433.5250068013398,5.0
433.57965679469885,4.0
433.68882846900806,5.0
433.7573677867734,4.0
433.86426637839105,3.0
434.0281337365582,2.0
434.0689866969118,3.0
434.11759669973526,4.0
434.188193379776,3.0
434.20182983177034,2.0
434.22442679446795,1.0
434.2624363162782,2.0
434.37222507816614,1.0
434.46334805089197,2.0
434.484913589321,1.0
434.87384124074777,2.0
434.9937556396006,3.0
435.03281685918034,2.0
435.2253610155391,3.0
435.2871199209456,4.0
435.292113590656,3.0
435.35970244354087,4.0
435.3982199893796,3.0
435.4482276986307,4.0
435.5032967236512,3.0
435.63214443080415,2.0
435.7173790359196,3.0
435.7267514256757,2.0
435.7622614780165,3.0
435.7747052235802,4.0
435.91365146554335,3.0
436.0262212081509,4.0
436.04320842252747,5.0
436.1341209730539,4.0
436.2099635582078,5.0
436.2418594784118,4.0
436.32485528429874,5.0
436.32863553903604,4.0
436.38686057513064,3.0
436.40050616183635,2.0
436.4325044838829,1.0
436.45594776204103,2.0
436.57607306926053,3.0
436.71093760759334,4.0
436.7893150053529,5.0
436.7924913431969,4.0
436.9177572358002,5.0
436.93101952781035,4.0
436.99072670435834,5.0
437.3447093380418,4.0
437.3447093380418,5.0
437.4020183633025,4.0
437.4020183633025,5.0
437.43109057202287,4.0
437.43109057202287,5.0
437.4808991784845,4.0
437.4808991784845,5.0
437.4862573007034,4.0
437.4862573007034,5.0
437.61114475637584,6.0
437.8539773134258,5.0
437.8539773134258,6.0
437.912803159746,5.0
437.91952631457104,4.0
437.95503166823335,5.0
437.9593639277453,6.0
438.0537544296484,5.0
438.0537544296484,6.0
438.17686681584536,5.0
438.17686681584536,6.0
438.2147602786349,5.0
438.2147602786349,6.0
438.2688714981988,5.0
438.2688714981988,6.0
438.2818138759913,7.0
438.3373888151462,6.0
438.3373888151462,7.0
438.4833669624282,6.0
438.4833669624282,7.0
438.50454545314824,6.0
438.50454545314824,7.0
438.58407060802,6.0
438.58407060802,7.0
438.5945464708165,6.0
438.64133498700636,5.0
438.64133498700636,6.0
438.8327338479882,5.0
438.8327338479882,6.0
439.0016866991124,5.0
439.0016866991124,6.0
439.2457955093981,5.0
439.2457955093981,6.0
439.265967925222,5.0
439.265967925222,6.0
439.4480794597937,5.0
439.4480794597937,6.0
439.70595820154944,5.0
439.70595820154944,6.0
439.7108790401384,5.0
439.7108790401384,6.0
439.7779259691477,5.0
439.78201381196527,4.0
439.87732677249744,5.0
439.9190998281273,4.0
439.92430216651246,3.0
439.93885124223664,2.0
439.97705229309537,3.0
440.0044491914554,2.0
440.02853973404825,1.0
440.2057512802656,2.0
440.36507869242655,1.0
440.70891948685914,2.0
440.72558736103485,3.0
440.7757538844259,2.0
440.82763008557225,1.0
441.00786629704936,0.0
441.1133938009631,1.0
441.1985533404928,2.0
441.20910766555295,3.0
441.22876605169023,2.0
441.2301680914885,3.0
441.25178351161605,2.0
441.3071164479762,3.0
441.3625575746303,2.0
441.4001338837338,3.0
441.45851564993427,2.0
441.5029444864416,3.0
441.72641391539446,4.0
441.74136594660206,3.0
441.9267703499791,4.0
442.0338165113156,5.0
442.0465028934065,4.0
442.10651383222665,5.0
442.2060074322216,4.0
442.332283411592,3.0
442.39758319424396,2.0
442.447584551911,1.0
442.5667192114455,2.0
442.7083576065946,3.0
442.7255599249077,4.0
442.73084128531275,5.0
442.7786064492093,6.0
442.80230171776884,5.0
442.92243448058383,4.0
442.9347729786144,5.0
443.0155209709101,4.0
443.11483244822756,3.0
443.19058032687076,2.0
443.2998122305272,3.0
443.43093081865993,2.0
443.5241138817158,3.0
443.5460871871354,4.0
443.64458050946837,3.0
443.695453748051,4.0
443.85876682679736,5.0
443.8783065904595,4.0
443.8787664479957,3.0
443.94425629722934,4.0
444.0262496202432,5.0
444.16602133701537,4.0
444.1938880639646,3.0
444.2051410847686,4.0
444.20847388513454,5.0
444.2286883685393,4.0
444.23703282419564,5.0
444.27276806003556,4.0
444.28816037328045,5.0
444.4850106874505,4.0
444.502656816029,3.0
444.60584611765955,2.0
444.6743173252268,3.0
444.74584688015887,2.0
444.74784492529074,3.0
444.7697894199329,4.0
444.82503385850356,3.0
444.86406628606983,2.0
444.9011316211557,3.0
444.9478692876011,2.0
444.96339857357293,3.0
444.9884841492812,4.0
445.02632796306403,3.0
445.07864082228537,4.0
445.0927647137699,3.0
445.31392237343437,4.0
445.3236572964337,5.0
445.44853249188105,6.0
445.47584319658273,5.0
445.5076387242625,4.0
445.53990979358184,5.0
445.56535569915,4.0
445.6250122451986,3.0
445.7066640641446,4.0
445.7893563544883,3.0
445.8137161266273,4.0
445.844432658101,3.0
445.8454161131401,4.0
445.893062372342,3.0
445.92646915658213,2.0
446.0217319626771,3.0
446.04091559476325,2.0
446.0936064480411,3.0
446.3522419868881,4.0
446.4521521688284,5.0
446.5004076096301,6.0
446.51456918547217,5.0
446.5419822548616,6.0
446.5694403681546,5.0
446.8247054361605,6.0
446.8807401661727,7.0
446.90607495336536,6.0
446.93228165828117,5.0
447.004262921418,4.0
447.07489805427105,5.0
447.08783974322273,4.0
447.11727143306547,3.0
447.13215061603046,2.0
447.150192442829,3.0
447.1583638746421,4.0
447.18448405989164,3.0
447.22680795037604,4.0
447.33060319347373,5.0
447.4320143942904,4.0
447.59524418125926,3.0
447.6247709105909,4.0
447.66506155814136,3.0
447.8668526361193,4.0
447.8830936569359,3.0
447.9458773153905,2.0
448.13520644738054,1.0
448.15695913620533,2.0
448.4094829083955,1.0
448.4245293972497,2.0
448.50257530980343,3.0
448.54181320749547,2.0
448.7224547278036,3.0
448.74526461722104,4.0
448.81380511388033,3.0
448.89519476686297,4.0
448.9305684811326,5.0
449.0621706841554,6.0
449.1204606477691,5.0
449.2881596958313,4.0
449.3395648330382,5.0
449.3723051125983,6.0
449.53778213782294,5.0
449.53778213782294,6.0
449.67187404998236,5.0
449.67187404998236,6.0
449.79056773121323,5.0
449.8597177755797,4.0
449.89556318121475,5.0
449.9023339764548,4.0
449.9683836341496,5.0
449.97452023411563,6.0
449.975501141148,5.0
450.06001862980816,4.0
450.1093446778599,5.0
450.11551116369475,4.0
450.1240508632232,5.0
450.2046282824001,4.0
450.30514279935437,3.0
450.3303687932181,4.0
450.34110285281787,5.0
450.36172350085144,4.0
450.3844164676134,3.0
450.4330039735526,2.0
450.46826318860207,3.0
450.4694464620266,4.0
450.6147704419513,3.0
450.6597571754961,2.0
450.6908948547278,1.0
450.698231686156,2.0
450.884042728272,3.0
450.97377649286835,4.0
451.1766288025841,3.0
451.2257619723182,2.0
451.3864209071549,3.0
451.4508644484612,4.0
451.4973514882913,5.0
451.5254500362132,4.0
451.5254500362132,5.0
451.6144501385246,4.0
451.6144501385246,5.0
451.64184919101547,4.0
451.64184919101547,5.0
451.8809142171136,4.0
451.8809142171136,5.0
451.937466208071,4.0
451.937466208071,5.0
451.95771357769974,4.0
451.95771357769974,5.0
452.0417793281503,6.0
452.2028607840404,5.0
452.2028607840404,6.0
452.2217587147438,5.0
452.2217587147438,6.0
452.25440255224345,5.0
452.25440255224345,6.0
452.2871348111225,5.0
452.28842302832265,4.0
452.2942711685931,5.0
452.30136309199156,6.0
452.38144752770995,7.0
452.45691512938333,6.0
452.45691512938333,7.0
452.4821145923025,6.0
452.4821145923025,7.0
452.4825289036675,6.0
452.4825289036675,7.0
452.5071564597826,6.0
452.50780756004684,7.0
452.5358804508927,6.0
452.5358804508927,7.0
452.6355884688315,6.0
452.6355884688315,7.0
452.6376819752861,6.0
452.6376819752861,7.0
452.6889184746141,6.0
452.7244351923467,5.0
452.78699086485875,4.0
452.86557817930225,5.0
452.9937043539942,4.0
453.0023090059319,5.0
453.00710558462345,6.0
453.09983835768594,7.0
453.124729462239,6.0
453.124729462239,7.0
453.1383005036405,6.0
453.1769359190379,5.0
453.2107590077565,4.0
453.21900386793806,3.0
453.27142890804436,4.0
453.2827184530301,5.0
453.38108502743415,6.0
453.42784704601195,5.0
453.5725243556672,4.0
453.63925151317113,3.0
453.69824314546526,4.0
453.72129070374245,5.0
453.8212636705627,4.0
453.88263654619567,5.0
453.9446157213532,4.0
453.99536540395064,5.0
454.0249726121646,4.0
454.2277995131669,3.0
454.2707918056849,4.0
454.27823658454724,5.0
454.3319987839163,4.0
454.3890954830531,5.0
454.54657768270874,4.0
454.5537712873767,3.0
454.62210191315626,4.0
454.63241369077576,5.0
454.63784073486414,6.0
454.6411926369533,5.0
454.6586947958038,6.0
454.68416767074797,5.0
454.6976420048123,4.0
454.8098236706065,5.0
454.83201373287676,4.0
454.88018807222744,3.0
454.8987375315964,2.0
455.0292966992513,3.0
455.04108106641894,2.0
455.1713219745403,3.0
455.2192188807677,2.0
455.22971028420216,1.0
455.340576977437,2.0
455.3650445971138,3.0
455.3679537650796,4.0
455.4805749135975,3.0
455.61945163752097,4.0
455.90762092759985,5.0
455.9488013323358,6.0
455.9603201052411,7.0
456.164956899121,6.0
456.41077980199276,5.0
456.41077980199276,6.0
456.50125934351007,5.0
456.50125934351007,6.0
456.61131337612926,7.0
456.7167974603055,6.0
456.7167974603055,7.0
456.72838133252185,6.0
456.72838133252185,7.0
456.8695721552703,6.0
456.8695721552703,7.0
456.89387890958943,6.0
456.89387890958943,7.0
456.943917573157,6.0
456.943917573157,7.0
456.99396861429005,6.0
457.0489571200554,5.0
457.18777425749704,4.0
457.2370041945795,5.0
457.2548568498509,6.0
457.3934717178129,5.0
457.411509132134,4.0
457.5625497409253,3.0
457.66995722200505,2.0
457.71260182525293,3.0
457.72598082098,4.0
457.94123825731486,3.0
457.94123825731486,4.0
458.1787219953988,3.0
458.1787219953988,4.0
458.3656576393192,3.0
458.3656576393192,4.0
458.49116193141094,3.0
458.49116193141094,4.0
458.5127998480703,3.0
458.5127998480703,4.0
458.6731497030598,3.0
458.6731497030598,4.0
458.9206508491096,3.0
458.9206508491096,4.0
459.35667388717707,3.0
459.35667388717707,4.0
459.4017885980227,3.0
459.4017885980227,4.0
459.5068783183953,3.0
459.5068783183953,4.0
459.5874437075222,3.0
459.5874437075222,4.0
459.6973073506695,3.0
459.6973073506695,4.0
459.7690703664959,3.0
459.7690703664959,4.0
460.09315479195425,3.0
460.09315479195425,4.0
460.1108260095704,3.0
460.1108260095704,4.0
460.54578396977155,3.0
460.54578396977155,4.0
460.825268134483,3.0
460.825268134483,4.0
461.07274114798275,3.0
461.07274114798275,4.0
461.13886996805576,3.0
461.13886996805576,4.0
461.35559944580064,3.0
461.35559944580064,4.0
461.4152365591858,3.0
461.4152365591858,4.0
461.50732142994724,3.0
461.50732142994724,4.0
461.511203999761,5.0
461.51625197998067,4.0
461.51625197998067,5.0
461.6134878173884,4.0
461.6134878173884,5.0
461.67616449912896,4.0
461.67616449912896,5.0
461.7418023343094,6.0
461.7479132151664,5.0
461.7479132151664,6.0
461.8193644267908,5.0
461.8193644267908,6.0
461.8955711067892,5.0
461.8955711067892,6.0
461.92414075902485,5.0
461.92414075902485,6.0
461.97153313604974,5.0
461.97153313604974,6.0
461.9973900117957,5.0
461.9973900117957,6.0
462.0150814940702,5.0
462.0150814940702,6.0
462.05044364764024,5.0
462.05044364764024,6.0
462.2099646482582,5.0
462.2099646482582,6.0
462.66220601750604,5.0
462.66220601750604,6.0
462.6836144042206,7.0
462.852558395059,6.0
462.852558395059,7.0
462.8625557593921,6.0
462.8625557593921,7.0
462.95965194783395,6.0
462.95965194783395,7.0
463.0096968487369,6.0
463.0096968487369,7.0
463.08681484951245,6.0
463.08681484951245,7.0
463.1523227537361,6.0
463.1523227537361,7.0
463.16049918791555,6.0
463.16049918791555,7.0
463.18122343071207,6.0
463.18122343071207,7.0
463.2169159431711,6.0
463.2169159431711,7.0
463.23279059951767,6.0
463.23279059951767,7.0
463.2824032436892,6.0
463.2824032436892,7.0
463.3777609716911,6.0
463.3777609716911,7.0
463.41671342833763,6.0
463.41671342833763,7.0
463.5218839319562,6.0
463.5218839319562,7.0
463.5230945876231,6.0
463.59402683391346,5.0
463.59402683391346,6.0
463.78783156223153,5.0
463.78783156223153,6.0
463.8165778909552,5.0
463.91982344637677,4.0
463.9581305111623,5.0
463.9840864824675,4.0
464.24569881677127,3.0
464.3464624702272,4.0
464.400652077998,3.0
464.44647587412015,2.0
464.5494272843975,3.0
464.6196518828096,4.0
464.86381224176944,3.0
464.9076557442362,4.0
465.01621886455547,5.0
465.14859586684304,6.0
465.1826370571885,5.0
465.32978555166136,4.0
465.432793469922,5.0
465.48000345860163,4.0
465.5156646019248,3.0
465.5200457918966,2.0
465.5527251734999,1.0
465.61781650440236,2.0
465.7106425212123,1.0
465.74922107700735,2.0
465.82289040240073,1.0
465.83145830907296,2.0
465.8474962587164,3.0
466.10339645633667,4.0
466.27315805289066,3.0
466.2746345505673,4.0
466.2816298351115,5.0
466.43934738645896,4.0
466.43934738645896,5.0
466.5269456787305,4.0
466.5269456787305,5.0
466.7255503425811,4.0
466.8166083801482,3.0
466.8307686199317,4.0
466.90744807267413,3.0
466.9201527467638,4.0
466.9324707426813,3.0
467.00833416710753,4.0
467.0270628141484,3.0
467.13178054911145,2.0
467.7319050728793,1.0
467.73551278277034,2.0
467.81087902838703,1.0
467.896546860078,0.0
468.17281946395644,1.0
468.20247269225047,2.0
468.29357377208186,3.0
468.4291731401026,4.0
468.471191867477,3.0
468.52961536954854,2.0
468.59948746025714,1.0
468.6094401720598,2.0
468.6852472232736,3.0
468.7087929868991,4.0
468.8169184911134,5.0
468.8582586962461,4.0
468.87177532183665,3.0
468.8726770984902,2.0
468.9035658676358,3.0
468.94378492546196,4.0
469.1859980593322,3.0
469.1859980593322,4.0
469.3231854594734,3.0
469.3231854594734,4.0
469.3402267051174,3.0
469.3402267051174,4.0
469.4774160021016,3.0
469.4774160021016,4.0
469.6102208780436,3.0
469.6102208780436,4.0
469.95376504222753,3.0
469.95376504222753,4.0
469.9935861784616,3.0
469.9935861784616,4.0
470.02382815232954,5.0
470.08026012354156,4.0
470.08026012354156,5.0
470.2287308637332,4.0
470.2287308637332,5.0
470.26481188999776,4.0
470.26481188999776,5.0
470.3396679378354,4.0
470.3396679378354,5.0
470.5878505713667,4.0
470.633679090283,3.0
470.633679090283,4.0
470.79047098261725,3.0
470.79047098261725,4.0
470.8461698352887,3.0
470.8461698352887,4.0
470.9862330483518,3.0
470.9862330483518,4.0
471.010409126077,3.0
471.010409126077,4.0
471.0489937564904,3.0
471.0489937564904,4.0
471.27504187128284,3.0
471.27504187128284,4.0
471.45397562982856,3.0
471.45397562982856,4.0
471.6547334731222,3.0
471.6547334731222,4.0
471.8839701176734,3.0
471.8839701176734,4.0
471.99633124298106,5.0
472.19504573728176,4.0
472.19504573728176,5.0
472.2020411694751,4.0
472.24103103575163,3.0
472.24103103575163,4.0
472.4437086543571,3.0
472.4437086543571,4.0
472.68583713581114,3.0
472.68583713581114,4.0
472.73849463946317,3.0
472.73849463946317,4.0
472.8030004309302,3.0
472.8030004309302,4.0
472.8731731028088,3.0
472.8731731028088,4.0
473.036656014884,3.0
473.036656014884,4.0
473.1614088286075,5.0
473.2959211683249,4.0
473.3873493141192,3.0
473.3873493141192,4.0
473.476977244375,3.0
473.476977244375,4.0
473.5282224329136,3.0
473.5282224329136,4.0
473.84484069037916,3.0
473.84484069037916,4.0
473.91704500998014,3.0
473.91704500998014,4.0
474.2136157294013,3.0
474.2136157294013,4.0
474.2386256270656,3.0
474.26933535844023,4.0
474.4237843442676,3.0
474.4237843442676,4.0
474.47023888540417,5.0
474.67974961512505,4.0
474.67974961512505,5.0
474.79814776244893,4.0
474.79814776244893,5.0
474.95425138876647,4.0
474.95425138876647,5.0
475.01328231598876,4.0
475.01328231598876,5.0
475.16645792787045,4.0
475.16645792787045,5.0
475.20444071785204,4.0
475.20444071785204,5.0
475.3927935326243,4.0
475.3927935326243,5.0
475.4272294573879,4.0
475.4272294573879,5.0
475.51717674469023,4.0
475.51717674469023,5.0
475.52721270629416,4.0
475.52721270629416,5.0
475.5844456276905,4.0
475.5844456276905,5.0
475.5995436465744,4.0
475.5995436465744,5.0
475.7064321709377,4.0
475.7064321709377,5.0
476.01945337974814,4.0
476.01945337974814,5.0
476.39416766602767,4.0
476.39416766602767,5.0
476.45225809774064,4.0
476.45225809774064,5.0
476.52505104173497,4.0
476.52505104173497,5.0
476.52726815455924,4.0
476.52726815455924,5.0
476.65330509853965,4.0
476.65330509853965,5.0
476.70152435183775,4.0
476.70152435183775,5.0
476.72722757204247,4.0
476.72722757204247,5.0
476.7322137412811,4.0
476.7322137412811,5.0
476.7486328506422,4.0
476.7486328506422,5.0
476.92739453613757,4.0
476.92739453613757,5.0
476.9337424061879,4.0
476.9337424061879,5.0
476.9405819282505,4.0
476.9405819282505,5.0
477.2164783650276,4.0
477.2164783650276,5.0
477.3538328627156,4.0
477.3538328627156,5.0
477.4287203736897,4.0
477.4287203736897,5.0
477.76331808165924,6.0
477.76659298740856,5.0
477.76659298740856,6.0
477.8663547050572,5.0
477.8663547050572,6.0
477.94368629700983,5.0
477.94368629700983,6.0
477.98357117759247,5.0
477.98357117759247,6.0
478.042832017698,5.0
478.042832017698,6.0
478.11407024186855,5.0
478.11407024186855,6.0
478.1916828743774,5.0
478.1916828743774,6.0
478.4036656534868,5.0
478.4036656534868,6.0
478.4470326272445,7.0
478.52210062106695,6.0
478.52210062106695,7.0
478.55038013796167,6.0
478.55038013796167,7.0
478.571940658513,6.0
478.571940658513,7.0
478.6153901468284,6.0
478.6153901468284,7.0
478.637697928316,6.0
478.637697928316,7.0
478.74670660468956,6.0
478.74670660468956,7.0
478.79835346567074,8.0
478.79850452740766,7.0
478.79850452740766,8.0
478.8920521356475,7.0
478.8920521356475,8.0
478.8966887976701,7.0
478.8966887976701,8.0
478.95277420513224,7.0
478.95277420513224,8.0
479.0073880133301,7.0
479.0073880133301,8.0
479.00980741176215,7.0
479.00980741176215,8.0
479.07494238292406,7.0
479.07494238292406,8.0
479.09359454393007,7.0
479.09359454393007,8.0
479.10656348240605,7.0
479.10656348240605,8.0
479.1816279312921,7.0
479.1816279312921,8.0
479.1858749305451,7.0
479.1858749305451,8.0
479.23575019901637,7.0
479.23575019901637,8.0
479.2524508710807,7.0
479.2524508710807,8.0
479.2998342327398,7.0
479.2998342327398,8.0
479.48243344754536,7.0
479.48243344754536,8.0
479.69604992409535,7.0
479.8545710069426,6.0
479.8545710069426,7.0
480.06992842318436,6.0
480.06992842318436,7.0
480.207772056516,6.0
480.207772056516,7.0
480.2512847266472,6.0
480.2512847266472,7.0
480.31564538175115,6.0
480.3355197666583,7.0
480.355943825233,6.0
480.45638171437537,7.0
480.4787765392172,6.0
480.5966947442414,5.0
480.6456103770394,4.0
480.7482094212232,3.0
480.7975899090655,2.0
480.80160957544035,3.0
480.89255004543105,4.0
480.89341463248235,5.0
480.98853709525036,4.0
481.192707624024,3.0
481.2100267318685,2.0
481.30410611033005,3.0
481.44560109358457,2.0
481.4907610769893,3.0
481.5331545198337,2.0
481.81854389855874,3.0
481.820364807039,2.0
481.8928392281904,1.0
481.9331521090399,2.0
482.08817421095034,3.0
482.37565214693495,4.0
482.3846822600659,3.0
482.3895971702571,2.0
482.43016331234537,1.0
482.47705999677555,2.0
482.48548370238814,3.0
482.49244744993615,2.0
482.5160260081247,3.0
482.6533896617827,2.0
482.7098313571914,3.0
482.7119991560083,2.0
482.7748468718448,3.0
482.7917420453963,4.0
482.7976797281582,3.0
482.83245462072773,2.0
482.9459540466751,3.0
482.96051234180504,2.0
483.1884838952296,1.0
483.2462790241797,2.0
483.28940883480044,3.0
483.4920313221662,2.0
483.5675775627117,1.0
483.6062394449337,2.0
483.63334165181425,3.0
483.6642864946593,4.0
484.3862461886294,3.0
484.3862461886294,4.0
484.41293550469015,3.0
484.41293550469015,4.0
484.4183566528907,3.0
484.4183566528907,4.0
484.45595546769533,3.0
484.45595546769533,4.0
484.6954759016069,3.0
484.6954759016069,4.0
484.70909867550074,3.0
484.70909867550074,4.0
484.9498261159847,3.0
484.9498261159847,4.0
484.9679675959506,5.0
485.0196538274406,4.0
485.0196538274406,5.0
485.06627275466707,4.0
485.06627275466707,5.0
485.3632076930777,4.0
485.3632076930777,5.0
485.37581675973195,4.0
485.37581675973195,5.0
485.4190975538384,4.0
485.4697917425594,5.0
485.55740122941756,4.0
485.6213361707409,3.0
485.84632574254283,4.0
485.84726257561914,3.0
485.88737392948894,4.0
485.919812255062,3.0
486.01510480827733,4.0
486.0933374002416,5.0
486.094880147627,4.0
486.11537290166143,3.0
486.3491455187501,4.0
486.3780789898459,3.0
486.44635741942733,2.0
486.49196243622873,3.0
486.5923836243092,4.0
486.64117120092874,3.0
486.7487397768899,4.0
486.74948930721325,5.0
486.82776493532936,4.0
486.82776493532936,5.0
486.88096807561647,4.0
486.88096807561647,5.0
486.95175885016414,4.0
487.0025891411107,5.0
487.05365322838105,4.0
487.05365322838105,5.0
487.221810675884,4.0
487.221810675884,5.0
487.30512726856006,4.0
487.30512726856006,5.0
487.54409833687544,6.0
487.6336520254835,5.0
487.6336520254835,6.0
487.63398584224586,5.0
487.6735158978971,4.0
487.6735158978971,5.0
487.7946595878117,6.0
487.9376698259871,5.0
487.9376698259871,6.0
487.959371756914,5.0
487.959371756914,6.0
488.1379777221139,5.0
488.1379777221139,6.0
488.219584810191,5.0
488.2928112206736,4.0
488.3024878226298,3.0
488.35484898469275,4.0
488.36651185920397,3.0
488.3836543562,4.0
488.4221320160725,5.0
488.49193272460786,4.0
488.49193272460786,5.0
488.73351626857306,4.0
488.73351626857306,5.0
488.8199981264995,4.0
488.8376945266561,3.0
488.87718877713303,4.0
488.9886234792745,3.0
489.0300379592448,2.0
489.0864033960267,1.0
489.2119366141316,2.0
489.28998705961203,3.0
489.4121786158804,4.0
489.4694755699377,3.0
489.6887653146206,2.0
489.7617609240955,1.0
489.80125845766696,0.0
489.8146688157899,1.0
489.8184912495052,2.0
490.0468009657248,3.0
490.1285642248208,2.0
490.17255767825526,3.0
490.23695485704525,2.0
490.2393791585978,1.0
490.3956336201054,2.0
490.46586890651065,1.0
490.84478977953785,2.0
491.02890327320114,1.0
491.25749545374407,2.0
491.3782550614298,3.0
491.44839891887176,4.0
491.51104536991653,5.0
491.59117656257666,4.0
491.6181341898431,5.0
491.6407451312021,4.0
491.81683530219897,5.0
492.00895948148565,4.0
492.00895948148565,5.0
492.2689859643608,4.0
492.2689859643608,5.0
492.3392651406757,4.0
492.3392651406757,5.0
492.4146043440811,4.0
492.4146043440811,5.0
492.47553515831913,4.0
492.47553515831913,5.0
492.50023781942184,4.0
492.50023781942184,5.0
492.72856730457545,4.0
492.72856730457545,5.0
492.7331258406055,4.0
492.74370845217067,3.0
492.7984867305122,2.0
492.809063018804,3.0
492.8194023227404,4.0
492.86256561675265,5.0
492.9276535360722,4.0
492.9276535360722,5.0
492.93611224141097,4.0
492.98693323031557,3.0
492.9928243570958,2.0
492.99870982810444,3.0
493.00233945170214,4.0
493.08331947045014,5.0
493.14262154281363,4.0
493.24429535529174,3.0
493.24429535529174,4.0
493.3000251891715,3.0
493.3000251891715,4.0
493.3390731363867,3.0
493.37397548230535,2.0
493.39139032853154,3.0
493.4275310472554,4.0
493.4577874863757,3.0
493.4953337764094,2.0
493.5364305263176,3.0
493.5473001543235,4.0
493.6318385850785,5.0
493.65177305572234,4.0
493.7149759339525,5.0
493.8038929589853,4.0
493.8491019505494,5.0
493.8615973158259,4.0
493.9386113751513,3.0
493.9654007408866,2.0
494.02306744913864,3.0
494.0252035329876,2.0
494.0586726273439,3.0
494.1393833556166,4.0
494.2257313489725,3.0
494.2917379730063,2.0
494.29729968011816,1.0
494.352844029131,2.0
494.3917272940427,3.0
494.42623718446725,2.0
494.4453879364507,3.0
494.46686032764217,4.0
494.5249464002532,3.0
494.5979261498087,2.0
494.60568404252774,3.0
494.83298139554137,4.0
494.89913419462886,5.0
494.9244885219593,6.0
494.939750910885,5.0
494.939750910885,6.0
494.986677343202,5.0
494.986677343202,6.0
495.02780171381676,5.0
495.09648555568117,6.0
495.15701603943734,7.0
495.17206708598394,6.0
495.2265501073166,7.0
495.5483601989906,6.0
495.5483601989906,7.0
495.8797983242024,6.0
495.8797983242024,7.0
496.0449278020965,6.0
496.0449278020965,7.0
496.06095661662556,6.0
496.06095661662556,7.0
496.12112158832866,6.0
496.12112158832866,7.0
496.2032692319721,6.0
496.2032692319721,7.0
496.22833525361654,6.0
496.22833525361654,7.0
496.26937697614665,6.0
496.26937697614665,7.0
496.2836256812531,6.0
496.2836256812531,7.0
496.2899005031238,6.0
496.2899005031238,7.0
496.4857572654297,6.0
496.4857572654297,7.0
496.52670154096677,6.0
496.52670154096677,7.0
496.68282572505757,6.0
496.68282572505757,7.0
496.72414481348505,6.0
496.72414481348505,7.0
496.78346961062897,6.0
496.86419352331274,5.0
496.8721503577388,4.0
496.9219898331606,3.0
496.97799384292864,2.0
497.1518703171353,3.0
497.1831430445657,4.0
497.1996452488465,5.0
497.311616958563,6.0
497.3675718498374,5.0
497.4243410040927,4.0
497.42834360773696,3.0
497.5085700149678,4.0
497.76126837792697,3.0
497.7842977005705,2.0
497.82589193286213,3.0
497.83278161441984,2.0
497.87228241958917,3.0
498.0066794113675,2.0
498.12609343555283,3.0
498.1632676009653,2.0
498.18587589462487,3.0
498.2036558803301,4.0
498.3467826810389,3.0
498.7469426191842,4.0
498.88587219614345,3.0
498.896839269599,2.0
498.92142813983014,1.0
499.090185345338,0.0
499.2000387653956,1.0
499.3680485936985,2.0
499.3868349057133,1.0
499.46242426611667,0.0
499.54746227671643,1.0
499.701749358117,2.0
499.737335031997,3.0
499.8114309849502,4.0
499.8411257998726,5.0
499.8438352957787,4.0
499.8708231490848,3.0
499.9206342055515,2.0
499.9314666585254,3.0
499.9738450577154,2.0
500.1437049104577,3.0
500.14770479159966,4.0
500.1750872036367,3.0
500.1873095074887,4.0
500.3580761194633,3.0
500.36665537024356,2.0
500.4058530165014,1.0
500.43449850682487,2.0
500.45098555969383,1.0
500.55578549994885,2.0
500.5953532810384,3.0
500.6811436793763,2.0
500.7456333466601,3.0
500.7540679014288,4.0
500.9003681903039,3.0
500.90466815214745,4.0
501.16070540297744,5.0
501.17640527276507,6.0
501.2301087862147,7.0
501.28896857504026,6.0
501.3123067201506,5.0
501.33545691155,6.0
501.37914485108735,7.0
501.4781290850729,6.0
501.4781290850729,7.0
501.49541300470435,6.0
501.59357056285836,7.0
501.6861089247941,6.0
501.79592503984986,7.0
501.8254821146132,6.0
501.85464514824935,7.0
501.8911545973644,6.0
501.916711850554,5.0
501.9284203452795,4.0
501.9397160670149,5.0
501.9421957969977,6.0
501.97473674551185,5.0
502.0813784803181,4.0
502.0846153019188,3.0
502.213524883455,2.0
502.29491320612203,3.0
502.3006738336336,4.0
502.30521409623356,3.0
502.63414254850215,2.0
502.7538763518427,3.0
502.88200496238744,2.0
502.90406829396477,1.0
502.9475058027579,0.0
502.9757177846166,1.0
503.03825810046266,2.0
503.32220310422815,3.0
503.33922165456397,2.0
503.36428821642386,3.0
503.42097480020794,4.0
503.45601375727364,5.0
503.4581794664029,4.0
503.68781043676745,3.0
503.96415217472367,2.0
504.0047156214883,3.0
504.146519784177,4.0
504.24109616282664,3.0
504.3349309871323,4.0
504.36217793140037,5.0
504.36497988340614,6.0
504.451611777557,7.0
504.4783172901593,6.0
504.5046202525506,5.0
504.67604727759544,6.0
504.76424231795494,7.0
504.8267365898042,8.0
504.8380652668131,7.0
504.8465907010894,6.0
504.9525635496887,7.0
505.0021702317005,6.0
505.15021497324204,5.0
505.16637675101805,6.0
505.17366399946377,7.0
505.1744883040497,6.0
505.2232150228053,5.0
505.2238143705577,4.0
505.2899699988702,5.0
505.29876142888844,4.0
505.3823458747504,3.0
505.45680950902323,2.0
505.4960441271237,3.0
505.58687852117623,2.0
505.5990469331304,3.0
505.7627003894347,4.0
505.7709306600983,5.0
505.95296656707455,6.0
505.9616220688386,5.0
505.9910707154339,4.0
506.00065273559454,5.0
506.06827407375283,6.0
506.16109369391967,5.0
506.16187836793875,4.0
506.1795498348338,5.0
506.18919422851457,4.0
506.29087493179503,5.0
506.5444994218396,4.0
506.5444994218396,5.0
506.6082208296897,4.0
506.6082208296897,5.0
506.6826137850787,4.0
506.6826137850787,5.0
506.7154994435073,4.0
506.7154994435073,5.0
506.7579803293819,4.0
506.7579803293819,5.0
506.784419334309,4.0
506.784419334309,5.0
506.8391949701982,4.0
507.0274531782249,5.0
507.0796363621431,4.0
507.29104472329465,3.0
507.3076123554887,4.0
507.32559977385404,3.0
507.3307543989373,2.0
507.41867268250627,1.0
507.4427878535964,2.0
507.55186157016254,1.0
507.59412113457034,2.0
507.6214063777053,3.0
507.728156143511,4.0
507.819539935656,3.0
507.8512738480849,2.0
507.87650454625384,3.0
507.9144983515357,4.0
508.13906222806105,3.0
508.13906222806105,4.0
508.4534885119345,3.0
508.4534885119345,4.0
508.66517740738965,3.0
508.66517740738965,4.0
508.71562389170464,3.0
508.71562389170464,4.0
508.71981986210153,3.0
508.71981986210153,4.0
509.2302451505138,3.0
509.35485993841485,2.0
509.35485993841485,3.0
509.4217191455438,2.0
509.4217191455438,3.0
509.494234376458,2.0
509.494234376458,3.0
509.53181529342766,2.0
509.53181529342766,3.0
509.6103722869983,4.0
509.76419589157405,3.0
509.76419589157405,4.0
509.7642257817484,3.0
509.7642257817484,4.0
510.26040035326895,3.0
510.26040035326895,4.0
510.281833162969,5.0
510.3999508952724,4.0
510.3999508952724,5.0
510.40803962039934,4.0
510.40803962039934,5.0
510.49490253257284,4.0
510.49490253257284,5.0
510.5286709298522,4.0
510.5286709298522,5.0
510.69071363083225,4.0
510.69071363083225,5.0
510.74725420144205,4.0
510.74725420144205,5.0
510.76511984964804,4.0
510.76511984964804,5.0
511.00638088572475,4.0
511.00638088572475,5.0
511.0304314954001,4.0
511.0304314954001,5.0
511.05323585886526,4.0
511.05323585886526,5.0
511.11198472403964,4.0
511.11198472403964,5.0
511.18468744994476,4.0
511.18468744994476,5.0
511.2340550844757,4.0
511.2340550844757,5.0
511.27072183182645,4.0
511.27072183182645,5.0
511.30771172056654,4.0
511.30771172056654,5.0
511.4047745902714,4.0
511.4047745902714,5.0
511.64621813239216,4.0
511.64621813239216,5.0
511.7961362654175,4.0
511.7961362654175,5.0
511.8133300496664,4.0
511.8133300496664,5.0
511.8386059868372,4.0
511.8386059868372,5.0
511.88562082739077,4.0
511.88562082739077,5.0
511.9496480292988,4.0
511.9496480292988,5.0
511.9764976228887,4.0
511.9764976228887,5.0
512.024088395325,4.0
512.024088395325,5.0
512.2574627808799,6.0
512.2714275612348,5.0
512.2714275612348,6.0
512.2729390827348,5.0
512.2729390827348,6.0
512.2788107473262,5.0
512.2788107473262,6.0
512.3544348655777,5.0
512.5770912817163,4.0
512.582937487376,3.0
512.6516534411074,4.0
512.6520626281305,5.0
512.6557811493045,4.0
512.7140053291995,3.0
512.7612181893413,2.0
512.7913253125016,3.0
512.8399176944756,4.0
512.8454640764537,3.0
512.8703235756616,4.0
512.9128747305058,5.0
513.0258621611705,4.0
513.1311482814662,5.0
513.1783221059626,6.0
513.5243207688139,5.0
513.6421615489602,4.0
513.8068369711174,5.0
513.8136725110645,6.0
513.9709124648743,7.0
513.9880938467177,8.0
514.1097670888686,7.0
514.1317745959205,6.0
514.1933710109604,5.0
514.2662329168967,6.0
514.2736052772746,5.0
514.2800406631167,4.0
514.3047678831905,3.0
514.3620454026736,4.0
514.3804173852631,3.0
514.4159492317051,4.0
514.4437513886733,3.0
514.4842530683426,4.0
514.5348281062611,3.0
514.7644077021165,2.0
514.7959837793373,1.0
515.0066962834755,2.0
515.0710298187698,3.0
515.1060357786706,2.0
515.1823720552197,3.0
515.1853069497045,4.0
515.2341193079315,3.0
515.3962679825555,4.0
515.4279849547911,5.0
515.5319389138049,4.0
515.5360862662426,5.0
515.5495406658937,6.0
515.5920117547184,5.0
515.6197490966488,4.0
515.653030419961,3.0
515.695582384582,2.0
515.7188994489907,1.0
515.9123835952845,2.0
515.9517170821439,1.0
516.0266378580417,2.0
516.0767965669819,3.0
516.122667696176,2.0
516.126666028503,3.0
516.1702959616136,4.0
516.2018505833793,5.0
516.2103423470298,4.0
516.2539065520859,5.0
516.2629575798205,4.0
516.3036366860024,5.0
516.3528170335375,4.0
516.3528170335375,5.0
516.3791207096702,4.0
516.4752300312487,5.0
516.5116190045245,4.0
516.530340623792,5.0
516.6860356056487,4.0
516.6860356056487,5.0
516.7488612956528,4.0
516.7488612956528,5.0
516.8178526751551,4.0
516.8178526751551,5.0
516.8196403577073,4.0
516.8196403577073,5.0
517.3159527761395,4.0
517.3159527761395,5.0
517.3262916983527,4.0
517.3262916983527,5.0
517.3747009685513,4.0
517.3747009685513,5.0
517.507040137661,4.0
517.507040137661,5.0
517.5691208026989,4.0
517.5691208026989,5.0
517.8166322865449,4.0
517.8166322865449,5.0
517.9320053424335,4.0
517.9320053424335,5.0
518.103263620571,4.0
518.103263620571,5.0
518.2412970273166,4.0
518.2412970273166,5.0
518.2933312850641,4.0
518.2933312850641,5.0
518.4343125541081,4.0
518.4343125541081,5.0
518.4733305142366,4.0
518.4733305142366,5.0
518.4928144637904,4.0
518.4928144637904,5.0
518.7693907647096,4.0
518.7693907647096,5.0
518.8155401520165,6.0
518.8234056412858,5.0
518.8234056412858,6.0
518.8810436841549,5.0
518.8810436841549,6.0
518.9399584465989,5.0
518.9399584465989,6.0
518.9600236875162,5.0
518.9600236875162,6.0
519.0009072607527,5.0
519.0009072607527,6.0
519.1621858504149,5.0
519.1621858504149,6.0
519.3862248387261,5.0
519.595970929348,4.0
519.595970929348,5.0
519.6116723942573,4.0
519.6116723942573,5.0
519.6548362637861,4.0
519.662239717655,3.0
519.662239717655,4.0
519.7253280937988,3.0
519.7253280937988,4.0
519.7678826626151,3.0
519.7678826626151,4.0
519.9779778811665,3.0
520.0299237452417,2.0
520.0299237452417,3.0
520.2703017446697,2.0
520.2703017446697,3.0
520.6505891997688,2.0
520.6505891997688,3.0
520.8113563458452,2.0
520.8113563458452,3.0
520.9508754280197,2.0
520.9508754280197,3.0
520.9765669786464,2.0
520.9765669786464,3.0
521.3565241818408,4.0
521.5577197612665,5.0
521.7258671803811,4.0
521.7258671803811,5.0
521.7686582390528,4.0
521.7686582390528,5.0
521.9302063676795,4.0
521.9302063676795,5.0
522.0001716969799,4.0
522.0001716969799,5.0
522.0820211826441,4.0
522.0820211826441,5.0
522.0984310583949,4.0
522.0984310583949,5.0
522.1261380718556,4.0
522.1261380718556,5.0
522.162991029895,4.0
522.162991029895,5.0
522.4953131805858,4.0
522.4953131805858,5.0
522.5821849541799,4.0
522.5821849541799,5.0
522.5990868095773,4.0
522.5990868095773,5.0
522.6931787118488,4.0
522.6931787118488,5.0
522.9554876371899,4.0
522.9554876371899,5.0
523.012260710268,4.0
523.012260710268,5.0
523.0172143801176,4.0
523.0172143801176,5.0
523.1644329707963,4.0
523.1644329707963,5.0
523.1843065437643,4.0
523.253964933853,3.0
523.4392880767917,2.0
523.7452139102893,3.0
523.7713697585491,2.0
523.7765673058083,3.0
523.8969711732713,2.0
524.0232255476184,3.0
524.1803212797507,4.0
524.1990216406641,5.0
524.202817637747,4.0
524.2440891289746,3.0
524.347069280453,4.0
524.5195615580302,5.0
524.5373057833518,4.0
524.8442523055625,3.0
524.91263118379,2.0
524.92086456951,1.0
525.0038733245352,2.0
525.0193835840782,1.0
525.0799112890625,2.0
525.0963871618321,3.0
525.1098674237564,4.0
525.1577566894935,5.0
525.1623768494246,4.0
525.272032335078,3.0
525.3806811943304,4.0
525.3918138538719,3.0
525.4103437248149,4.0
525.7060473120049,5.0
525.741391841389,4.0
525.7959855999251,5.0
525.8084732043562,6.0
525.8129115333763,5.0
525.814898890291,6.0
525.8792986685057,5.0
525.9131784804289,6.0
525.9336619285726,5.0
526.0205019088318,6.0
526.113840347939,5.0
526.1416578217861,4.0
526.1503852309029,3.0
526.1996131868004,2.0
526.3072600441186,1.0
526.6697535760211,0.0
526.8445777695706,1.0
527.0601676461787,0.0
527.1811964027619,1.0
527.3559934918175,0.0
527.4343796115651,1.0
527.5988439582649,2.0
527.6032666353808,3.0
527.6610015398728,4.0
527.715138309535,5.0
527.7991436079212,4.0
527.8140602004447,3.0
527.8201982149885,2.0
527.950203700455,1.0
528.0275214966638,2.0
528.039027718213,3.0
528.047475065203,4.0
528.058561302338,5.0
528.0639186073312,6.0
528.0840180776545,5.0
528.2223430423707,4.0
528.276223326087,3.0
528.2887234148739,4.0
528.2953771137506,3.0
528.2988547639212,4.0
528.3258702455881,3.0
528.3347395577659,4.0
528.3950844648054,3.0
528.522004798711,4.0
528.5692534652493,3.0
528.6336362996602,4.0
528.6765178970159,5.0
528.6844039081824,4.0
528.7038580343433,3.0
528.7465062380336,2.0
528.9584610706809,3.0
528.970628837221,4.0
529.1151664806109,5.0
529.1475900619656,4.0
529.2057315335553,3.0
529.2582343441135,2.0
529.336001544204,1.0
529.7726729316122,2.0
529.7828148958844,1.0
529.914631116463,0.0
529.9378253718867,1.0
529.9865524303708,2.0
530.0170924002119,3.0
530.1406648259607,4.0
530.2184359820288,5.0
530.223861636749,6.0
530.2247950853133,7.0
530.2268486155834,8.0
530.3070617512631,7.0
530.3070617512631,8.0
530.3087310654197,7.0
530.3087310654197,8.0
530.344644055725,7.0
530.344644055725,8.0
530.4021654299512,7.0
530.4021654299512,8.0
530.4928395026311,7.0
530.4928395026311,8.0
530.6536749521547,7.0
530.6536749521547,8.0
530.714305616118,7.0
530.7826651601923,6.0
530.8585572243579,5.0
530.9363524760971,6.0
530.9793379801249,5.0
531.0273976901188,4.0
531.124511181896,5.0
531.1614928181006,6.0
531.2898397839184,5.0
531.3276555274169,4.0
531.39581287947,5.0
531.6382984699427,4.0
531.6914874685243,5.0
531.7395033482069,6.0
531.7406496523118,5.0
531.8040927321831,4.0
531.8127318633988,3.0
532.0354229365697,4.0
532.054853974424,3.0
532.0930030889913,4.0
532.1225929425975,5.0
532.3256180711958,4.0
532.3670148423258,3.0
532.3906409034558,2.0
532.4643496008374,1.0
532.5111756370288,2.0
532.5477729945219,3.0
532.5555898508597,4.0
532.5659326878992,3.0
532.59209352453,2.0
532.6319835019073,1.0
532.913136176788,2.0
533.0806029118106,3.0
533.2379149244895,2.0
533.2759574305555,1.0
533.2933050970086,2.0
533.4160512354506,1.0
533.4800947033309,2.0
533.7313020416117,1.0
533.7446473874907,0.0
533.7992238219462,1.0
533.85273284827,2.0
533.8825888335467,3.0
533.9347340003801,4.0
533.93608743704,3.0
534.0893435221928,4.0
534.450855664806,3.0
534.4529203539831,4.0
534.5487274021386,5.0
534.5849897800712,4.0
534.6028222383729,5.0
534.6605216311435,4.0
534.7575622399288,5.0
534.8113815912365,4.0
534.8931630823101,3.0
534.9627579202861,2.0
535.0084916114745,3.0
535.0499549358206,4.0
535.245271676985,5.0
535.3322400575158,6.0
535.4129584830775,5.0
535.4129584830775,6.0
535.4541373942967,5.0
535.4583359743064,4.0
535.5007423975679,5.0
535.5564736222492,4.0
535.5918027572868,5.0
535.5976416940928,6.0
535.678854837181,5.0
535.6949204002344,6.0
535.7734561330851,5.0
535.7734561330851,6.0
535.8276673686435,5.0
535.8276673686435,6.0
535.8356093020126,5.0
535.8356093020126,6.0
535.8434779310885,5.0
535.8698698617446,4.0
535.9264709934566,3.0
535.9575065612644,4.0
536.0623993645587,3.0
536.0810876160572,4.0
536.0893649110237,3.0
536.1114325946851,2.0
536.1992430340009,3.0
536.2231616058008,2.0
536.2246163159399,3.0
536.2365377146134,4.0
536.238393385985,5.0
536.270234781126,4.0
536.270234781126,5.0
536.3906499853613,4.0
536.3906499853613,5.0
536.4618867733059,4.0
536.4618867733059,5.0
536.6530669320716,4.0
536.6530669320716,5.0
536.7400697580377,4.0
536.7400697580377,5.0
536.746207673177,4.0
536.746207673177,5.0
536.8488709973605,4.0
536.8488709973605,5.0
536.8883307440675,4.0
536.8883307440675,5.0
536.904048558508,4.0
536.904048558508,5.0
537.059337949516,4.0
537.059337949516,5.0
537.2521585676052,4.0
537.2521585676052,5.0
537.2998555174506,4.0
537.2998555174506,5.0
537.3644136667244,4.0
537.3644136667244,5.0
537.3852528463142,4.0
537.4144910248285,5.0
537.4195523638334,4.0
537.4320756596763,5.0
537.524922218519,6.0
537.5945747709011,5.0
537.5945747709011,6.0
537.6962077083036,5.0
537.7050282660555,6.0
537.7668824744035,5.0
537.7668824744035,6.0
537.9577234088712,5.0
537.9577234088712,6.0
537.9610264102921,5.0
537.9610264102921,6.0
537.9795011713767,5.0
537.9795011713767,6.0
538.0140153322458,5.0
538.0658211611423,4.0
538.0780214896516,5.0
538.2523387434306,4.0
538.3395739549253,5.0
538.3811358004851,4.0
538.3854216876325,3.0
538.4948695437342,4.0
538.5009263650103,3.0
538.5799516621602,4.0
538.5955410811441,3.0
538.6262361779931,2.0
538.7491992495592,3.0
538.8662832954981,2.0
539.3796650366287,3.0
539.3930933389718,4.0
539.4400445067924,5.0
539.5868506821566,6.0
539.5954345220226,5.0
539.6761696748108,6.0
539.724142042311,5.0
539.7441874195227,6.0
539.8205351906073,7.0
539.8413821937454,6.0
539.8769596152243,5.0
539.9079468851603,6.0
540.0784363640588,5.0
540.1019121503886,4.0
540.1026556382149,5.0
540.2628582299617,4.0
540.3002945404068,5.0
540.3471316773075,4.0
540.3674959320196,5.0
540.375821189394,6.0
540.3964151034344,7.0
540.4696344418874,6.0
540.4859322719052,7.0
540.5245778740817,8.0
540.5890371885233,7.0
540.5890371885233,8.0
540.6611218699569,7.0
540.6611218699569,8.0
540.7305630719051,7.0
540.74151471736,6.0
540.8254916686816,5.0
540.8342670526673,6.0
540.865239899523,7.0
540.9499446583003,6.0
540.9870309368454,5.0
541.0177482887542,4.0
541.0236455306347,3.0
541.1535765046275,4.0
541.2517526338092,5.0
541.2614342371412,4.0
541.2649186224419,3.0
541.2907706076204,4.0
541.3193698175197,5.0
541.4171784079304,4.0
541.4794612907033,3.0
541.541238204156,4.0
541.6999370316588,5.0
541.7296126140417,6.0
541.7361813610905,5.0
541.925621041562,6.0
542.0590796470558,7.0
542.1074094223517,8.0
542.1699928055908,7.0
542.1699928055908,8.0
542.1728172078589,7.0
542.1823896853107,6.0
542.1909364589957,5.0
542.2132011323873,4.0
542.2142277248188,5.0
542.2514768509221,4.0
542.2534674487022,3.0
542.3657453860827,4.0
542.5308437985256,5.0
542.6220141978065,4.0
542.644821599343,3.0
542.7500497770741,2.0
542.8434493769385,3.0
542.89305557176,2.0
543.0289942361576,3.0
543.0600224073598,2.0
543.1038513422549,3.0
543.1627991321255,2.0
543.1739908636409,1.0
543.3442045891602,2.0
543.4162091034591,3.0
543.5928649575403,2.0
543.5954442438109,3.0
543.6341930215506,2.0
543.6824123839342,1.0
543.7004860956704,2.0
543.767875879162,3.0
543.7774069034576,4.0
543.7789265048663,5.0
543.8848606921988,6.0
543.8905297237534,7.0
543.9492597951481,6.0
543.9492597951481,7.0
543.9887176571777,6.0
543.9887176571777,7.0
544.00687849783,6.0
544.0218016884554,7.0
544.1404673682455,6.0
544.1406268888301,5.0
544.1622285192656,6.0
544.3495223089268,7.0
544.353815738851,6.0
544.3752263833729,5.0
544.4311215613127,4.0
544.4818541534677,3.0
544.5876028656063,4.0
544.6913349310976,5.0
544.9239005613297,4.0
545.0234342675004,5.0
545.2118944995265,6.0
545.2222165768455,7.0
545.2836937491696,6.0
545.2836937491696,7.0
545.2911288067456,6.0
545.3542015362731,7.0
545.375992669559,6.0
545.4053089822263,7.0
545.4894457604584,6.0
545.5390282372061,7.0
545.8427923466522,6.0
545.8427923466522,7.0
545.954436734966,6.0
545.954436734966,7.0
546.0691942167449,6.0
546.0691942167449,7.0
546.2443963352674,6.0
546.2443963352674,7.0
546.2462778227689,6.0
546.2462778227689,7.0
546.5049275008986,6.0
546.5049275008986,7.0
546.5708024448004,6.0
546.5708024448004,7.0
546.6116193536586,6.0
546.6116193536586,7.0
546.8866094886305,6.0
546.8866094886305,7.0
547.0109917309142,6.0
547.0109917309142,7.0
547.0131919061939,6.0
547.0131919061939,7.0
547.1434536217128,6.0
547.1434536217128,7.0
547.1806416301,6.0
547.1806416301,7.0
547.2097018225809,6.0
547.3866447577208,7.0
547.6566219598651,6.0
547.6566219598651,7.0
547.6709759529433,6.0
547.6709759529433,7.0
547.6728048888616,6.0
547.6728048888616,7.0
547.6897670193455,8.0
547.8207741319114,7.0
547.8374148521766,8.0
547.8463332426379,7.0
548.0302261988147,6.0
548.2113809486141,5.0
548.2254257770461,4.0
548.2549104070503,3.0
548.2711691484453,4.0
548.3122479367564,3.0
548.4923787432489,2.0
548.497882820689,3.0
548.584024975208,4.0
548.7234901391881,5.0
548.7674164897577,4.0
548.8709003573972,5.0
548.8915478385188,4.0
548.9157220184647,3.0
548.9548680323679,2.0
548.9632698382574,3.0
549.0078949954557,4.0
549.0206631898634,5.0
549.0433752157543,6.0
549.1137817739868,7.0
549.2448647089448,8.0
549.3512825843194,7.0
549.3512825843194,8.0
549.4336385822809,7.0
549.4336385822809,8.0
549.4762349030614,7.0
549.4762349030614,8.0
549.5376813660611,7.0
549.5376813660611,8.0
549.6460154679754,7.0
549.6460154679754,8.0
549.6597134684705,7.0
549.6597134684705,8.0
549.7136021117287,7.0
549.718229221169,8.0
549.7309660343834,7.0
549.7524183649493,8.0
549.7850550841104,7.0
549.8277422352498,6.0
549.8608494737565,5.0
550.0289188438538,4.0
550.067875167164,5.0
550.1057201666013,4.0
550.8536090977748,5.0
550.8998345491723,6.0
551.0075539858854,5.0
551.0187797248326,4.0
551.0561014684308,5.0
551.1848361011791,6.0
551.1877473093951,5.0
551.1989036981861,4.0
551.2792463005371,5.0
551.2860741691667,6.0
551.4423171214441,7.0
551.5082670952661,6.0
551.5390833224668,5.0
551.6176315720027,6.0
551.6861212598238,7.0
551.7048500870161,6.0
551.8110430581767,5.0
551.8377978598031,4.0
551.9833894455452,5.0
552.1010673483343,6.0
552.2516332373024,7.0
552.3163626920922,8.0
552.3467433482431,7.0
552.440282470404,6.0
552.4465516839186,7.0
552.4847148945757,6.0
552.6139433308646,5.0
552.7242164018013,6.0
552.7533149627454,7.0
552.7707355682279,6.0
552.7793662475531,5.0
553.0391708066091,4.0
553.0453038594898,5.0
553.0551400883456,6.0
553.090472548059,7.0
553.1629402327145,6.0
553.199966355987,5.0
553.2361515941122,4.0
553.2409483500471,3.0
553.2547896790699,4.0
553.4531115550076,5.0
553.4713923254193,4.0
553.5413268912481,5.0
553.5943874618662,4.0
553.7040770004278,3.0
553.7086759202876,4.0
553.8738552786014,3.0
553.9203627342065,2.0
554.0698236722039,3.0
554.150148032897,4.0
554.2116015462581,3.0
554.3853353716698,2.0
554.4226809542879,1.0
554.6845122650996,2.0
554.7680774461447,1.0
554.7696745618167,2.0
554.9044308049037,3.0
555.0317713723035,4.0
555.0822603887705,5.0
555.1335961210904,6.0
555.2296710886391,5.0
555.2309319227135,6.0
555.3960303636795,5.0
555.5373019938768,4.0
555.5741222345661,5.0
555.6275659666142,6.0
555.7584986060921,5.0
555.7584986060921,6.0
555.9521483642872,5.0
555.9521483642872,6.0
556.0258149596407,5.0
556.0258149596407,6.0
556.0800528732693,5.0
556.0800528732693,6.0
556.3402154524069,5.0
556.3402154524069,6.0
556.4315507589142,5.0
556.4315507589142,6.0
556.5951227923883,7.0
556.6119687212127,6.0
556.6119687212127,7.0
556.7310555607559,6.0
556.7310555607559,7.0
556.7995865188997,6.0
556.7995865188997,7.0
556.809873322799,6.0
556.809873322799,7.0
556.9130698510343,6.0
556.9130698510343,7.0
557.1361282721407,6.0
557.1361282721407,7.0
557.1457996555071,6.0
557.2774431850887,5.0
557.3070811131862,4.0
557.3070811131862,5.0
557.3524226290325,4.0
557.3524226290325,5.0
557.360424312643,4.0
557.494254808784,3.0
557.7145888549211,2.0
557.7145977285851,3.0
557.7481769573408,2.0
557.7857448214855,3.0
558.0423878761188,4.0
558.0565616613528,3.0
558.0896037151083,2.0
558.1210711915519,3.0
558.201378011704,2.0
558.2505031286261,3.0
558.4218067137481,2.0
558.5326927142154,1.0
558.5764273942223,2.0
558.6869858476379,1.0
558.9348404377532,2.0
558.9416527213904,1.0
558.9624832867678,2.0
558.9667120902045,3.0
559.0085659570163,2.0
559.0732769719192,1.0
559.1533094670845,2.0
559.1799986407965,3.0
559.2419686328378,4.0
559.2914030657784,5.0
559.3219841267443,4.0
559.3477728714557,5.0
559.4053539242,4.0
559.5515689621643,5.0
559.6474142653332,4.0
559.8185244750275,3.0
559.9304997293018,2.0
559.9332171735582,3.0
559.9955698382615,4.0
560.0233382050727,5.0
560.1070353908281,4.0
560.1146840389325,5.0
560.1187701913947,4.0
560.170730377685,3.0
560.1770886729136,4.0
560.2195356302689,3.0
560.2679527036374,2.0
560.3196842371734,1.0
560.3197409250635,2.0
560.3930599265065,1.0
560.4902523514719,2.0
560.6177459266331,3.0
560.637078121639,2.0
560.732977072601,3.0
560.7511575724793,4.0
560.8950035732333,5.0
561.0022261519856,4.0
561.0022261519856,5.0
561.0542702105787,4.0
561.0702610650574,3.0
561.1981899783055,4.0
561.199407869557,5.0
561.2225498541233,4.0
561.2464583237916,3.0
561.2656607656986,4.0
561.3909824764905,5.0
561.4663505229239,4.0
561.4663505229239,5.0
561.59235695356,4.0
561.6126787212485,5.0
561.69014905728,4.0
561.69014905728,5.0
561.6944749665046,4.0
561.7914109061,3.0
561.880857684556,2.0
561.9116940288934,3.0
561.9311028175183,2.0
561.9375043116461,3.0
561.9540402925909,2.0
562.0126510442817,3.0
562.0340352780776,4.0
562.2300265640907,5.0
562.3339668700422,6.0
562.3916595532429,5.0
562.3916595532429,6.0
562.3996800080274,5.0
562.6600086676766,6.0
562.6628146757381,7.0
562.706062749464,6.0
562.706062749464,7.0
562.7458617988657,6.0
562.7458617988657,7.0
562.7823795460358,6.0
562.8280161711831,7.0
562.9235538746236,6.0
562.9235538746236,7.0
562.9743262935783,6.0
563.0300223261652,7.0
563.0851466166718,6.0
563.0874521715641,7.0
563.1253671559423,6.0
563.1385128386518,7.0
563.1657024453672,6.0
563.1870100189319,5.0
563.2281526255146,4.0
563.2879983399383,3.0
563.3115047900832,4.0
563.3136766765251,3.0
563.3560461542321,4.0
563.4336174693656,3.0
563.4954509677343,2.0
563.5824962326002,1.0
563.8817252974305,0.0
563.9942191087486,1.0
564.0996879620818,0.0
564.1030800100477,1.0
564.1102181527361,0.0
564.4512781423609,1.0
564.5618024997074,2.0
564.6122522370985,3.0
564.6343009207768,2.0
564.7460852342854,3.0
564.7738849282742,2.0
564.8108849136516,3.0
564.812898653058,4.0
564.9964118231853,5.0
565.1049086431011,6.0
565.1115554599523,5.0
565.2063791051665,6.0
565.2116804311287,7.0
565.4548387996392,6.0
565.4548387996392,7.0
565.5256129435652,6.0
565.5256129435652,7.0
565.5359520242848,6.0
565.5359520242848,7.0
565.6162669500164,6.0
565.6162669500164,7.0
565.7112221569128,6.0
565.7112221569128,7.0
565.740595127102,6.0
565.740595127102,7.0
565.8209963478816,6.0
565.8209963478816,7.0
565.8503745215783,6.0
565.8503745215783,7.0
565.8684844196279,6.0
565.8684844196279,7.0
565.8921688207535,6.0
566.1748451451589,5.0
566.1748451451589,6.0
566.2056762359015,5.0
566.2056762359015,6.0
566.465211078063,5.0
566.465211078063,6.0
566.513104225619,5.0
566.513104225619,6.0
566.5625346086728,5.0
566.5625346086728,6.0
566.60444167005,5.0
566.60444167005,6.0
566.7203953726697,5.0
566.7203953726697,6.0
566.9069451952056,5.0
566.9069451952056,6.0
567.0108733451164,5.0
567.0108733451164,6.0
567.1777310502957,5.0
567.1777310502957,6.0
567.189916178631,5.0
567.189916178631,6.0
567.1965442014554,5.0
567.1965442014554,6.0
567.2067307652759,5.0
567.2067307652759,6.0
567.2067611796393,5.0
567.2067611796393,6.0
567.2579250186369,5.0
567.2579250186369,6.0
567.4289225931386,5.0
567.4289225931386,6.0
567.4315595498281,5.0
567.4315595498281,6.0
567.8155986752712,5.0
567.8155986752712,6.0
567.8926720966339,5.0
567.8926720966339,6.0
567.9362450580609,5.0
567.9362450580609,6.0
568.0197747404792,5.0
568.0197747404792,6.0
568.1027104754723,5.0
568.1027104754723,6.0
568.1369984498393,5.0
568.1369984498393,6.0
568.139192615833,5.0
568.2097000893588,4.0
568.262392357578,5.0
568.2961593647068,4.0
568.2996133001424,5.0
568.3602318473826,4.0
568.3983314532879,5.0
568.4222616392385,6.0
568.5559979892327,5.0
568.6674295715288,4.0
568.682280115422,5.0
568.8355927656988,4.0
568.9207304097981,5.0
568.9892724584853,4.0
569.0623353314771,3.0
569.1005000652334,2.0
569.2591468210186,1.0
569.3150195488817,2.0
569.4008856476712,3.0
569.416260434108,4.0
569.5099944041433,3.0
569.6752258620965,4.0
569.6787686998276,3.0
569.6846403452721,4.0
569.7470622657462,5.0
569.7546076124769,6.0
569.8899070432992,5.0
569.8899070432992,6.0
569.9826765238466,7.0
570.0114606255056,6.0
570.0751622367521,7.0
570.1472700393206,6.0
570.1701533822005,7.0
570.2370829973812,6.0
570.2370829973812,7.0
570.3360570200259,6.0
570.3940750588229,5.0
570.4228954376496,4.0
570.4389922959282,3.0
570.5015226906773,2.0
570.5033476664466,3.0
570.5413502621376,4.0
570.670883790734,5.0
570.703140435584,4.0
570.8038541103306,3.0
570.8339490806529,2.0
570.8619104982472,3.0
570.8903269472462,4.0
570.8947838207641,3.0
571.1217674639976,2.0
571.2041637479214,3.0
571.2273916246872,4.0
571.4322238943729,3.0
571.4322238943729,4.0
571.4858194285999,3.0
571.6783342577992,4.0
571.9650535074775,3.0
571.9650535074775,4.0
572.2918698698792,3.0
572.2918698698792,4.0
572.338562639191,3.0
572.338562639191,4.0
572.4580425600742,3.0
572.4580425600742,4.0
572.5920490478159,3.0
572.5920490478159,4.0
572.789560328288,3.0
572.789560328288,4.0
572.8280031397097,3.0
572.8280031397097,4.0
572.8433930344944,3.0
572.8433930344944,4.0
572.9075972591496,3.0
572.9075972591496,4.0
572.9380169865376,3.0
572.9380169865376,4.0
573.3765827849423,3.0
573.3765827849423,4.0
573.495397795952,3.0
573.495397795952,4.0
573.6863956951199,3.0
573.6863956951199,4.0
573.8881131745551,3.0
573.8881131745551,4.0
573.9155387343673,3.0
573.9155387343673,4.0
574.219521207518,3.0
574.219521207518,4.0
574.4609364162252,3.0
574.4609364162252,4.0
574.4680176084314,3.0
574.4680176084314,4.0
574.5171057355838,5.0
574.5231828127094,4.0
574.5231828127094,5.0
574.5239322978213,4.0
574.5239322978213,5.0
574.5969074332554,4.0
574.5969074332554,5.0
574.8940615989598,4.0
574.8940615989598,5.0
574.8964660254289,4.0
574.8964660254289,5.0
575.0049433156088,6.0
575.3649903064859,5.0
575.3649903064859,6.0
575.3920904067061,5.0
575.3920904067061,6.0
575.4369581538474,5.0
575.4369581538474,6.0
575.4939171728868,5.0
575.4939171728868,6.0
575.5179743457892,5.0
575.5179743457892,6.0
575.5880938980497,5.0
575.5880938980497,6.0
575.9742942879094,5.0
575.9742942879094,6.0
576.0645201088503,7.0
576.1537276483418,6.0
576.1537276483418,7.0
576.2378234526694,6.0
576.2378234526694,7.0
576.2926174456029,6.0
576.2926174456029,7.0
576.3337006366155,6.0
576.3337006366155,7.0
576.3365430246421,6.0
576.3365430246421,7.0
576.345839208493,6.0
576.345839208493,7.0
576.4253784389188,6.0
576.4253784389188,7.0
576.6385992059418,6.0
576.6385992059418,7.0
576.7128688844201,6.0
576.7128688844201,7.0
576.713930551551,6.0
576.943245149562,5.0
576.943245149562,6.0
577.0062510166676,5.0
577.0062510166676,6.0
577.0196054077819,5.0
577.0196054077819,6.0
577.0302742522208,5.0
577.0904707115933,6.0
577.2886677633644,5.0
577.3323883315893,6.0
577.3579495822377,5.0
577.3579495822377,6.0
577.4589489215354,5.0
577.4589489215354,6.0
577.4818699538307,7.0
577.6479796371717,6.0
577.6479796371717,7.0
577.6487260544658,6.0
577.656273413416,5.0
577.9667699986497,6.0
578.0320169166472,7.0
578.0474232167122,6.0
578.2345161801577,5.0
578.2377156186324,4.0
578.3249720260263,5.0
578.3664717734051,4.0
578.4108101503778,5.0
578.4290825884717,4.0
578.4307394568452,5.0
578.4373998872533,4.0
578.5035855115761,5.0
578.5216055440736,4.0
578.5400854911476,5.0
578.6207405037867,4.0
578.6610370743948,5.0
578.7026050511132,4.0
578.7027155372175,3.0
578.7067393608532,4.0
578.7084333094837,3.0
578.7245844736395,4.0
578.7325705061427,5.0
578.7506017671757,6.0
578.8686683951868,5.0
578.8686683951868,6.0
578.9322627851634,5.0
579.2415882723742,6.0
579.3111604912835,5.0
579.3713345446812,4.0
579.4434593162684,5.0
579.4526412407351,6.0
579.4671186883953,5.0
579.481251248523,4.0
579.5074059648176,3.0
579.5085740032475,2.0
579.5349007639886,3.0
579.8177212211499,4.0
579.8201273908061,3.0
579.9243407070463,4.0
580.036489387719,5.0
580.1094826272573,4.0
580.1604446555826,3.0
580.173088243369,4.0
580.2152909813907,3.0
580.4515857330075,2.0
580.5736354703839,1.0
580.7845079633227,2.0
580.8215867597777,1.0
580.8256858808021,2.0
581.2479063705106,3.0
581.2669794510102,4.0
581.2972104949475,5.0
581.3314382367554,4.0
581.4134579239359,3.0
581.4223318716495,4.0
581.4663609424479,3.0
581.5416694250032,2.0
581.5600975343432,1.0
581.6362468078779,2.0
581.733325946883,1.0
581.8450026796606,2.0
581.9050399259389,3.0
581.9767999074566,4.0
582.0116952950061,5.0
582.0175386046515,4.0
582.0616174900262,5.0
582.0788635187882,6.0
582.0901685085583,5.0
582.1024207574825,6.0
582.2298672547926,5.0
582.2298672547926,6.0
582.3168180280414,5.0
582.3168180280414,6.0
582.3867360354188,5.0
582.3867360354188,6.0
582.3930939787685,5.0
582.3930939787685,6.0
582.5350436559784,5.0
582.5350436559784,6.0
582.610475160823,5.0
582.610475160823,6.0
582.6565209164881,5.0
582.6605155143047,4.0
582.7085383040522,3.0
582.9106749988289,2.0
582.9393598486757,3.0
582.9408117977871,4.0
582.9663013962979,5.0
582.970396367188,6.0
583.0597353046753,5.0
583.0597353046753,6.0
583.2551537324631,5.0
583.3208571959977,6.0
583.3705537249016,7.0
583.4259284728006,6.0
583.4834091759436,5.0
583.4892716390818,4.0
583.4980483361186,5.0
583.5658303467276,6.0
583.6015404029697,7.0
583.6050396600632,6.0
583.6821025135446,5.0
583.8028091986276,6.0
583.9024908266373,7.0
584.1510001315601,8.0
584.1892047318584,7.0
584.2180806072831,8.0
584.3076692056574,7.0
584.3076692056574,8.0
584.310894771362,7.0
584.3232242103262,6.0
584.345655469463,5.0
584.3536561144872,4.0
584.3640599583343,5.0
584.4325361863267,6.0
584.4379922645822,5.0
584.555167477891,4.0
584.6419306255445,3.0
584.6740583252126,4.0
584.7084603009025,3.0
584.7316451018638,4.0
584.7706911105563,5.0
584.8069821426926,6.0
585.0049026708533,5.0
585.0049026708533,6.0
585.0306802217887,5.0
585.0565410065534,4.0
585.1908633230277,5.0
585.204165697085,6.0
585.3206390118836,5.0
585.3206390118836,6.0
585.399317453828,5.0
585.399317453828,6.0
585.4858664027553,5.0
585.5228876448335,6.0
585.5656138496873,5.0
585.5656138496873,6.0
585.6405983403032,5.0
585.733465468421,4.0
585.8333768177843,5.0
585.8978583024541,6.0
585.908816115919,5.0
586.0013989376764,6.0
586.0384225530563,5.0
586.0938189366642,4.0
586.1605438007197,5.0
586.2085412242694,6.0
586.2248323683592,5.0
586.2478491060244,4.0
586.2508012642634,5.0
586.2525299902456,6.0
586.2707083728877,5.0
586.2709493154287,4.0
586.3019669584963,5.0
586.3145552463948,6.0
586.3215084353084,5.0
586.3867769466797,4.0
586.5765381834753,5.0
586.5845689934982,4.0
586.5850710345634,3.0
586.6180032935085,4.0
586.7084428668473,5.0
586.7147151817087,6.0
586.7319329093643,5.0
586.7463017851517,4.0
586.7970563255138,5.0
587.1979464421646,4.0
587.4490853998943,3.0
587.4988523286387,2.0
587.6374368587263,1.0
587.6654665839876,2.0
587.8738612605845,3.0
587.9677762815295,2.0
588.0529280204859,3.0
588.0568480844892,4.0
588.0629344009703,5.0
588.1107260311635,6.0
588.244069095487,5.0
588.26766277994,6.0
588.2921313609729,5.0
588.3366939231967,4.0
588.4083381265527,5.0
588.4242166776401,6.0
588.4366845633011,5.0
588.477511746908,4.0
588.685041759449,3.0
588.7054323642802,4.0
588.8293579812345,5.0
588.9313049917586,4.0
588.9493467832189,3.0
588.9684611687534,4.0
588.9857359558325,5.0
588.9933291517543,4.0
589.0286672052763,3.0
589.3797497026328,4.0
589.5831137148875,5.0
589.705019257096,4.0
589.8410590177078,3.0
589.8674715229356,2.0
589.9076426268763,3.0
589.9401788496106,2.0
590.28208559183,3.0
590.3958583830214,4.0
590.4040745911386,3.0
590.4683112913784,2.0
590.48895699791,3.0
590.6410554516747,2.0
590.6592618916326,1.0
590.6855888128227,0.0
590.7054794295587,1.0
590.7775007983366,2.0
590.81042688724,3.0
590.8511545507226,4.0
590.8776343312659,5.0
590.9636277875675,4.0
591.0399547988756,5.0
591.0583086777788,6.0
591.1091351519699,7.0
591.3320987385756,6.0
591.3320987385756,7.0
591.3407816172256,6.0
591.3407816172256,7.0
591.3551148885526,6.0
591.3551148885526,7.0
591.4243894110161,6.0
591.4243894110161,7.0
591.5679008730851,6.0
591.5679008730851,7.0
591.6252603603838,6.0
591.6252603603838,7.0
591.6595656293094,6.0
591.6595656293094,7.0
591.7679461574198,6.0
591.7679461574198,7.0
591.7813345613282,6.0
591.9386342361504,7.0
592.0093659537068,6.0
592.0208244149103,5.0
592.0917807310701,4.0
592.1809645162273,5.0
592.2931969138798,4.0
592.2990662457571,5.0
592.3755312446865,4.0
592.4750485989236,3.0
592.482428023697,4.0
592.518013998885,5.0
592.662985392281,6.0
592.7011556444229,5.0
592.7062278241766,6.0
592.7889355543116,7.0
592.796538124369,6.0
592.8401265104869,5.0
592.8633837319106,4.0
592.9051173809615,3.0
592.9090859610004,2.0
592.9177524271079,3.0
593.0975326062336,2.0
593.2108836279035,1.0
593.3012868456292,2.0
593.3013352772579,1.0
593.3643809199147,2.0
593.3731063590693,3.0
593.5689835135727,2.0
593.5940363198611,3.0
593.6456770270162,4.0
593.6856363592191,3.0
593.9438380169831,4.0
593.9957670896953,3.0
594.0701253053611,4.0
594.1210625963201,3.0
594.1636121420562,4.0
594.1762570232153,5.0
594.2218478759632,4.0
594.2254217638664,5.0
594.2866789096502,4.0
594.5431319563546,3.0
594.5657265902048,2.0
594.6056830464132,1.0
594.6592404104993,2.0
594.6985502749266,3.0
594.7062358069287,2.0
594.784909130542,1.0
594.806628029609,2.0
594.8301100386279,3.0
594.8804036687657,4.0
594.9456169658267,5.0
595.0299542894787,6.0
595.1868721257812,5.0
595.1868721257812,6.0
595.2725514462178,5.0
595.3938645309673,4.0
595.4067407963338,3.0
595.4133445693473,2.0
595.5537013762437,3.0
595.5729796665418,2.0
595.6006417525726,1.0
595.8130939846947,2.0
595.8612079124897,3.0
595.8724360819792,2.0
595.8906277631987,3.0
596.0148207811071,2.0
596.108419841473,3.0
596.1186313651275,2.0
596.1296670503638,3.0
596.1443285751776,2.0
596.2254945219805,3.0
596.2463128113884,4.0
596.2489262449056,3.0
596.3158140935876,2.0
596.3498931275867,3.0
596.3896864371762,4.0
596.4800490539567,5.0
596.6292507720855,4.0
596.6292507720855,5.0
596.9452582157251,4.0
596.9452582157251,5.0
597.2849280748943,4.0
597.2849280748943,5.0
597.4415102488434,4.0
597.4415102488434,5.0
597.4713411587502,4.0
597.4713411587502,5.0
597.6447972232465,4.0
597.6447972232465,5.0
597.6502134375862,4.0
597.6502134375862,5.0
597.6888518910969,4.0
597.6888518910969,5.0
597.857636673079,4.0
597.857636673079,5.0
597.9232561024993,4.0
597.9232561024993,5.0
597.9370344871872,4.0
597.9370344871872,5.0
598.0843300257101,4.0
598.0843300257101,5.0
598.2076121016931,6.0
598.249714271961,5.0
598.249714271961,6.0
598.2592979998875,5.0
598.2592979998875,6.0
598.2607454881216,5.0
598.2607454881216,6.0
598.3839920887025,5.0
598.3839920887025,6.0
598.5206385404738,5.0
598.5206385404738,6.0
598.53723878169,5.0
598.53723878169,6.0
598.5460053347455,5.0
598.5460053347455,6.0
598.6536955638092,5.0
598.6536955638092,6.0
598.6560675321592,5.0
598.6560675321592,6.0
598.9836143123958,5.0
598.9836143123958,6.0
598.9945911969222,5.0
598.9945911969222,6.0
599.1850759477317,5.0
599.1850759477317,6.0
599.2157216120357,5.0
599.2157216120357,6.0
599.2675835187205,5.0
599.2675835187205,6.0
599.5957313527581,5.0
599.5957313527581,6.0
599.7231005797656,5.0
599.7231005797656,6.0
599.8127053221419,5.0
599.8127053221419,6.0
599.8838150390393,5.0
599.8838150390393,6.0
599.8948027897549,5.0
599.8948027897549,6.0
599.9612196801723,7.0
600.327040930676,6.0
600.327040930676,7.0
600.3388673667528,6.0
600.3388673667528,7.0
600.473401451445,6.0
600.473401451445,7.0
600.6418317815995,8.0
600.6755263500875,7.0
600.6755263500875,8.0
600.8584951427462,7.0
600.8584951427462,8.0
600.9237868675965,7.0
600.9237868675965,8.0
600.9257668647379,7.0
600.9257668647379,8.0
601.0248234498961,7.0
601.0248234498961,8.0
601.1481562398372,7.0
601.1481562398372,8.0
601.200288052991,7.0
601.200288052991,8.0
601.2666859800568,7.0
601.2666859800568,8.0
601.3560474314565,7.0
601.3560474314565,8.0
601.3901449826909,7.0
601.3901449826909,8.0
601.4283274395736,7.0
601.4283274395736,8.0
601.4527895839875,7.0
601.4527895839875,8.0
601.4728505320479,7.0
601.4728505320479,8.0
601.5186512870622,7.0
601.5186512870622,8.0
601.6908877999292,7.0
601.6908877999292,8.0
601.6962291427352,7.0
601.6962291427352,8.0
601.7217150750155,7.0
601.8445767560275,6.0
601.8445767560275,7.0
601.8513431047566,6.0
601.8513431047566,7.0
601.933263238895,6.0
601.933263238895,7.0
602.0212716901462,6.0
602.1976269523674,5.0
602.1976269523674,6.0
602.2548764835443,5.0
602.3603850112222,4.0
602.3603850112222,5.0
602.9420228635933,4.0
602.9420228635933,5.0
603.2231905471706,4.0
603.2231905471706,5.0
603.2754425765221,4.0
603.2754425765221,5.0
603.3602224508861,4.0
603.3602224508861,5.0
603.4610547429367,4.0
603.4610547429367,5.0
603.4960231023556,4.0
603.5385913337376,3.0
603.5385913337376,4.0
603.5940388906679,3.0
603.5940388906679,4.0
603.7816706577088,3.0
603.7816706577088,4.0
603.8354646937529,3.0
603.8354646937529,4.0
604.0063557012287,3.0
604.0063557012287,4.0
604.156973574033,3.0
604.156973574033,4.0
604.2380693889313,3.0
604.2799424274602,2.0
604.2799424274602,3.0
604.348175870912,2.0
604.3580556709022,3.0
604.6496032733244,2.0
604.6496032733244,3.0
604.8341234442861,2.0
604.8341234442861,3.0
604.8581905417926,2.0
604.8581905417926,3.0
605.038652068184,2.0
605.038652068184,3.0
605.0521018639439,2.0
605.0521018639439,3.0
605.1927895041196,2.0
605.1927895041196,3.0
605.4140731769999,2.0
605.4140731769999,3.0
605.4693262539487,2.0
605.4693262539487,3.0
605.5114519599108,2.0
605.5114519599108,3.0
605.5828024979594,2.0
605.5828024979594,3.0
605.6938864339476,2.0
605.6938864339476,3.0
605.8280224011892,2.0
605.8280224011892,3.0
606.031625054175,2.0
606.031625054175,3.0
606.0977621387594,2.0
606.0977621387594,3.0
606.1468693857289,4.0
606.5689999217983,3.0
606.5689999217983,4.0
606.5917552064136,3.0
606.5917552064136,4.0
606.6863701997362,5.0
606.7306415586218,4.0
606.7306415586218,5.0
606.821775085855,4.0
606.821775085855,5.0
606.9158951195286,4.0
606.9158951195286,5.0
607.2346772586969,4.0
607.2346772586969,5.0
607.2601952176803,4.0
607.2601952176803,5.0
607.3917644073179,4.0
607.3917644073179,5.0
607.4124661153932,4.0
607.4124661153932,5.0
607.4204991372338,4.0
607.4204991372338,5.0
607.6510838117426,4.0
607.6510838117426,5.0
607.7885929637812,4.0
607.7885929637812,5.0
607.8210769654489,6.0
607.8929060321816,5.0
607.8929060321816,6.0
607.937067228381,5.0
608.1142405262971,4.0
608.1142405262971,5.0
608.1679650420461,4.0
608.1679650420461,5.0
608.1841943715581,4.0
608.1841943715581,5.0
608.2612987566627,4.0
608.2612987566627,5.0
608.3364435261337,4.0
608.3364435261337,5.0
608.5759797387105,4.0
608.5759797387105,5.0
608.579944853531,4.0
608.579944853531,5.0
608.5978909032552,4.0
608.5978909032552,5.0
608.6123018679123,4.0
608.6123018679123,5.0
608.6850110858005,4.0
608.6850110858005,5.0
608.8175379059082,4.0
608.8175379059082,5.0
608.8318926892757,6.0
608.838273188511,5.0
608.838273188511,6.0
608.9537981908,5.0
608.9537981908,6.0
608.9687295581728,5.0
608.9687295581728,6.0
609.143792368981,5.0
609.143792368981,6.0
609.1453258930085,7.0
609.1821715716178,6.0
609.1821715716178,7.0
609.4933364495802,6.0
609.4933364495802,7.0
609.526346594514,6.0
609.526346594514,7.0
609.5557046905479,6.0
609.5557046905479,7.0
609.6238885345392,6.0
609.6238885345392,7.0
609.7521424075646,6.0
609.7521424075646,7.0
609.7612501499107,6.0
609.7612501499107,7.0
609.8206119447883,6.0
609.8206119447883,7.0
609.940836309843,6.0
609.940836309843,7.0
609.9680030981975,6.0
609.9680030981975,7.0
609.9767033257815,6.0
609.9767033257815,7.0
610.0129882759165,6.0
610.0129882759165,7.0
610.0662317753472,6.0
610.0662317753472,7.0
610.0725319725067,6.0
610.0725319725067,7.0
610.085543184699,6.0
610.219562326,5.0
610.219562326,6.0
610.4076885418501,5.0
610.4076885418501,6.0
610.4883409689551,5.0
610.4883409689551,6.0
610.5017812144246,5.0
610.5017812144246,6.0
610.6934301578899,5.0
610.6934301578899,6.0
610.747464990273,5.0
610.747464990273,6.0
610.8114300312789,5.0
610.8114300312789,6.0
610.8958986768315,5.0
611.0160164529112,6.0
611.1459588400179,5.0
611.1459588400179,6.0
611.173833933439,5.0
611.173833933439,6.0
611.2523501530452,5.0
611.3134967968101,4.0
611.3134967968101,5.0
611.6481533452215,4.0
611.6481533452215,5.0
611.7869876804735,4.0
611.7869876804735,5.0
611.8377259425426,4.0
611.8377259425426,5.0
611.8770644735763,4.0
611.8770644735763,5.0
611.9037448218726,4.0
611.9037448218726,5.0
612.016975458514,4.0
612.016975458514,5.0
612.1984063420914,6.0
612.2944478494951,5.0
612.2944478494951,6.0
612.3034432307318,5.0
612.3034432307318,6.0
612.3184337814926,5.0
612.3184337814926,6.0
612.3634411242542,5.0
612.3634411242542,6.0
612.4575769821565,5.0
612.4575769821565,6.0
612.5187960459558,5.0
612.5187960459558,6.0
612.518878945874,5.0
612.518878945874,6.0
612.6787629501729,5.0
612.6787629501729,6.0
612.6921396510315,5.0
612.714479680959,4.0
612.7261059752295,3.0
612.7673152569494,4.0
612.8176192880611,3.0
612.8541493424011,4.0
612.8711392986112,5.0
612.9388915593712,4.0
612.9498404269225,5.0
613.0730874550508,6.0
613.2402852746948,5.0
613.2934232276708,6.0
613.298217159064,5.0
613.3157129014406,4.0
613.3157129014406,5.0
613.3506712155324,4.0
613.3697182734763,3.0
613.5361260928476,2.0
613.5806559232633,3.0
613.6236895935643,4.0
613.8388037064559,3.0
613.9395606320556,4.0
614.0927270454422,3.0
614.1324171932633,4.0
614.1645075420444,5.0
614.211000593792,4.0
614.3894736941664,5.0
614.5676392148551,6.0
614.6023012654108,5.0
614.7476205400558,4.0
614.8245742420936,5.0
614.8815681648357,6.0
614.9469908391736,5.0
614.9596051797054,4.0
615.0861079732612,3.0
615.1379813226946,2.0
615.2142283661384,1.0
615.3049178698133,2.0
615.336630181052,1.0
615.386411975915,2.0
615.3940103321972,1.0
615.4734760530088,2.0
615.504039089981,3.0
615.5535444149505,2.0
615.6053165055916,3.0
615.7897728776775,2.0
615.8026857638632,3.0
616.0213095150326,4.0
616.1106176263776,5.0
616.1206035157281,4.0
616.254332484771,5.0
616.25672300143,4.0
616.3540150533628,3.0
616.8860601975535,4.0
616.9040048694919,5.0
616.9262808026639,6.0
617.0059801015738,7.0
617.0636807367321,6.0
617.0722579022639,5.0
617.0985082850792,4.0
617.181066955199,5.0
617.2314981641329,4.0
617.2319220196259,5.0
617.2487649517582,4.0
617.2573894295376,3.0
617.5180400734816,4.0
617.6396307989266,3.0
618.0328941387496,2.0
618.0361840153064,1.0
618.0454615640344,2.0
618.1102486276812,1.0
618.3484173311949,0.0
618.419969397987,1.0
618.4857516823106,2.0
618.5110771140759,1.0
618.5794256661592,2.0
618.5934516674473,3.0
618.7585395825769,4.0
618.7846444604443,5.0
618.8168120986751,4.0
618.8637481206785,3.0
618.8991973283298,4.0
619.0450179309782,5.0
619.0612783014511,4.0
619.125283298219,5.0
619.1259098268844,6.0
619.2336488472605,5.0
619.2750216625086,6.0
619.2976872231187,5.0
619.350699178586,4.0
619.3542229646899,5.0
619.4790807425643,4.0
619.496527231525,5.0
619.5089313430643,4.0
619.5141577680358,3.0
619.6009818798183,4.0
619.6385228187378,3.0
619.7763196829648,2.0
619.8557274789607,3.0
619.8663081518623,4.0
619.9191519050617,3.0
619.9252389827768,4.0
619.967104979946,3.0
620.0627005079506,4.0
620.0959672831123,3.0
620.2264140842277,2.0
620.2823268585983,3.0
620.3029836209772,4.0
620.3234576627023,3.0
620.3315372644614,2.0
620.371176281298,3.0
620.3819394326479,4.0
620.395422940817,3.0
620.4409351394546,2.0
620.4498143746815,3.0
620.61497797727,2.0
620.6821514365927,3.0
620.6927222543486,4.0
620.707646082594,3.0
620.7881353815077,4.0
620.8316215814182,5.0
620.8540326282294,4.0
620.8598333887538,5.0
620.8946933319321,4.0
620.9667133703354,5.0
621.0188759276878,6.0
621.058976498153,5.0
621.3334963650534,6.0
621.5458316149824,5.0
621.5458316149824,6.0
621.5503060900224,5.0
621.5503060900224,6.0
621.5585457846064,5.0
621.5585457846064,6.0
621.5644805402704,5.0
621.5644805402704,6.0
621.5894749419318,5.0
621.6112411154098,4.0
621.6112411154098,5.0
621.8409080806016,4.0
621.8409080806016,5.0
621.9474105948133,4.0
621.9474105948133,5.0
621.9551839776364,4.0
621.9551839776364,5.0
622.0003683165041,4.0
622.0003683165041,5.0
622.0709680999759,4.0
622.2561021415945,3.0
622.2561021415945,4.0
622.351701919035,3.0
622.352953084735,2.0
622.352953084735,3.0
622.4428039123735,2.0
622.4428039123735,3.0
623.0832883174717,2.0
623.0832883174717,3.0
623.1299180994239,2.0
623.1299180994239,3.0
623.2251211993754,2.0
623.2251211993754,3.0
623.4336518972164,2.0
623.6295356454456,1.0
623.6295356454456,2.0
623.8200783108788,3.0
623.836572267694,2.0
623.836572267694,3.0
623.9897034169175,4.0
624.1099158256734,3.0
624.1099158256734,4.0
624.2221725617153,3.0
624.2221725617153,4.0
624.6851471407933,3.0
624.6851471407933,4.0
624.755196397796,3.0
624.755196397796,4.0
625.0513263636581,3.0
625.0513263636581,4.0
625.2549224556407,3.0
625.2549224556407,4.0
625.3702119545048,3.0
625.3702119545048,4.0
625.3815624138971,3.0
625.3815624138971,4.0
625.5640154363492,3.0
625.5640154363492,4.0
625.6206124033238,3.0
625.6206124033238,4.0
626.1627687140233,3.0
626.1627687140233,4.0
626.1879429652101,3.0
626.1879429652101,4.0
626.2099256675423,3.0
626.2099256675423,4.0
626.2231093907233,3.0
626.2231093907233,4.0
626.2267201527688,3.0
626.2267201527688,4.0
626.2385247202214,3.0
626.2385247202214,4.0
626.3153831434254,3.0
626.3153831434254,4.0
626.3581813674791,3.0
626.3581813674791,4.0
626.471001272902,5.0
626.5040500469042,4.0
626.5040500469042,5.0
626.5680236983009,4.0
626.5680236983009,5.0
626.5885737259673,4.0
626.5885737259673,5.0
626.6431885754942,4.0
626.6431885754942,5.0
626.6680843323251,4.0
626.6680843323251,5.0
626.6896763328479,4.0
626.6896763328479,5.0
627.2415616251382,6.0
627.4993563781553,5.0
627.4993563781553,6.0
627.5298103924051,5.0
627.5298103924051,6.0
627.5676576636386,5.0
627.5676576636386,6.0
627.5682713811545,5.0
627.5682713811545,6.0
627.5763782353619,5.0
627.5763782353619,6.0
627.5900072413706,5.0
627.5900072413706,6.0
627.7912337477671,5.0
627.7912337477671,6.0
627.7946974604944,5.0
627.7946974604944,6.0
627.8112393253427,5.0
627.8112393253427,6.0
627.8266236274844,5.0
627.8266236274844,6.0
628.0297841984506,5.0
628.0297841984506,6.0
628.2293292649382,5.0
628.2293292649382,6.0
628.2355487111837,5.0
628.2355487111837,6.0
628.2593084713624,5.0
628.2593084713624,6.0
628.3381178506937,7.0
628.3787886985649,6.0
628.3787886985649,7.0
628.3806759887941,6.0
628.3806759887941,7.0
628.413713007,6.0
628.4385680076599,7.0
628.4680981719857,6.0
628.4680981719857,7.0
628.4921447661657,6.0
628.4921447661657,7.0
628.557563531337,6.0
628.557563531337,7.0
628.7467778881847,6.0
628.7467778881847,7.0
628.7809047436843,6.0
628.7809047436843,7.0
628.9069179556734,6.0
628.9069179556734,7.0
628.9468059709058,6.0
628.9468059709058,7.0
629.0971336556827,6.0
629.0971336556827,7.0
629.1387912134343,6.0
629.1387912134343,7.0
629.1557092057017,6.0
629.1557092057017,7.0
629.1759459311616,6.0
629.1759459311616,7.0
629.3657960896633,6.0
629.3657960896633,7.0
629.4004567407521,6.0
629.4646893200238,5.0
629.5393065339791,4.0
629.5409412160188,3.0
629.5597761493045,4.0
629.6235413310291,5.0
629.6549454005335,4.0
629.7604087570352,3.0
629.9532187953833,4.0
629.9539028800352,5.0
629.9800043441151,6.0
630.0444377550757,5.0
630.0444377550757,6.0
630.0940646377127,5.0
630.0940646377127,6.0
630.1540651016268,5.0
630.1989557391471,4.0
630.2477171701418,5.0
630.2647737534742,4.0
630.3219188100641,5.0
630.3475075083866,4.0
630.4268033588233,5.0
630.4580660464657,6.0
630.4924128642243,5.0
630.5882664277691,4.0
630.6970274521094,5.0
630.7296635313684,4.0
630.8011856764468,5.0
630.8276309992926,6.0
630.9655951127045,5.0
630.9655951127045,6.0
630.97851265401,5.0
630.97851265401,6.0
631.0528165994525,5.0
631.1108905167379,4.0
631.1540724679783,5.0
631.1788768291665,4.0
631.1904971878486,5.0
631.2115231552872,4.0
631.219863489852,3.0
631.2887540909827,4.0
631.3330796455477,5.0
631.3528671711018,4.0
631.6552037450007,3.0
631.7451224132482,2.0
631.7769928415457,1.0
631.83471363975,2.0
631.8621430088147,1.0
632.0603057716226,2.0
632.0907373951762,1.0
632.203018324208,2.0
632.2249943190855,3.0
632.2774401750266,4.0
632.5628219788305,5.0
632.6087410614311,6.0
632.7196507759955,5.0
632.8429269996537,6.0
632.8471371559918,5.0
632.9340847420825,4.0
633.0233997543115,5.0
633.1974208328146,4.0
633.2386213315824,3.0
633.4520693990412,4.0
633.4945511394401,5.0
633.5288314041347,6.0
633.6053296347776,5.0
633.6702700247529,4.0
633.7463603144978,5.0
633.7581858895704,6.0
633.8025862380248,5.0
633.8146248995481,4.0
633.8438594258905,3.0
633.8678496836249,4.0
633.9151636951777,3.0
633.9297507888681,4.0
633.9642141932542,3.0
634.0091567810418,2.0
634.0128355178491,3.0
634.0636420572586,2.0
634.3694079109806,3.0
634.4238239050694,4.0
634.4977284800648,5.0
634.5450435146407,4.0
634.5450435146407,5.0
634.8239562187575,4.0
634.8950607876226,3.0
634.8950607876226,4.0
635.0099238754134,3.0
635.0099238754134,4.0
635.0941812627606,3.0
635.0941812627606,4.0
635.1416305209425,3.0
635.32862303987,2.0
635.32862303987,3.0
635.3597797521606,2.0
635.3597797521606,3.0
635.3987178619197,2.0
635.3987178619197,3.0
635.8515896649786,2.0
635.8515896649786,3.0
635.9470094340562,2.0
635.9470094340562,3.0
636.0023099660805,2.0
636.0023099660805,3.0
636.0625071638211,4.0
636.1299854455905,3.0
636.1683037664187,4.0
636.1883559305624,3.0
636.1905720814557,4.0
636.45116070849,3.0
636.45116070849,4.0
636.4568752744634,3.0
636.4568752744634,4.0
636.8358628227605,3.0
636.8358628227605,4.0
637.2693956276529,3.0
637.2693956276529,4.0
637.414696736852,3.0
637.414696736852,4.0
637.4586127501154,3.0
637.4586127501154,4.0
637.5415921595454,3.0
637.5415921595454,4.0
637.7628086357727,3.0
637.7628086357727,4.0
637.9098234845417,3.0
637.9098234845417,4.0
637.9378639473771,3.0
637.9378639473771,4.0
638.3729209117241,3.0
638.3729209117241,4.0
638.3809173712401,3.0
638.3809173712401,4.0
638.5735222289525,3.0
638.5735222289525,4.0
638.8898330757506,3.0
638.8898330757506,4.0
638.9212627179187,3.0
638.9212627179187,4.0
638.9792972041832,3.0
638.9792972041832,4.0
638.9945083759753,5.0
639.033366455158,4.0
639.033366455158,5.0
639.0527990904345,4.0
639.0527990904345,5.0
639.0570734584921,4.0
639.0570734584921,5.0
639.2319189593375,4.0
639.2319189593375,5.0
639.245626343419,4.0
639.5351854868713,5.0
639.6522225760507,4.0
639.6522225760507,5.0
639.6718854013393,4.0
639.6989102793527,5.0
639.7985625169886,4.0
639.7985625169886,5.0
639.9609301741899,4.0
639.9609301741899,5.0
640.0601311060838,4.0
640.0725728145887,5.0
640.207948534232,6.0
640.3652122635533,5.0
640.3652122635533,6.0
640.4379688474295,5.0
640.4379688474295,6.0
640.4487076929195,5.0
640.4487076929195,6.0
640.5255705191787,5.0
640.5255705191787,6.0
640.7067632055472,5.0
640.7067632055472,6.0
640.8195289036845,5.0
640.8195289036845,6.0
640.8522287432405,5.0
640.8522287432405,6.0
641.1061795498468,7.0
641.187013779268,8.0
641.2443074726691,7.0
641.251900491036,6.0
641.2981587696759,5.0
641.298573126624,4.0
641.3191856868007,3.0
641.5823122866917,2.0
641.689160890527,3.0
641.7152253062314,4.0
641.7219384207029,3.0
641.7457374481653,2.0
641.8189826648146,1.0
641.8903973672858,2.0
641.8951182944035,3.0
641.934950678536,4.0
641.9440792315248,3.0
642.031801279771,4.0
642.0335807618538,5.0
642.0644787678384,4.0
642.0723315987873,3.0
642.1044078893908,4.0
642.1887164204554,5.0
642.2747456830948,4.0
642.2747456830948,5.0
642.336772298526,4.0
642.336772298526,5.0
642.5897187649124,4.0
642.5897187649124,5.0
642.7394262941915,4.0
642.7394262941915,5.0
642.8634622735369,4.0
642.8634622735369,5.0
642.9639956298273,4.0
642.9639956298273,5.0
643.1156050039726,4.0
643.1156050039726,5.0
643.4367647677965,4.0
643.4367647677965,5.0
643.565861886074,4.0
643.565861886074,5.0
643.935115864968,4.0
643.935115864968,5.0
644.2416938048011,4.0
644.2416938048011,5.0
644.3594170865816,4.0
644.3594170865816,5.0
644.4286648759206,4.0
644.4286648759206,5.0
644.444882549185,4.0
644.444882549185,5.0
644.6646296918037,4.0
644.6646296918037,5.0
644.6858391553967,4.0
644.6858391553967,5.0
644.7478730830909,4.0
644.7478730830909,5.0
644.7572055042336,4.0
644.7572055042336,5.0
644.8418273706424,4.0
644.8418273706424,5.0
644.9187507517973,4.0
644.9187507517973,5.0
645.0674610159432,4.0
645.0674610159432,5.0
645.084566091934,4.0
645.1053455160818,3.0
645.1053455160818,4.0
645.1920869267454,3.0
645.1920869267454,4.0
645.2316282745908,3.0
645.2316282745908,4.0
645.2390020016414,3.0
645.2390020016414,4.0
645.2430378941248,3.0
645.2430378941248,4.0
645.5120059528562,3.0
645.5120059528562,4.0
645.5968273106475,3.0
645.5968273106475,4.0
645.6331598018908,3.0
645.6331598018908,4.0
645.6763133933441,3.0
645.6880121489912,4.0
645.7242305811674,3.0
645.731244232857,2.0
645.8238052023795,1.0
645.8351116158724,2.0
645.9832663412983,3.0
645.9922259475563,2.0
646.0442670243507,1.0
646.0690216647838,2.0
646.1162859595363,1.0
646.1975017552937,2.0
646.2899638612613,1.0
646.33523232191,0.0
646.4033645154941,1.0
646.4460461231653,2.0
646.5165584112663,3.0
646.748255278816,4.0
646.7843513529311,5.0
646.7880998749154,4.0
646.902370475296,5.0
646.9734796468289,4.0
647.0035733096679,5.0
647.0298958089073,4.0
647.0554538510876,5.0
647.0724833927878,6.0
647.1448101806599,5.0
647.2081220175456,6.0
647.2112704982027,5.0
647.3044775946082,6.0
647.3184765413416,7.0
647.4233739836708,6.0
647.4741932783812,5.0
647.5481873566981,4.0
647.6193648885156,3.0
647.7070906755285,4.0
647.7405725847156,5.0
647.8120740418599,4.0
647.9030268357149,3.0
647.9046355756303,2.0
648.0850570040693,1.0
648.0946675833533,2.0
648.1806740200328,1.0
648.2206858323393,0.0
648.3053997329359,1.0
648.3794264010183,2.0
648.4137956922535,3.0
648.4396222153758,2.0
648.456203831904,3.0
648.4837282807829,2.0
648.4991212616177,3.0
648.5771837004885,4.0
648.6743396471544,3.0
648.7698128594686,2.0
648.9779875707771,3.0
649.1272371104225,2.0
649.2169624526638,3.0
649.2605263114568,4.0
649.4023640013678,3.0
649.4144617581616,2.0
649.4192373416072,3.0
649.4336520629413,2.0
649.4374559011333,3.0
649.4680969091995,2.0
649.522745143747,3.0
649.689677690009,2.0
649.8155671919613,3.0
649.8587184080639,2.0
649.9544245985707,3.0
650.0225032700582,4.0
650.1332453924128,5.0
650.143049643917,6.0
650.1908690643306,5.0
650.2194728772705,6.0
650.2406568468481,7.0
650.2724445735945,6.0
650.3191540295575,7.0
650.3322761009009,6.0
650.333306725177,5.0
650.3337340578066,4.0
650.3577304019695,3.0
650.4212582671203,2.0
650.5411881284828,3.0
650.6277780616533,4.0
650.6382145471445,5.0
650.7268874616583,6.0
650.7907012328907,5.0
650.7940044605654,6.0
650.8069130977575,5.0
650.8359216575202,4.0
650.8458893076327,3.0
650.8473433992815,2.0
650.889328306476,3.0
650.9941236734973,4.0
651.0458125500194,3.0
651.0519043357141,4.0
651.1285223185969,3.0
651.1466438609222,2.0
651.198471360415,3.0
651.2610468777104,2.0
651.3448075242729,3.0
651.5225158932138,4.0
651.7441825010383,3.0
651.7705160523271,4.0
651.8626776889214,3.0
651.9106585107523,2.0
651.9133277318506,1.0
652.3723086690529,0.0
652.3753017662602,1.0
652.3917712815927,2.0
652.4440783029448,3.0
652.4826516099394,2.0
652.9050805366045,1.0
653.167900075338,2.0
653.2209481171392,3.0
653.2269601860013,2.0
653.2673414085444,3.0
653.3749682995956,2.0
653.4120070041993,3.0
653.4976133855139,2.0
653.5331103435593,3.0
653.5990650167716,2.0
653.695468135382,3.0
653.7571633708023,2.0
653.7578815713129,1.0
654.000124129664,2.0
654.0354061626288,3.0
654.0992439523778,4.0
654.1526876378454,5.0
654.2118377640193,4.0
654.2135711677295,3.0
654.2857638214223,2.0
654.3280741420856,3.0
654.5230109585742,4.0
654.5238612622962,3.0
654.6491202071135,2.0
654.6830321526869,3.0
654.7333027945072,2.0
654.7523202428347,1.0
654.7731157831784,2.0
654.8708580808633,1.0
654.9092879071584,2.0
654.9533998836457,3.0
654.9799683289945,4.0
655.0141679010219,5.0
655.0456524079367,6.0
655.0685770305528,5.0
655.1489751476955,4.0
655.2245301278144,3.0
655.282803579409,4.0
655.350948073809,3.0
655.4612974171716,4.0
655.4877848373441,5.0
655.4880275424489,6.0
655.5323351751795,7.0
655.5559749519375,6.0
655.5559749519375,7.0
655.5813502221813,6.0
655.5863794289033,5.0
655.6054733801252,4.0
655.6196798260929,5.0
655.6254181447558,4.0
655.6950315763195,5.0
655.7170744962119,6.0
655.7358796215781,5.0
655.7985897013175,6.0
655.8194635791289,7.0
655.8405694668185,6.0
656.0766110895527,5.0
656.0919474376685,6.0
656.0961372674938,5.0
656.2229692438617,6.0
656.2334523827,5.0
656.3991967280425,6.0
656.4356273988681,7.0
656.6308185740476,6.0
656.6308185740476,7.0
656.7970310992933,6.0
656.7970310992933,7.0
656.8240409250941,6.0
656.8240409250941,7.0
656.8376204957018,6.0
656.8376204957018,7.0
656.8529472072066,6.0
656.865689063958,5.0
656.92514050476,6.0
656.9493729985551,5.0
657.0020028730457,4.0
657.1695759857838,3.0
657.281648185286,4.0
657.3084403693758,3.0
657.355232014944,4.0
657.3589798888081,5.0
657.5044825206145,4.0
657.5615340800813,3.0
657.6010956259468,2.0
657.7539530285205,3.0
657.8444784990836,4.0
657.8587939780801,5.0
657.9058084095868,4.0
657.9190876985866,5.0
657.9201721750118,4.0
658.0394327633583,3.0
658.067671464982,4.0
658.2164056090879,5.0
658.2405784367782,4.0
658.3879013135371,3.0
658.4885773156378,2.0
658.5618975776467,1.0
658.6352844273041,2.0
658.6876269143687,3.0
658.7801895807853,2.0
658.7880151493436,3.0
658.8394113313293,2.0
658.9145597307382,3.0
659.1028408981067,2.0
659.1562292222933,1.0
659.1634391291071,2.0
659.2022754635303,3.0
659.2162276925118,4.0
659.2219235327905,5.0
659.2871516141719,4.0
659.3391712032138,5.0
659.4198525083294,6.0
659.4949337143148,5.0
659.4977024441183,4.0
659.6566056895522,5.0
659.6813541474849,6.0
659.684573243761,5.0
659.7671461702677,6.0
659.7900812238222,5.0
659.8336572391248,4.0
659.9319486677354,5.0
659.980616994797,4.0
659.9937883230962,5.0
660.003646901528,4.0
660.1540961685992,3.0
660.1890711473038,4.0
660.2693117137312,5.0
660.2985618847634,6.0
660.2999237283981,5.0
660.3059798342964,6.0
660.4067206931774,7.0
660.4616983025222,8.0
660.4977787374219,7.0
660.4998200019943,8.0
660.6550003025613,7.0
660.6550003025613,8.0
660.7118397298743,7.0
660.7771599694512,6.0
660.8699638238072,7.0
660.9108167303207,8.0
660.9376212534878,7.0
660.943153516648,6.0
660.9582814279447,7.0
660.9974265812474,8.0
661.034224110812,7.0
661.1435094451256,8.0
661.1480811340873,7.0
661.1723886994779,6.0
661.2517390691837,5.0
661.2537718220989,4.0
661.2737696601827,3.0
661.2895757973804,4.0
661.4337258810147,5.0
661.489039497547,4.0
661.4975173476414,5.0
661.5063724588688,4.0
661.6137516279264,3.0
661.6239971729258,4.0
661.7464945211115,3.0
661.864476993291,4.0
661.8873230044334,5.0
662.0233421650764,6.0
662.0925465754078,7.0
662.1639313718872,8.0
662.1667296066172,7.0
662.3226615291587,8.0
662.3788156079862,7.0
662.4853544734415,8.0
662.5325470768593,7.0
662.6141018071294,6.0
662.6183933247621,5.0
662.7080116883313,4.0
662.8642006218877,3.0
662.9787811534932,4.0
663.0971459144372,3.0
663.099807143617,4.0
663.216056081296,5.0
663.2747151504293,6.0
663.4130967046511,5.0
663.474716788073,4.0
663.5874909942871,3.0
663.5903127376437,4.0
663.6224581225374,5.0
663.6320444815883,6.0
663.6880707326568,7.0
663.756940466407,6.0
663.9677333745524,5.0
663.9754762847193,6.0
663.9860865403878,5.0
664.011960140545,4.0
664.15779907684,5.0
664.3164143519654,4.0
664.3823547003657,5.0
664.446279969284,6.0
664.5433912487782,7.0
664.5526253538761,6.0
664.5526253538761,7.0
664.6453515590657,6.0
664.6453515590657,7.0
664.6688049343581,6.0
664.8193349510773,5.0
664.8456051350355,6.0
664.8694811795921,5.0
664.8818531841374,4.0
664.9904358184674,3.0
665.0205371081304,4.0
665.021862958228,5.0
665.0834357374698,6.0
665.1489796003642,5.0
665.2348897382095,6.0
665.2703584941431,7.0
665.3904997541966,6.0
665.4817483983683,7.0
665.6006291357295,6.0
665.6006291357295,7.0
665.6309401363508,6.0
665.6432589747316,5.0
665.6764277417332,6.0
665.6955931621085,5.0
665.6964836911764,6.0
665.7175368440932,7.0
665.7228265083921,6.0
665.7288763909091,7.0
665.8084826557271,6.0
665.9008479014077,5.0
665.9213201220041,4.0
665.9648930474386,3.0
665.9700566173908,2.0
665.981571729791,3.0
666.0443277424667,2.0
666.0750600960924,3.0
666.1423642184578,4.0
666.3246674816129,5.0
666.4823582629726,4.0
666.5244659212012,3.0
666.705733722788,2.0
666.7134061799574,1.0
666.8858269683913,2.0
666.891368417381,3.0
666.9012150847358,4.0
666.914458135139,3.0
666.9695021230948,4.0
667.043318717805,3.0
667.1223033481198,4.0
667.2169718137786,5.0
667.3082495318179,4.0
667.3170655709578,3.0
667.4758191375056,4.0
667.4772670735179,5.0
667.5268045009864,6.0
667.6231120532453,7.0
667.6360230688233,6.0
667.685457741282,5.0
667.7282118357932,4.0
667.7352833075302,3.0
667.7375380194511,4.0
667.752134393256,3.0
667.80104025461,4.0
667.8077823059547,5.0
667.8206949937902,4.0
667.91395798975,5.0
667.9223744976767,4.0
667.9534689777414,5.0
668.0281549276318,4.0
668.03200358686,3.0
668.1392785467981,4.0
668.209674674854,3.0
668.3607493969527,2.0
668.4088729594595,3.0
668.4326889962529,2.0
668.5738085969964,3.0
668.6561011095284,2.0
668.880189431078,3.0
668.9176714313579,2.0
668.9229124020379,3.0
668.9707089765061,4.0
669.0807751220996,3.0
669.0961445544092,4.0
669.1377983269751,3.0
669.1550856975118,4.0
669.1857893530827,3.0
669.2370027005442,2.0
669.2378213814122,3.0
669.3292236169806,4.0
669.3493141118709,5.0
669.367356658333,4.0
669.3948473263239,3.0
669.4503483333888,2.0
669.4960986221034,3.0
669.5343943796387,4.0
669.706479609089,5.0
669.8344194890103,4.0
669.8460512243776,3.0
670.2585233927921,4.0
670.4046157706172,5.0
670.4428942254353,4.0
670.4960534707992,5.0
670.5974845455761,6.0
670.7935765921907,5.0
670.7935765921907,6.0
670.9398815606276,5.0
670.9398815606276,6.0
670.9496867430146,5.0
670.9496867430146,6.0
671.0058222013705,5.0
671.0058222013705,6.0
671.2070540142948,5.0
671.2070540142948,6.0
671.385585732389,5.0
671.385585732389,6.0
671.4824958521046,5.0
671.4824958521046,6.0
671.5226092725538,5.0
671.5226092725538,6.0
671.5450671158395,5.0
671.5450671158395,6.0
671.6161129578151,5.0
671.6161129578151,6.0
671.7925420801796,5.0
671.8064003454443,4.0
671.9486056367133,3.0
671.9633297205555,4.0
672.1231988976461,5.0
672.3075754594864,4.0
672.3075754594864,5.0
672.3484853177723,4.0
672.3484853177723,5.0
672.4259610444507,4.0
672.4259610444507,5.0
672.4622448764918,4.0
672.4622448764918,5.0
672.4644072281195,4.0
672.4858562960912,5.0
672.54896643772,4.0
672.6068349582216,5.0
672.6188828989023,4.0
672.633434292034,3.0
672.6596824461839,4.0
672.7668754324915,3.0
672.8021090742114,4.0
672.9315475085206,3.0
672.9315475085206,4.0
673.0998592739343,3.0
673.0998592739343,4.0
673.7635438783894,3.0
673.7635438783894,4.0
673.8267042137691,3.0
673.8267042137691,4.0
673.8419168917901,3.0
673.8419168917901,4.0
673.890165100906,3.0
673.890165100906,4.0
674.1047748505958,3.0
674.1047748505958,4.0
674.1143389533746,3.0
674.1143389533746,4.0
674.1723763627914,5.0
674.205413019852,4.0
674.205413019852,5.0
674.5503203953739,4.0
674.5503203953739,5.0
674.5723256867399,4.0
674.5723256867399,5.0
674.6239385927457,4.0
674.6239385927457,5.0
674.6621835762038,4.0
674.6621835762038,5.0
674.7993918810674,4.0
674.7993918810674,5.0
674.8542596358086,4.0
674.8542596358086,5.0
674.8860332949747,4.0
674.8860332949747,5.0
674.8938358434352,4.0
674.9639535625557,3.0
674.9639535625557,4.0
675.1205119604724,3.0
675.1205119604724,4.0
675.2185134335654,3.0
675.2185134335654,4.0
675.3153883803536,3.0
675.3153883803536,4.0
675.3277196172418,3.0
675.3277196172418,4.0
675.3472533024631,3.0
675.3472533024631,4.0
675.366314924941,3.0
675.366314924941,4.0
675.4152610821146,3.0
675.4152610821146,4.0
675.5258589698427,3.0
675.5258589698427,4.0
675.7944589313529,3.0
675.7944589313529,4.0
675.9230431968796,3.0
675.9230431968796,4.0
676.0842714707521,3.0
676.0842714707521,4.0
676.2818194432429,5.0
676.358101319659,4.0
676.358101319659,5.0
676.3684152534412,4.0
676.3684152534412,5.0
676.4273037711486,4.0
676.4273037711486,5.0
676.5401042775561,4.0
676.5401042775561,5.0
676.716902287672,4.0
676.716902287672,5.0
676.8129575164842,4.0
676.8129575164842,5.0
676.9645216732929,6.0
677.0485860893491,5.0
677.0485860893491,6.0
677.0555100863785,5.0
677.0555100863785,6.0
677.0605976905042,5.0
677.3079488708062,6.0
677.3654144845157,5.0
677.3654144845157,6.0
677.4101159472121,5.0
677.4101159472121,6.0
677.4539270777407,5.0
677.4844323830059,4.0
677.4844323830059,5.0
677.5191437322088,4.0
677.5191437322088,5.0
677.7860010269538,4.0
677.7860010269538,5.0
677.9844392271359,4.0
678.1081200004548,3.0
678.4822699077968,2.0
678.4822699077968,3.0
678.4904429982917,2.0
678.4904429982917,3.0
678.8052141011881,2.0
678.8052141011881,3.0
678.9220438394029,2.0
678.9220438394029,3.0
679.0754171704659,2.0
679.0754171704659,3.0
679.1850061469303,2.0
679.1850061469303,3.0
679.2872012271142,4.0
679.4994328717976,3.0
679.4994328717976,4.0
679.5472004347555,3.0
679.5472004347555,4.0
679.738912720825,3.0
679.738912720825,4.0
679.8214350228645,3.0
679.8214350228645,4.0
679.8247770099508,3.0
679.8247770099508,4.0
679.8315725579535,3.0
679.8315725579535,4.0
679.851095804436,3.0
679.851095804436,4.0
679.8736006250366,3.0
679.8736006250366,4.0
679.8900266197662,3.0
679.8900266197662,4.0
679.9185749217376,3.0
679.9185749217376,4.0
680.0583896730851,3.0
680.0583896730851,4.0
680.1088937699496,3.0
680.1088937699496,4.0
680.2853074433576,3.0
680.2853074433576,4.0
680.6581666307488,3.0
680.6581666307488,4.0
680.730821769702,3.0
680.730821769702,4.0
680.8701360298463,3.0
681.1202059539736,2.0
681.1202059539736,3.0
681.2648871024575,2.0
681.2648871024575,3.0
681.6089001129228,2.0
681.6089001129228,3.0
681.907859514429,2.0
681.907859514429,3.0
682.2532154862333,2.0
682.2532154862333,3.0
682.420379177466,2.0
682.420379177466,3.0
682.5107358073593,4.0
682.7246826627634,5.0
683.0698761244946,4.0
683.0698761244946,5.0
683.3383463536541,6.0
683.3661968595776,7.0
683.4136240572491,6.0
683.4136240572491,7.0
683.4965142559992,6.0
683.4965142559992,7.0
683.5138383766022,6.0
683.5138383766022,7.0
683.5211177878947,6.0
683.5211177878947,7.0
683.6181259323301,6.0
683.6181259323301,7.0
683.6553300870439,6.0
683.6553300870439,7.0
683.9809458773867,6.0
683.9809458773867,7.0
683.9838525678656,6.0
683.9838525678656,7.0
684.1218598191872,6.0
684.1218598191872,7.0
684.133981305222,6.0
684.133981305222,7.0
684.1834229999243,6.0
684.1834229999243,7.0
684.2413336632131,6.0
684.2413336632131,7.0
684.6509597488964,6.0
684.6509597488964,7.0
684.8078968379176,6.0
684.8078968379176,7.0
684.8280236382078,6.0
684.8280236382078,7.0
684.832034823533,6.0
684.832034823533,7.0
684.9424443237522,6.0
684.9424443237522,7.0
684.9947786019408,8.0
685.1033860610061,7.0
685.1033860610061,8.0
685.1232526451228,7.0
685.1232526451228,8.0
685.2054031788264,7.0
685.2054031788264,8.0
685.3699815585713,7.0
685.3699815585713,8.0
685.4364407518209,7.0
685.4364407518209,8.0
685.5252887563665,7.0
685.5252887563665,8.0
685.5406673524947,7.0
685.5406673524947,8.0
685.5847453666627,7.0
685.5847453666627,8.0
685.6652145707984,7.0
685.6652145707984,8.0
685.6823700077219,7.0
685.6823700077219,8.0
685.7459287639579,7.0
685.7459287639579,8.0
685.7716286910996,7.0
685.7716286910996,8.0
685.7839137683447,7.0
685.7839137683447,8.0
685.8930414672672,7.0
685.8930414672672,8.0
685.9148512053652,7.0
685.93827055414,6.0
685.9520580634223,5.0
685.9824646092003,6.0
686.0886734618567,7.0
686.1136125336155,8.0
686.2731565353632,7.0
686.2731565353632,8.0
686.6420856572513,7.0
686.6420856572513,8.0
686.6595813973166,7.0
686.6595813973166,8.0
686.8371431838433,7.0
686.8371431838433,8.0
686.8803312561245,7.0
686.8803312561245,8.0
686.944905130697,7.0
686.944905130697,8.0
687.0759314579929,7.0
687.0759314579929,8.0
687.2151552122556,7.0
687.2151552122556,8.0
687.35578476199,7.0
687.35578476199,8.0
687.4184806064294,7.0
687.4184806064294,8.0
687.4836373875441,7.0
687.4836373875441,8.0
687.6010278967245,7.0
687.6684955292261,6.0
687.6684955292261,7.0
687.6992965430386,6.0
687.6992965430386,7.0
687.7378074740618,6.0
687.7378074740618,7.0
687.7874718339891,6.0
687.7874718339891,7.0
687.7912795446896,6.0
687.8427159834454,5.0
687.8427159834454,6.0
687.8574911016749,5.0
687.8574911016749,6.0
687.9412363559326,5.0
687.9412363559326,6.0
687.9663049873233,5.0
688.1150116029744,4.0
688.1484411918412,5.0
688.183469457773,4.0
688.2052167083305,3.0
688.363637062294,4.0
688.3736339564538,5.0
688.4026247003719,4.0
688.4286628685252,3.0
688.5536100411177,2.0
688.6591920760885,1.0
688.7587371739141,2.0
688.7929180288182,3.0
688.8433287851987,4.0
688.8655465972831,5.0
688.9021993699484,4.0
688.9975723805497,5.0
689.000789271988,6.0
689.0064358860919,5.0
689.0151868795763,4.0
689.0247513936556,5.0
689.0266061044958,4.0
689.0654378282235,5.0
689.0771580228874,6.0
689.154242918742,5.0
689.1732342522392,4.0
689.1829772610356,5.0
689.2103855546846,6.0
689.2819469661457,5.0
689.2985823245917,4.0
689.3186928769157,3.0
689.4411568315656,2.0
689.5529976909221,1.0
689.5785710596198,2.0
689.8063875565831,3.0
689.8253885928932,2.0
689.8859564842764,1.0
689.9963824077114,2.0
690.1763018684671,1.0
690.2987392905325,2.0
690.3062384757604,1.0
690.3323185725849,2.0
690.3392432831876,3.0
690.3399969307234,4.0
690.4519567593463,3.0
690.4740626234201,4.0
690.4892972985574,3.0
690.5029291716951,4.0
690.5382361840618,5.0
690.7330636487987,4.0
690.8807623531391,5.0
691.0655132120594,6.0
691.1903107540152,5.0
691.1903107540152,6.0
691.2372872445867,5.0
691.2372872445867,6.0
691.3913392476819,5.0
691.4238719575688,6.0
691.4853429409421,5.0
691.4870625106058,6.0
691.6570876531549,5.0
691.6626899210095,6.0
691.7810778824477,5.0
691.7810778824477,6.0
691.7958418021735,5.0
691.8036659176827,6.0
691.8350696999098,5.0
691.9268317632893,4.0
691.9961946089361,5.0
692.0579658933453,4.0
692.0875339808949,3.0
692.0972594078986,4.0
692.1139264206995,5.0
692.1244407840686,6.0
692.2048284627982,5.0
692.2048284627982,6.0
692.3566396675402,5.0
692.3566396675402,6.0
692.3833587829898,7.0
692.4065999294826,6.0
692.4065999294826,7.0
692.4815552000729,6.0
692.4815552000729,7.0
692.5656937598335,6.0
692.5656937598335,7.0
692.5928020414951,6.0
692.6195636028802,5.0
692.643845253807,6.0
692.6480746745312,5.0
692.6560786040048,6.0
692.8290005683442,5.0
692.8290005683442,6.0
692.9658363312269,5.0
692.9658363312269,6.0
692.9815825726396,5.0
692.9815825726396,6.0
693.0518251149965,5.0
693.0518251149965,6.0
693.0680027718354,5.0
693.0954240158641,4.0
693.162782114559,3.0
693.2110353411517,2.0
693.227462211609,3.0
693.2370339157891,4.0
693.3010746336298,3.0
693.3121819249108,2.0
693.3454300663977,1.0
693.3656193490734,0.0
693.459562931259,1.0
693.5261313542678,2.0
693.5732481299124,3.0
693.5939785505457,4.0
693.6483994884657,3.0
693.6870261831077,2.0
693.7710143096007,1.0
693.8626161950731,0.0
693.9484553536256,1.0
694.1896220085931,0.0
694.3693549980836,1.0
694.4531255669208,2.0
694.5612174027787,3.0
694.7062948902689,4.0
694.8313333339709,5.0
694.869455841276,4.0
694.8939575884789,5.0
694.9060842937059,6.0
694.9151104557012,7.0
694.984216699559,6.0
695.045203992727,5.0
695.0502582383564,4.0
695.0794951788122,5.0
695.1036347626209,4.0
695.1184605743207,5.0
695.1620121848355,6.0
695.1623431242638,7.0
695.2686760898034,6.0
695.2727182374158,5.0
695.3412303406711,6.0
695.3616854481792,5.0
695.3749871133706,4.0
695.504592242771,5.0
695.606972795359,6.0
695.674927819886,7.0
695.7273099682142,6.0
695.73310915707,7.0
695.7399813413309,6.0
695.7747231645092,7.0
695.849044000616,6.0
695.849044000616,7.0
695.9831461587577,6.0
696.0620619477778,5.0
696.0620619477778,6.0
696.0732075826058,5.0
696.1975880184832,6.0
696.3315190380703,5.0
696.3733109219678,4.0
696.4595328465899,3.0
696.5517487821259,2.0
696.6911120501907,3.0
696.7037657377493,2.0
696.7627260457983,3.0
696.9910272325698,4.0
697.1631445937063,3.0
697.1939665922267,2.0
697.5950088064644,3.0
697.6740387583632,2.0
697.9269867377453,3.0
697.9401352506968,4.0
697.9502668040416,5.0
697.9654076910055,4.0
698.056363472362,3.0
698.0575143813052,4.0
698.0743336632461,5.0
698.1986035778078,4.0
698.2477082541809,3.0
698.2774221215567,4.0
698.290866232578,5.0
698.3004198729147,4.0
698.3060199842748,3.0
698.4117426042642,4.0
698.4728108483478,5.0
698.4747964414358,6.0
698.4788873031486,5.0
698.5041216750443,6.0
698.6525019164807,5.0
698.6905982307256,4.0
698.7677298670634,3.0
698.8304211281659,2.0
698.9076911271171,3.0
698.9161939965139,4.0
698.9307888374943,5.0
698.9839567143498,4.0
699.0289529254501,3.0
699.0990357248785,4.0
699.1356179518885,5.0
699.1744059290288,6.0
699.2669469553214,5.0
699.2669469553214,6.0
699.312425673916,5.0
699.3391198080934,4.0
699.3486282071956,5.0
699.4528609161854,4.0
699.4528609161854,5.0
699.9001246095698,4.0
699.9001246095698,5.0
699.95201983577,4.0
699.95201983577,5.0
699.9730798481777,4.0
699.9730798481777,5.0
699.9987698306604,4.0
699.9987698306604,5.0
700.0349720721698,4.0
700.0349720721698,5.0
700.1207179730159,4.0
700.1207179730159,5.0
700.1360936014848,4.0
700.1360936014848,5.0
700.1833014248353,4.0
700.1833014248353,5.0
700.1945266720061,4.0
700.2152640903715,3.0
700.3800081552026,2.0
700.4971575398456,3.0
700.5201093763811,4.0
700.5426335464197,3.0
700.5678259004729,4.0
700.6562398090093,3.0
700.7008359440608,4.0
700.7714288603676,3.0
700.7714288603676,4.0
700.9449143791302,3.0
700.9449143791302,4.0
700.9962222685056,3.0
700.9962222685056,4.0
701.2675475932407,3.0
701.2675475932407,4.0
701.4242335939775,3.0
701.4242335939775,4.0
701.7907712074423,3.0
701.7907712074423,4.0
701.832960956457,3.0
701.832960956457,4.0
701.8998635488124,3.0
701.8998635488124,4.0
701.9916662059763,5.0
702.0124064319234,4.0
702.0124064319234,5.0
702.0243815255697,4.0
702.0243815255697,5.0
702.026182534935,4.0
702.026182534935,5.0
702.2223780630522,4.0
702.2223780630522,5.0
702.2999375480183,4.0
702.3127803415389,5.0
702.3390903158918,6.0
702.383634169737,5.0
702.4161066543462,6.0
702.5107692966396,5.0
702.5227637153819,6.0
702.6686328736572,5.0
702.7508006193423,4.0
702.7866544788787,5.0
702.8240171132189,4.0
702.8870790111038,3.0
702.8931232034163,4.0
702.8994165471198,3.0
703.007870312221,2.0
703.0723648139834,3.0
703.1688643985086,4.0
703.2254963835959,5.0
703.326237922933,6.0
703.378754729668,5.0
703.480380438592,6.0
703.6275201329473,5.0
703.6275201329473,6.0
703.6728739983936,5.0
703.6728739983936,6.0
703.6810812495464,5.0
703.6851888054239,6.0
703.7205822884723,5.0
703.7205822884723,6.0
703.765208690944,5.0
703.765208690944,6.0
703.7717143324207,5.0
703.8024727100332,4.0
703.9136385437945,5.0
703.9548612811391,4.0
703.9673250629645,3.0
703.9829154810417,2.0
704.0551198443749,3.0
704.1165346839613,2.0
704.1457425734438,3.0
704.1497731999801,2.0
704.1902325169774,3.0
704.2364744542878,2.0
704.3357007905498,3.0
704.3490504390213,4.0
704.402805258689,3.0
704.4664559609707,2.0
704.5660500683799,1.0
704.6669207956464,2.0
704.7778876956033,3.0
704.8879269420667,4.0
704.9017879549895,3.0
705.0078485773549,2.0
705.016201070961,3.0
705.0770375497472,2.0
705.1118896012814,3.0
705.1442241345292,4.0
705.1945236128414,5.0
705.2132430095725,4.0
705.2278674874419,3.0
705.2562949509224,4.0
705.3393039727551,3.0
705.4843978644587,2.0
705.6149794940986,1.0
705.7411243675796,2.0
705.757256039823,3.0
705.8043129440954,2.0
705.8418586110962,3.0
705.9443743753803,4.0
705.9540950093336,5.0
706.2627413407602,4.0
706.2627413407602,5.0
706.3052182636209,4.0
706.3052182636209,5.0
706.4061655049337,6.0
706.5450879652146,5.0
706.5450879652146,6.0
706.619913861496,5.0
706.619913861496,6.0
706.8651601043252,5.0
706.8820338784794,6.0
707.1215843374039,5.0
707.1215843374039,6.0
707.147388757622,5.0
707.147388757622,6.0
707.1495494412396,5.0
707.1495494412396,6.0
707.1643776757559,5.0
707.3601542947262,4.0
707.3772173740188,3.0
707.5075397185653,4.0
707.5451596177327,5.0
707.7588517076556,4.0
707.8456080590737,5.0
708.0504061377385,6.0
708.2532347927121,5.0
708.2532347927121,6.0
708.2621929172026,5.0
708.3112235947971,6.0
708.3389014827724,5.0
708.352155360769,4.0
708.3786295236894,3.0
708.3819610259725,2.0
708.5663927591131,3.0
708.6334466076464,2.0
708.7360945313267,3.0
708.8316274074741,4.0
708.8748114743411,3.0
709.0167913710817,4.0
709.027709656989,5.0
709.0797492934473,4.0
709.1829894210771,3.0
709.2134413996922,2.0
709.3261361258467,1.0
709.4282263331525,2.0
709.5475237377185,1.0
709.8248772195864,0.0
709.9544476474616,1.0
710.0837365815954,2.0
710.2193699057494,3.0
710.3262306873656,4.0
710.3311068259583,3.0
710.3907977416209,4.0
710.4433550237895,5.0
710.4474996362308,4.0
710.5130518643728,3.0
710.5326321574423,2.0
710.696629148704,3.0
710.7687446063636,2.0
710.7920720070223,1.0
710.8069884107326,2.0
710.8403092867549,3.0
710.8496751251163,4.0
710.870695930842,5.0
710.9473669911298,6.0
711.0025888433677,7.0
711.1902189079026,6.0
711.2885943425449,5.0
711.2885943425449,6.0
711.3296764675075,5.0
711.3767551423424,4.0
711.4106516440131,5.0
711.5362980990353,4.0
711.56416783237,5.0
711.5757828073477,4.0
711.5990734014844,5.0
711.6608981885515,4.0
711.7046753737129,5.0
711.725062010131,4.0
711.771472271694,5.0
711.7728690205405,6.0
711.9107401610419,5.0
711.9408398064658,4.0
711.978662847261,5.0
712.0437375637013,6.0
712.0534414111984,5.0
712.0534414111984,6.0
712.0579563322327,5.0
712.0579563322327,6.0
712.0636398479336,5.0
712.0847105686438,4.0
712.1392443421569,5.0
712.2152504287801,6.0
712.287271641045,5.0
712.4765441302483,6.0
712.5446607384251,5.0
712.5690296995703,4.0
712.6928586774518,5.0
712.7047607875368,4.0
712.7104203165788,3.0
712.807610328557,2.0
712.8080870888127,3.0
712.837517797295,2.0
712.9452619235879,3.0
712.9476229191285,2.0
712.9871687170582,3.0
713.088447363869,4.0
713.1115330299405,5.0
713.175459030258,4.0
713.192334778251,3.0
713.1935157570691,4.0
713.2325096125511,5.0
713.256062485337,6.0
713.289004077572,5.0
713.326117684947,6.0
713.5127368311333,5.0
713.596026837036,6.0
713.7517922864286,5.0
713.7517922864286,6.0
713.7957296633551,5.0
713.9046368220988,6.0
713.9428733856447,5.0
713.9870162984281,4.0
714.0290849425919,3.0
714.416627043251,4.0
714.4269301747852,3.0
714.5334218918268,4.0
714.5563505306619,5.0
714.5578552939199,4.0
714.6043596112169,5.0
714.6900463330874,4.0
714.9548584959974,5.0
715.0717244129863,6.0
715.1172065020845,5.0
715.1744737747895,6.0
715.1839580468585,5.0
715.2594677248659,6.0
715.5055544185406,5.0
715.5055544185406,6.0
715.5201428407763,5.0
715.5201428407763,6.0
715.5807131733337,5.0
715.6063670417386,4.0
715.6247069967847,3.0
715.9777052676443,2.0
716.1184699772269,3.0
716.3054532997842,4.0
716.3068975875626,3.0
716.3269181989762,4.0
716.3905498870649,5.0
716.553260657309,4.0
716.5838792609816,5.0
716.6551775070081,4.0
716.6993794081867,3.0
716.7251668738988,4.0
716.7784808598417,5.0
716.8121037176799,4.0
716.8376331493316,3.0
716.8815853242714,4.0
716.9537887778652,5.0
717.02213215654,4.0
717.0359386196193,5.0
717.0885724704838,6.0
717.10479821784,5.0
717.1477688685155,6.0
717.187469222202,5.0
717.2477292946057,6.0
717.2720042012738,5.0
717.4298020656532,4.0
717.5401429992583,3.0
717.7885455788565,2.0
717.7987937021165,3.0
717.84946717492,4.0
717.8495515789598,5.0
718.0198668490278,4.0
718.0198668490278,5.0
718.112182057429,4.0
718.112182057429,5.0
718.3234652580237,4.0
718.3234652580237,5.0
718.3492685418498,4.0
718.3492685418498,5.0
718.4188478910384,4.0
718.4188478910384,5.0
718.4301257274761,6.0
718.4599615289859,5.0
718.4599615289859,6.0
718.5070729040397,5.0
718.5364157421875,6.0
718.5660281665401,5.0
718.575885694411,4.0
718.6317749431425,5.0
718.6708053671215,6.0
718.6856076168808,5.0
718.6934676612387,6.0
718.835008622269,5.0
718.8968221878547,4.0
718.9407509879496,3.0
719.0789019001587,4.0
719.0811184099217,3.0
719.1450720347647,4.0
719.1580321985699,3.0
719.170823725735,4.0
719.2593710053411,3.0
719.3702681247036,4.0
719.3871606276292,5.0
719.4148448244378,4.0
719.4163660195659,5.0
719.4557348584286,6.0
719.6288614088337,5.0
719.6453661071839,4.0
719.6587390339195,3.0
719.6899519405541,4.0
719.7182658110758,3.0
719.7307826662121,2.0
719.7583487926804,1.0
720.3794997646162,2.0
720.5941336855757,3.0
720.7500606241427,4.0
720.8144982306324,5.0
720.9220061436679,6.0
721.0053292338692,5.0
721.0704896945839,6.0
721.1954328633809,5.0
721.1954328633809,6.0
721.3613466099872,5.0
721.3613466099872,6.0
721.4148507453758,5.0
721.4148507453758,6.0
721.4297089682098,5.0
721.6808860017945,4.0
721.8243757538472,3.0
721.8282574860535,2.0
721.848671013753,3.0
721.8941259094324,4.0
721.9048866928454,3.0
721.9350496788659,4.0
722.058090936483,5.0
722.069672500183,6.0
722.124195582072,7.0
722.1265788624233,6.0
722.2006898507549,5.0
722.2253345457182,4.0
722.3123060590889,3.0
722.3637906613408,4.0
722.5754834879418,5.0
722.5859414641986,6.0
722.6558719139047,7.0
722.6600245464672,6.0
722.682541130982,5.0
722.689968946527,4.0
722.7062368311706,5.0
722.8232306194584,4.0
722.8533202119531,3.0
723.0153377114023,2.0
723.0698530206678,3.0
723.286635432851,4.0
723.5263335848856,3.0
723.5755655809332,4.0
723.5909939070303,3.0
723.650221057483,4.0
723.7228430969964,3.0
723.7805989351679,4.0
723.9070653476961,5.0
723.9208498206505,4.0
723.987041796476,3.0
724.0133705811836,4.0
724.0485832952002,5.0
724.1365550972505,4.0
724.1794400755546,5.0
724.1960907461635,6.0
724.1980694176015,5.0
724.2390784693782,6.0
724.2656806243014,5.0
724.2913515849804,4.0
724.3728236875144,5.0
724.4009809251367,4.0
724.4029053271412,3.0
724.4148328756457,4.0
724.4289981742245,3.0
724.5430809560149,4.0
724.544449182247,5.0
724.5743945427628,6.0
724.5777455548658,5.0
724.5779187568564,6.0
724.6372153544422,5.0
724.6639662511463,6.0
724.7010886270997,5.0
724.8745763067647,4.0
724.9849120257408,3.0
725.0043999119212,4.0
725.0171133119135,5.0
725.0425097606641,6.0
725.0442324603441,5.0
725.058309986256,4.0
725.0661123223773,5.0
725.1354079289129,4.0
725.289725733327,3.0
725.4487056510047,4.0
725.577236671771,5.0
725.8870846893167,4.0
725.984108817347,3.0
725.9894437844996,4.0
726.1768437715261,3.0
726.3083796157639,4.0
726.4253966686672,5.0
726.4585600548345,4.0
726.5901040068994,5.0
726.6140781426137,4.0
726.6336479118187,5.0
726.6412409235282,6.0
726.6834810411884,5.0
726.6974206556815,4.0
726.7045429093771,5.0
726.7331032744669,6.0
726.865881260077,5.0
726.8884865437309,4.0
726.9253104766625,3.0
726.9268895129798,4.0
726.9884660651256,5.0
727.0141352826231,6.0
727.0418377177468,7.0
727.2706808290723,6.0
727.2706808290723,7.0
727.4172461794009,6.0
727.4172461794009,7.0
727.4597792734053,6.0
727.4597792734053,7.0
727.501190457715,6.0
727.501190457715,7.0
727.6260267224727,6.0
727.6260267224727,7.0
727.6496374865152,6.0
727.6496374865152,7.0
727.7478802514295,6.0
727.7478802514295,7.0
727.809069835101,6.0
727.809069835101,7.0
728.0240517065508,6.0
728.0240517065508,7.0
728.1022424845414,6.0
728.1022424845414,7.0
728.1591970992902,6.0
728.1591970992902,7.0
728.2414871073047,6.0
728.2414871073047,7.0
728.2479326130745,6.0
728.3105080612967,7.0
728.3926543842693,6.0
728.4746013647697,5.0
728.802244454871,6.0
728.8064909977608,5.0
728.8974231571589,4.0
729.0962505933567,3.0
729.1785608148936,2.0
729.202496659024,1.0
729.207008244294,2.0
729.2216201872416,3.0
729.2408088590633,4.0
729.2438661134017,3.0
729.3101393743532,2.0
729.5567932492016,1.0
729.6568605811074,2.0
729.6623068213246,3.0
729.7522586521715,2.0
729.8861202088591,3.0
729.9887787126769,2.0
730.0061595716917,3.0
730.1161191235083,2.0
730.1675995275003,1.0
730.5066277883152,2.0
730.6044189196291,1.0
730.6239529756356,2.0
730.6641682714959,3.0
730.6765698662028,2.0
730.7277832933487,3.0
730.8010368114783,4.0
730.828883716491,5.0
730.8589995202011,4.0
730.8889360479163,3.0
730.9337054981015,4.0
730.9527484756808,5.0
731.0157372888153,4.0
731.0211743063973,5.0
731.056276448879,4.0
731.2585338234171,5.0
731.3011891753717,6.0
731.3316450295862,5.0
731.4148781938102,4.0
731.5172246151158,3.0
731.5555644327741,4.0
731.5783309929304,5.0
731.6030332605836,4.0
731.6720930995028,3.0
731.7421825357043,4.0
731.834108514989,3.0
731.9000106477635,2.0
732.0178822940479,1.0
732.1764183187543,2.0
732.1820606183891,3.0
732.4484065536931,2.0
732.4902695522288,3.0
732.7054818558977,2.0
732.7264311290106,1.0
732.7865643831633,2.0
732.867243208184,3.0
732.9538200127276,4.0
732.9769772975014,3.0
732.9812186754461,4.0
733.0412066023126,5.0
733.3750094095459,4.0
733.3750094095459,5.0
733.571267667014,4.0
733.571267667014,5.0
733.6044769853319,4.0
733.6044769853319,5.0
733.9160473955853,4.0
733.9160473955853,5.0
733.997016289947,4.0
733.997016289947,5.0
734.0781181769327,4.0
734.0781181769327,5.0
734.1559472338296,4.0
734.1559472338296,5.0
734.2442994572012,4.0
734.2442994572012,5.0
734.282840156518,4.0
734.282840156518,5.0
734.3515778288653,4.0
734.3515778288653,5.0
734.3980183690443,4.0
734.3980183690443,5.0
734.40371043763,4.0
734.40371043763,5.0
734.6636926572601,4.0
734.6636926572601,5.0
734.6991945091133,4.0
734.6991945091133,5.0
734.7097223104072,4.0
734.7097223104072,5.0
734.9067808767159,4.0
734.9067808767159,5.0
734.9218079123208,4.0
734.9218079123208,5.0
734.968226421132,6.0
735.0465918186918,5.0
735.0465918186918,6.0
735.101249498104,5.0
735.1566343599646,4.0
735.1864582432632,5.0
735.3294045356674,6.0
735.4797999530889,5.0
735.5039182023926,4.0
735.5097339608251,5.0
735.5947592870257,4.0
735.628909568906,3.0
735.6665164892453,4.0
735.7055791104408,5.0
735.791665633553,6.0
735.8357165312776,7.0
735.8822329525441,6.0
735.8849079017749,7.0
735.9014499869996,6.0
735.9068604092508,5.0
735.9474006295883,4.0
735.9724062654493,5.0
736.0354339003745,6.0
736.0514357991995,5.0
736.0746901370137,4.0
736.0907329377529,5.0
736.2110496726476,6.0
736.277769536759,7.0
736.3829233194052,6.0
736.3829233194052,7.0
736.4165862475337,6.0
736.4165862475337,7.0
736.4573534195639,6.0
736.4573534195639,7.0
736.4618990778646,6.0
736.4634594967916,5.0
736.4863872428008,4.0
736.534885268866,3.0
736.6512703133873,4.0
736.6585164259133,3.0
736.698335797458,4.0
736.7039728455313,3.0
736.7583227237791,2.0
736.8631017824159,3.0
736.8683108783686,4.0
736.9407520978064,3.0
736.9675312076184,4.0
737.0215380014105,3.0
737.0649470782904,2.0
737.1773862147286,3.0
737.2390781260439,4.0
737.2874819414036,3.0
737.2954477845532,2.0
737.3105363908157,3.0
737.4032856787804,4.0
737.4379714785331,3.0
737.4751045414962,4.0
737.6238236472947,5.0
737.6386055481876,4.0
737.649654495118,3.0
737.8661354009058,4.0
737.8796119194772,5.0
737.8887764974356,6.0
737.9163824418268,7.0
737.9493786723665,6.0
738.0742097290707,5.0
738.1421653602571,4.0
738.1754261830532,5.0
738.2238003589856,6.0
738.3553803997139,5.0
738.4133472389545,6.0
738.4348033632498,7.0
738.6259471733944,6.0
738.6514312741101,7.0
738.6733683210234,6.0
738.7164356269583,7.0
738.8138666914336,6.0
738.8879505687593,5.0
738.9417939870729,6.0
738.9919947361345,5.0
738.9971082686703,4.0
739.0505373012887,3.0
739.0825691441387,4.0
739.1252549038688,3.0
739.3356054423061,2.0
739.3896117180468,1.0
739.4536644501496,2.0
739.538913299837,3.0
739.5944044156706,4.0
739.5951530648115,3.0
739.5978504657019,4.0
739.6568164815284,5.0
739.7439747962515,4.0
739.7762527510465,5.0
739.8325555966196,6.0
739.9016190655435,5.0
739.9299681664831,6.0
739.9456867170057,5.0
739.9774184720878,6.0
740.042503514333,7.0
740.342686867309,8.0
740.3920562111622,7.0
740.3920562111622,8.0
740.4272534983717,7.0
740.436733238693,6.0
740.5714369822678,7.0
740.5731262355034,6.0
740.6739295837059,5.0
740.686720801201,4.0
740.8843629573871,5.0
740.9011250733506,6.0
740.9667136716022,7.0
740.9708050623267,6.0
741.0583080612852,5.0
741.0915945862865,6.0
741.0955114362065,7.0
741.1109629641653,6.0
741.3379454112652,7.0
741.4900965306651,6.0
741.5423534996239,5.0
741.5467643770627,4.0
741.5548890428112,5.0
741.62081356958,4.0
741.7396351093765,3.0
741.880327330338,2.0
741.9781084529895,1.0
741.9855421713693,0.0
741.9872298587909,1.0
742.0387834934166,2.0
742.0750345642757,3.0
742.1095251474388,2.0
742.2253976404321,3.0
742.2715787746789,4.0
742.4051329527133,3.0
742.7133879001011,4.0
742.7655303234242,3.0
742.8563110144968,2.0
742.9556561630114,3.0
743.0567393506115,2.0
743.1583715278005,3.0
743.2195540185431,2.0
743.2548910822359,3.0
743.3207465368263,2.0
743.4000380861315,1.0
743.654043260325,2.0
743.6551683983819,1.0
743.6996420581377,2.0
743.7195198569922,1.0
743.737418667903,0.0
743.8298693399207,1.0
743.9917847030038,2.0
744.070604721156,1.0
744.3814332348173,2.0
744.4225853914961,3.0
744.6166803450118,2.0
744.6230457966224,3.0
744.6420403483708,4.0
744.6707796653501,3.0
744.7984969714232,4.0
744.8016664061561,3.0
744.8271290025573,4.0
744.8408689850315,3.0
744.8434200288397,4.0
744.9909574584099,3.0
745.0028103364526,4.0
745.0070602061553,5.0
745.0547938408117,4.0
745.0695815963836,3.0
745.0749679066619,2.0
745.0858629311095,3.0
745.1196276892315,2.0
745.299866218025,1.0
745.4208650798705,2.0
745.5882449877975,3.0
745.6124577940277,4.0
745.7429160614231,5.0
745.8011841306947,4.0
745.8593258295779,3.0
745.8977592090049,4.0
745.9034491259706,5.0
745.9696706283944,4.0
746.2049362955247,3.0
746.2083905585408,4.0
746.3117407432804,3.0
746.3493008418745,4.0
746.4098582295702,3.0
746.4353435635209,4.0
746.4411182509252,5.0
746.5210443955613,4.0
746.6606683135453,5.0
746.6942464242919,4.0
746.7635689043963,3.0
746.8321899394407,4.0
746.8550592540039,5.0
746.8718651618143,4.0
746.8747818138874,3.0
746.9344196940946,4.0
747.0273782983608,5.0
747.0710509929015,4.0
747.0857536119194,5.0
747.1646658363065,4.0
747.2229567283186,5.0
747.3508044027258,4.0
747.38677458547,3.0
747.6572627232598,4.0
747.6864916375591,3.0
747.7821635161348,2.0
747.8255418338291,1.0
747.8406434690279,2.0
747.840909807163,3.0
747.9424068935564,4.0
747.997780853787,5.0
748.0327207766896,6.0
748.1259913340908,5.0
748.1541921765643,4.0
748.2774835888674,3.0
748.3487466173973,2.0
748.4017003943277,3.0
748.4117358360403,4.0
748.481217062296,3.0
748.6094227344447,2.0
748.6475448597042,3.0
748.6601418515984,4.0
748.7607899535092,3.0
748.9220207384461,2.0
748.9235034701127,3.0
749.1109595964832,4.0
749.1145559033869,5.0
749.2242367308813,4.0
749.3086402228146,3.0
749.3838873689135,2.0
749.4561853197498,1.0
749.506223603178,2.0
749.5958712496353,1.0
749.6534953741939,2.0
749.6813221246564,1.0
749.7698566056407,0.0
749.8054905803601,1.0
749.9515142620586,2.0
750.0182553913605,3.0
750.1105883544187,4.0
750.1177187925387,5.0
750.4367804377227,4.0
750.4421398825999,3.0
750.511698166298,4.0
750.5599933370255,3.0
750.584498314256,4.0
750.5886189562239,5.0
750.6092360321512,4.0
750.6699046194475,3.0
750.8458430567326,4.0
750.9170479260938,3.0
750.9439313601333,2.0
751.0891674211321,1.0
751.1288862237253,0.0
751.3438724085788,1.0
751.6336688901813,0.0
